contig_3	argannot~~~(Flq)OqxBgb~~~EU370913:47851-51003~~~	100.000	3153	0	0	2597799	2600951	3153	1	0.0	5823	5306069	3153	argannot~~~(Flq)OqxBgb~~~EU370913:47851-51003~~~ (Flq)OqxBgb
contig_3	argannot~~~(Flq)OqxA~~~EU370913:46652-47827~~~	100.000	1176	0	0	2600975	2602150	1176	1	0.0	2172	5306069	1176	argannot~~~(Flq)OqxA~~~EU370913:46652-47827~~~ (Flq)OqxA
contig_3	argannot~~~(Bla)ampH~~~CP003785:4208384-4209544~~~	98.880	1161	13	0	218144	219304	1	1161	0.0	2073	5306069	1161	argannot~~~(Bla)ampH~~~CP003785:4208384-4209544~~~ (Bla)ampH
contig_3	argannot~~~(Bla)blaSHV-11~~~HM751098:1-861~~~	100.000	861	0	0	4148681	4149541	1	861	0.0	1591	5306069	861	argannot~~~(Bla)blaSHV-11~~~HM751098:1-861~~~ (Bla)blaSHV-11
contig_3	argannot~~~(Bla)blaSHV-182~~~KP050489:1-861~~~	99.884	861	1	0	4148681	4149541	1	861	0.0	1585	5306069	861	argannot~~~(Bla)blaSHV-182~~~KP050489:1-861~~~ (Bla)blaSHV-182
contig_3	argannot~~~(Bla)blaSHV-159~~~JX121126:1-858~~~	99.883	858	1	0	4148681	4149538	1	858	0.0	1580	5306069	858	argannot~~~(Bla)blaSHV-159~~~JX121126:1-858~~~ (Bla)blaSHV-159
contig_3	argannot~~~(Bla)blaSHV-158~~~JX121125:1-858~~~	99.883	858	1	0	4148681	4149538	1	858	0.0	1580	5306069	858	argannot~~~(Bla)blaSHV-158~~~JX121125:1-858~~~ (Bla)blaSHV-158
contig_3	argannot~~~(Bla)blaSHV-155~~~JX121122:1-858~~~	99.883	856	1	0	4148681	4149536	1	856	0.0	1576	5306069	858	argannot~~~(Bla)blaSHV-155~~~JX121122:1-858~~~ (Bla)blaSHV-155
contig_3	argannot~~~(Bla)blaSHV-156~~~JX121123:1-861~~~	99.652	861	3	0	4148681	4149541	1	861	0.0	1574	5306069	861	argannot~~~(Bla)blaSHV-156~~~JX121123:1-861~~~ (Bla)blaSHV-156
contig_3	argannot~~~(Bla)blaSHV-75~~~AM176550:31-891~~~	99.535	861	4	0	4148681	4149541	1	861	0.0	1568	5306069	861	argannot~~~(Bla)blaSHV-75~~~AM176550:31-891~~~ (Bla)blaSHV-75
contig_3	argannot~~~(Bla)blaSHV-74~~~AM176549:31-891~~~	99.535	861	4	0	4148681	4149541	1	861	0.0	1568	5306069	861	argannot~~~(Bla)blaSHV-74~~~AM176549:31-891~~~ (Bla)blaSHV-74
contig_3	argannot~~~(Bla)blaSHV-70~~~DQ013287:1-861~~~	99.535	861	4	0	4148681	4149541	1	861	0.0	1568	5306069	861	argannot~~~(Bla)blaSHV-70~~~DQ013287:1-861~~~ (Bla)blaSHV-70
contig_3	argannot~~~(Bla)blaSHV-69~~~DQ174308:5-865~~~	99.535	861	4	0	4148681	4149541	1	861	0.0	1568	5306069	861	argannot~~~(Bla)blaSHV-69~~~DQ174308:5-865~~~ (Bla)blaSHV-69
contig_3	argannot~~~(Bla)blaSHV-67~~~DQ174307:5-865~~~	99.535	861	4	0	4148681	4149541	1	861	0.0	1568	5306069	861	argannot~~~(Bla)blaSHV-67~~~DQ174307:5-865~~~ (Bla)blaSHV-67
contig_3	argannot~~~(Bla)blaSHV-31~~~GU064396:1-861~~~	99.535	861	4	0	4148681	4149541	1	861	0.0	1568	5306069	861	argannot~~~(Bla)blaSHV-31~~~GU064396:1-861~~~ (Bla)blaSHV-31
contig_3	argannot~~~(Bla)blaSHV-25~~~AF208796:1-861~~~	99.535	861	4	0	4148681	4149541	1	861	0.0	1568	5306069	861	argannot~~~(Bla)blaSHV-25~~~AF208796:1-861~~~ (Bla)blaSHV-25
contig_3	argannot~~~(Bla)blaSHV-187~~~LN515533:1-867~~~	99.308	867	6	0	4148675	4149541	1	867	0.0	1568	5306069	867	argannot~~~(Bla)blaSHV-187~~~LN515533:1-867~~~ (Bla)blaSHV-187
contig_3	argannot~~~(Bla)blaSHV-185~~~KM233164:1-861~~~	99.535	861	4	0	4148681	4149541	1	861	0.0	1568	5306069	861	argannot~~~(Bla)blaSHV-185~~~KM233164:1-861~~~ (Bla)blaSHV-185
contig_3	argannot~~~(Bla)blaSHV-173~~~KF513178:1-861~~~	99.535	861	4	0	4148681	4149541	1	861	0.0	1568	5306069	861	argannot~~~(Bla)blaSHV-173~~~KF513178:1-861~~~ (Bla)blaSHV-173
contig_3	argannot~~~(Bla)blaSHV-13~~~AF164577:1-861~~~	99.535	861	4	0	4148681	4149541	1	861	0.0	1568	5306069	861	argannot~~~(Bla)blaSHV-13~~~AF164577:1-861~~~ (Bla)blaSHV-13
contig_3	argannot~~~(Bla)blaSHV-107~~~AM941848:1-861~~~	99.535	861	4	0	4148681	4149541	1	861	0.0	1568	5306069	861	argannot~~~(Bla)blaSHV-107~~~AM941848:1-861~~~ (Bla)blaSHV-107
contig_3	argannot~~~(Bla)blaSHV-99~~~AM922305:1-861~~~	99.419	861	5	0	4148681	4149541	1	861	0.0	1563	5306069	861	argannot~~~(Bla)blaSHV-99~~~AM922305:1-861~~~ (Bla)blaSHV-99
contig_3	argannot~~~(Bla)blaSHV-96~~~EF373971:1-861~~~	99.419	861	5	0	4148681	4149541	1	861	0.0	1563	5306069	861	argannot~~~(Bla)blaSHV-96~~~EF373971:1-861~~~ (Bla)blaSHV-96
contig_3	argannot~~~(Bla)blaSHV-94~~~EF373970:1-861~~~	99.419	861	5	0	4148681	4149541	1	861	0.0	1563	5306069	861	argannot~~~(Bla)blaSHV-94~~~EF373970:1-861~~~ (Bla)blaSHV-94
contig_3	argannot~~~(Bla)blaSHV-89~~~DQ193536:1-861~~~	99.419	861	5	0	4148681	4149541	1	861	0.0	1563	5306069	861	argannot~~~(Bla)blaSHV-89~~~DQ193536:1-861~~~ (Bla)blaSHV-89
contig_3	argannot~~~(Bla)blaSHV-85~~~DQ322460:16-876~~~	99.419	861	5	0	4148681	4149541	1	861	0.0	1563	5306069	861	argannot~~~(Bla)blaSHV-85~~~DQ322460:16-876~~~ (Bla)blaSHV-85
contig_3	argannot~~~(Bla)blaSHV-81~~~AM176556:26-886~~~	99.419	861	5	0	4148681	4149541	1	861	0.0	1563	5306069	861	argannot~~~(Bla)blaSHV-81~~~AM176556:26-886~~~ (Bla)blaSHV-81
contig_3	argannot~~~(Bla)blaSHV-79~~~AM176554:31-891~~~	99.419	861	5	0	4148681	4149541	1	861	0.0	1563	5306069	861	argannot~~~(Bla)blaSHV-79~~~AM176554:31-891~~~ (Bla)blaSHV-79
contig_3	argannot~~~(Bla)blaSHV-77~~~AM176552:31-891~~~	99.419	861	5	0	4148681	4149541	1	861	0.0	1563	5306069	861	argannot~~~(Bla)blaSHV-77~~~AM176552:31-891~~~ (Bla)blaSHV-77
contig_3	argannot~~~(Bla)blaSHV-61~~~AJ866284:1-861~~~	99.419	861	5	0	4148681	4149541	1	861	0.0	1563	5306069	861	argannot~~~(Bla)blaSHV-61~~~AJ866284:1-861~~~ (Bla)blaSHV-61
contig_3	argannot~~~(Bla)blaSHV-60~~~AJ866283:1-861~~~	99.419	861	5	0	4148681	4149541	1	861	0.0	1563	5306069	861	argannot~~~(Bla)blaSHV-60~~~AJ866283:1-861~~~ (Bla)blaSHV-60
contig_3	argannot~~~(Bla)blaSHV-40~~~AF535128:1-861~~~	99.419	861	5	0	4148681	4149541	1	861	0.0	1563	5306069	861	argannot~~~(Bla)blaSHV-40~~~AF535128:1-861~~~ (Bla)blaSHV-40
contig_3	argannot~~~(Bla)blaSHV-35~~~AY070258:1-861~~~	99.419	861	5	0	4148681	4149541	1	861	0.0	1563	5306069	861	argannot~~~(Bla)blaSHV-35~~~AY070258:1-861~~~ (Bla)blaSHV-35
contig_3	argannot~~~(Bla)blaSHV-28~~~EU441172:57-917~~~	99.419	861	5	0	4148681	4149541	1	861	0.0	1563	5306069	861	argannot~~~(Bla)blaSHV-28~~~EU441172:57-917~~~ (Bla)blaSHV-28
contig_3	argannot~~~(Bla)blaSHV-27~~~FJ685656:1-861~~~	99.419	861	5	0	4148681	4149541	1	861	0.0	1563	5306069	861	argannot~~~(Bla)blaSHV-27~~~FJ685656:1-861~~~ (Bla)blaSHV-27
contig_3	argannot~~~(Bla)blaSHV-172~~~KF513177:1-861~~~	99.419	861	5	0	4148681	4149541	1	861	0.0	1563	5306069	861	argannot~~~(Bla)blaSHV-172~~~KF513177:1-861~~~ (Bla)blaSHV-172
contig_3	argannot~~~(Bla)blaSHV-144~~~JQ926986:1-861~~~	99.419	861	5	0	4148681	4149541	1	861	0.0	1563	5306069	861	argannot~~~(Bla)blaSHV-144~~~JQ926986:1-861~~~ (Bla)blaSHV-144
contig_3	argannot~~~(Bla)blaSHV-137~~~HQ661363:72-932~~~	99.419	861	5	0	4148681	4149541	1	861	0.0	1563	5306069	861	argannot~~~(Bla)blaSHV-137~~~HQ661363:72-932~~~ (Bla)blaSHV-137
contig_3	argannot~~~(Bla)blaSHV-121~~~AB538449:1-861~~~	99.419	861	5	0	4148681	4149541	1	861	0.0	1563	5306069	861	argannot~~~(Bla)blaSHV-121~~~AB538449:1-861~~~ (Bla)blaSHV-121
contig_3	argannot~~~(Bla)blaSHV-12~~~FJ685654:24-860~~~	99.419	861	5	0	4148681	4149541	1	861	0.0	1563	5306069	861	argannot~~~(Bla)blaSHV-12~~~FJ685654:24-860~~~ (Bla)blaSHV-12
contig_3	argannot~~~(Bla)blaSHV-110~~~HQ877614:1-861~~~	99.419	861	5	0	4148681	4149541	1	861	0.0	1563	5306069	861	argannot~~~(Bla)blaSHV-110~~~HQ877614:1-861~~~ (Bla)blaSHV-110
contig_3	argannot~~~(Bla)blaSHV-98~~~AM922304:1-861~~~	99.303	861	6	0	4148681	4149541	1	861	0.0	1557	5306069	861	argannot~~~(Bla)blaSHV-98~~~AM922304:1-861~~~ (Bla)blaSHV-98
contig_3	argannot~~~(Bla)blaSHV-97~~~EF373973:1-861~~~	99.303	861	6	0	4148681	4149541	1	861	0.0	1557	5306069	861	argannot~~~(Bla)blaSHV-97~~~EF373973:1-861~~~ (Bla)blaSHV-97
contig_3	argannot~~~(Bla)blaSHV-95~~~EF373972:1-861~~~	99.303	861	6	0	4148681	4149541	1	861	0.0	1557	5306069	861	argannot~~~(Bla)blaSHV-95~~~EF373972:1-861~~~ (Bla)blaSHV-95
contig_3	argannot~~~(Bla)blaSHV-93~~~EF373969:1-861~~~	99.303	861	6	0	4148681	4149541	1	861	0.0	1557	5306069	861	argannot~~~(Bla)blaSHV-93~~~EF373969:1-861~~~ (Bla)blaSHV-93
contig_3	argannot~~~(Bla)blaSHV-80~~~AM176555:1-861~~~	99.303	861	6	0	4148681	4149541	1	861	0.0	1557	5306069	861	argannot~~~(Bla)blaSHV-80~~~AM176555:1-861~~~ (Bla)blaSHV-80
contig_3	argannot~~~(Bla)blaSHV-78~~~FJ685658:1-861~~~	99.303	861	6	0	4148681	4149541	1	861	0.0	1557	5306069	861	argannot~~~(Bla)blaSHV-78~~~FJ685658:1-861~~~ (Bla)blaSHV-78
contig_3	argannot~~~(Bla)blaSHV-66~~~DQ174306:5-865~~~	99.303	861	6	0	4148681	4149541	1	861	0.0	1557	5306069	861	argannot~~~(Bla)blaSHV-66~~~DQ174306:5-865~~~ (Bla)blaSHV-66
contig_3	argannot~~~(Bla)blaSHV-51~~~AY289548:1-861~~~	99.303	861	6	0	4148681	4149541	1	861	0.0	1557	5306069	861	argannot~~~(Bla)blaSHV-51~~~AY289548:1-861~~~ (Bla)blaSHV-51
contig_3	argannot~~~(Bla)blaSHV-44~~~AY259119:117-977~~~	99.303	861	6	0	4148681	4149541	1	861	0.0	1557	5306069	861	argannot~~~(Bla)blaSHV-44~~~AY259119:117-977~~~ (Bla)blaSHV-44
contig_3	argannot~~~(Bla)blaSHV-42~~~AF535130:1-861~~~	99.303	861	6	0	4148681	4149541	1	861	0.0	1557	5306069	861	argannot~~~(Bla)blaSHV-42~~~AF535130:1-861~~~ (Bla)blaSHV-42
contig_3	argannot~~~(Bla)blaSHV-38~~~GQ407124:1-861~~~	99.303	861	6	0	4148681	4149541	1	861	0.0	1557	5306069	861	argannot~~~(Bla)blaSHV-38~~~GQ407124:1-861~~~ (Bla)blaSHV-38
contig_3	argannot~~~(Bla)blaSHV-36~~~AF467947:1-861~~~	99.303	861	6	0	4148681	4149541	1	861	0.0	1557	5306069	861	argannot~~~(Bla)blaSHV-36~~~AF467947:1-861~~~ (Bla)blaSHV-36
contig_3	argannot~~~(Bla)blaSHV-33~~~AY037779:89-949~~~	99.303	861	6	0	4148681	4149541	1	861	0.0	1557	5306069	861	argannot~~~(Bla)blaSHV-33~~~AY037779:89-949~~~ (Bla)blaSHV-33
contig_3	argannot~~~(Bla)blaSHV-32~~~AY037778:92-952~~~	99.303	861	6	0	4148681	4149541	1	861	0.0	1557	5306069	861	argannot~~~(Bla)blaSHV-32~~~AY037778:92-952~~~ (Bla)blaSHV-32
contig_3	argannot~~~(Bla)blaSHV-2a~~~X98102:72-934~~~	99.303	861	6	0	4148681	4149541	1	861	0.0	1557	5306069	861	argannot~~~(Bla)blaSHV-2a~~~X98102:72-934~~~ (Bla)blaSHV-2a
contig_3	argannot~~~(Bla)blaSHV-26~~~AF227204:74-934~~~	99.303	861	6	0	4148681	4149541	1	861	0.0	1557	5306069	861	argannot~~~(Bla)blaSHV-26~~~AF227204:74-934~~~ (Bla)blaSHV-26
contig_3	argannot~~~(Bla)blaSHV-193~~~KR347170:1-861~~~	99.303	861	6	0	4148681	4149541	1	861	0.0	1557	5306069	861	argannot~~~(Bla)blaSHV-193~~~KR347170:1-861~~~ (Bla)blaSHV-193
contig_3	argannot~~~(Bla)blaSHV-179~~~KF705208:1-861~~~	99.303	861	6	0	4148681	4149541	1	861	0.0	1557	5306069	861	argannot~~~(Bla)blaSHV-179~~~KF705208:1-861~~~ (Bla)blaSHV-179
contig_3	argannot~~~(Bla)blaSHV-178~~~KF705209:1-861~~~	99.303	861	6	0	4148681	4149541	1	861	0.0	1557	5306069	861	argannot~~~(Bla)blaSHV-178~~~KF705209:1-861~~~ (Bla)blaSHV-178
contig_3	argannot~~~(Bla)blaSHV-161~~~JX121128:1-861~~~	99.303	861	6	0	4148681	4149541	1	861	0.0	1557	5306069	861	argannot~~~(Bla)blaSHV-161~~~JX121128:1-861~~~ (Bla)blaSHV-161
contig_3	argannot~~~(Bla)blaSHV-160~~~JX121127:1-861~~~	99.303	861	6	0	4148681	4149541	1	861	0.0	1557	5306069	861	argannot~~~(Bla)blaSHV-160~~~JX121127:1-861~~~ (Bla)blaSHV-160
contig_3	argannot~~~(Bla)blaSHV-157~~~JX121124:1-861~~~	99.303	861	6	0	4148681	4149541	1	861	0.0	1557	5306069	861	argannot~~~(Bla)blaSHV-157~~~JX121124:1-861~~~ (Bla)blaSHV-157
contig_3	argannot~~~(Bla)blaSHV-145~~~JX013655:1-861~~~	99.303	861	6	0	4148681	4149541	1	861	0.0	1557	5306069	861	argannot~~~(Bla)blaSHV-145~~~JX013655:1-861~~~ (Bla)blaSHV-145
contig_3	argannot~~~(Bla)blaSHV-143~~~JQ341060:882-1742~~~	99.303	861	6	0	4148681	4149541	1	861	0.0	1557	5306069	861	argannot~~~(Bla)blaSHV-143~~~JQ341060:882-1742~~~ (Bla)blaSHV-143
contig_3	argannot~~~(Bla)blaSHV-142~~~JQ029959:29-899~~~	99.303	861	6	0	4148681	4149541	1	861	0.0	1557	5306069	861	argannot~~~(Bla)blaSHV-142~~~JQ029959:29-899~~~ (Bla)blaSHV-142
contig_3	argannot~~~(Bla)blaSHV-14~~~AF226622:55-915~~~	99.303	861	6	0	4148681	4149541	1	861	0.0	1557	5306069	861	argannot~~~(Bla)blaSHV-14~~~AF226622:55-915~~~ (Bla)blaSHV-14
contig_3	argannot~~~(Bla)blaSHV-135~~~HQ637576:1-861~~~	99.303	861	6	0	4148681	4149541	1	861	0.0	1557	5306069	861	argannot~~~(Bla)blaSHV-135~~~HQ637576:1-861~~~ (Bla)blaSHV-135
contig_3	argannot~~~(Bla)blaSHV-134~~~HM559945:1-861~~~	99.303	861	6	0	4148681	4149541	1	861	0.0	1557	5306069	861	argannot~~~(Bla)blaSHV-134~~~HM559945:1-861~~~ (Bla)blaSHV-134
contig_3	argannot~~~(Bla)blaSHV-132~~~GU981741:794-1654~~~	99.303	861	6	0	4148681	4149541	1	861	0.0	1557	5306069	861	argannot~~~(Bla)blaSHV-132~~~GU981741:794-1654~~~ (Bla)blaSHV-132
contig_3	argannot~~~(Bla)blaSHV-108~~~AM941849:1-861~~~	99.303	861	6	0	4148681	4149541	1	861	0.0	1557	5306069	861	argannot~~~(Bla)blaSHV-108~~~AM941849:1-861~~~ (Bla)blaSHV-108
contig_3	argannot~~~(Bla)blaSHV-101~~~EU155018:1-861~~~	99.303	861	6	0	4148681	4149541	1	861	0.0	1557	5306069	861	argannot~~~(Bla)blaSHV-101~~~EU155018:1-861~~~ (Bla)blaSHV-101
contig_3	argannot~~~(Bla)blaSHV-1~~~AF148850:6-866~~~	99.303	861	6	0	4148681	4149541	1	861	0.0	1557	5306069	862	argannot~~~(Bla)blaSHV-1~~~AF148850:6-866~~~ (Bla)blaSHV-1
contig_3	argannot~~~(Bla)blaSHV-104~~~EU274581:1-861~~~	99.302	860	6	0	4148682	4149541	2	861	0.0	1555	5306069	861	argannot~~~(Bla)blaSHV-104~~~EU274581:1-861~~~ (Bla)blaSHV-104
contig_3	argannot~~~(Bla)blaSHV-148~~~JX121115:1-858~~~	99.416	856	5	0	4148681	4149536	1	856	0.0	1554	5306069	858	argannot~~~(Bla)blaSHV-148~~~JX121115:1-858~~~ (Bla)blaSHV-148
contig_3	argannot~~~(Bla)blaSHV-86~~~DQ328802:1-861~~~	99.187	861	7	0	4148681	4149541	1	861	0.0	1552	5306069	861	argannot~~~(Bla)blaSHV-86~~~DQ328802:1-861~~~ (Bla)blaSHV-86
contig_3	argannot~~~(Bla)blaSHV-82~~~AM176557:1-861~~~	99.187	861	7	0	4148681	4149541	1	861	0.0	1552	5306069	861	argannot~~~(Bla)blaSHV-82~~~AM176557:1-861~~~ (Bla)blaSHV-82
contig_3	argannot~~~(Bla)blaSHV-8~~~U92041:1-861~~~	99.187	861	7	0	4148681	4149541	1	861	0.0	1552	5306069	861	argannot~~~(Bla)blaSHV-8~~~U92041:1-861~~~ (Bla)blaSHV-8
contig_3	argannot~~~(Bla)blaSHV-76~~~AM176551:31-891~~~	99.187	861	7	0	4148681	4149541	1	861	0.0	1552	5306069	861	argannot~~~(Bla)blaSHV-76~~~AM176551:31-891~~~ (Bla)blaSHV-76
contig_3	argannot~~~(Bla)blaSHV-71~~~AM176546:1-861~~~	99.187	861	7	0	4148681	4149541	1	861	0.0	1552	5306069	861	argannot~~~(Bla)blaSHV-71~~~AM176546:1-861~~~ (Bla)blaSHV-71
contig_3	argannot~~~(Bla)blaSHV-65~~~DQ174305:5-865~~~	99.187	861	7	0	4148681	4149541	1	861	0.0	1552	5306069	861	argannot~~~(Bla)blaSHV-65~~~DQ174305:5-865~~~ (Bla)blaSHV-65
contig_3	argannot~~~(Bla)blaSHV-64~~~DQ174304:5-865~~~	99.187	861	7	0	4148681	4149541	1	861	0.0	1552	5306069	861	argannot~~~(Bla)blaSHV-64~~~DQ174304:5-865~~~ (Bla)blaSHV-64
contig_3	argannot~~~(Bla)blaSHV-59~~~AY790341:1-861~~~	99.187	861	7	0	4148681	4149541	1	861	0.0	1552	5306069	861	argannot~~~(Bla)blaSHV-59~~~AY790341:1-861~~~ (Bla)blaSHV-59
contig_3	argannot~~~(Bla)blaSHV-57~~~AY223863:171-1031~~~	99.187	861	7	0	4148681	4149541	1	861	0.0	1552	5306069	861	argannot~~~(Bla)blaSHV-57~~~AY223863:171-1031~~~ (Bla)blaSHV-57
contig_3	argannot~~~(Bla)blaSHV-56~~~AY352599:1-861~~~	99.187	861	7	0	4148681	4149541	1	861	0.0	1552	5306069	861	argannot~~~(Bla)blaSHV-56~~~AY352599:1-861~~~ (Bla)blaSHV-56
contig_3	argannot~~~(Bla)blaSHV-50~~~AY288915:1-861~~~	99.187	861	7	0	4148681	4149541	1	861	0.0	1552	5306069	861	argannot~~~(Bla)blaSHV-50~~~AY288915:1-861~~~ (Bla)blaSHV-50
contig_3	argannot~~~(Bla)blaSHV-49~~~AY528718:414-1274~~~	99.187	861	7	0	4148681	4149541	1	861	0.0	1552	5306069	861	argannot~~~(Bla)blaSHV-49~~~AY528718:414-1274~~~ (Bla)blaSHV-49
contig_3	argannot~~~(Bla)blaSHV-37~~~AF467948:1-861~~~	99.187	861	7	0	4148681	4149541	1	861	0.0	1552	5306069	861	argannot~~~(Bla)blaSHV-37~~~AF467948:1-861~~~ (Bla)blaSHV-37
contig_3	argannot~~~(Bla)blaSHV-29~~~AF301532:8-868~~~	99.187	861	7	0	4148681	4149541	1	861	0.0	1552	5306069	861	argannot~~~(Bla)blaSHV-29~~~AF301532:8-868~~~ (Bla)blaSHV-29
contig_3	argannot~~~(Bla)blaSHV-24~~~AB023477:1-861~~~	99.187	861	7	0	4148681	4149541	1	861	0.0	1552	5306069	861	argannot~~~(Bla)blaSHV-24~~~AB023477:1-861~~~ (Bla)blaSHV-24
contig_3	argannot~~~(Bla)blaSHV-2~~~AF148851:6-866~~~	99.187	861	7	0	4148681	4149541	1	861	0.0	1552	5306069	862	argannot~~~(Bla)blaSHV-2~~~AF148851:6-866~~~ (Bla)blaSHV-2
contig_3	argannot~~~(Bla)blaSHV-191~~~KP868754:1-861~~~	99.187	861	7	0	4148681	4149541	1	861	0.0	1552	5306069	861	argannot~~~(Bla)blaSHV-191~~~KP868754:1-861~~~ (Bla)blaSHV-191
contig_3	argannot~~~(Bla)blaSHV-186~~~KM233165:1-861~~~	99.187	861	7	0	4148681	4149541	1	861	0.0	1552	5306069	861	argannot~~~(Bla)blaSHV-186~~~KM233165:1-861~~~ (Bla)blaSHV-186
contig_3	argannot~~~(Bla)blaSHV-181~~~KP050488:1-861~~~	99.187	861	7	0	4148681	4149541	1	861	0.0	1552	5306069	861	argannot~~~(Bla)blaSHV-181~~~KP050488:1-861~~~ (Bla)blaSHV-181
contig_3	argannot~~~(Bla)blaSHV-152~~~JX121119:1-858~~~	99.301	858	6	0	4148681	4149538	1	858	0.0	1552	5306069	858	argannot~~~(Bla)blaSHV-152~~~JX121119:1-858~~~ (Bla)blaSHV-152
contig_3	argannot~~~(Bla)blaSHV-15~~~AJ011428:1-861~~~	99.187	861	7	0	4148681	4149541	1	861	0.0	1552	5306069	861	argannot~~~(Bla)blaSHV-15~~~AJ011428:1-861~~~ (Bla)blaSHV-15
contig_3	argannot~~~(Bla)blaSHV-141~~~JQ388884:1-861~~~	99.187	861	7	0	4148681	4149541	1	861	0.0	1552	5306069	861	argannot~~~(Bla)blaSHV-141~~~JQ388884:1-861~~~ (Bla)blaSHV-141
contig_3	argannot~~~(Bla)blaSHV-133~~~AB551737:15-875~~~	99.187	861	7	0	4148681	4149541	1	861	0.0	1552	5306069	861	argannot~~~(Bla)blaSHV-133~~~AB551737:15-875~~~ (Bla)blaSHV-133
contig_3	argannot~~~(Bla)blaSHV-120~~~JF812965:1-861~~~	99.187	861	7	0	4148681	4149541	1	861	0.0	1552	5306069	861	argannot~~~(Bla)blaSHV-120~~~JF812965:1-861~~~ (Bla)blaSHV-120
contig_3	argannot~~~(Bla)blaSHV-109~~~EU418913:17-877~~~	99.187	861	7	0	4148681	4149541	1	861	0.0	1552	5306069	861	argannot~~~(Bla)blaSHV-109~~~EU418913:17-877~~~ (Bla)blaSHV-109
contig_3	argannot~~~(Bla)blaSHV-106~~~AM941847:1-861~~~	99.187	861	7	0	4148681	4149541	1	861	0.0	1552	5306069	861	argannot~~~(Bla)blaSHV-106~~~AM941847:1-861~~~ (Bla)blaSHV-106
contig_3	argannot~~~(Bla)blaSHV-103~~~EU032604:1-861~~~	99.187	861	7	0	4148681	4149541	1	861	0.0	1552	5306069	861	argannot~~~(Bla)blaSHV-103~~~EU032604:1-861~~~ (Bla)blaSHV-103
contig_3	argannot~~~(Bla)blaSHV-183~~~HG934764:1-864~~~	99.074	864	5	1	4148681	4149541	1	864	0.0	1548	5306069	864	argannot~~~(Bla)blaSHV-183~~~HG934764:1-864~~~ (Bla)blaSHV-183
contig_3	argannot~~~(Bla)blaSHV-140~~~JN051143:1-861~~~	99.185	859	7	0	4148683	4149541	3	861	0.0	1548	5306069	861	argannot~~~(Bla)blaSHV-140~~~JN051143:1-861~~~ (Bla)blaSHV-140
contig_3	argannot~~~(Bla)blaSHV-92~~~DQ836922:1-861~~~	99.071	861	8	0	4148681	4149541	1	861	0.0	1546	5306069	861	argannot~~~(Bla)blaSHV-92~~~DQ836922:1-861~~~ (Bla)blaSHV-92
contig_3	argannot~~~(Bla)blaSHV-72~~~AM176547:31-891~~~	99.071	861	8	0	4148681	4149541	1	861	0.0	1546	5306069	861	argannot~~~(Bla)blaSHV-72~~~AM176547:31-891~~~ (Bla)blaSHV-72
contig_3	argannot~~~(Bla)blaSHV-63~~~EU342351:173-1033~~~	99.071	861	8	0	4148681	4149541	1	861	0.0	1546	5306069	861	argannot~~~(Bla)blaSHV-63~~~EU342351:173-1033~~~ (Bla)blaSHV-63
contig_3	argannot~~~(Bla)blaSHV-5~~~X55640:112-972~~~	99.071	861	8	0	4148681	4149541	1	861	0.0	1546	5306069	861	argannot~~~(Bla)blaSHV-5~~~X55640:112-972~~~ (Bla)blaSHV-5
contig_3	argannot~~~(Bla)blaSHV-48~~~AY263404:1-861~~~	99.071	861	8	0	4148681	4149541	1	861	0.0	1546	5306069	861	argannot~~~(Bla)blaSHV-48~~~AY263404:1-861~~~ (Bla)blaSHV-48
contig_3	argannot~~~(Bla)blaSHV-43~~~AY065991:7-867~~~	99.071	861	8	0	4148681	4149541	1	861	0.0	1546	5306069	861	argannot~~~(Bla)blaSHV-43~~~AY065991:7-867~~~ (Bla)blaSHV-43
contig_3	argannot~~~(Bla)blaSHV-41~~~AF535129:1-861~~~	99.071	861	8	0	4148681	4149541	1	861	0.0	1546	5306069	861	argannot~~~(Bla)blaSHV-41~~~AF535129:1-861~~~ (Bla)blaSHV-41
contig_3	argannot~~~(Bla)blaSHV-30~~~AY661885:49-909~~~	99.071	861	8	0	4148681	4149541	1	861	0.0	1546	5306069	861	argannot~~~(Bla)blaSHV-30~~~AY661885:49-909~~~ (Bla)blaSHV-30
contig_3	argannot~~~(Bla)blaSHV-189~~~KP050494:1-861~~~	99.071	861	8	0	4148681	4149541	1	861	0.0	1546	5306069	861	argannot~~~(Bla)blaSHV-189~~~KP050494:1-861~~~ (Bla)blaSHV-189
contig_3	argannot~~~(Bla)blaSHV-168~~~JX870080:1-861~~~	99.071	861	8	0	4148681	4149541	1	861	0.0	1546	5306069	861	argannot~~~(Bla)blaSHV-168~~~JX870080:1-861~~~ (Bla)blaSHV-168
contig_3	argannot~~~(Bla)blaSHV-154~~~JX121121:1-858~~~	99.184	858	7	0	4148681	4149538	1	858	0.0	1546	5306069	858	argannot~~~(Bla)blaSHV-154~~~JX121121:1-858~~~ (Bla)blaSHV-154
contig_3	argannot~~~(Bla)blaSHV-150~~~JX121117:1-858~~~	99.184	858	7	0	4148681	4149538	1	858	0.0	1546	5306069	858	argannot~~~(Bla)blaSHV-150~~~JX121117:1-858~~~ (Bla)blaSHV-150
contig_3	argannot~~~(Bla)blaSHV-147~~~JX121114:1-858~~~	99.184	858	7	0	4148681	4149538	1	858	0.0	1546	5306069	858	argannot~~~(Bla)blaSHV-147~~~JX121114:1-858~~~ (Bla)blaSHV-147
contig_3	argannot~~~(Bla)blaSHV-102~~~EU024485:1-861~~~	99.071	861	8	0	4148681	4149541	1	861	0.0	1546	5306069	861	argannot~~~(Bla)blaSHV-102~~~EU024485:1-861~~~ (Bla)blaSHV-102
contig_3	argannot~~~(Bla)blaSHV-163~~~JX121130:1-858~~~	99.182	856	7	0	4148681	4149536	1	856	0.0	1543	5306069	858	argannot~~~(Bla)blaSHV-163~~~JX121130:1-858~~~ (Bla)blaSHV-163
contig_3	argannot~~~(Bla)blaSHV-7~~~U20270:125-985~~~	98.955	861	9	0	4148681	4149541	1	861	0.0	1541	5306069	861	argannot~~~(Bla)blaSHV-7~~~U20270:125-985~~~ (Bla)blaSHV-7
contig_3	argannot~~~(Bla)blaSHV-52~~~HQ845196:1-861~~~	98.955	861	9	0	4148681	4149541	1	861	0.0	1541	5306069	861	argannot~~~(Bla)blaSHV-52~~~HQ845196:1-861~~~ (Bla)blaSHV-52
contig_3	argannot~~~(Bla)blaSHV-34~~~AY036620:89-949~~~	98.955	861	9	0	4148681	4149541	1	861	0.0	1541	5306069	861	argannot~~~(Bla)blaSHV-34~~~AY036620:89-949~~~ (Bla)blaSHV-34
contig_3	argannot~~~(Bla)blaSHV-190~~~KP868753:1-861~~~	98.955	861	9	0	4148681	4149541	1	861	0.0	1541	5306069	861	argannot~~~(Bla)blaSHV-190~~~KP868753:1-861~~~ (Bla)blaSHV-190
contig_3	argannot~~~(Bla)blaSHV-188~~~LN515534:1-873~~~	98.625	873	6	1	4148675	4149541	1	873	0.0	1541	5306069	873	argannot~~~(Bla)blaSHV-188~~~LN515534:1-873~~~ (Bla)blaSHV-188
contig_3	argannot~~~(Bla)blaSHV-18~~~EU684753:1-861~~~	98.955	861	9	0	4148681	4149541	1	861	0.0	1541	5306069	861	argannot~~~(Bla)blaSHV-18~~~EU684753:1-861~~~ (Bla)blaSHV-18
contig_3	argannot~~~(Bla)blaSHV-153~~~JX121120:1-858~~~	99.068	858	8	0	4148681	4149538	1	858	0.0	1541	5306069	858	argannot~~~(Bla)blaSHV-153~~~JX121120:1-858~~~ (Bla)blaSHV-153
contig_3	argannot~~~(Bla)blaSHV-151~~~JX121118:1-858~~~	99.068	858	8	0	4148681	4149538	1	858	0.0	1541	5306069	858	argannot~~~(Bla)blaSHV-151~~~JX121118:1-858~~~ (Bla)blaSHV-151
contig_3	argannot~~~(Bla)blaSHV-149~~~JX121116:1-858~~~	99.068	858	8	0	4148681	4149538	1	858	0.0	1541	5306069	858	argannot~~~(Bla)blaSHV-149~~~JX121116:1-858~~~ (Bla)blaSHV-149
contig_3	argannot~~~(Bla)blaSHV-46~~~AY210887:112-972~~~	98.839	861	10	0	4148681	4149541	1	861	0.0	1535	5306069	861	argannot~~~(Bla)blaSHV-46~~~AY210887:112-972~~~ (Bla)blaSHV-46
contig_3	argannot~~~(Bla)blaSHV-165~~~JX121131:1-858~~~	98.951	858	9	0	4148681	4149538	1	858	0.0	1535	5306069	858	argannot~~~(Bla)blaSHV-165~~~JX121131:1-858~~~ (Bla)blaSHV-165
contig_3	argannot~~~(Bla)blaSHV-162~~~JX121129:1-858~~~	98.951	858	9	0	4148681	4149538	1	858	0.0	1535	5306069	858	argannot~~~(Bla)blaSHV-162~~~JX121129:1-858~~~ (Bla)blaSHV-162
contig_3	argannot~~~(Bla)blaSHV-128~~~GU932590:1-861~~~	98.839	861	10	0	4148681	4149541	1	861	0.0	1535	5306069	861	argannot~~~(Bla)blaSHV-128~~~GU932590:1-861~~~ (Bla)blaSHV-128
contig_3	argannot~~~(Bla)blaSHV-105~~~FJ194944:47-907~~~	98.839	861	10	0	4148681	4149541	1	861	0.0	1535	5306069	861	argannot~~~(Bla)blaSHV-105~~~FJ194944:47-907~~~ (Bla)blaSHV-105
contig_3	argannot~~~(Bla)blaSHV-73~~~AM176548:17-874~~~	99.062	853	8	0	4148689	4149541	6	858	0.0	1531	5306069	858	argannot~~~(Bla)blaSHV-73~~~AM176548:17-874~~~ (Bla)blaSHV-73
contig_3	argannot~~~(Bla)blaSHV-167~~~AB733453:4-849~~~	99.054	846	8	0	4148681	4149526	1	846	0.0	1519	5306069	846	argannot~~~(Bla)blaSHV-167~~~AB733453:4-849~~~ (Bla)blaSHV-167
contig_3	argannot~~~(Bla)blaSHV-62~~~AJ866285:1-832~~~	99.283	837	6	0	4148681	4149517	1	837	0.0	1513	5306069	837	argannot~~~(Bla)blaSHV-62~~~AJ866285:1-832~~~ (Bla)blaSHV-62
contig_3	argannot~~~(Bla)blaSHV-84~~~AM087453:26-856~~~	99.037	831	8	0	4148681	4149511	1	831	0.0	1491	5306069	831	argannot~~~(Bla)blaSHV-84~~~AM087453:26-856~~~ (Bla)blaSHV-84
contig_3	argannot~~~(Bla)blaSHV-16~~~AF072684:118-993~~~	97.377	877	6	3	4148681	4149541	1	876	0.0	1476	5306069	876	argannot~~~(Bla)blaSHV-16~~~AF072684:118-993~~~ (Bla)blaSHV-16
contig_3	argannot~~~(Bla)blaSHV-6~~~Y11069:1-780~~~	99.103	780	7	0	4148711	4149490	1	780	0.0	1402	5306069	780	argannot~~~(Bla)blaSHV-6~~~Y11069:1-780~~~ (Bla)blaSHV-6
contig_3	argannot~~~(Bla)blaSHV-100~~~AM922306:1-900~~~	99.481	770	4	0	4148772	4149541	131	900	0.0	1400	5306069	900	argannot~~~(Bla)blaSHV-100~~~AM922306:1-900~~~ (Bla)blaSHV-100
contig_3	argannot~~~(Bla)blaSHV-100~~~AM922306:1-900~~~	98.496	133	2	0	4148681	4148813	1	133	1.20e-58	235	5306069	900	argannot~~~(Bla)blaSHV-100~~~AM922306:1-900~~~ (Bla)blaSHV-100
contig_3	argannot~~~(Bla)blaSHV-53~~~AY590467:1-729~~~	99.451	729	4	0	4148701	4149429	1	729	0.0	1325	5306069	729	argannot~~~(Bla)blaSHV-53~~~AY590467:1-729~~~ (Bla)blaSHV-53
contig_3	argannot~~~(Bla)blaSHV-55~~~HQ877613:1-715~~~	99.160	714	6	0	4148681	4149394	1	714	0.0	1286	5306069	715	argannot~~~(Bla)blaSHV-55~~~HQ877613:1-715~~~ (Bla)blaSHV-55
contig_3	argannot~~~(Bla)blaSHV-45~~~HQ877612:1-715~~~	99.160	714	6	0	4148681	4149394	1	714	0.0	1286	5306069	715	argannot~~~(Bla)blaSHV-45~~~HQ877612:1-715~~~ (Bla)blaSHV-45
contig_3	argannot~~~(Bla)blaLEN-24~~~AM850914:31-891~~~	91.143	892	77	2	4148651	4149541	1	891	0.0	1208	5306069	891	argannot~~~(Bla)blaLEN-24~~~AM850914:31-891~~~ (Bla)blaLEN-24
contig_3	argannot~~~(Bla)blaLEN-22~~~AM850912:1-861~~~	91.299	862	73	2	4148681	4149541	1	861	0.0	1175	5306069	861	argannot~~~(Bla)blaLEN-22~~~AM850912:1-861~~~ (Bla)blaLEN-22
contig_3	argannot~~~(Bla)blaLEN-2~~~AY037780:89-949~~~	91.299	862	73	2	4148681	4149541	1	861	0.0	1175	5306069	861	argannot~~~(Bla)blaLEN-2~~~AY037780:89-949~~~ (Bla)blaLEN-2
contig_3	argannot~~~(Bla)blaLEN-19~~~AM850909:1-861~~~	91.299	862	73	2	4148681	4149541	1	861	0.0	1175	5306069	861	argannot~~~(Bla)blaLEN-19~~~AM850909:1-861~~~ (Bla)blaLEN-19
contig_3	argannot~~~(Bla)blaLEN-5~~~AY633109:1-861~~~	91.183	862	74	2	4148681	4149541	1	861	0.0	1170	5306069	861	argannot~~~(Bla)blaLEN-5~~~AY633109:1-861~~~ (Bla)blaLEN-5
contig_3	argannot~~~(Bla)blaLEN-21~~~AM850911:1-861~~~	91.183	862	74	2	4148681	4149541	1	861	0.0	1170	5306069	861	argannot~~~(Bla)blaLEN-21~~~AM850911:1-861~~~ (Bla)blaLEN-21
contig_3	argannot~~~(Bla)blaLEN-20~~~AM850910:1-861~~~	91.183	862	74	2	4148681	4149541	1	861	0.0	1170	5306069	861	argannot~~~(Bla)blaLEN-20~~~AM850910:1-861~~~ (Bla)blaLEN-20
contig_3	argannot~~~(Bla)blaLEN-17~~~DQ149134:1-861~~~	91.183	862	74	2	4148681	4149541	1	861	0.0	1170	5306069	861	argannot~~~(Bla)blaLEN-17~~~DQ149134:1-861~~~ (Bla)blaLEN-17
contig_3	argannot~~~(Bla)blaLEN-36~~~KR738738:1-861~~~	91.067	862	75	2	4148681	4149541	1	861	0.0	1164	5306069	861	argannot~~~(Bla)blaLEN-36~~~KR738738:1-861~~~ (Bla)blaLEN-36
contig_3	argannot~~~(Bla)blaLEN-18~~~AM850908:1-861~~~	91.067	862	75	2	4148681	4149541	1	861	0.0	1164	5306069	861	argannot~~~(Bla)blaLEN-18~~~AM850908:1-861~~~ (Bla)blaLEN-18
contig_3	argannot~~~(Bla)blaLEN-16~~~AY743416:68-928~~~	91.067	862	75	2	4148681	4149541	1	861	0.0	1164	5306069	861	argannot~~~(Bla)blaLEN-16~~~AY743416:68-928~~~ (Bla)blaLEN-16
contig_3	argannot~~~(Bla)blaLEN-35~~~KR738737:1-861~~~	90.962	863	74	4	4148681	4149541	1	861	0.0	1158	5306069	861	argannot~~~(Bla)blaLEN-35~~~KR738737:1-861~~~ (Bla)blaLEN-35
contig_3	argannot~~~(Bla)blaLEN-25~~~HQ709169:1-861~~~	90.835	862	77	2	4148681	4149541	1	861	0.0	1153	5306069	861	argannot~~~(Bla)blaLEN-25~~~HQ709169:1-861~~~ (Bla)blaLEN-25
contig_3	argannot~~~(Bla)blaLEN-23~~~AM850913:1-861~~~	90.835	862	77	2	4148681	4149541	1	861	0.0	1153	5306069	861	argannot~~~(Bla)blaLEN-23~~~AM850913:1-861~~~ (Bla)blaLEN-23
contig_3	argannot~~~(Bla)blaLEN-37~~~KR738739:1-861~~~	90.719	862	78	2	4148681	4149541	1	861	0.0	1147	5306069	861	argannot~~~(Bla)blaLEN-37~~~KR738739:1-861~~~ (Bla)blaLEN-37
contig_3	argannot~~~(Bla)blaLEN-26~~~JX124390:1-861~~~	90.603	862	79	2	4148681	4149541	1	861	0.0	1142	5306069	861	argannot~~~(Bla)blaLEN-26~~~JX124390:1-861~~~ (Bla)blaLEN-26
contig_3	argannot~~~(Bla)blaLEN-15~~~AF452105:1-840~~~	90.855	842	74	3	4148681	4149521	1	840	0.0	1125	5306069	840	argannot~~~(Bla)blaLEN-15~~~AF452105:1-840~~~ (Bla)blaLEN-15
contig_3	argannot~~~(Bla)blaLEN-4~~~AY130287:1-823~~~	91.241	822	70	2	4148703	4149523	3	823	0.0	1118	5306069	823	argannot~~~(Bla)blaLEN-4~~~AY130287:1-823~~~ (Bla)blaLEN-4
contig_3	argannot~~~(Bla)blaLEN-1~~~X04515:286-1125~~~	90.618	842	76	3	4148681	4149521	1	840	0.0	1114	5306069	840	argannot~~~(Bla)blaLEN-1~~~X04515:286-1125~~~ (Bla)blaLEN-1
contig_3	argannot~~~(Bla)blaLEN-3~~~AY130286:1-823~~~	91.119	822	71	2	4148703	4149523	3	823	0.0	1112	5306069	823	argannot~~~(Bla)blaLEN-3~~~AY130286:1-823~~~ (Bla)blaLEN-3
contig_3	argannot~~~(Bla)blaLEN-12~~~AJ635406:1-789~~~	90.886	790	70	2	4148717	4149505	1	789	0.0	1059	5306069	789	argannot~~~(Bla)blaLEN-12~~~AJ635406:1-789~~~ (Bla)blaLEN-12
contig_3	argannot~~~(Bla)blaLEN-11~~~AJ635417:1-789~~~	90.886	790	70	2	4148717	4149505	1	789	0.0	1059	5306069	789	argannot~~~(Bla)blaLEN-11~~~AJ635417:1-789~~~ (Bla)blaLEN-11
contig_3	argannot~~~(Bla)blaLEN-9~~~AJ635423:1-789~~~	90.759	790	71	2	4148717	4149505	1	789	0.0	1053	5306069	789	argannot~~~(Bla)blaLEN-9~~~AJ635423:1-789~~~ (Bla)blaLEN-9
contig_3	argannot~~~(Bla)blaLEN-7~~~AJ635425:1-789~~~	90.633	790	72	2	4148717	4149505	1	789	0.0	1048	5306069	789	argannot~~~(Bla)blaLEN-7~~~AJ635425:1-789~~~ (Bla)blaLEN-7
contig_3	argannot~~~(Bla)blaLEN-13~~~AJ635403:1-789~~~	90.633	790	72	2	4148717	4149505	1	789	0.0	1048	5306069	789	argannot~~~(Bla)blaLEN-13~~~AJ635403:1-789~~~ (Bla)blaLEN-13
contig_3	argannot~~~(Bla)blaLEN-10~~~AJ635419:1-789~~~	90.506	790	73	2	4148717	4149505	1	789	0.0	1042	5306069	789	argannot~~~(Bla)blaLEN-10~~~AJ635419:1-789~~~ (Bla)blaLEN-10
contig_3	argannot~~~(Bla)blaOKP-A-13~~~FJ534513:1-861~~~	88.399	862	98	2	4148681	4149541	1	861	0.0	1037	5306069	861	argannot~~~(Bla)blaOKP-A-13~~~FJ534513:1-861~~~ (Bla)blaOKP-A-13
contig_3	argannot~~~(Bla)blaOKP-A-11~~~AM850915:20-880~~~	88.413	863	96	4	4148681	4149541	1	861	0.0	1037	5306069	861	argannot~~~(Bla)blaOKP-A-11~~~AM850915:20-880~~~ (Bla)blaOKP-A-11
contig_3	argannot~~~(Bla)blaLEN-8~~~AJ635424:1-789~~~	90.253	790	75	2	4148717	4149505	1	789	0.0	1031	5306069	789	argannot~~~(Bla)blaLEN-8~~~AJ635424:1-789~~~ (Bla)blaLEN-8
contig_3	argannot~~~(Bla)blaOKP-B-17~~~AM850919:25-885~~~	88.167	862	100	2	4148681	4149541	1	861	0.0	1026	5306069	861	argannot~~~(Bla)blaOKP-B-17~~~AM850919:25-885~~~ (Bla)blaOKP-B-17
contig_3	argannot~~~(Bla)blaOKP-A-16~~~FJ755840:1-861~~~	88.181	863	98	4	4148681	4149541	1	861	0.0	1026	5306069	861	argannot~~~(Bla)blaOKP-A-16~~~FJ755840:1-861~~~ (Bla)blaOKP-A-16
contig_3	argannot~~~(Bla)blaOKP-A-14~~~FJ534512:1-861~~~	88.167	862	100	2	4148681	4149541	1	861	0.0	1026	5306069	861	argannot~~~(Bla)blaOKP-A-14~~~FJ534512:1-861~~~ (Bla)blaOKP-A-14
contig_3	argannot~~~(Bla)blaOKP-A-12~~~AM950916:19-879~~~	88.181	863	98	4	4148681	4149541	1	861	0.0	1026	5306069	861	argannot~~~(Bla)blaOKP-A-12~~~AM950916:19-879~~~ (Bla)blaOKP-A-12
contig_3	argannot~~~(Bla)blaOKP-B-4~~~AM051153:1-861~~~	88.153	861	100	2	4148681	4149540	1	860	0.0	1024	5306069	861	argannot~~~(Bla)blaOKP-B-4~~~AM051153:1-861~~~ (Bla)blaOKP-B-4
contig_3	argannot~~~(Bla)blaOKP-A-5~~~AM051143:1-861~~~	88.167	862	98	4	4148681	4149540	1	860	0.0	1024	5306069	861	argannot~~~(Bla)blaOKP-A-5~~~AM051143:1-861~~~ (Bla)blaOKP-A-5
contig_3	argannot~~~(Bla)blaOKP-A-3~~~AM051140:1-861~~~	88.167	862	98	4	4148681	4149540	1	860	0.0	1024	5306069	861	argannot~~~(Bla)blaOKP-A-3~~~AM051140:1-861~~~ (Bla)blaOKP-A-3
contig_3	argannot~~~(Bla)blaOKP-A-1~~~AJ635401:1-861~~~	88.153	861	100	2	4148681	4149540	1	860	0.0	1024	5306069	861	argannot~~~(Bla)blaOKP-A-1~~~AJ635401:1-861~~~ (Bla)blaOKP-A-1
contig_3	argannot~~~(Bla)blaOKP-B-14~~~DQ149136:47-907~~~	88.051	862	101	2	4148681	4149541	1	861	0.0	1020	5306069	861	argannot~~~(Bla)blaOKP-B-14~~~DQ149136:47-907~~~ (Bla)blaOKP-B-14
contig_3	argannot~~~(Bla)blaOKP-B-3~~~AM051152:1-861~~~	88.037	861	101	2	4148681	4149540	1	860	0.0	1018	5306069	861	argannot~~~(Bla)blaOKP-B-3~~~AM051152:1-861~~~ (Bla)blaOKP-B-3
contig_3	argannot~~~(Bla)blaOKP-A-9~~~AM051148:1-861~~~	88.051	862	99	4	4148681	4149540	1	860	0.0	1018	5306069	861	argannot~~~(Bla)blaOKP-A-9~~~AM051148:1-861~~~ (Bla)blaOKP-A-9
contig_3	argannot~~~(Bla)blaOKP-A-8~~~AM051147:1-861~~~	88.037	861	101	2	4148681	4149540	1	860	0.0	1018	5306069	861	argannot~~~(Bla)blaOKP-A-8~~~AM051147:1-861~~~ (Bla)blaOKP-A-8
contig_3	argannot~~~(Bla)blaOKP-A-4~~~AM051142:1-861~~~	88.037	861	101	2	4148681	4149540	1	860	0.0	1018	5306069	861	argannot~~~(Bla)blaOKP-A-4~~~AM051142:1-861~~~ (Bla)blaOKP-A-4
contig_3	argannot~~~(Bla)blaOKP-A-2~~~AJ635404:1-861~~~	88.037	861	101	2	4148681	4149540	1	860	0.0	1018	5306069	861	argannot~~~(Bla)blaOKP-A-2~~~AJ635404:1-861~~~ (Bla)blaOKP-A-2
contig_3	argannot~~~(Bla)blaOKP-B-6~~~AY850171:1-861~~~	87.935	862	102	2	4148681	4149541	1	861	0.0	1014	5306069	861	argannot~~~(Bla)blaOKP-B-6~~~AY850171:1-861~~~ (Bla)blaOKP-B-6
contig_3	argannot~~~(Bla)blaOKP-B-5~~~AY512506:68-928~~~	87.935	862	102	2	4148681	4149541	1	861	0.0	1014	5306069	861	argannot~~~(Bla)blaOKP-B-5~~~AY512506:68-928~~~ (Bla)blaOKP-B-5
contig_3	argannot~~~(Bla)blaOKP-B-20~~~AM850922:25-885~~~	87.935	862	102	2	4148681	4149541	1	861	0.0	1014	5306069	861	argannot~~~(Bla)blaOKP-B-20~~~AM850922:25-885~~~ (Bla)blaOKP-B-20
contig_3	argannot~~~(Bla)blaOKP-B-13~~~AY825330:1-861~~~	87.935	862	102	2	4148681	4149541	1	861	0.0	1014	5306069	861	argannot~~~(Bla)blaOKP-B-13~~~AY825330:1-861~~~ (Bla)blaOKP-B-13
contig_3	argannot~~~(Bla)blaOKP-B-9~~~AM051159:1-861~~~	87.921	861	102	2	4148681	4149540	1	860	0.0	1013	5306069	861	argannot~~~(Bla)blaOKP-B-9~~~AM051159:1-861~~~ (Bla)blaOKP-B-9
contig_3	argannot~~~(Bla)blaOKP-B-8~~~AM051157:1-861~~~	87.921	861	102	2	4148681	4149540	1	860	0.0	1013	5306069	861	argannot~~~(Bla)blaOKP-B-8~~~AM051157:1-861~~~ (Bla)blaOKP-B-8
contig_3	argannot~~~(Bla)blaOKP-B-2~~~AM051151:1-861~~~	87.921	861	102	2	4148681	4149540	1	860	0.0	1013	5306069	861	argannot~~~(Bla)blaOKP-B-2~~~AM051151:1-861~~~ (Bla)blaOKP-B-2
contig_3	argannot~~~(Bla)blaOKP-A-10~~~AM051149:1-861~~~	87.935	862	100	4	4148681	4149540	1	860	0.0	1013	5306069	861	argannot~~~(Bla)blaOKP-A-10~~~AM051149:1-861~~~ (Bla)blaOKP-A-10
contig_3	argannot~~~(Bla)blaOKP-B-19~~~AM850921:25-885~~~	87.819	862	103	2	4148681	4149541	1	861	0.0	1009	5306069	861	argannot~~~(Bla)blaOKP-B-19~~~AM850921:25-885~~~ (Bla)blaOKP-B-19
contig_3	argannot~~~(Bla)blaOKP-B-7~~~AM051156:1-861~~~	87.805	861	103	2	4148681	4149540	1	860	0.0	1007	5306069	861	argannot~~~(Bla)blaOKP-B-7~~~AM051156:1-861~~~ (Bla)blaOKP-B-7
contig_3	argannot~~~(Bla)blaOKP-B-1~~~AJ635402:1-861~~~	87.805	861	103	2	4148681	4149540	1	860	0.0	1007	5306069	861	argannot~~~(Bla)blaOKP-B-1~~~AJ635402:1-861~~~ (Bla)blaOKP-B-1
contig_3	argannot~~~(Bla)blaOKP-A-6~~~AM051144:1-861~~~	87.833	863	99	6	4148681	4149540	1	860	0.0	1007	5306069	861	argannot~~~(Bla)blaOKP-A-6~~~AM051144:1-861~~~ (Bla)blaOKP-A-6
contig_3	argannot~~~(Bla)blaOKP-B-11~~~AM051161:1-861~~~	87.703	862	102	4	4148681	4149540	1	860	0.0	1002	5306069	861	argannot~~~(Bla)blaOKP-B-11~~~AM051161:1-861~~~ (Bla)blaOKP-B-11
contig_3	argannot~~~(Bla)blaOKP-B-18~~~AM850920:41-901~~~	87.587	862	105	2	4148681	4149541	1	861	0.0	998	5306069	861	argannot~~~(Bla)blaOKP-B-18~~~AM850920:41-901~~~ (Bla)blaOKP-B-18
contig_3	argannot~~~(Bla)blaOKP-B-10~~~AM051160:1-861~~~	87.573	861	105	2	4148681	4149540	1	860	0.0	996	5306069	861	argannot~~~(Bla)blaOKP-B-10~~~AM051160:1-861~~~ (Bla)blaOKP-B-10
contig_3	argannot~~~(Bla)blaOKP-A-7~~~AM051145:1-861~~~	87.587	862	103	4	4148681	4149540	1	860	0.0	996	5306069	861	argannot~~~(Bla)blaOKP-A-7~~~AM051145:1-861~~~ (Bla)blaOKP-A-7
contig_3	argannot~~~(Bla)blaOKP-A-15~~~FJ755841:1-861~~~	86.659	862	98	11	4148681	4149541	1	846	0.0	939	5306069	846	argannot~~~(Bla)blaOKP-A-15~~~FJ755841:1-861~~~ (Bla)blaOKP-A-15
contig_3	argannot~~~(Bla)blaSHV-122~~~GQ290211:1-515~~~	99.223	515	4	0	4148910	4149424	1	515	0.0	929	5306069	515	argannot~~~(Bla)blaSHV-122~~~GQ290211:1-515~~~ (Bla)blaSHV-122
contig_3	argannot~~~(Bla)blaOKP-B-12~~~AJ635420:1-861~~~	87.468	790	95	4	4148718	4149505	2	789	0.0	907	5306069	789	argannot~~~(Bla)blaOKP-B-12~~~AJ635420:1-861~~~ (Bla)blaOKP-B-12
contig_3	argannot~~~(Fcyn)FosA6~~~KU254579:59422-59841~~~	98.810	420	5	0	684595	685014	420	1	0.0	749	5306069	420	argannot~~~(Fcyn)FosA6~~~KU254579:59422-59841~~~ (Fcyn)FosA6
contig_3	argannot~~~(Fcyn)FosA5~~~KP143090:1200-1619~~~	98.544	412	6	0	684603	685014	412	1	0.0	728	5306069	420	argannot~~~(Fcyn)FosA5~~~KP143090:1200-1619~~~ (Fcyn)FosA5
contig_3	argannot~~~(Bla)blaLEN-6~~~AY265890:1-472~~~	91.737	472	39	0	4148702	4149173	1	472	0.0	656	5306069	472	argannot~~~(Bla)blaLEN-6~~~AY265890:1-472~~~ (Bla)blaLEN-6
contig_3	argannot~~~(Bla)blaSHV-39~~~AY150585:1=285~~~	99.291	282	2	0	4149182	4149463	1	282	1.78e-141	510	5306069	285	argannot~~~(Bla)blaSHV-39~~~AY150585:1=285~~~ (Bla)blaSHV-39
contig_4	argannot~~~(Bla)blaSHV-12~~~FJ685654:24-860~~~	100.000	861	0	0	121966	122826	1	861	0.0	1591	125021	861	argannot~~~(Bla)blaSHV-12~~~FJ685654:24-860~~~ (Bla)blaSHV-12
contig_4	argannot~~~(Bla)blaSHV-66~~~DQ174306:5-865~~~	99.884	861	1	0	121966	122826	1	861	0.0	1585	125021	861	argannot~~~(Bla)blaSHV-66~~~DQ174306:5-865~~~ (Bla)blaSHV-66
contig_4	argannot~~~(Bla)blaSHV-31~~~GU064396:1-861~~~	99.884	861	1	0	121966	122826	1	861	0.0	1585	125021	861	argannot~~~(Bla)blaSHV-31~~~GU064396:1-861~~~ (Bla)blaSHV-31
contig_4	argannot~~~(Bla)blaSHV-160~~~JX121127:1-861~~~	99.884	861	1	0	121966	122826	1	861	0.0	1585	125021	861	argannot~~~(Bla)blaSHV-160~~~JX121127:1-861~~~ (Bla)blaSHV-160
contig_4	argannot~~~(Bla)blaSHV-134~~~HM559945:1-861~~~	99.884	861	1	0	121966	122826	1	861	0.0	1585	125021	861	argannot~~~(Bla)blaSHV-134~~~HM559945:1-861~~~ (Bla)blaSHV-134
contig_4	argannot~~~(Bla)blaSHV-86~~~DQ328802:1-861~~~	99.768	861	2	0	121966	122826	1	861	0.0	1580	125021	861	argannot~~~(Bla)blaSHV-86~~~DQ328802:1-861~~~ (Bla)blaSHV-86
contig_4	argannot~~~(Bla)blaSHV-64~~~DQ174304:5-865~~~	99.768	861	2	0	121966	122826	1	861	0.0	1580	125021	861	argannot~~~(Bla)blaSHV-64~~~DQ174304:5-865~~~ (Bla)blaSHV-64
contig_4	argannot~~~(Bla)blaSHV-56~~~AY352599:1-861~~~	99.768	861	2	0	121966	122826	1	861	0.0	1580	125021	861	argannot~~~(Bla)blaSHV-56~~~AY352599:1-861~~~ (Bla)blaSHV-56
contig_4	argannot~~~(Bla)blaSHV-15~~~AJ011428:1-861~~~	99.768	861	2	0	121966	122826	1	861	0.0	1580	125021	861	argannot~~~(Bla)blaSHV-15~~~AJ011428:1-861~~~ (Bla)blaSHV-15
contig_4	argannot~~~(Bla)blaSHV-183~~~HG934764:1-864~~~	99.653	864	0	1	121966	122826	1	864	0.0	1576	125021	864	argannot~~~(Bla)blaSHV-183~~~HG934764:1-864~~~ (Bla)blaSHV-183
contig_4	argannot~~~(Bla)blaSHV-70~~~DQ013287:1-861~~~	99.652	861	3	0	121966	122826	1	861	0.0	1574	125021	861	argannot~~~(Bla)blaSHV-70~~~DQ013287:1-861~~~ (Bla)blaSHV-70
contig_4	argannot~~~(Bla)blaSHV-5~~~X55640:112-972~~~	99.652	861	3	0	121966	122826	1	861	0.0	1574	125021	861	argannot~~~(Bla)blaSHV-5~~~X55640:112-972~~~ (Bla)blaSHV-5
contig_4	argannot~~~(Bla)blaSHV-2a~~~X98102:72-934~~~	99.652	861	3	0	121966	122826	1	861	0.0	1574	125021	861	argannot~~~(Bla)blaSHV-2a~~~X98102:72-934~~~ (Bla)blaSHV-2a
contig_4	argannot~~~(Bla)blaSHV-13~~~AF164577:1-861~~~	99.652	861	3	0	121966	122826	1	861	0.0	1574	125021	861	argannot~~~(Bla)blaSHV-13~~~AF164577:1-861~~~ (Bla)blaSHV-13
contig_4	argannot~~~(Bla)blaSHV-61~~~AJ866284:1-861~~~	99.535	861	4	0	121966	122826	1	861	0.0	1568	125021	861	argannot~~~(Bla)blaSHV-61~~~AJ866284:1-861~~~ (Bla)blaSHV-61
contig_4	argannot~~~(Bla)blaSHV-60~~~AJ866283:1-861~~~	99.535	861	4	0	121966	122826	1	861	0.0	1568	125021	861	argannot~~~(Bla)blaSHV-60~~~AJ866283:1-861~~~ (Bla)blaSHV-60
contig_4	argannot~~~(Bla)blaSHV-2~~~AF148851:6-866~~~	99.535	861	4	0	121966	122826	1	861	0.0	1568	125021	862	argannot~~~(Bla)blaSHV-2~~~AF148851:6-866~~~ (Bla)blaSHV-2
contig_4	argannot~~~(Bla)blaSHV-172~~~KF513177:1-861~~~	99.535	861	4	0	121966	122826	1	861	0.0	1568	125021	861	argannot~~~(Bla)blaSHV-172~~~KF513177:1-861~~~ (Bla)blaSHV-172
contig_4	argannot~~~(Bla)blaSHV-120~~~JF812965:1-861~~~	99.535	861	4	0	121966	122826	1	861	0.0	1568	125021	861	argannot~~~(Bla)blaSHV-120~~~JF812965:1-861~~~ (Bla)blaSHV-120
contig_4	argannot~~~(Bla)blaSHV-98~~~AM922304:1-861~~~	99.419	861	5	0	121966	122826	1	861	0.0	1563	125021	861	argannot~~~(Bla)blaSHV-98~~~AM922304:1-861~~~ (Bla)blaSHV-98
contig_4	argannot~~~(Bla)blaSHV-97~~~EF373973:1-861~~~	99.419	861	5	0	121966	122826	1	861	0.0	1563	125021	861	argannot~~~(Bla)blaSHV-97~~~EF373973:1-861~~~ (Bla)blaSHV-97
contig_4	argannot~~~(Bla)blaSHV-80~~~AM176555:1-861~~~	99.419	861	5	0	121966	122826	1	861	0.0	1563	125021	861	argannot~~~(Bla)blaSHV-80~~~AM176555:1-861~~~ (Bla)blaSHV-80
contig_4	argannot~~~(Bla)blaSHV-78~~~FJ685658:1-861~~~	99.419	861	5	0	121966	122826	1	861	0.0	1563	125021	861	argannot~~~(Bla)blaSHV-78~~~FJ685658:1-861~~~ (Bla)blaSHV-78
contig_4	argannot~~~(Bla)blaSHV-74~~~AM176549:31-891~~~	99.419	861	5	0	121966	122826	1	861	0.0	1563	125021	861	argannot~~~(Bla)blaSHV-74~~~AM176549:31-891~~~ (Bla)blaSHV-74
contig_4	argannot~~~(Bla)blaSHV-69~~~DQ174308:5-865~~~	99.419	861	5	0	121966	122826	1	861	0.0	1563	125021	861	argannot~~~(Bla)blaSHV-69~~~DQ174308:5-865~~~ (Bla)blaSHV-69
contig_4	argannot~~~(Bla)blaSHV-67~~~DQ174307:5-865~~~	99.419	861	5	0	121966	122826	1	861	0.0	1563	125021	861	argannot~~~(Bla)blaSHV-67~~~DQ174307:5-865~~~ (Bla)blaSHV-67
contig_4	argannot~~~(Bla)blaSHV-46~~~AY210887:112-972~~~	99.419	861	5	0	121966	122826	1	861	0.0	1563	125021	861	argannot~~~(Bla)blaSHV-46~~~AY210887:112-972~~~ (Bla)blaSHV-46
contig_4	argannot~~~(Bla)blaSHV-36~~~AF467947:1-861~~~	99.419	861	5	0	121966	122826	1	861	0.0	1563	125021	861	argannot~~~(Bla)blaSHV-36~~~AF467947:1-861~~~ (Bla)blaSHV-36
contig_4	argannot~~~(Bla)blaSHV-26~~~AF227204:74-934~~~	99.419	861	5	0	121966	122826	1	861	0.0	1563	125021	861	argannot~~~(Bla)blaSHV-26~~~AF227204:74-934~~~ (Bla)blaSHV-26
contig_4	argannot~~~(Bla)blaSHV-25~~~AF208796:1-861~~~	99.419	861	5	0	121966	122826	1	861	0.0	1563	125021	861	argannot~~~(Bla)blaSHV-25~~~AF208796:1-861~~~ (Bla)blaSHV-25
contig_4	argannot~~~(Bla)blaSHV-193~~~KR347170:1-861~~~	99.419	861	5	0	121966	122826	1	861	0.0	1563	125021	861	argannot~~~(Bla)blaSHV-193~~~KR347170:1-861~~~ (Bla)blaSHV-193
contig_4	argannot~~~(Bla)blaSHV-187~~~LN515533:1-867~~~	99.193	867	7	0	121960	122826	1	867	0.0	1563	125021	867	argannot~~~(Bla)blaSHV-187~~~LN515533:1-867~~~ (Bla)blaSHV-187
contig_4	argannot~~~(Bla)blaSHV-185~~~KM233164:1-861~~~	99.419	861	5	0	121966	122826	1	861	0.0	1563	125021	861	argannot~~~(Bla)blaSHV-185~~~KM233164:1-861~~~ (Bla)blaSHV-185
contig_4	argannot~~~(Bla)blaSHV-179~~~KF705208:1-861~~~	99.419	861	5	0	121966	122826	1	861	0.0	1563	125021	861	argannot~~~(Bla)blaSHV-179~~~KF705208:1-861~~~ (Bla)blaSHV-179
contig_4	argannot~~~(Bla)blaSHV-178~~~KF705209:1-861~~~	99.419	861	5	0	121966	122826	1	861	0.0	1563	125021	861	argannot~~~(Bla)blaSHV-178~~~KF705209:1-861~~~ (Bla)blaSHV-178
contig_4	argannot~~~(Bla)blaSHV-173~~~KF513178:1-861~~~	99.419	861	5	0	121966	122826	1	861	0.0	1563	125021	861	argannot~~~(Bla)blaSHV-173~~~KF513178:1-861~~~ (Bla)blaSHV-173
contig_4	argannot~~~(Bla)blaSHV-165~~~JX121131:1-858~~~	99.534	858	4	0	121966	122823	1	858	0.0	1563	125021	858	argannot~~~(Bla)blaSHV-165~~~JX121131:1-858~~~ (Bla)blaSHV-165
contig_4	argannot~~~(Bla)blaSHV-161~~~JX121128:1-861~~~	99.419	861	5	0	121966	122826	1	861	0.0	1563	125021	861	argannot~~~(Bla)blaSHV-161~~~JX121128:1-861~~~ (Bla)blaSHV-161
contig_4	argannot~~~(Bla)blaSHV-154~~~JX121121:1-858~~~	99.534	858	4	0	121966	122823	1	858	0.0	1563	125021	858	argannot~~~(Bla)blaSHV-154~~~JX121121:1-858~~~ (Bla)blaSHV-154
contig_4	argannot~~~(Bla)blaSHV-145~~~JX013655:1-861~~~	99.419	861	5	0	121966	122826	1	861	0.0	1563	125021	861	argannot~~~(Bla)blaSHV-145~~~JX013655:1-861~~~ (Bla)blaSHV-145
contig_4	argannot~~~(Bla)blaSHV-142~~~JQ029959:29-899~~~	99.419	861	5	0	121966	122826	1	861	0.0	1563	125021	861	argannot~~~(Bla)blaSHV-142~~~JQ029959:29-899~~~ (Bla)blaSHV-142
contig_4	argannot~~~(Bla)blaSHV-135~~~HQ637576:1-861~~~	99.419	861	5	0	121966	122826	1	861	0.0	1563	125021	861	argannot~~~(Bla)blaSHV-135~~~HQ637576:1-861~~~ (Bla)blaSHV-135
contig_4	argannot~~~(Bla)blaSHV-128~~~GU932590:1-861~~~	99.419	861	5	0	121966	122826	1	861	0.0	1563	125021	861	argannot~~~(Bla)blaSHV-128~~~GU932590:1-861~~~ (Bla)blaSHV-128
contig_4	argannot~~~(Bla)blaSHV-11~~~HM751098:1-861~~~	99.419	861	5	0	121966	122826	1	861	0.0	1563	125021	861	argannot~~~(Bla)blaSHV-11~~~HM751098:1-861~~~ (Bla)blaSHV-11
contig_4	argannot~~~(Bla)blaSHV-107~~~AM941848:1-861~~~	99.419	861	5	0	121966	122826	1	861	0.0	1563	125021	861	argannot~~~(Bla)blaSHV-107~~~AM941848:1-861~~~ (Bla)blaSHV-107
contig_4	argannot~~~(Bla)blaSHV-1~~~AF148850:6-866~~~	99.419	861	5	0	121966	122826	1	861	0.0	1563	125021	862	argannot~~~(Bla)blaSHV-1~~~AF148850:6-866~~~ (Bla)blaSHV-1
contig_4	argannot~~~(Bla)blaSHV-104~~~EU274581:1-861~~~	99.419	860	5	0	121967	122826	2	861	0.0	1561	125021	861	argannot~~~(Bla)blaSHV-104~~~EU274581:1-861~~~ (Bla)blaSHV-104
contig_4	argannot~~~(Bla)blaSHV-155~~~JX121122:1-858~~~	99.533	856	4	0	121966	122821	1	856	0.0	1559	125021	858	argannot~~~(Bla)blaSHV-155~~~JX121122:1-858~~~ (Bla)blaSHV-155
contig_4	argannot~~~(Bla)blaSHV-148~~~JX121115:1-858~~~	99.533	856	4	0	121966	122821	1	856	0.0	1559	125021	858	argannot~~~(Bla)blaSHV-148~~~JX121115:1-858~~~ (Bla)blaSHV-148
contig_4	argannot~~~(Bla)blaSHV-96~~~EF373971:1-861~~~	99.303	861	6	0	121966	122826	1	861	0.0	1557	125021	861	argannot~~~(Bla)blaSHV-96~~~EF373971:1-861~~~ (Bla)blaSHV-96
contig_4	argannot~~~(Bla)blaSHV-94~~~EF373970:1-861~~~	99.303	861	6	0	121966	122826	1	861	0.0	1557	125021	861	argannot~~~(Bla)blaSHV-94~~~EF373970:1-861~~~ (Bla)blaSHV-94
contig_4	argannot~~~(Bla)blaSHV-89~~~DQ193536:1-861~~~	99.303	861	6	0	121966	122826	1	861	0.0	1557	125021	861	argannot~~~(Bla)blaSHV-89~~~DQ193536:1-861~~~ (Bla)blaSHV-89
contig_4	argannot~~~(Bla)blaSHV-85~~~DQ322460:16-876~~~	99.303	861	6	0	121966	122826	1	861	0.0	1557	125021	861	argannot~~~(Bla)blaSHV-85~~~DQ322460:16-876~~~ (Bla)blaSHV-85
contig_4	argannot~~~(Bla)blaSHV-82~~~AM176557:1-861~~~	99.303	861	6	0	121966	122826	1	861	0.0	1557	125021	861	argannot~~~(Bla)blaSHV-82~~~AM176557:1-861~~~ (Bla)blaSHV-82
contig_4	argannot~~~(Bla)blaSHV-81~~~AM176556:26-886~~~	99.303	861	6	0	121966	122826	1	861	0.0	1557	125021	861	argannot~~~(Bla)blaSHV-81~~~AM176556:26-886~~~ (Bla)blaSHV-81
contig_4	argannot~~~(Bla)blaSHV-8~~~U92041:1-861~~~	99.303	861	6	0	121966	122826	1	861	0.0	1557	125021	861	argannot~~~(Bla)blaSHV-8~~~U92041:1-861~~~ (Bla)blaSHV-8
contig_4	argannot~~~(Bla)blaSHV-79~~~AM176554:31-891~~~	99.303	861	6	0	121966	122826	1	861	0.0	1557	125021	861	argannot~~~(Bla)blaSHV-79~~~AM176554:31-891~~~ (Bla)blaSHV-79
contig_4	argannot~~~(Bla)blaSHV-77~~~AM176552:31-891~~~	99.303	861	6	0	121966	122826	1	861	0.0	1557	125021	861	argannot~~~(Bla)blaSHV-77~~~AM176552:31-891~~~ (Bla)blaSHV-77
contig_4	argannot~~~(Bla)blaSHV-7~~~U20270:125-985~~~	99.303	861	6	0	121966	122826	1	861	0.0	1557	125021	861	argannot~~~(Bla)blaSHV-7~~~U20270:125-985~~~ (Bla)blaSHV-7
contig_4	argannot~~~(Bla)blaSHV-65~~~DQ174305:5-865~~~	99.303	861	6	0	121966	122826	1	861	0.0	1557	125021	861	argannot~~~(Bla)blaSHV-65~~~DQ174305:5-865~~~ (Bla)blaSHV-65
contig_4	argannot~~~(Bla)blaSHV-57~~~AY223863:171-1031~~~	99.303	861	6	0	121966	122826	1	861	0.0	1557	125021	861	argannot~~~(Bla)blaSHV-57~~~AY223863:171-1031~~~ (Bla)blaSHV-57
contig_4	argannot~~~(Bla)blaSHV-50~~~AY288915:1-861~~~	99.303	861	6	0	121966	122826	1	861	0.0	1557	125021	861	argannot~~~(Bla)blaSHV-50~~~AY288915:1-861~~~ (Bla)blaSHV-50
contig_4	argannot~~~(Bla)blaSHV-49~~~AY528718:414-1274~~~	99.303	861	6	0	121966	122826	1	861	0.0	1557	125021	861	argannot~~~(Bla)blaSHV-49~~~AY528718:414-1274~~~ (Bla)blaSHV-49
contig_4	argannot~~~(Bla)blaSHV-40~~~AF535128:1-861~~~	99.303	861	6	0	121966	122826	1	861	0.0	1557	125021	861	argannot~~~(Bla)blaSHV-40~~~AF535128:1-861~~~ (Bla)blaSHV-40
contig_4	argannot~~~(Bla)blaSHV-35~~~AY070258:1-861~~~	99.303	861	6	0	121966	122826	1	861	0.0	1557	125021	861	argannot~~~(Bla)blaSHV-35~~~AY070258:1-861~~~ (Bla)blaSHV-35
contig_4	argannot~~~(Bla)blaSHV-27~~~FJ685656:1-861~~~	99.303	861	6	0	121966	122826	1	861	0.0	1557	125021	861	argannot~~~(Bla)blaSHV-27~~~FJ685656:1-861~~~ (Bla)blaSHV-27
contig_4	argannot~~~(Bla)blaSHV-24~~~AB023477:1-861~~~	99.303	861	6	0	121966	122826	1	861	0.0	1557	125021	861	argannot~~~(Bla)blaSHV-24~~~AB023477:1-861~~~ (Bla)blaSHV-24
contig_4	argannot~~~(Bla)blaSHV-186~~~KM233165:1-861~~~	99.303	861	6	0	121966	122826	1	861	0.0	1557	125021	861	argannot~~~(Bla)blaSHV-186~~~KM233165:1-861~~~ (Bla)blaSHV-186
contig_4	argannot~~~(Bla)blaSHV-182~~~KP050489:1-861~~~	99.303	861	6	0	121966	122826	1	861	0.0	1557	125021	861	argannot~~~(Bla)blaSHV-182~~~KP050489:1-861~~~ (Bla)blaSHV-182
contig_4	argannot~~~(Bla)blaSHV-181~~~KP050488:1-861~~~	99.303	861	6	0	121966	122826	1	861	0.0	1557	125021	861	argannot~~~(Bla)blaSHV-181~~~KP050488:1-861~~~ (Bla)blaSHV-181
contig_4	argannot~~~(Bla)blaSHV-156~~~JX121123:1-861~~~	99.303	861	6	0	121966	122826	1	861	0.0	1557	125021	861	argannot~~~(Bla)blaSHV-156~~~JX121123:1-861~~~ (Bla)blaSHV-156
contig_4	argannot~~~(Bla)blaSHV-153~~~JX121120:1-858~~~	99.417	858	5	0	121966	122823	1	858	0.0	1557	125021	858	argannot~~~(Bla)blaSHV-153~~~JX121120:1-858~~~ (Bla)blaSHV-153
contig_4	argannot~~~(Bla)blaSHV-152~~~JX121119:1-858~~~	99.417	858	5	0	121966	122823	1	858	0.0	1557	125021	858	argannot~~~(Bla)blaSHV-152~~~JX121119:1-858~~~ (Bla)blaSHV-152
contig_4	argannot~~~(Bla)blaSHV-144~~~JQ926986:1-861~~~	99.303	861	6	0	121966	122826	1	861	0.0	1557	125021	861	argannot~~~(Bla)blaSHV-144~~~JQ926986:1-861~~~ (Bla)blaSHV-144
contig_4	argannot~~~(Bla)blaSHV-141~~~JQ388884:1-861~~~	99.303	861	6	0	121966	122826	1	861	0.0	1557	125021	861	argannot~~~(Bla)blaSHV-141~~~JQ388884:1-861~~~ (Bla)blaSHV-141
contig_4	argannot~~~(Bla)blaSHV-133~~~AB551737:15-875~~~	99.303	861	6	0	121966	122826	1	861	0.0	1557	125021	861	argannot~~~(Bla)blaSHV-133~~~AB551737:15-875~~~ (Bla)blaSHV-133
contig_4	argannot~~~(Bla)blaSHV-121~~~AB538449:1-861~~~	99.303	861	6	0	121966	122826	1	861	0.0	1557	125021	861	argannot~~~(Bla)blaSHV-121~~~AB538449:1-861~~~ (Bla)blaSHV-121
contig_4	argannot~~~(Bla)blaSHV-110~~~HQ877614:1-861~~~	99.303	861	6	0	121966	122826	1	861	0.0	1557	125021	861	argannot~~~(Bla)blaSHV-110~~~HQ877614:1-861~~~ (Bla)blaSHV-110
contig_4	argannot~~~(Bla)blaSHV-109~~~EU418913:17-877~~~	99.303	861	6	0	121966	122826	1	861	0.0	1557	125021	861	argannot~~~(Bla)blaSHV-109~~~EU418913:17-877~~~ (Bla)blaSHV-109
contig_4	argannot~~~(Bla)blaSHV-103~~~EU032604:1-861~~~	99.303	861	6	0	121966	122826	1	861	0.0	1557	125021	861	argannot~~~(Bla)blaSHV-103~~~EU032604:1-861~~~ (Bla)blaSHV-103
contig_4	argannot~~~(Bla)blaSHV-95~~~EF373972:1-861~~~	99.187	861	7	0	121966	122826	1	861	0.0	1552	125021	861	argannot~~~(Bla)blaSHV-95~~~EF373972:1-861~~~ (Bla)blaSHV-95
contig_4	argannot~~~(Bla)blaSHV-93~~~EF373969:1-861~~~	99.187	861	7	0	121966	122826	1	861	0.0	1552	125021	861	argannot~~~(Bla)blaSHV-93~~~EF373969:1-861~~~ (Bla)blaSHV-93
contig_4	argannot~~~(Bla)blaSHV-75~~~AM176550:31-891~~~	99.187	861	7	0	121966	122826	1	861	0.0	1552	125021	861	argannot~~~(Bla)blaSHV-75~~~AM176550:31-891~~~ (Bla)blaSHV-75
contig_4	argannot~~~(Bla)blaSHV-63~~~EU342351:173-1033~~~	99.187	861	7	0	121966	122826	1	861	0.0	1552	125021	861	argannot~~~(Bla)blaSHV-63~~~EU342351:173-1033~~~ (Bla)blaSHV-63
contig_4	argannot~~~(Bla)blaSHV-48~~~AY263404:1-861~~~	99.187	861	7	0	121966	122826	1	861	0.0	1552	125021	861	argannot~~~(Bla)blaSHV-48~~~AY263404:1-861~~~ (Bla)blaSHV-48
contig_4	argannot~~~(Bla)blaSHV-44~~~AY259119:117-977~~~	99.187	861	7	0	121966	122826	1	861	0.0	1552	125021	861	argannot~~~(Bla)blaSHV-44~~~AY259119:117-977~~~ (Bla)blaSHV-44
contig_4	argannot~~~(Bla)blaSHV-42~~~AF535130:1-861~~~	99.187	861	7	0	121966	122826	1	861	0.0	1552	125021	861	argannot~~~(Bla)blaSHV-42~~~AF535130:1-861~~~ (Bla)blaSHV-42
contig_4	argannot~~~(Bla)blaSHV-41~~~AF535129:1-861~~~	99.187	861	7	0	121966	122826	1	861	0.0	1552	125021	861	argannot~~~(Bla)blaSHV-41~~~AF535129:1-861~~~ (Bla)blaSHV-41
contig_4	argannot~~~(Bla)blaSHV-38~~~GQ407124:1-861~~~	99.187	861	7	0	121966	122826	1	861	0.0	1552	125021	861	argannot~~~(Bla)blaSHV-38~~~GQ407124:1-861~~~ (Bla)blaSHV-38
contig_4	argannot~~~(Bla)blaSHV-33~~~AY037779:89-949~~~	99.187	861	7	0	121966	122826	1	861	0.0	1552	125021	861	argannot~~~(Bla)blaSHV-33~~~AY037779:89-949~~~ (Bla)blaSHV-33
contig_4	argannot~~~(Bla)blaSHV-32~~~AY037778:92-952~~~	99.187	861	7	0	121966	122826	1	861	0.0	1552	125021	861	argannot~~~(Bla)blaSHV-32~~~AY037778:92-952~~~ (Bla)blaSHV-32
contig_4	argannot~~~(Bla)blaSHV-30~~~AY661885:49-909~~~	99.187	861	7	0	121966	122826	1	861	0.0	1552	125021	861	argannot~~~(Bla)blaSHV-30~~~AY661885:49-909~~~ (Bla)blaSHV-30
contig_4	argannot~~~(Bla)blaSHV-189~~~KP050494:1-861~~~	99.187	861	7	0	121966	122826	1	861	0.0	1552	125021	861	argannot~~~(Bla)blaSHV-189~~~KP050494:1-861~~~ (Bla)blaSHV-189
contig_4	argannot~~~(Bla)blaSHV-159~~~JX121126:1-858~~~	99.301	858	6	0	121966	122823	1	858	0.0	1552	125021	858	argannot~~~(Bla)blaSHV-159~~~JX121126:1-858~~~ (Bla)blaSHV-159
contig_4	argannot~~~(Bla)blaSHV-158~~~JX121125:1-858~~~	99.301	858	6	0	121966	122823	1	858	0.0	1552	125021	858	argannot~~~(Bla)blaSHV-158~~~JX121125:1-858~~~ (Bla)blaSHV-158
contig_4	argannot~~~(Bla)blaSHV-157~~~JX121124:1-861~~~	99.187	861	7	0	121966	122826	1	861	0.0	1552	125021	861	argannot~~~(Bla)blaSHV-157~~~JX121124:1-861~~~ (Bla)blaSHV-157
contig_4	argannot~~~(Bla)blaSHV-150~~~JX121117:1-858~~~	99.301	858	6	0	121966	122823	1	858	0.0	1552	125021	858	argannot~~~(Bla)blaSHV-150~~~JX121117:1-858~~~ (Bla)blaSHV-150
contig_4	argannot~~~(Bla)blaSHV-147~~~JX121114:1-858~~~	99.301	858	6	0	121966	122823	1	858	0.0	1552	125021	858	argannot~~~(Bla)blaSHV-147~~~JX121114:1-858~~~ (Bla)blaSHV-147
contig_4	argannot~~~(Bla)blaSHV-143~~~JQ341060:882-1742~~~	99.187	861	7	0	121966	122826	1	861	0.0	1552	125021	861	argannot~~~(Bla)blaSHV-143~~~JQ341060:882-1742~~~ (Bla)blaSHV-143
contig_4	argannot~~~(Bla)blaSHV-14~~~AF226622:55-915~~~	99.187	861	7	0	121966	122826	1	861	0.0	1552	125021	861	argannot~~~(Bla)blaSHV-14~~~AF226622:55-915~~~ (Bla)blaSHV-14
contig_4	argannot~~~(Bla)blaSHV-132~~~GU981741:794-1654~~~	99.187	861	7	0	121966	122826	1	861	0.0	1552	125021	861	argannot~~~(Bla)blaSHV-132~~~GU981741:794-1654~~~ (Bla)blaSHV-132
contig_4	argannot~~~(Bla)blaSHV-108~~~AM941849:1-861~~~	99.187	861	7	0	121966	122826	1	861	0.0	1552	125021	861	argannot~~~(Bla)blaSHV-108~~~AM941849:1-861~~~ (Bla)blaSHV-108
contig_4	argannot~~~(Bla)blaSHV-105~~~FJ194944:47-907~~~	99.187	861	7	0	121966	122826	1	861	0.0	1552	125021	861	argannot~~~(Bla)blaSHV-105~~~FJ194944:47-907~~~ (Bla)blaSHV-105
contig_4	argannot~~~(Bla)blaSHV-102~~~EU024485:1-861~~~	99.187	861	7	0	121966	122826	1	861	0.0	1552	125021	861	argannot~~~(Bla)blaSHV-102~~~EU024485:1-861~~~ (Bla)blaSHV-102
contig_4	argannot~~~(Bla)blaSHV-101~~~EU155018:1-861~~~	99.187	861	7	0	121966	122826	1	861	0.0	1552	125021	861	argannot~~~(Bla)blaSHV-101~~~EU155018:1-861~~~ (Bla)blaSHV-101
contig_4	argannot~~~(Bla)blaSHV-163~~~JX121130:1-858~~~	99.299	856	6	0	121966	122821	1	856	0.0	1548	125021	858	argannot~~~(Bla)blaSHV-163~~~JX121130:1-858~~~ (Bla)blaSHV-163
contig_4	argannot~~~(Bla)blaSHV-99~~~AM922305:1-861~~~	99.071	861	8	0	121966	122826	1	861	0.0	1546	125021	861	argannot~~~(Bla)blaSHV-99~~~AM922305:1-861~~~ (Bla)blaSHV-99
contig_4	argannot~~~(Bla)blaSHV-76~~~AM176551:31-891~~~	99.071	861	8	0	121966	122826	1	861	0.0	1546	125021	861	argannot~~~(Bla)blaSHV-76~~~AM176551:31-891~~~ (Bla)blaSHV-76
contig_4	argannot~~~(Bla)blaSHV-71~~~AM176546:1-861~~~	99.071	861	8	0	121966	122826	1	861	0.0	1546	125021	861	argannot~~~(Bla)blaSHV-71~~~AM176546:1-861~~~ (Bla)blaSHV-71
contig_4	argannot~~~(Bla)blaSHV-59~~~AY790341:1-861~~~	99.071	861	8	0	121966	122826	1	861	0.0	1546	125021	861	argannot~~~(Bla)blaSHV-59~~~AY790341:1-861~~~ (Bla)blaSHV-59
contig_4	argannot~~~(Bla)blaSHV-37~~~AF467948:1-861~~~	99.071	861	8	0	121966	122826	1	861	0.0	1546	125021	861	argannot~~~(Bla)blaSHV-37~~~AF467948:1-861~~~ (Bla)blaSHV-37
contig_4	argannot~~~(Bla)blaSHV-34~~~AY036620:89-949~~~	99.071	861	8	0	121966	122826	1	861	0.0	1546	125021	861	argannot~~~(Bla)blaSHV-34~~~AY036620:89-949~~~ (Bla)blaSHV-34
contig_4	argannot~~~(Bla)blaSHV-29~~~AF301532:8-868~~~	99.071	861	8	0	121966	122826	1	861	0.0	1546	125021	861	argannot~~~(Bla)blaSHV-29~~~AF301532:8-868~~~ (Bla)blaSHV-29
contig_4	argannot~~~(Bla)blaSHV-28~~~EU441172:57-917~~~	99.071	861	8	0	121966	122826	1	861	0.0	1546	125021	861	argannot~~~(Bla)blaSHV-28~~~EU441172:57-917~~~ (Bla)blaSHV-28
contig_4	argannot~~~(Bla)blaSHV-191~~~KP868754:1-861~~~	99.071	861	8	0	121966	122826	1	861	0.0	1546	125021	861	argannot~~~(Bla)blaSHV-191~~~KP868754:1-861~~~ (Bla)blaSHV-191
contig_4	argannot~~~(Bla)blaSHV-18~~~EU684753:1-861~~~	99.071	861	8	0	121966	122826	1	861	0.0	1546	125021	861	argannot~~~(Bla)blaSHV-18~~~EU684753:1-861~~~ (Bla)blaSHV-18
contig_4	argannot~~~(Bla)blaSHV-151~~~JX121118:1-858~~~	99.184	858	7	0	121966	122823	1	858	0.0	1546	125021	858	argannot~~~(Bla)blaSHV-151~~~JX121118:1-858~~~ (Bla)blaSHV-151
contig_4	argannot~~~(Bla)blaSHV-149~~~JX121116:1-858~~~	99.184	858	7	0	121966	122823	1	858	0.0	1546	125021	858	argannot~~~(Bla)blaSHV-149~~~JX121116:1-858~~~ (Bla)blaSHV-149
contig_4	argannot~~~(Bla)blaSHV-137~~~HQ661363:72-932~~~	99.071	861	8	0	121966	122826	1	861	0.0	1546	125021	861	argannot~~~(Bla)blaSHV-137~~~HQ661363:72-932~~~ (Bla)blaSHV-137
contig_4	argannot~~~(Bla)blaSHV-106~~~AM941847:1-861~~~	99.071	861	8	0	121966	122826	1	861	0.0	1546	125021	861	argannot~~~(Bla)blaSHV-106~~~AM941847:1-861~~~ (Bla)blaSHV-106
contig_4	argannot~~~(Bla)blaSHV-140~~~JN051143:1-861~~~	99.069	859	8	0	121968	122826	3	861	0.0	1543	125021	861	argannot~~~(Bla)blaSHV-140~~~JN051143:1-861~~~ (Bla)blaSHV-140
contig_4	argannot~~~(Bla)blaSHV-92~~~DQ836922:1-861~~~	98.955	861	9	0	121966	122826	1	861	0.0	1541	125021	861	argannot~~~(Bla)blaSHV-92~~~DQ836922:1-861~~~ (Bla)blaSHV-92
contig_4	argannot~~~(Bla)blaSHV-72~~~AM176547:31-891~~~	98.955	861	9	0	121966	122826	1	861	0.0	1541	125021	861	argannot~~~(Bla)blaSHV-72~~~AM176547:31-891~~~ (Bla)blaSHV-72
contig_4	argannot~~~(Bla)blaSHV-51~~~AY289548:1-861~~~	98.955	861	9	0	121966	122826	1	861	0.0	1541	125021	861	argannot~~~(Bla)blaSHV-51~~~AY289548:1-861~~~ (Bla)blaSHV-51
contig_4	argannot~~~(Bla)blaSHV-168~~~JX870080:1-861~~~	98.955	861	9	0	121966	122826	1	861	0.0	1541	125021	861	argannot~~~(Bla)blaSHV-168~~~JX870080:1-861~~~ (Bla)blaSHV-168
contig_4	argannot~~~(Bla)blaSHV-162~~~JX121129:1-858~~~	99.068	858	8	0	121966	122823	1	858	0.0	1541	125021	858	argannot~~~(Bla)blaSHV-162~~~JX121129:1-858~~~ (Bla)blaSHV-162
contig_4	argannot~~~(Bla)blaSHV-52~~~HQ845196:1-861~~~	98.839	861	10	0	121966	122826	1	861	0.0	1535	125021	861	argannot~~~(Bla)blaSHV-52~~~HQ845196:1-861~~~ (Bla)blaSHV-52
contig_4	argannot~~~(Bla)blaSHV-190~~~KP868753:1-861~~~	98.839	861	10	0	121966	122826	1	861	0.0	1535	125021	861	argannot~~~(Bla)blaSHV-190~~~KP868753:1-861~~~ (Bla)blaSHV-190
contig_4	argannot~~~(Bla)blaSHV-188~~~LN515534:1-873~~~	98.511	873	7	1	121960	122826	1	873	0.0	1535	125021	873	argannot~~~(Bla)blaSHV-188~~~LN515534:1-873~~~ (Bla)blaSHV-188
contig_4	argannot~~~(Bla)blaSHV-43~~~AY065991:7-867~~~	98.722	861	11	0	121966	122826	1	861	0.0	1530	125021	861	argannot~~~(Bla)blaSHV-43~~~AY065991:7-867~~~ (Bla)blaSHV-43
contig_4	argannot~~~(Bla)blaSHV-73~~~AM176548:17-874~~~	98.945	853	9	0	121974	122826	6	858	0.0	1526	125021	858	argannot~~~(Bla)blaSHV-73~~~AM176548:17-874~~~ (Bla)blaSHV-73
contig_4	argannot~~~(Bla)blaSHV-167~~~AB733453:4-849~~~	98.936	846	9	0	121966	122811	1	846	0.0	1513	125021	846	argannot~~~(Bla)blaSHV-167~~~AB733453:4-849~~~ (Bla)blaSHV-167
contig_4	argannot~~~(Bla)blaSHV-62~~~AJ866285:1-832~~~	99.164	837	7	0	121966	122802	1	837	0.0	1507	125021	837	argannot~~~(Bla)blaSHV-62~~~AJ866285:1-832~~~ (Bla)blaSHV-62
contig_4	argannot~~~(Bla)blaSHV-84~~~AM087453:26-856~~~	99.158	831	7	0	121966	122796	1	831	0.0	1496	125021	831	argannot~~~(Bla)blaSHV-84~~~AM087453:26-856~~~ (Bla)blaSHV-84
contig_4	argannot~~~(Bla)blaSHV-16~~~AF072684:118-993~~~	97.491	877	5	3	121966	122826	1	876	0.0	1482	125021	876	argannot~~~(Bla)blaSHV-16~~~AF072684:118-993~~~ (Bla)blaSHV-16
contig_4	argannot~~~(Bla)blaSHV-6~~~Y11069:1-780~~~	99.231	780	6	0	121996	122775	1	780	0.0	1408	125021	780	argannot~~~(Bla)blaSHV-6~~~Y11069:1-780~~~ (Bla)blaSHV-6
contig_4	argannot~~~(Bla)blaSHV-100~~~AM922306:1-900~~~	99.091	770	7	0	122057	122826	131	900	0.0	1384	125021	900	argannot~~~(Bla)blaSHV-100~~~AM922306:1-900~~~ (Bla)blaSHV-100
contig_4	argannot~~~(Bla)blaSHV-100~~~AM922306:1-900~~~	98.496	133	2	0	121966	122098	1	133	2.84e-60	235	125021	900	argannot~~~(Bla)blaSHV-100~~~AM922306:1-900~~~ (Bla)blaSHV-100
contig_4	argannot~~~(Bla)blaSHV-53~~~AY590467:1-729~~~	99.451	729	4	0	121986	122714	1	729	0.0	1325	125021	729	argannot~~~(Bla)blaSHV-53~~~AY590467:1-729~~~ (Bla)blaSHV-53
contig_4	argannot~~~(Bla)blaSHV-55~~~HQ877613:1-715~~~	99.440	714	4	0	121966	122679	1	714	0.0	1297	125021	715	argannot~~~(Bla)blaSHV-55~~~HQ877613:1-715~~~ (Bla)blaSHV-55
contig_4	argannot~~~(Bla)blaSHV-45~~~HQ877612:1-715~~~	99.440	714	4	0	121966	122679	1	714	0.0	1297	125021	715	argannot~~~(Bla)blaSHV-45~~~HQ877612:1-715~~~ (Bla)blaSHV-45
contig_4	argannot~~~(Bla)blaLEN-24~~~AM850914:31-891~~~	90.695	892	81	2	121936	122826	1	891	0.0	1186	125021	891	argannot~~~(Bla)blaLEN-24~~~AM850914:31-891~~~ (Bla)blaLEN-24
contig_4	argannot~~~(Bla)blaLEN-17~~~DQ149134:1-861~~~	91.067	862	75	2	121966	122826	1	861	0.0	1164	125021	861	argannot~~~(Bla)blaLEN-17~~~DQ149134:1-861~~~ (Bla)blaLEN-17
contig_4	argannot~~~(Bla)blaLEN-36~~~KR738738:1-861~~~	90.951	862	76	2	121966	122826	1	861	0.0	1158	125021	861	argannot~~~(Bla)blaLEN-36~~~KR738738:1-861~~~ (Bla)blaLEN-36
contig_4	argannot~~~(Bla)blaLEN-22~~~AM850912:1-861~~~	90.951	862	76	2	121966	122826	1	861	0.0	1158	125021	861	argannot~~~(Bla)blaLEN-22~~~AM850912:1-861~~~ (Bla)blaLEN-22
contig_4	argannot~~~(Bla)blaLEN-2~~~AY037780:89-949~~~	90.951	862	76	2	121966	122826	1	861	0.0	1158	125021	861	argannot~~~(Bla)blaLEN-2~~~AY037780:89-949~~~ (Bla)blaLEN-2
contig_4	argannot~~~(Bla)blaLEN-19~~~AM850909:1-861~~~	90.951	862	76	2	121966	122826	1	861	0.0	1158	125021	861	argannot~~~(Bla)blaLEN-19~~~AM850909:1-861~~~ (Bla)blaLEN-19
contig_4	argannot~~~(Bla)blaLEN-5~~~AY633109:1-861~~~	90.835	862	77	2	121966	122826	1	861	0.0	1153	125021	861	argannot~~~(Bla)blaLEN-5~~~AY633109:1-861~~~ (Bla)blaLEN-5
contig_4	argannot~~~(Bla)blaLEN-21~~~AM850911:1-861~~~	90.835	862	77	2	121966	122826	1	861	0.0	1153	125021	861	argannot~~~(Bla)blaLEN-21~~~AM850911:1-861~~~ (Bla)blaLEN-21
contig_4	argannot~~~(Bla)blaLEN-20~~~AM850910:1-861~~~	90.835	862	77	2	121966	122826	1	861	0.0	1153	125021	861	argannot~~~(Bla)blaLEN-20~~~AM850910:1-861~~~ (Bla)blaLEN-20
contig_4	argannot~~~(Bla)blaLEN-18~~~AM850908:1-861~~~	90.719	862	78	2	121966	122826	1	861	0.0	1147	125021	861	argannot~~~(Bla)blaLEN-18~~~AM850908:1-861~~~ (Bla)blaLEN-18
contig_4	argannot~~~(Bla)blaLEN-16~~~AY743416:68-928~~~	90.719	862	78	2	121966	122826	1	861	0.0	1147	125021	861	argannot~~~(Bla)blaLEN-16~~~AY743416:68-928~~~ (Bla)blaLEN-16
contig_4	argannot~~~(Bla)blaLEN-35~~~KR738737:1-861~~~	90.614	863	77	4	121966	122826	1	861	0.0	1142	125021	861	argannot~~~(Bla)blaLEN-35~~~KR738737:1-861~~~ (Bla)blaLEN-35
contig_4	argannot~~~(Bla)blaLEN-26~~~JX124390:1-861~~~	90.487	862	80	2	121966	122826	1	861	0.0	1136	125021	861	argannot~~~(Bla)blaLEN-26~~~JX124390:1-861~~~ (Bla)blaLEN-26
contig_4	argannot~~~(Bla)blaLEN-25~~~HQ709169:1-861~~~	90.487	862	80	2	121966	122826	1	861	0.0	1136	125021	861	argannot~~~(Bla)blaLEN-25~~~HQ709169:1-861~~~ (Bla)blaLEN-25
contig_4	argannot~~~(Bla)blaLEN-23~~~AM850913:1-861~~~	90.487	862	80	2	121966	122826	1	861	0.0	1136	125021	861	argannot~~~(Bla)blaLEN-23~~~AM850913:1-861~~~ (Bla)blaLEN-23
contig_4	argannot~~~(Bla)blaLEN-37~~~KR738739:1-861~~~	90.371	862	81	2	121966	122826	1	861	0.0	1131	125021	861	argannot~~~(Bla)blaLEN-37~~~KR738739:1-861~~~ (Bla)blaLEN-37
contig_4	argannot~~~(Bla)blaLEN-15~~~AF452105:1-840~~~	90.499	842	77	3	121966	122806	1	840	0.0	1109	125021	840	argannot~~~(Bla)blaLEN-15~~~AF452105:1-840~~~ (Bla)blaLEN-15
contig_4	argannot~~~(Bla)blaLEN-4~~~AY130287:1-823~~~	90.876	822	73	2	121988	122808	3	823	0.0	1101	125021	823	argannot~~~(Bla)blaLEN-4~~~AY130287:1-823~~~ (Bla)blaLEN-4
contig_4	argannot~~~(Bla)blaLEN-1~~~X04515:286-1125~~~	90.261	842	79	3	121966	122806	1	840	0.0	1098	125021	840	argannot~~~(Bla)blaLEN-1~~~X04515:286-1125~~~ (Bla)blaLEN-1
contig_4	argannot~~~(Bla)blaLEN-3~~~AY130286:1-823~~~	90.754	822	74	2	121988	122808	3	823	0.0	1096	125021	823	argannot~~~(Bla)blaLEN-3~~~AY130286:1-823~~~ (Bla)blaLEN-3
contig_4	argannot~~~(Bla)blaOKP-A-13~~~FJ534513:1-861~~~	88.515	862	97	2	121966	122826	1	861	0.0	1042	125021	861	argannot~~~(Bla)blaOKP-A-13~~~FJ534513:1-861~~~ (Bla)blaOKP-A-13
contig_4	argannot~~~(Bla)blaOKP-A-11~~~AM850915:20-880~~~	88.528	863	95	4	121966	122826	1	861	0.0	1042	125021	861	argannot~~~(Bla)blaOKP-A-11~~~AM850915:20-880~~~ (Bla)blaOKP-A-11
contig_4	argannot~~~(Bla)blaLEN-12~~~AJ635406:1-789~~~	90.506	790	73	2	122002	122790	1	789	0.0	1042	125021	789	argannot~~~(Bla)blaLEN-12~~~AJ635406:1-789~~~ (Bla)blaLEN-12
contig_4	argannot~~~(Bla)blaLEN-11~~~AJ635417:1-789~~~	90.506	790	73	2	122002	122790	1	789	0.0	1042	125021	789	argannot~~~(Bla)blaLEN-11~~~AJ635417:1-789~~~ (Bla)blaLEN-11
contig_4	argannot~~~(Bla)blaLEN-9~~~AJ635423:1-789~~~	90.380	790	74	2	122002	122790	1	789	0.0	1037	125021	789	argannot~~~(Bla)blaLEN-9~~~AJ635423:1-789~~~ (Bla)blaLEN-9
contig_4	argannot~~~(Bla)blaOKP-B-17~~~AM850919:25-885~~~	88.283	862	99	2	121966	122826	1	861	0.0	1031	125021	861	argannot~~~(Bla)blaOKP-B-17~~~AM850919:25-885~~~ (Bla)blaOKP-B-17
contig_4	argannot~~~(Bla)blaOKP-A-16~~~FJ755840:1-861~~~	88.297	863	97	4	121966	122826	1	861	0.0	1031	125021	861	argannot~~~(Bla)blaOKP-A-16~~~FJ755840:1-861~~~ (Bla)blaOKP-A-16
contig_4	argannot~~~(Bla)blaOKP-A-14~~~FJ534512:1-861~~~	88.283	862	99	2	121966	122826	1	861	0.0	1031	125021	861	argannot~~~(Bla)blaOKP-A-14~~~FJ534512:1-861~~~ (Bla)blaOKP-A-14
contig_4	argannot~~~(Bla)blaOKP-A-12~~~AM950916:19-879~~~	88.297	863	97	4	121966	122826	1	861	0.0	1031	125021	861	argannot~~~(Bla)blaOKP-A-12~~~AM950916:19-879~~~ (Bla)blaOKP-A-12
contig_4	argannot~~~(Bla)blaLEN-7~~~AJ635425:1-789~~~	90.253	790	75	2	122002	122790	1	789	0.0	1031	125021	789	argannot~~~(Bla)blaLEN-7~~~AJ635425:1-789~~~ (Bla)blaLEN-7
contig_4	argannot~~~(Bla)blaLEN-13~~~AJ635403:1-789~~~	90.253	790	75	2	122002	122790	1	789	0.0	1031	125021	789	argannot~~~(Bla)blaLEN-13~~~AJ635403:1-789~~~ (Bla)blaLEN-13
contig_4	argannot~~~(Bla)blaOKP-B-4~~~AM051153:1-861~~~	88.269	861	99	2	121966	122825	1	860	0.0	1029	125021	861	argannot~~~(Bla)blaOKP-B-4~~~AM051153:1-861~~~ (Bla)blaOKP-B-4
contig_4	argannot~~~(Bla)blaOKP-A-5~~~AM051143:1-861~~~	88.283	862	97	4	121966	122825	1	860	0.0	1029	125021	861	argannot~~~(Bla)blaOKP-A-5~~~AM051143:1-861~~~ (Bla)blaOKP-A-5
contig_4	argannot~~~(Bla)blaOKP-A-3~~~AM051140:1-861~~~	88.283	862	97	4	121966	122825	1	860	0.0	1029	125021	861	argannot~~~(Bla)blaOKP-A-3~~~AM051140:1-861~~~ (Bla)blaOKP-A-3
contig_4	argannot~~~(Bla)blaOKP-A-1~~~AJ635401:1-861~~~	88.269	861	99	2	121966	122825	1	860	0.0	1029	125021	861	argannot~~~(Bla)blaOKP-A-1~~~AJ635401:1-861~~~ (Bla)blaOKP-A-1
contig_4	argannot~~~(Bla)blaOKP-B-14~~~DQ149136:47-907~~~	88.167	862	100	2	121966	122826	1	861	0.0	1026	125021	861	argannot~~~(Bla)blaOKP-B-14~~~DQ149136:47-907~~~ (Bla)blaOKP-B-14
contig_4	argannot~~~(Bla)blaLEN-10~~~AJ635419:1-789~~~	90.127	790	76	2	122002	122790	1	789	0.0	1026	125021	789	argannot~~~(Bla)blaLEN-10~~~AJ635419:1-789~~~ (Bla)blaLEN-10
contig_4	argannot~~~(Bla)blaOKP-B-3~~~AM051152:1-861~~~	88.153	861	100	2	121966	122825	1	860	0.0	1024	125021	861	argannot~~~(Bla)blaOKP-B-3~~~AM051152:1-861~~~ (Bla)blaOKP-B-3
contig_4	argannot~~~(Bla)blaOKP-A-9~~~AM051148:1-861~~~	88.167	862	98	4	121966	122825	1	860	0.0	1024	125021	861	argannot~~~(Bla)blaOKP-A-9~~~AM051148:1-861~~~ (Bla)blaOKP-A-9
contig_4	argannot~~~(Bla)blaOKP-A-8~~~AM051147:1-861~~~	88.153	861	100	2	121966	122825	1	860	0.0	1024	125021	861	argannot~~~(Bla)blaOKP-A-8~~~AM051147:1-861~~~ (Bla)blaOKP-A-8
contig_4	argannot~~~(Bla)blaOKP-A-4~~~AM051142:1-861~~~	88.153	861	100	2	121966	122825	1	860	0.0	1024	125021	861	argannot~~~(Bla)blaOKP-A-4~~~AM051142:1-861~~~ (Bla)blaOKP-A-4
contig_4	argannot~~~(Bla)blaOKP-A-2~~~AJ635404:1-861~~~	88.153	861	100	2	121966	122825	1	860	0.0	1024	125021	861	argannot~~~(Bla)blaOKP-A-2~~~AJ635404:1-861~~~ (Bla)blaOKP-A-2
contig_4	argannot~~~(Bla)blaOKP-B-6~~~AY850171:1-861~~~	88.051	862	101	2	121966	122826	1	861	0.0	1020	125021	861	argannot~~~(Bla)blaOKP-B-6~~~AY850171:1-861~~~ (Bla)blaOKP-B-6
contig_4	argannot~~~(Bla)blaOKP-B-5~~~AY512506:68-928~~~	88.051	862	101	2	121966	122826	1	861	0.0	1020	125021	861	argannot~~~(Bla)blaOKP-B-5~~~AY512506:68-928~~~ (Bla)blaOKP-B-5
contig_4	argannot~~~(Bla)blaOKP-B-20~~~AM850922:25-885~~~	88.051	862	101	2	121966	122826	1	861	0.0	1020	125021	861	argannot~~~(Bla)blaOKP-B-20~~~AM850922:25-885~~~ (Bla)blaOKP-B-20
contig_4	argannot~~~(Bla)blaOKP-B-13~~~AY825330:1-861~~~	88.051	862	101	2	121966	122826	1	861	0.0	1020	125021	861	argannot~~~(Bla)blaOKP-B-13~~~AY825330:1-861~~~ (Bla)blaOKP-B-13
contig_4	argannot~~~(Bla)blaOKP-B-9~~~AM051159:1-861~~~	88.037	861	101	2	121966	122825	1	860	0.0	1018	125021	861	argannot~~~(Bla)blaOKP-B-9~~~AM051159:1-861~~~ (Bla)blaOKP-B-9
contig_4	argannot~~~(Bla)blaOKP-B-8~~~AM051157:1-861~~~	88.037	861	101	2	121966	122825	1	860	0.0	1018	125021	861	argannot~~~(Bla)blaOKP-B-8~~~AM051157:1-861~~~ (Bla)blaOKP-B-8
contig_4	argannot~~~(Bla)blaOKP-B-2~~~AM051151:1-861~~~	88.037	861	101	2	121966	122825	1	860	0.0	1018	125021	861	argannot~~~(Bla)blaOKP-B-2~~~AM051151:1-861~~~ (Bla)blaOKP-B-2
contig_4	argannot~~~(Bla)blaOKP-A-10~~~AM051149:1-861~~~	88.051	862	99	4	121966	122825	1	860	0.0	1018	125021	861	argannot~~~(Bla)blaOKP-A-10~~~AM051149:1-861~~~ (Bla)blaOKP-A-10
contig_4	argannot~~~(Bla)blaOKP-B-19~~~AM850921:25-885~~~	87.935	862	102	2	121966	122826	1	861	0.0	1014	125021	861	argannot~~~(Bla)blaOKP-B-19~~~AM850921:25-885~~~ (Bla)blaOKP-B-19
contig_4	argannot~~~(Bla)blaLEN-8~~~AJ635424:1-789~~~	89.873	790	78	2	122002	122790	1	789	0.0	1014	125021	789	argannot~~~(Bla)blaLEN-8~~~AJ635424:1-789~~~ (Bla)blaLEN-8
contig_4	argannot~~~(Bla)blaOKP-B-7~~~AM051156:1-861~~~	87.921	861	102	2	121966	122825	1	860	0.0	1013	125021	861	argannot~~~(Bla)blaOKP-B-7~~~AM051156:1-861~~~ (Bla)blaOKP-B-7
contig_4	argannot~~~(Bla)blaOKP-B-1~~~AJ635402:1-861~~~	87.921	861	102	2	121966	122825	1	860	0.0	1013	125021	861	argannot~~~(Bla)blaOKP-B-1~~~AJ635402:1-861~~~ (Bla)blaOKP-B-1
contig_4	argannot~~~(Bla)blaOKP-A-6~~~AM051144:1-861~~~	87.949	863	98	6	121966	122825	1	860	0.0	1013	125021	861	argannot~~~(Bla)blaOKP-A-6~~~AM051144:1-861~~~ (Bla)blaOKP-A-6
contig_4	argannot~~~(Bla)blaOKP-B-11~~~AM051161:1-861~~~	87.819	862	101	4	121966	122825	1	860	0.0	1007	125021	861	argannot~~~(Bla)blaOKP-B-11~~~AM051161:1-861~~~ (Bla)blaOKP-B-11
contig_4	argannot~~~(Bla)blaOKP-B-18~~~AM850920:41-901~~~	87.703	862	104	2	121966	122826	1	861	0.0	1003	125021	861	argannot~~~(Bla)blaOKP-B-18~~~AM850920:41-901~~~ (Bla)blaOKP-B-18
contig_4	argannot~~~(Bla)blaOKP-B-10~~~AM051160:1-861~~~	87.689	861	104	2	121966	122825	1	860	0.0	1002	125021	861	argannot~~~(Bla)blaOKP-B-10~~~AM051160:1-861~~~ (Bla)blaOKP-B-10
contig_4	argannot~~~(Bla)blaOKP-A-7~~~AM051145:1-861~~~	87.703	862	102	4	121966	122825	1	860	0.0	1002	125021	861	argannot~~~(Bla)blaOKP-A-7~~~AM051145:1-861~~~ (Bla)blaOKP-A-7
contig_4	argannot~~~(Bla)blaOKP-A-15~~~FJ755841:1-861~~~	86.775	862	97	11	121966	122826	1	846	0.0	944	125021	846	argannot~~~(Bla)blaOKP-A-15~~~FJ755841:1-861~~~ (Bla)blaOKP-A-15
contig_4	argannot~~~(Bla)blaSHV-122~~~GQ290211:1-515~~~	99.223	515	4	0	122195	122709	1	515	0.0	929	125021	515	argannot~~~(Bla)blaSHV-122~~~GQ290211:1-515~~~ (Bla)blaSHV-122
contig_4	argannot~~~(Bla)blaOKP-B-12~~~AJ635420:1-861~~~	87.595	790	94	4	122003	122790	2	789	0.0	913	125021	789	argannot~~~(Bla)blaOKP-B-12~~~AJ635420:1-861~~~ (Bla)blaOKP-B-12
contig_4	argannot~~~(Bla)blaTEM-215~~~KP050492:1-861~~~	99.780	454	1	0	40504	40957	1	454	0.0	833	125021	861	argannot~~~(Bla)blaTEM-215~~~KP050492:1-861~~~ (Bla)blaTEM-215
contig_4	argannot~~~(Bla)blaTEM-70~~~AF188199:215-1075~~~	100.000	450	0	0	40504	40953	1	450	0.0	832	125021	861	argannot~~~(Bla)blaTEM-70~~~AF188199:215-1075~~~ (Bla)blaTEM-70
contig_4	argannot~~~(Bla)blaTEM-30~~~AJ437107:209-1069~~~	100.000	450	0	0	40504	40953	1	450	0.0	832	125021	861	argannot~~~(Bla)blaTEM-30~~~AJ437107:209-1069~~~ (Bla)blaTEM-30
contig_4	argannot~~~(Bla)blaTEM-28~~~ECU37195:76-936~~~	100.000	450	0	0	40504	40953	1	450	0.0	832	125021	861	argannot~~~(Bla)blaTEM-28~~~ECU37195:76-936~~~ (Bla)blaTEM-28
contig_4	argannot~~~(Bla)blaTEM-220~~~KM998962:1-861~~~	100.000	450	0	0	40504	40953	1	450	0.0	832	125021	861	argannot~~~(Bla)blaTEM-220~~~KM998962:1-861~~~ (Bla)blaTEM-220
contig_4	argannot~~~(Bla)blaTEM-217~~~HG934763:1-861~~~	100.000	450	0	0	40504	40953	1	450	0.0	832	125021	861	argannot~~~(Bla)blaTEM-217~~~HG934763:1-861~~~ (Bla)blaTEM-217
contig_4	argannot~~~(Bla)blaTEM-207~~~KC818234:1-861~~~	100.000	450	0	0	40504	40953	1	450	0.0	832	125021	861	argannot~~~(Bla)blaTEM-207~~~KC818234:1-861~~~ (Bla)blaTEM-207
contig_4	argannot~~~(Bla)blaTEM-198~~~AB700703:162-1022~~~	100.000	450	0	0	40504	40953	1	450	0.0	832	125021	861	argannot~~~(Bla)blaTEM-198~~~AB700703:162-1022~~~ (Bla)blaTEM-198
contig_4	argannot~~~(Bla)blaTEM-186~~~JN227084:309-1169~~~	100.000	450	0	0	40504	40953	1	450	0.0	832	125021	861	argannot~~~(Bla)blaTEM-186~~~JN227084:309-1169~~~ (Bla)blaTEM-186
contig_4	argannot~~~(Bla)blaTEM-176~~~GU550123:145-1005~~~	100.000	450	0	0	40504	40953	1	450	0.0	832	125021	861	argannot~~~(Bla)blaTEM-176~~~GU550123:145-1005~~~ (Bla)blaTEM-176
contig_4	argannot~~~(Bla)blaTEM-148~~~AM087454:209-1069~~~	100.000	450	0	0	40504	40953	1	450	0.0	832	125021	861	argannot~~~(Bla)blaTEM-148~~~AM087454:209-1069~~~ (Bla)blaTEM-148
contig_4	argannot~~~(Bla)blaTEM-144~~~DQ256080:215-1075~~~	100.000	450	0	0	40504	40953	1	450	0.0	832	125021	861	argannot~~~(Bla)blaTEM-144~~~DQ256080:215-1075~~~ (Bla)blaTEM-144
contig_4	argannot~~~(Bla)blaTEM-143~~~DQ075245:218-1078~~~	100.000	450	0	0	40504	40953	1	450	0.0	832	125021	861	argannot~~~(Bla)blaTEM-143~~~DQ075245:218-1078~~~ (Bla)blaTEM-143
contig_4	argannot~~~(Bla)blaTEM-132~~~AY491682:1-861~~~	100.000	450	0	0	40504	40953	1	450	0.0	832	125021	861	argannot~~~(Bla)blaTEM-132~~~AY491682:1-861~~~ (Bla)blaTEM-132
contig_4	argannot~~~(Bla)blaTEM-127~~~AY368236:1-861~~~	100.000	450	0	0	40504	40953	1	450	0.0	832	125021	861	argannot~~~(Bla)blaTEM-127~~~AY368236:1-861~~~ (Bla)blaTEM-127
contig_4	argannot~~~(Bla)blaTEM-126~~~AY628199:204-1064~~~	100.000	450	0	0	40504	40953	1	450	0.0	832	125021	861	argannot~~~(Bla)blaTEM-126~~~AY628199:204-1064~~~ (Bla)blaTEM-126
contig_4	argannot~~~(Bla)blaTEM-104~~~AF516719:215-1075~~~	100.000	450	0	0	40504	40953	1	450	0.0	832	125021	861	argannot~~~(Bla)blaTEM-104~~~AF516719:215-1075~~~ (Bla)blaTEM-104
contig_4	argannot~~~(Bla)blaTEM-1~~~JQ735917:1-861~~~	100.000	450	0	0	40504	40953	1	450	0.0	832	125021	810	argannot~~~(Bla)blaTEM-1~~~JQ735917:1-861~~~ (Bla)blaTEM-1
contig_4	argannot~~~(Bla)blaTEM-95~~~AJ308558:124-1084~~~	99.778	450	1	0	40504	40953	1	450	0.0	826	125021	861	argannot~~~(Bla)blaTEM-95~~~AJ308558:124-1084~~~ (Bla)blaTEM-95
contig_4	argannot~~~(Bla)blaTEM-88~~~AY027590:113-973~~~	99.778	450	1	0	40504	40953	1	450	0.0	826	125021	861	argannot~~~(Bla)blaTEM-88~~~AY027590:113-973~~~ (Bla)blaTEM-88
contig_4	argannot~~~(Bla)blaTEM-79~~~AF190692:209-1069~~~	99.778	450	1	0	40504	40953	1	450	0.0	826	125021	861	argannot~~~(Bla)blaTEM-79~~~AF190692:209-1069~~~ (Bla)blaTEM-79
contig_4	argannot~~~(Bla)blaTEM-77~~~AF190695:209-1069~~~	99.778	450	1	0	40504	40953	1	450	0.0	826	125021	861	argannot~~~(Bla)blaTEM-77~~~AF190695:209-1069~~~ (Bla)blaTEM-77
contig_4	argannot~~~(Bla)blaTEM-76~~~AF190694:209-1069~~~	99.778	450	1	0	40504	40953	1	450	0.0	826	125021	861	argannot~~~(Bla)blaTEM-76~~~AF190694:209-1069~~~ (Bla)blaTEM-76
contig_4	argannot~~~(Bla)blaTEM-68~~~AJ239002:1-861~~~	99.778	450	1	0	40504	40953	1	450	0.0	826	125021	861	argannot~~~(Bla)blaTEM-68~~~AJ239002:1-861~~~ (Bla)blaTEM-68
contig_4	argannot~~~(Bla)blaTEM-55~~~DQ286729:1-861~~~	99.778	450	1	0	40504	40953	1	450	0.0	826	125021	861	argannot~~~(Bla)blaTEM-55~~~DQ286729:1-861~~~ (Bla)blaTEM-55
contig_4	argannot~~~(Bla)blaTEM-47~~~Y10279:1-861~~~	99.778	450	1	0	40504	40953	1	450	0.0	826	125021	861	argannot~~~(Bla)blaTEM-47~~~Y10279:1-861~~~ (Bla)blaTEM-47
contig_4	argannot~~~(Bla)blaTEM-34~~~KC292503:4335-5195~~~	99.778	450	1	0	40504	40953	1	450	0.0	826	125021	861	argannot~~~(Bla)blaTEM-34~~~KC292503:4335-5195~~~ (Bla)blaTEM-34
contig_4	argannot~~~(Bla)blaTEM-33~~~GU371926:50305-51165~~~	99.778	450	1	0	40504	40953	1	450	0.0	826	125021	861	argannot~~~(Bla)blaTEM-33~~~GU371926:50305-51165~~~ (Bla)blaTEM-33
contig_4	argannot~~~(Bla)blaTEM-214~~~KP050491:1-861~~~	99.778	450	1	0	40504	40953	1	450	0.0	826	125021	861	argannot~~~(Bla)blaTEM-214~~~KP050491:1-861~~~ (Bla)blaTEM-214
contig_4	argannot~~~(Bla)blaTEM-208~~~KC865667:184-1044~~~	99.778	450	1	0	40504	40953	1	450	0.0	826	125021	861	argannot~~~(Bla)blaTEM-208~~~KC865667:184-1044~~~ (Bla)blaTEM-208
contig_4	argannot~~~(Bla)blaTEM-206~~~KC783461:1-861~~~	99.778	450	1	0	40504	40953	1	450	0.0	826	125021	861	argannot~~~(Bla)blaTEM-206~~~KC783461:1-861~~~ (Bla)blaTEM-206
contig_4	argannot~~~(Bla)blaTEM-201~~~JX310327:1-861~~~	99.778	450	1	0	40504	40953	1	450	0.0	826	125021	861	argannot~~~(Bla)blaTEM-201~~~JX310327:1-861~~~ (Bla)blaTEM-201
contig_4	argannot~~~(Bla)blaTEM-182~~~HQ317449:1-861~~~	99.778	450	1	0	40504	40953	1	450	0.0	826	125021	861	argannot~~~(Bla)blaTEM-182~~~HQ317449:1-861~~~ (Bla)blaTEM-182
contig_4	argannot~~~(Bla)blaTEM-166~~~FJ197316:1-861~~~	99.778	450	1	0	40504	40953	1	450	0.0	826	125021	861	argannot~~~(Bla)blaTEM-166~~~FJ197316:1-861~~~ (Bla)blaTEM-166
contig_4	argannot~~~(Bla)blaTEM-164~~~EU274580:215-1075~~~	99.778	450	1	0	40504	40953	1	450	0.0	826	125021	861	argannot~~~(Bla)blaTEM-164~~~EU274580:215-1075~~~ (Bla)blaTEM-164
contig_4	argannot~~~(Bla)blaTEM-163~~~EU815939:1-861~~~	99.778	450	1	0	40504	40953	1	450	0.0	826	125021	861	argannot~~~(Bla)blaTEM-163~~~EU815939:1-861~~~ (Bla)blaTEM-163
contig_4	argannot~~~(Bla)blaTEM-158~~~EF534736:214-1074~~~	99.778	450	1	0	40504	40953	1	450	0.0	826	125021	861	argannot~~~(Bla)blaTEM-158~~~EF534736:214-1074~~~ (Bla)blaTEM-158
contig_4	argannot~~~(Bla)blaTEM-15~~~AM849805:263-1123~~~	99.778	450	1	0	40504	40953	1	450	0.0	826	125021	861	argannot~~~(Bla)blaTEM-15~~~AM849805:263-1123~~~ (Bla)blaTEM-15
contig_4	argannot~~~(Bla)blaTEM-147~~~DQ279850:1-861~~~	99.778	450	1	0	40504	40953	1	450	0.0	826	125021	861	argannot~~~(Bla)blaTEM-147~~~DQ279850:1-861~~~ (Bla)blaTEM-147
contig_4	argannot~~~(Bla)blaTEM-136~~~AY826417:1-861~~~	99.778	450	1	0	40504	40953	1	450	0.0	826	125021	861	argannot~~~(Bla)blaTEM-136~~~AY826417:1-861~~~ (Bla)blaTEM-136
contig_4	argannot~~~(Bla)blaTEM-122~~~AY307100:1-861~~~	99.778	450	1	0	40504	40953	1	450	0.0	826	125021	861	argannot~~~(Bla)blaTEM-122~~~AY307100:1-861~~~ (Bla)blaTEM-122
contig_4	argannot~~~(Bla)blaTEM-107~~~AY101764:207-1067~~~	99.778	450	1	0	40504	40953	1	450	0.0	826	125021	861	argannot~~~(Bla)blaTEM-107~~~AY101764:207-1067~~~ (Bla)blaTEM-107
contig_4	argannot~~~(Bla)blaTEM-106~~~AY101578:215-1075~~~	99.778	450	1	0	40504	40953	1	450	0.0	826	125021	861	argannot~~~(Bla)blaTEM-106~~~AY101578:215-1075~~~ (Bla)blaTEM-106
contig_4	argannot~~~(Bla)blaTEM-105~~~AF516720:215-1075~~~	99.778	450	1	0	40504	40953	1	450	0.0	826	125021	861	argannot~~~(Bla)blaTEM-105~~~AF516720:215-1075~~~ (Bla)blaTEM-105
contig_4	argannot~~~(Bla)blaTEM-96~~~AY092401:1-861~~~	99.556	450	2	0	40504	40953	1	450	0.0	821	125021	861	argannot~~~(Bla)blaTEM-96~~~AY092401:1-861~~~ (Bla)blaTEM-96
contig_4	argannot~~~(Bla)blaTEM-91~~~AB049569:1-861~~~	99.556	450	2	0	40504	40953	1	450	0.0	821	125021	861	argannot~~~(Bla)blaTEM-91~~~AB049569:1-861~~~ (Bla)blaTEM-91
contig_4	argannot~~~(Bla)blaTEM-57~~~FJ405211:1-861~~~	99.556	450	2	0	40504	40953	1	450	0.0	821	125021	861	argannot~~~(Bla)blaTEM-57~~~FJ405211:1-861~~~ (Bla)blaTEM-57
contig_4	argannot~~~(Bla)blaTEM-43~~~U95363:1-861~~~	99.556	450	2	0	40504	40953	1	450	0.0	821	125021	861	argannot~~~(Bla)blaTEM-43~~~U95363:1-861~~~ (Bla)blaTEM-43
contig_4	argannot~~~(Bla)blaTEM-219~~~KM114268:1-861~~~	99.556	450	2	0	40504	40953	1	450	0.0	821	125021	861	argannot~~~(Bla)blaTEM-219~~~KM114268:1-861~~~ (Bla)blaTEM-219
contig_4	argannot~~~(Bla)blaTEM-216~~~KF944358:1-861~~~	99.556	450	2	0	40504	40953	1	450	0.0	821	125021	861	argannot~~~(Bla)blaTEM-216~~~KF944358:1-861~~~ (Bla)blaTEM-216
contig_4	argannot~~~(Bla)blaTEM-209~~~KF240808:1-861~~~	99.556	450	2	0	40504	40953	1	450	0.0	821	125021	861	argannot~~~(Bla)blaTEM-209~~~KF240808:1-861~~~ (Bla)blaTEM-209
contig_4	argannot~~~(Bla)blaTEM-20~~~EU527189:4132-4992~~~	99.556	450	2	0	40504	40953	1	450	0.0	821	125021	861	argannot~~~(Bla)blaTEM-20~~~EU527189:4132-4992~~~ (Bla)blaTEM-20
contig_4	argannot~~~(Bla)blaTEM-169~~~FJ873740:1-858~~~	99.556	450	2	0	40504	40953	1	450	0.0	821	125021	858	argannot~~~(Bla)blaTEM-169~~~FJ873740:1-858~~~ (Bla)blaTEM-169
contig_4	argannot~~~(Bla)blaTEM-145~~~DQ105528:1-861~~~	99.556	450	2	0	40504	40953	1	450	0.0	821	125021	861	argannot~~~(Bla)blaTEM-145~~~DQ105528:1-861~~~ (Bla)blaTEM-145
contig_4	argannot~~~(Bla)blaTEM-141~~~AY956335:39-899~~~	99.556	450	2	0	40504	40953	1	450	0.0	821	125021	861	argannot~~~(Bla)blaTEM-141~~~AY956335:39-899~~~ (Bla)blaTEM-141
contig_4	argannot~~~(Bla)blaTEM-135~~~JQ060998:1-861~~~	99.556	450	2	0	40504	40953	1	450	0.0	821	125021	861	argannot~~~(Bla)blaTEM-135~~~JQ060998:1-861~~~ (Bla)blaTEM-135
contig_4	argannot~~~(Bla)blaTEM-124~~~AY327540:1-858~~~	99.556	450	2	0	40504	40953	1	450	0.0	821	125021	858	argannot~~~(Bla)blaTEM-124~~~AY327540:1-858~~~ (Bla)blaTEM-124
contig_4	argannot~~~(Bla)blaTEM-112~~~AY589493:167-1027~~~	99.119	454	4	0	40504	40957	1	454	0.0	817	125021	861	argannot~~~(Bla)blaTEM-112~~~AY589493:167-1027~~~ (Bla)blaTEM-112
contig_4	argannot~~~(Bla)blaTEM-93~~~AJ318093:1-861~~~	99.333	450	3	0	40504	40953	1	450	0.0	815	125021	861	argannot~~~(Bla)blaTEM-93~~~AJ318093:1-861~~~ (Bla)blaTEM-93
contig_4	argannot~~~(Bla)blaTEM-84~~~AF427130:209-1069~~~	99.333	450	3	0	40504	40953	1	450	0.0	815	125021	861	argannot~~~(Bla)blaTEM-84~~~AF427130:209-1069~~~ (Bla)blaTEM-84
contig_4	argannot~~~(Bla)blaTEM-71~~~AF203816:211-1071~~~	99.333	450	3	0	40504	40953	1	450	0.0	815	125021	861	argannot~~~(Bla)blaTEM-71~~~AF203816:211-1071~~~ (Bla)blaTEM-71
contig_4	argannot~~~(Bla)blaTEM-54~~~AF104442:194-1054~~~	99.333	450	3	0	40504	40953	1	450	0.0	815	125021	861	argannot~~~(Bla)blaTEM-54~~~AF104442:194-1054~~~ (Bla)blaTEM-54
contig_4	argannot~~~(Bla)blaTEM-29~~~AJ277416:1-861~~~	99.333	450	3	0	40504	40953	1	450	0.0	815	125021	861	argannot~~~(Bla)blaTEM-29~~~AJ277416:1-861~~~ (Bla)blaTEM-29
contig_4	argannot~~~(Bla)blaTEM-1D~~~AF188200:215-1075~~~	99.333	450	3	0	40504	40953	1	450	0.0	815	125021	861	argannot~~~(Bla)blaTEM-1D~~~AF188200:215-1075~~~ (Bla)blaTEM-1D
contig_4	argannot~~~(Bla)blaTEM-183~~~HQ529916:111-971~~~	99.333	450	3	0	40504	40953	1	450	0.0	815	125021	861	argannot~~~(Bla)blaTEM-183~~~HQ529916:111-971~~~ (Bla)blaTEM-183
contig_4	argannot~~~(Bla)blaTEM-168~~~FJ919776:209-1069~~~	99.333	450	3	0	40504	40953	1	450	0.0	815	125021	861	argannot~~~(Bla)blaTEM-168~~~FJ919776:209-1069~~~ (Bla)blaTEM-168
contig_4	argannot~~~(Bla)blaTEM-156~~~AM115459:209-1069~~~	99.333	450	3	0	40504	40953	1	450	0.0	815	125021	861	argannot~~~(Bla)blaTEM-156~~~AM115459:209-1069~~~ (Bla)blaTEM-156
contig_4	argannot~~~(Bla)blaTEM-153~~~KC149518:1-861~~~	99.333	450	3	0	40504	40953	1	450	0.0	815	125021	861	argannot~~~(Bla)blaTEM-153~~~KC149518:1-861~~~ (Bla)blaTEM-153
contig_4	argannot~~~(Bla)blaTEM-137~~~AM286274:1-861~~~	99.333	450	3	0	40504	40953	1	450	0.0	815	125021	861	argannot~~~(Bla)blaTEM-137~~~AM286274:1-861~~~ (Bla)blaTEM-137
contig_4	argannot~~~(Bla)blaTEM-128~~~AY359287:186-1046~~~	99.333	450	3	0	40504	40953	1	450	0.0	815	125021	861	argannot~~~(Bla)blaTEM-128~~~AY359287:186-1046~~~ (Bla)blaTEM-128
contig_4	argannot~~~(Bla)blaTEM-12~~~M88143:368-1228~~~	99.333	450	3	0	40504	40953	1	450	0.0	815	125021	861	argannot~~~(Bla)blaTEM-12~~~M88143:368-1228~~~ (Bla)blaTEM-12
contig_4	argannot~~~(Bla)blaTEM-109~~~AY628175:211-1071~~~	99.333	450	3	0	40504	40953	1	450	0.0	815	125021	861	argannot~~~(Bla)blaTEM-109~~~AY628175:211-1071~~~ (Bla)blaTEM-109
contig_4	argannot~~~(Bla)blaTEM-10~~~U09188:198-1005~~~	99.333	450	3	0	40504	40953	1	450	0.0	815	125021	808	argannot~~~(Bla)blaTEM-10~~~U09188:198-1005~~~ (Bla)blaTEM-10
contig_4	argannot~~~(Bla)blaTEM-99~~~AF397066:1-861~~~	99.774	442	1	0	40512	40953	9	450	0.0	811	125021	861	argannot~~~(Bla)blaTEM-99~~~AF397066:1-861~~~ (Bla)blaTEM-99
contig_4	argannot~~~(Bla)blaTEM-90~~~AF351241:90-950~~~	99.111	450	4	0	40504	40953	1	450	0.0	809	125021	861	argannot~~~(Bla)blaTEM-90~~~AF351241:90-950~~~ (Bla)blaTEM-90
contig_4	argannot~~~(Bla)blaTEM-86~~~AJ277415:1-861~~~	99.111	450	4	0	40504	40953	1	450	0.0	809	125021	861	argannot~~~(Bla)blaTEM-86~~~AJ277415:1-861~~~ (Bla)blaTEM-86
contig_4	argannot~~~(Bla)blaTEM-85~~~AJ277414:1-861~~~	99.111	450	4	0	40504	40953	1	450	0.0	809	125021	861	argannot~~~(Bla)blaTEM-85~~~AJ277414:1-861~~~ (Bla)blaTEM-85
contig_4	argannot~~~(Bla)blaTEM-83~~~AF427129:209-1069~~~	99.111	450	4	0	40504	40953	1	450	0.0	809	125021	861	argannot~~~(Bla)blaTEM-83~~~AF427129:209-1069~~~ (Bla)blaTEM-83
contig_4	argannot~~~(Bla)blaTEM-82~~~AF427128:209-1069~~~	99.111	450	4	0	40504	40953	1	450	0.0	809	125021	861	argannot~~~(Bla)blaTEM-82~~~AF427128:209-1069~~~ (Bla)blaTEM-82
contig_4	argannot~~~(Bla)blaTEM-78~~~AF190693:209-1069~~~	99.111	450	4	0	40504	40953	1	450	0.0	809	125021	861	argannot~~~(Bla)blaTEM-78~~~AF190693:209-1069~~~ (Bla)blaTEM-78
contig_4	argannot~~~(Bla)blaTEM-72~~~AF157553:148-1008~~~	99.111	450	4	0	40504	40953	1	450	0.0	809	125021	861	argannot~~~(Bla)blaTEM-72~~~AF157553:148-1008~~~ (Bla)blaTEM-72
contig_4	argannot~~~(Bla)blaTEM-6~~~X57972:340-1200~~~	99.111	450	4	0	40504	40953	1	450	0.0	809	125021	861	argannot~~~(Bla)blaTEM-6~~~X57972:340-1200~~~ (Bla)blaTEM-6
contig_4	argannot~~~(Bla)blaTEM-53~~~AF104441:194-1054~~~	99.111	450	4	0	40504	40953	1	450	0.0	809	125021	861	argannot~~~(Bla)blaTEM-53~~~AF104441:194-1054~~~ (Bla)blaTEM-53
contig_4	argannot~~~(Bla)blaTEM-52~~~Y13612:1-861~~~	99.111	450	4	0	40504	40953	1	450	0.0	809	125021	861	argannot~~~(Bla)blaTEM-52~~~Y13612:1-861~~~ (Bla)blaTEM-52
contig_4	argannot~~~(Bla)blaTEM-49~~~Y10281:1-861~~~	99.111	450	4	0	40504	40953	1	450	0.0	809	125021	861	argannot~~~(Bla)blaTEM-49~~~Y10281:1-861~~~ (Bla)blaTEM-49
contig_4	argannot~~~(Bla)blaTEM-48~~~Y10280:1-861~~~	99.111	450	4	0	40504	40953	1	450	0.0	809	125021	861	argannot~~~(Bla)blaTEM-48~~~Y10280:1-861~~~ (Bla)blaTEM-48
contig_4	argannot~~~(Bla)blaTEM-26B~~~L19940:198-1006~~~	99.111	450	4	0	40504	40953	1	450	0.0	809	125021	809	argannot~~~(Bla)blaTEM-26B~~~L19940:198-1006~~~ (Bla)blaTEM-26B
contig_4	argannot~~~(Bla)blaTEM-2~~~AY529705:167-1027~~~	99.111	450	4	0	40504	40953	1	450	0.0	809	125021	861	argannot~~~(Bla)blaTEM-2~~~AY529705:167-1027~~~ (Bla)blaTEM-2
contig_4	argannot~~~(Bla)blaTEM-197~~~HQ877606:1-861~~~	99.111	450	4	0	40504	40953	1	450	0.0	809	125021	861	argannot~~~(Bla)blaTEM-197~~~HQ877606:1-861~~~ (Bla)blaTEM-197
contig_4	argannot~~~(Bla)blaTEM-190~~~JN416112:1-861~~~	99.111	450	4	0	40504	40953	1	450	0.0	809	125021	861	argannot~~~(Bla)blaTEM-190~~~JN416112:1-861~~~ (Bla)blaTEM-190
contig_4	argannot~~~(Bla)blaTEM-189~~~JN254627:1-861~~~	99.111	450	4	0	40504	40953	1	450	0.0	809	125021	861	argannot~~~(Bla)blaTEM-189~~~JN254627:1-861~~~ (Bla)blaTEM-189
contig_4	argannot~~~(Bla)blaTEM-188~~~JN211012:214-1074~~~	99.111	450	4	0	40504	40953	1	450	0.0	809	125021	861	argannot~~~(Bla)blaTEM-188~~~JN211012:214-1074~~~ (Bla)blaTEM-188
contig_4	argannot~~~(Bla)blaTEM-187~~~HM246246:212-1069~~~	99.111	450	4	0	40504	40953	1	450	0.0	809	125021	858	argannot~~~(Bla)blaTEM-187~~~HM246246:212-1069~~~ (Bla)blaTEM-187
contig_4	argannot~~~(Bla)blaTEM-185~~~JF795538:1-861~~~	99.111	450	4	0	40504	40953	1	450	0.0	809	125021	861	argannot~~~(Bla)blaTEM-185~~~JF795538:1-861~~~ (Bla)blaTEM-185
contig_4	argannot~~~(Bla)blaTEM-171~~~GQ149347:5270-6030~~~	99.111	450	4	0	40504	40953	1	450	0.0	809	125021	861	argannot~~~(Bla)blaTEM-171~~~GQ149347:5270-6030~~~ (Bla)blaTEM-171
contig_4	argannot~~~(Bla)blaTEM-155~~~DQ679961:115-975~~~	99.111	450	4	0	40504	40953	1	450	0.0	809	125021	861	argannot~~~(Bla)blaTEM-155~~~DQ679961:115-975~~~ (Bla)blaTEM-155
contig_4	argannot~~~(Bla)blaTEM-154~~~FJ807656:1-861~~~	99.111	450	4	0	40504	40953	1	450	0.0	809	125021	861	argannot~~~(Bla)blaTEM-154~~~FJ807656:1-861~~~ (Bla)blaTEM-154
contig_4	argannot~~~(Bla)blaTEM-152~~~DQ834728:206-1066~~~	99.111	450	4	0	40504	40953	1	450	0.0	809	125021	861	argannot~~~(Bla)blaTEM-152~~~DQ834728:206-1066~~~ (Bla)blaTEM-152
contig_4	argannot~~~(Bla)blaTEM-151~~~DQ834729:206-1066~~~	99.111	450	4	0	40504	40953	1	450	0.0	809	125021	861	argannot~~~(Bla)blaTEM-151~~~DQ834729:206-1066~~~ (Bla)blaTEM-151
contig_4	argannot~~~(Bla)blaTEM-150~~~AM183304:209-1069~~~	99.111	450	4	0	40504	40953	1	450	0.0	809	125021	861	argannot~~~(Bla)blaTEM-150~~~AM183304:209-1069~~~ (Bla)blaTEM-150
contig_4	argannot~~~(Bla)blaTEM-149~~~DQ369751:1-861~~~	99.111	450	4	0	40504	40953	1	450	0.0	809	125021	861	argannot~~~(Bla)blaTEM-149~~~DQ369751:1-861~~~ (Bla)blaTEM-149
contig_4	argannot~~~(Bla)blaTEM-146~~~DQ105529:1-861~~~	99.111	450	4	0	40504	40953	1	450	0.0	809	125021	861	argannot~~~(Bla)blaTEM-146~~~DQ105529:1-861~~~ (Bla)blaTEM-146
contig_4	argannot~~~(Bla)blaTEM-142~~~DQ388882:1-861~~~	99.111	450	4	0	40504	40953	1	450	0.0	809	125021	861	argannot~~~(Bla)blaTEM-142~~~DQ388882:1-861~~~ (Bla)blaTEM-142
contig_4	argannot~~~(Bla)blaTEM-138~~~AY853593:215-1075~~~	99.111	450	4	0	40504	40953	1	450	0.0	809	125021	861	argannot~~~(Bla)blaTEM-138~~~AY853593:215-1075~~~ (Bla)blaTEM-138
contig_4	argannot~~~(Bla)blaTEM-129~~~AY452662:184-1044~~~	99.111	450	4	0	40504	40953	1	450	0.0	809	125021	861	argannot~~~(Bla)blaTEM-129~~~AY452662:184-1044~~~ (Bla)blaTEM-129
contig_4	argannot~~~(Bla)blaTEM-120~~~AY243512:209-1069~~~	99.111	450	4	0	40504	40953	1	450	0.0	809	125021	861	argannot~~~(Bla)blaTEM-120~~~AY243512:209-1069~~~ (Bla)blaTEM-120
contig_4	argannot~~~(Bla)blaTEM-116~~~AY425988:6-866~~~	99.111	450	4	0	40504	40953	1	450	0.0	809	125021	861	argannot~~~(Bla)blaTEM-116~~~AY425988:6-866~~~ (Bla)blaTEM-116
contig_4	argannot~~~(Bla)blaTEM-115~~~AF535127:209-1069~~~	99.111	450	4	0	40504	40953	1	450	0.0	809	125021	861	argannot~~~(Bla)blaTEM-115~~~AF535127:209-1069~~~ (Bla)blaTEM-115
contig_4	argannot~~~(Bla)blaTEM-114~~~AY589495:182-1042~~~	99.111	450	4	0	40504	40953	1	450	0.0	809	125021	861	argannot~~~(Bla)blaTEM-114~~~AY589495:182-1042~~~ (Bla)blaTEM-114
contig_4	argannot~~~(Bla)blaTEM-111~~~AF468003:1-861~~~	99.111	450	4	0	40504	40953	1	450	0.0	809	125021	861	argannot~~~(Bla)blaTEM-111~~~AF468003:1-861~~~ (Bla)blaTEM-111
contig_4	argannot~~~(Bla)blaTEM-11~~~AY874537:178-1038~~~	99.111	450	4	0	40504	40953	1	450	0.0	809	125021	861	argannot~~~(Bla)blaTEM-11~~~AY874537:178-1038~~~ (Bla)blaTEM-11
contig_4	argannot~~~(Bla)blaTEM-101~~~AF495873:1-861~~~	99.111	450	4	0	40504	40953	1	450	0.0	809	125021	861	argannot~~~(Bla)blaTEM-101~~~AF495873:1-861~~~ (Bla)blaTEM-101
contig_4	argannot~~~(Bla)blaTEM-108~~~AF506748:39-899~~~	99.548	442	2	0	40512	40953	9	450	0.0	806	125021	861	argannot~~~(Bla)blaTEM-108~~~AF506748:39-899~~~ (Bla)blaTEM-108
contig_4	argannot~~~(Bla)blaTEM-94~~~AJ318094:1-861~~~	98.889	450	5	0	40504	40953	1	450	0.0	804	125021	861	argannot~~~(Bla)blaTEM-94~~~AJ318094:1-861~~~ (Bla)blaTEM-94
contig_4	argannot~~~(Bla)blaTEM-92~~~AF143804:1-861~~~	98.889	450	5	0	40504	40953	1	450	0.0	804	125021	861	argannot~~~(Bla)blaTEM-92~~~AF143804:1-861~~~ (Bla)blaTEM-92
contig_4	argannot~~~(Bla)blaTEM-87~~~AF250872:1-861~~~	98.889	450	5	0	40504	40953	1	450	0.0	804	125021	861	argannot~~~(Bla)blaTEM-87~~~AF250872:1-861~~~ (Bla)blaTEM-87
contig_4	argannot~~~(Bla)blaTEM-81~~~AF427127:209-1069~~~	98.889	450	5	0	40504	40953	1	450	0.0	804	125021	861	argannot~~~(Bla)blaTEM-81~~~AF427127:209-1069~~~ (Bla)blaTEM-81
contig_4	argannot~~~(Bla)blaTEM-80~~~AF347054:209-1069~~~	98.889	450	5	0	40504	40953	1	450	0.0	804	125021	861	argannot~~~(Bla)blaTEM-80~~~AF347054:209-1069~~~ (Bla)blaTEM-80
contig_4	argannot~~~(Bla)blaTEM-8~~~X65252:176-1036~~~	98.889	450	5	0	40504	40953	1	450	0.0	804	125021	861	argannot~~~(Bla)blaTEM-8~~~X65252:176-1036~~~ (Bla)blaTEM-8
contig_4	argannot~~~(Bla)blaTEM-67~~~AF091113:451-1311~~~	98.889	450	5	0	40504	40953	1	450	0.0	804	125021	861	argannot~~~(Bla)blaTEM-67~~~AF091113:451-1311~~~ (Bla)blaTEM-67
contig_4	argannot~~~(Bla)blaTEM-63~~~AF332513:104-964~~~	98.889	450	5	0	40504	40953	1	450	0.0	804	125021	861	argannot~~~(Bla)blaTEM-63~~~AF332513:104-964~~~ (Bla)blaTEM-63
contig_4	argannot~~~(Bla)blaTEM-59~~~AF062386:31-862~~~	98.889	450	5	0	40504	40953	1	450	0.0	804	125021	832	argannot~~~(Bla)blaTEM-59~~~AF062386:31-862~~~ (Bla)blaTEM-59
contig_4	argannot~~~(Bla)blaTEM-3~~~X64523:477-1337~~~	98.889	450	5	0	40504	40953	1	450	0.0	804	125021	861	argannot~~~(Bla)blaTEM-3~~~X64523:477-1337~~~ (Bla)blaTEM-3
contig_4	argannot~~~(Bla)blaTEM-24~~~GQ293500:4033-4893~~~	98.889	450	5	0	40504	40953	1	450	0.0	804	125021	861	argannot~~~(Bla)blaTEM-24~~~GQ293500:4033-4893~~~ (Bla)blaTEM-24
contig_4	argannot~~~(Bla)blaTEM-22~~~Y17583:214-1071~~~	98.889	450	5	0	40504	40953	1	450	0.0	804	125021	858	argannot~~~(Bla)blaTEM-22~~~Y17583:214-1071~~~ (Bla)blaTEM-22
contig_4	argannot~~~(Bla)blaTEM-213~~~KF663615:1-858~~~	98.889	450	5	0	40504	40953	1	450	0.0	804	125021	858	argannot~~~(Bla)blaTEM-213~~~KF663615:1-858~~~ (Bla)blaTEM-213
contig_4	argannot~~~(Bla)blaTEM-195~~~JN935137:1-861~~~	98.889	450	5	0	40504	40953	1	450	0.0	804	125021	861	argannot~~~(Bla)blaTEM-195~~~JN935137:1-861~~~ (Bla)blaTEM-195
contig_4	argannot~~~(Bla)blaTEM-17~~~Y14574:1-861~~~	98.889	450	5	0	40504	40953	1	450	0.0	804	125021	861	argannot~~~(Bla)blaTEM-17~~~Y14574:1-861~~~ (Bla)blaTEM-17
contig_4	argannot~~~(Bla)blaTEM-167~~~FJ360884:214-1074~~~	98.889	450	5	0	40504	40953	1	450	0.0	804	125021	861	argannot~~~(Bla)blaTEM-167~~~FJ360884:214-1074~~~ (Bla)blaTEM-167
contig_4	argannot~~~(Bla)blaTEM-160~~~EF136377:1-861~~~	98.889	450	5	0	40504	40953	1	450	0.0	804	125021	861	argannot~~~(Bla)blaTEM-160~~~EF136377:1-861~~~ (Bla)blaTEM-160
contig_4	argannot~~~(Bla)blaTEM-16~~~X65254:176-1036~~~	98.889	450	5	0	40504	40953	1	450	0.0	804	125021	861	argannot~~~(Bla)blaTEM-16~~~X65254:176-1036~~~ (Bla)blaTEM-16
contig_4	argannot~~~(Bla)blaTEM-159~~~EF136376:1-861~~~	98.889	450	5	0	40504	40953	1	450	0.0	804	125021	861	argannot~~~(Bla)blaTEM-159~~~EF136376:1-861~~~ (Bla)blaTEM-159
contig_4	argannot~~~(Bla)blaTEM-139~~~DQ072853:1-861~~~	98.889	450	5	0	40504	40953	1	450	0.0	804	125021	861	argannot~~~(Bla)blaTEM-139~~~DQ072853:1-861~~~ (Bla)blaTEM-139
contig_4	argannot~~~(Bla)blaTEM-134~~~AY574271:1-861~~~	98.889	450	5	0	40504	40953	1	450	0.0	804	125021	861	argannot~~~(Bla)blaTEM-134~~~AY574271:1-861~~~ (Bla)blaTEM-134
contig_4	argannot~~~(Bla)blaTEM-133~~~AY528425:1-861~~~	98.889	450	5	0	40504	40953	1	450	0.0	804	125021	861	argannot~~~(Bla)blaTEM-133~~~AY528425:1-861~~~ (Bla)blaTEM-133
contig_4	argannot~~~(Bla)blaTEM-123~~~AY327539:1-858~~~	98.889	450	5	0	40504	40953	1	450	0.0	804	125021	858	argannot~~~(Bla)blaTEM-123~~~AY327539:1-858~~~ (Bla)blaTEM-123
contig_4	argannot~~~(Bla)blaTEM-121~~~AY307374:1-861~~~	98.889	450	5	0	40504	40953	1	450	0.0	804	125021	861	argannot~~~(Bla)blaTEM-121~~~AY307374:1-861~~~ (Bla)blaTEM-121
contig_4	argannot~~~(Bla)blaTEM-113~~~AY589494:194-1054~~~	98.889	450	5	0	40504	40953	1	450	0.0	804	125021	861	argannot~~~(Bla)blaTEM-113~~~AY589494:194-1054~~~ (Bla)blaTEM-113
contig_4	argannot~~~(Bla)blaTEM-98~~~AF397068:1-861~~~	99.321	442	3	0	40512	40953	9	450	0.0	800	125021	861	argannot~~~(Bla)blaTEM-98~~~AF397068:1-861~~~ (Bla)blaTEM-98
contig_4	argannot~~~(Bla)blaTEM-97~~~AF397067:1-861~~~	99.321	442	3	0	40512	40953	9	450	0.0	800	125021	861	argannot~~~(Bla)blaTEM-97~~~AF397067:1-861~~~ (Bla)blaTEM-97
contig_4	argannot~~~(Bla)blaTEM-131~~~AY436361:132-992~~~	98.667	450	6	0	40504	40953	1	450	0.0	800	125021	861	argannot~~~(Bla)blaTEM-131~~~AY436361:132-992~~~ (Bla)blaTEM-131
contig_4	argannot~~~(Bla)blaTEM-89~~~AY039040:189-1022~~~	98.667	450	6	0	40504	40953	1	450	0.0	798	125021	834	argannot~~~(Bla)blaTEM-89~~~AY039040:189-1022~~~ (Bla)blaTEM-89
contig_4	argannot~~~(Bla)blaTEM-211~~~KF513179:1-861~~~	98.667	450	6	0	40504	40953	1	450	0.0	798	125021	861	argannot~~~(Bla)blaTEM-211~~~KF513179:1-861~~~ (Bla)blaTEM-211
contig_4	argannot~~~(Bla)blaTEM-205~~~KC900516:1-858~~~	98.667	450	6	0	40504	40953	1	450	0.0	798	125021	858	argannot~~~(Bla)blaTEM-205~~~KC900516:1-858~~~ (Bla)blaTEM-205
contig_4	argannot~~~(Bla)blaTEM-194~~~JN935136:1-861~~~	98.667	450	6	0	40504	40953	1	450	0.0	798	125021	861	argannot~~~(Bla)blaTEM-194~~~JN935136:1-861~~~ (Bla)blaTEM-194
contig_4	argannot~~~(Bla)blaTEM-193~~~JN935135:1-861~~~	98.667	450	6	0	40504	40953	1	450	0.0	798	125021	861	argannot~~~(Bla)blaTEM-193~~~JN935135:1-861~~~ (Bla)blaTEM-193
contig_4	argannot~~~(Bla)blaTEM-177~~~FN652295:1-861~~~	98.667	450	6	0	40504	40953	1	450	0.0	798	125021	861	argannot~~~(Bla)blaTEM-177~~~FN652295:1-861~~~ (Bla)blaTEM-177
contig_4	argannot~~~(Bla)blaTEM-157~~~DQ909059:1-861~~~	98.667	450	6	0	40504	40953	1	450	0.0	798	125021	861	argannot~~~(Bla)blaTEM-157~~~DQ909059:1-861~~~ (Bla)blaTEM-157
contig_4	argannot~~~(Bla)blaTEM-130~~~AJ866988:1-861~~~	98.667	450	6	0	40504	40953	1	450	0.0	798	125021	861	argannot~~~(Bla)blaTEM-130~~~AJ866988:1-861~~~ (Bla)blaTEM-130
contig_4	argannot~~~(Bla)blaTEM-21~~~AF466526:1346-2206~~~	98.238	454	8	0	40504	40957	1	454	0.0	795	125021	861	argannot~~~(Bla)blaTEM-21~~~AF466526:1346-2206~~~ (Bla)blaTEM-21
contig_4	argannot~~~(Bla)blaTEM-102~~~AY029354:3-833~~~	99.095	442	4	0	40512	40953	9	450	0.0	795	125021	831	argannot~~~(Bla)blaTEM-102~~~AY029354:3-833~~~ (Bla)blaTEM-102
contig_4	argannot~~~(Bla)blaTEM-60~~~AF047171:136-996~~~	98.444	450	7	0	40504	40953	1	450	0.0	793	125021	861	argannot~~~(Bla)blaTEM-60~~~AF047171:136-996~~~ (Bla)blaTEM-60
contig_4	argannot~~~(Bla)blaTEM-125~~~AY628176:76-936~~~	98.444	450	7	0	40504	40953	1	450	0.0	793	125021	861	argannot~~~(Bla)blaTEM-125~~~AY628176:76-936~~~ (Bla)blaTEM-125
contig_4	argannot~~~(Bla)blaTEM-199~~~JX050178:1-853~~~	98.869	442	5	0	40512	40953	1	442	0.0	789	125021	853	argannot~~~(Bla)blaTEM-199~~~JX050178:1-853~~~ (Bla)blaTEM-199
contig_4	argannot~~~(Bla)blaTEM-42~~~X98047:1-844~~~	98.866	441	5	0	40513	40953	1	441	0.0	787	125021	844	argannot~~~(Bla)blaTEM-42~~~X98047:1-844~~~ (Bla)blaTEM-42
contig_4	argannot~~~(Bla)blaTEM-178~~~X97254:154-1011~~~	98.004	451	7	2	40504	40953	1	450	0.0	782	125021	858	argannot~~~(Bla)blaTEM-178~~~X97254:154-1011~~~ (Bla)blaTEM-178
contig_4	argannot~~~(Bla)blaTEM-191~~~JF949916:1-757~~~	100.000	420	0	0	40534	40953	1	420	0.0	776	125021	757	argannot~~~(Bla)blaTEM-191~~~JF949916:1-757~~~ (Bla)blaTEM-191
contig_4	argannot~~~(Bla)blaTEM-162~~~EF468463:67-927~~~	97.778	450	10	0	40504	40953	1	450	0.0	776	125021	861	argannot~~~(Bla)blaTEM-162~~~EF468463:67-927~~~ (Bla)blaTEM-162
contig_4	argannot~~~(Bla)blaTEM-192~~~JF949915:1-754~~~	99.762	420	1	0	40534	40953	1	420	0.0	771	125021	754	argannot~~~(Bla)blaTEM-192~~~JF949915:1-754~~~ (Bla)blaTEM-192
contig_4	argannot~~~(Bla)blaTEM-118~~~AY130285:1-785~~~	99.517	414	2	0	40540	40953	1	414	0.0	754	125021	785	argannot~~~(Bla)blaTEM-118~~~AY130285:1-785~~~ (Bla)blaTEM-118
contig_4	argannot~~~(Bla)blaTEM-75~~~AY130284:1-785~~~	99.275	414	3	0	40540	40953	1	414	0.0	749	125021	785	argannot~~~(Bla)blaTEM-75~~~AY130284:1-785~~~ (Bla)blaTEM-75
contig_4	argannot~~~(Bla)blaTEM-7~~~AF527798:1-785~~~	99.275	414	3	0	40540	40953	1	414	0.0	749	125021	785	argannot~~~(Bla)blaTEM-7~~~AF527798:1-785~~~ (Bla)blaTEM-7
contig_4	argannot~~~(Bla)blaTEM-117~~~AY130282:1-764~~~	99.275	414	3	0	40540	40953	1	414	0.0	749	125021	764	argannot~~~(Bla)blaTEM-117~~~AY130282:1-764~~~ (Bla)blaTEM-117
contig_4	argannot~~~(Bla)blaTEM-110~~~AY130283:1-785~~~	99.275	414	3	0	40540	40953	1	414	0.0	749	125021	785	argannot~~~(Bla)blaTEM-110~~~AY130283:1-785~~~ (Bla)blaTEM-110
contig_4	argannot~~~(AGly)aac6-Ib~~~M21682:380-985~~~	99.747	395	1	0	120589	120983	395	1	0.0	725	125021	606	argannot~~~(AGly)aac6-Ib~~~M21682:380-985~~~ (AGly)aac6-Ib
contig_4	argannot~~~(AGly)ant3''Ih-Aac6-IId~~~AF453998:3555-4946~~~	100.000	376	0	0	120589	120964	1181	806	0.0	695	125021	1392	argannot~~~(AGly)ant3''Ih-Aac6-IId~~~AF453998:3555-4946~~~ (AGly)ant3''Ih-Aac6-IId
contig_4	argannot~~~(Bla)blaLEN-6~~~AY265890:1-472~~~	91.949	472	38	0	121987	122458	1	472	0.0	662	125021	472	argannot~~~(Bla)blaLEN-6~~~AY265890:1-472~~~ (Bla)blaLEN-6
contig_4	argannot~~~(AGly)aacA4~~~AF416297:2738-3304~~~	99.718	354	1	0	120589	120942	356	3	0.0	649	125021	567	argannot~~~(AGly)aacA4~~~AF416297:2738-3304~~~ (AGly)aacA4
contig_4	argannot~~~(AGly)aac3-Ib-Aac6-Ib~~~AF355189:1435-2439~~~	99.417	343	2	0	120589	120931	794	452	5.19e-177	623	125021	1005	argannot~~~(AGly)aac3-Ib-Aac6-Ib~~~AF355189:1435-2439~~~ (AGly)aac3-Ib-Aac6-Ib
contig_4	argannot~~~(AGly_Flqn)aac(6')-Ib-cr~~~EF636461:1124-1642~~~	99.351	308	2	0	120589	120896	308	1	1.49e-157	558	125021	519	argannot~~~(AGly_Flqn)aac(6')-Ib-cr~~~EF636461:1124-1642~~~ (AGly_Flqn)aac(6')-Ib-cr
contig_4	argannot~~~(Bla)blaSHV-39~~~AY150585:1=285~~~	99.645	282	1	0	122467	122748	1	282	9.06e-145	516	125021	285	argannot~~~(Bla)blaSHV-39~~~AY150585:1=285~~~ (Bla)blaSHV-39
contig_4	argannot~~~(AGly)aac6-31~~~AJ640197:2474-2992~~~	86.688	308	41	0	120589	120896	308	1	1.63e-92	342	125021	519	argannot~~~(AGly)aac6-31~~~AJ640197:2474-2992~~~ (AGly)aac6-31
contig_4	argannot~~~(Phe)catB4~~~EU935739:59054-59602~~~	100.000	108	0	0	39153	39260	442	549	1.04e-49	200	125021	549	argannot~~~(Phe)catB4~~~EU935739:59054-59602~~~ (Phe)catB4
contig_4	argannot~~~(Phe)catB4~~~EU935739:59054-59602~~~	100.000	107	0	0	41667	41773	549	443	3.73e-49	198	125021	549	argannot~~~(Phe)catB4~~~EU935739:59054-59602~~~ (Phe)catB4
contig_4	argannot~~~(Phe)catB4~~~EU935739:59054-59602~~~	100.000	107	0	0	121073	121179	443	549	3.73e-49	198	125021	549	argannot~~~(Phe)catB4~~~EU935739:59054-59602~~~ (Phe)catB4
contig_7	argannot~~~(Phe)cmlA1~~~M64556:601-1860~~~	99.921	1260	1	0	26103	27362	1	1260	0.0	2322	41154	1260	argannot~~~(Phe)cmlA1~~~M64556:601-1860~~~ (Phe)cmlA1
contig_7	argannot~~~(Phe)cmlA6~~~NG_047655:101-1360~~~	99.841	1260	2	0	26103	27362	1	1260	0.0	2316	41154	1260	argannot~~~(Phe)cmlA6~~~NG_047655:101-1360~~~ (Phe)cmlA6
contig_7	argannot~~~(Phe)cmlA5~~~HQ141279:907-2166~~~	99.762	1260	3	0	26103	27362	1	1260	0.0	2311	41154	1260	argannot~~~(Phe)cmlA5~~~HQ141279:907-2166~~~ (Phe)cmlA5
contig_7	argannot~~~(Phe)cmlA10~~~NG_047649:1-1260~~~	98.175	1260	23	0	26103	27362	1	1260	0.0	2200	41154	1260	argannot~~~(Phe)cmlA10~~~NG_047649:1-1260~~~ (Phe)cmlA10
contig_7	argannot~~~(Phe)cmlA4~~~NG_047652:101-1360~~~	98.095	1260	24	0	26103	27362	1	1260	0.0	2194	41154	1260	argannot~~~(Phe)cmlA4~~~NG_047652:101-1360~~~ (Phe)cmlA4
contig_7	argannot~~~(Phe)cmlA8~~~NG_051879:101-1360~~~	96.032	1260	50	0	26103	27362	1	1260	0.0	2050	41154	1260	argannot~~~(Phe)cmlA8~~~NG_051879:101-1360~~~ (Phe)cmlA8
contig_7	argannot~~~(AGly)aph4-Ia~~~V01499:231-1256~~~	100.000	1026	0	0	34615	35640	1	1026	0.0	1895	41154	1026	argannot~~~(AGly)aph4-Ia~~~V01499:231-1256~~~ (AGly)aph4-Ia
contig_7	argannot~~~(AGly)aadA1-pm~~~JQ690540:7968-8798~~~	99.875	802	1	0	27445	28246	30	831	0.0	1476	41154	831	argannot~~~(AGly)aadA1-pm~~~JQ690540:7968-8798~~~ (AGly)aadA1-pm
contig_7	argannot~~~(AGly)aadA1-pm~~~JQ690540:7968-8798~~~	89.625	800	83	0	25040	25839	30	829	0.0	1018	41154	831	argannot~~~(AGly)aadA1-pm~~~JQ690540:7968-8798~~~ (AGly)aadA1-pm
contig_7	argannot~~~(Sul)sul3~~~HQ875016:7396-8187~~~	100.000	792	0	0	29928	30719	792	1	0.0	1463	41154	792	argannot~~~(Sul)sul3~~~HQ875016:7396-8187~~~ (Sul)sul3
contig_7	argannot~~~(AGly)aac-IVa~~~X01385:244-1029~~~	99.873	786	0	1	33610	34394	1	786	0.0	1445	41154	786	argannot~~~(AGly)aac-IVa~~~X01385:244-1029~~~ (AGly)aac-IVa
contig_7	argannot~~~(AGly)aadA2~~~X68227:66-945~~~	100.000	780	0	0	25062	25841	1	780	0.0	1441	41154	780	argannot~~~(AGly)aadA2~~~X68227:66-945~~~ (AGly)aadA2
contig_7	argannot~~~(AGly)aadA2~~~X68227:66-945~~~	89.870	770	78	0	27475	28244	9	778	0.0	990	41154	780	argannot~~~(AGly)aadA2~~~X68227:66-945~~~ (AGly)aadA2
contig_7	argannot~~~(AGly)aadA1~~~M95287:3320-4111~~~	99.369	792	5	0	27455	28246	1	792	0.0	1435	41154	792	argannot~~~(AGly)aadA1~~~M95287:3320-4111~~~ (AGly)aadA1
contig_7	argannot~~~(AGly)aadA1~~~M95287:3320-4111~~~	89.114	790	86	0	25050	25839	1	790	0.0	983	41154	792	argannot~~~(AGly)aadA1~~~M95287:3320-4111~~~ (AGly)aadA1
contig_7	argannot~~~(AGly)aadA3~~~AF047479:1296-2087~~~	98.987	790	8	0	25050	25839	1	790	0.0	1415	41154	792	argannot~~~(AGly)aadA3~~~AF047479:1296-2087~~~ (AGly)aadA3
contig_7	argannot~~~(AGly)aadA3~~~AF047479:1296-2087~~~	90.657	792	74	0	27455	28246	1	792	0.0	1053	41154	792	argannot~~~(AGly)aadA3~~~AF047479:1296-2087~~~ (AGly)aadA3
contig_7	argannot~~~(AGly)aadA22~~~AM261837:74-865~~~	97.222	792	22	0	27455	28246	1	792	0.0	1341	41154	792	argannot~~~(AGly)aadA22~~~AM261837:74-865~~~ (AGly)aadA22
contig_7	argannot~~~(AGly)aadA22~~~AM261837:74-865~~~	92.278	777	60	0	25050	25826	1	777	0.0	1103	41154	792	argannot~~~(AGly)aadA22~~~AM261837:74-865~~~ (AGly)aadA22
contig_7	argannot~~~(AGly)aadA21~~~AY171244:47-838~~~	97.096	792	23	0	27455	28246	1	792	0.0	1336	41154	792	argannot~~~(AGly)aadA21~~~AY171244:47-838~~~ (AGly)aadA21
contig_7	argannot~~~(AGly)aadA21~~~AY171244:47-838~~~	91.646	790	66	0	25050	25839	1	790	0.0	1094	41154	792	argannot~~~(AGly)aadA21~~~AY171244:47-838~~~ (AGly)aadA21
contig_7	argannot~~~(AGly)aadA23~~~AJ809407:119-898~~~	97.668	772	18	0	27475	28246	9	780	0.0	1327	41154	780	argannot~~~(AGly)aadA23~~~AJ809407:119-898~~~ (AGly)aadA23
contig_7	argannot~~~(AGly)aadA23~~~AJ809407:119-898~~~	91.645	778	65	0	25062	25839	1	778	0.0	1077	41154	780	argannot~~~(AGly)aadA23~~~AJ809407:119-898~~~ (AGly)aadA23
contig_7	argannot~~~(AGly)aadA8b~~~AM040708:1174-1965~~~	96.709	790	26	0	25050	25839	1	790	0.0	1315	41154	792	argannot~~~(AGly)aadA8b~~~AM040708:1174-1965~~~ (AGly)aadA8b
contig_7	argannot~~~(AGly)aadA8b~~~AM040708:1174-1965~~~	92.298	792	61	0	27455	28246	1	792	0.0	1125	41154	792	argannot~~~(AGly)aadA8b~~~AM040708:1174-1965~~~ (AGly)aadA8b
contig_7	argannot~~~(AGly)aadA15~~~DQ393783:1800-2591~~~	96.709	790	26	0	27455	28244	1	790	0.0	1315	41154	792	argannot~~~(AGly)aadA15~~~DQ393783:1800-2591~~~ (AGly)aadA15
contig_7	argannot~~~(AGly)aadA15~~~DQ393783:1800-2591~~~	92.803	792	57	0	25050	25841	1	792	0.0	1147	41154	792	argannot~~~(AGly)aadA15~~~DQ393783:1800-2591~~~ (AGly)aadA15
contig_7	argannot~~~(AGly)aadA8~~~AF326210:1-792~~~	96.456	790	28	0	25050	25839	1	790	0.0	1304	41154	792	argannot~~~(AGly)aadA8~~~AF326210:1-792~~~ (AGly)aadA8
contig_7	argannot~~~(AGly)aadA8~~~AF326210:1-792~~~	92.045	792	63	0	27455	28246	1	792	0.0	1114	41154	792	argannot~~~(AGly)aadA8~~~AF326210:1-792~~~ (AGly)aadA8
contig_7	argannot~~~(AGly)aadA17~~~FJ460181:774-1565~~~	96.086	792	31	0	25050	25841	1	792	0.0	1291	41154	792	argannot~~~(AGly)aadA17~~~FJ460181:774-1565~~~ (AGly)aadA17
contig_7	argannot~~~(AGly)aadA17~~~FJ460181:774-1565~~~	93.544	790	51	0	27455	28244	1	790	0.0	1177	41154	792	argannot~~~(AGly)aadA17~~~FJ460181:774-1565~~~ (AGly)aadA17
contig_7	argannot~~~(AGly)aadA12~~~AY665771:1-792~~~	95.076	792	39	0	25050	25841	1	792	0.0	1247	41154	792	argannot~~~(AGly)aadA12~~~AY665771:1-792~~~ (AGly)aadA12
contig_7	argannot~~~(AGly)aadA12~~~AY665771:1-792~~~	94.557	790	43	0	27455	28244	1	790	0.0	1221	41154	792	argannot~~~(AGly)aadA12~~~AY665771:1-792~~~ (AGly)aadA12
contig_7	argannot~~~(Phe)cmlB_variant1~~~AF034958:2642-3871~~~	84.180	1220	187	6	26103	27319	1	1217	0.0	1179	41154	1230	argannot~~~(Phe)cmlB_variant1~~~AF034958:2642-3871~~~ (Phe)cmlB_variant1
contig_7	argannot~~~(AGly)aadA24~~~HQ123586:88-768~~~	93.445	778	51	0	27467	28244	1	778	0.0	1155	41154	780	argannot~~~(AGly)aadA24~~~HQ123586:88-768~~~ (AGly)aadA24
contig_7	argannot~~~(AGly)aadA24~~~HQ123586:88-768~~~	90.415	772	74	0	25070	25841	9	780	0.0	1016	41154	780	argannot~~~(AGly)aadA24~~~HQ123586:88-768~~~ (AGly)aadA24
contig_7	argannot~~~(AGly)aadA11~~~AJ567827:1-792~~~	93.038	790	55	0	27455	28244	1	790	0.0	1155	41154	792	argannot~~~(AGly)aadA11~~~AJ567827:1-792~~~ (AGly)aadA11
contig_7	argannot~~~(AGly)aadA11~~~AJ567827:1-792~~~	92.045	792	63	0	25050	25841	1	792	0.0	1114	41154	792	argannot~~~(AGly)aadA11~~~AJ567827:1-792~~~ (AGly)aadA11
contig_7	argannot~~~(AGly)aadA13~~~AY713504:1-798~~~	89.612	799	82	1	27455	28253	1	798	0.0	1014	41154	798	argannot~~~(AGly)aadA13~~~AY713504:1-798~~~ (AGly)aadA13
contig_7	argannot~~~(AGly)aadA13~~~AY713504:1-798~~~	87.359	799	100	1	25050	25848	1	798	0.0	915	41154	798	argannot~~~(AGly)aadA13~~~AY713504:1-798~~~ (AGly)aadA13
contig_7	argannot~~~(AGly)ant3''Ih-Aac6-IId~~~AF453998:3555-4946~~~	79.167	720	148	2	25070	25788	21	739	1.08e-139	497	41154	1392	argannot~~~(AGly)ant3''Ih-Aac6-IId~~~AF453998:3555-4946~~~ (AGly)ant3''Ih-Aac6-IId
contig_7	argannot~~~(AGly)aadA6~~~AF140629:61-906~~~	77.630	827	176	6	25070	25888	21	846	1.40e-138	494	41154	846	argannot~~~(AGly)aadA6~~~AF140629:61-906~~~ (AGly)aadA6
contig_7	argannot~~~(MLS)mef(B)~~~FJ196385:11084-12313~~~	99.620	263	1	0	32480	32742	1230	968	1.09e-134	481	41154	1230	argannot~~~(MLS)mef(B)~~~FJ196385:11084-12313~~~ (MLS)mef(B)
contig_7	argannot~~~(AGly)aadA16~~~EU675686:3197-4042~~~	76.895	831	175	13	25070	25888	21	846	6.60e-127	455	41154	846	argannot~~~(AGly)aadA16~~~EU675686:3197-4042~~~ (AGly)aadA16
contig_7	argannot~~~(AGly)aadA7~~~AF224733:32-829~~~	77.437	718	154	8	25070	25783	21	734	6.70e-117	422	41154	798	argannot~~~(AGly)aadA7~~~AF224733:32-829~~~ (AGly)aadA7
contig_7	argannot~~~(Phe)catB4~~~EU935739:59054-59602~~~	100.000	108	0	0	32739	32846	442	549	3.42e-50	200	41154	549	argannot~~~(Phe)catB4~~~EU935739:59054-59602~~~ (Phe)catB4
contig_7	argannot~~~(AGly)aac3-Ib~~~L06157:555-1085~~~	100.000	56	0	0	23362	23417	1	56	2.75e-21	104	41154	531	argannot~~~(AGly)aac3-Ib~~~L06157:555-1085~~~ (AGly)aac3-Ib
contig_8	argannot~~~(MLS)mph(A)~~~DQ445270:1626-2531~~~	100.000	906	0	0	113816	114721	1	906	0.0	1674	214836	906	argannot~~~(MLS)mph(A)~~~DQ445270:1626-2531~~~ (MLS)mph(A)
contig_8	argannot~~~(Sul)sul1~~~AF071413:6700-7539~~~	100.000	840	0	0	121359	122198	840	1	0.0	1552	214836	840	argannot~~~(Sul)sul1~~~AF071413:6700-7539~~~ (Sul)sul1
contig_8	argannot~~~(AGly)aph3-Ia~~~HQ840942:23569-24384~~~	99.877	816	1	0	112024	112839	816	1	0.0	1502	214836	816	argannot~~~(AGly)aph3-Ia~~~HQ840942:23569-24384~~~ (AGly)aph3-Ia
contig_8	argannot~~~(AGly)aph(3'')-Ia~~~FJ172370:38668-39483~~~	99.386	814	5	0	112026	112839	814	1	0.0	1476	214836	816	argannot~~~(AGly)aph(3'')-Ia~~~FJ172370:38668-39483~~~ (AGly)aph(3'')-Ia
contig_8	argannot~~~(AGly)aph(3')-Ic~~~KP119857:914-1729~~~	99.263	814	6	0	112026	112839	814	1	0.0	1471	214836	816	argannot~~~(AGly)aph(3')-Ic~~~KP119857:914-1729~~~ (AGly)aph(3')-Ic
contig_8	argannot~~~(AGly)aadA2~~~X68227:66-945~~~	99.872	780	1	0	122703	123482	780	1	0.0	1435	214836	780	argannot~~~(AGly)aadA2~~~X68227:66-945~~~ (AGly)aadA2
contig_8	argannot~~~(AGly)aadA3~~~AF047479:1296-2087~~~	98.734	790	10	0	122705	123494	790	1	0.0	1404	214836	792	argannot~~~(AGly)aadA3~~~AF047479:1296-2087~~~ (AGly)aadA3
contig_8	argannot~~~(AGly)aadA8b~~~AM040708:1174-1965~~~	96.962	790	24	0	122705	123494	790	1	0.0	1327	214836	792	argannot~~~(AGly)aadA8b~~~AM040708:1174-1965~~~ (AGly)aadA8b
contig_8	argannot~~~(AGly)aadA8~~~AF326210:1-792~~~	96.203	790	30	0	122705	123494	790	1	0.0	1293	214836	792	argannot~~~(AGly)aadA8~~~AF326210:1-792~~~ (AGly)aadA8
contig_8	argannot~~~(AGly)aadA17~~~FJ460181:774-1565~~~	95.833	792	33	0	122703	123494	792	1	0.0	1280	214836	792	argannot~~~(AGly)aadA17~~~FJ460181:774-1565~~~ (AGly)aadA17
contig_8	argannot~~~(AGly)aadA12~~~AY665771:1-792~~~	94.823	792	41	0	122703	123494	792	1	0.0	1236	214836	792	argannot~~~(AGly)aadA12~~~AY665771:1-792~~~ (AGly)aadA12
contig_8	argannot~~~(Phe)catA1~~~V00622:244-903~~~	99.848	660	1	0	131737	132396	660	1	0.0	1214	214836	660	argannot~~~(Phe)catA1~~~V00622:244-903~~~ (Phe)catA1
contig_8	argannot~~~(AGly)aadA15~~~DQ393783:1800-2591~~~	92.803	792	57	0	122703	123494	792	1	0.0	1147	214836	792	argannot~~~(AGly)aadA15~~~DQ393783:1800-2591~~~ (AGly)aadA15
contig_8	argannot~~~(AGly)aadA11~~~AJ567827:1-792~~~	92.045	792	63	0	122703	123494	792	1	0.0	1114	214836	792	argannot~~~(AGly)aadA11~~~AJ567827:1-792~~~ (AGly)aadA11
contig_8	argannot~~~(AGly)aadA22~~~AM261837:74-865~~~	92.021	777	62	0	122718	123494	777	1	0.0	1092	214836	792	argannot~~~(AGly)aadA22~~~AM261837:74-865~~~ (AGly)aadA22
contig_8	argannot~~~(AGly)aadA21~~~AY171244:47-838~~~	91.392	790	68	0	122705	123494	790	1	0.0	1083	214836	792	argannot~~~(AGly)aadA21~~~AY171244:47-838~~~ (AGly)aadA21
contig_8	argannot~~~(AGly)aadA23~~~AJ809407:119-898~~~	91.517	778	66	0	122705	123482	778	1	0.0	1072	214836	780	argannot~~~(AGly)aadA23~~~AJ809407:119-898~~~ (AGly)aadA23
contig_8	argannot~~~(AGly)aadA1-pm~~~JQ690540:7968-8798~~~	89.625	800	83	0	122705	123504	829	30	0.0	1018	214836	831	argannot~~~(AGly)aadA1-pm~~~JQ690540:7968-8798~~~ (AGly)aadA1-pm
contig_8	argannot~~~(AGly)aadA24~~~HQ123586:88-768~~~	90.285	772	75	0	122703	123474	780	9	0.0	1011	214836	780	argannot~~~(AGly)aadA24~~~HQ123586:88-768~~~ (AGly)aadA24
contig_8	argannot~~~(AGly)aadA1~~~M95287:3320-4111~~~	89.114	790	86	0	122705	123494	790	1	0.0	983	214836	792	argannot~~~(AGly)aadA1~~~M95287:3320-4111~~~ (AGly)aadA1
contig_8	argannot~~~(AGly)aadA13~~~AY713504:1-798~~~	87.610	799	98	1	122696	123494	798	1	0.0	926	214836	798	argannot~~~(AGly)aadA13~~~AY713504:1-798~~~ (AGly)aadA13
contig_8	argannot~~~(Tmt)dfrA12~~~Z21672:310-807~~~	100.000	498	0	0	123902	124399	498	1	0.0	920	214836	498	argannot~~~(Tmt)dfrA12~~~Z21672:310-807~~~ (Tmt)dfrA12
contig_8	argannot~~~(AGly)ant3''Ih-Aac6-IId~~~AF453998:3555-4946~~~	79.306	720	147	2	122756	123474	739	21	1.21e-140	503	214836	1392	argannot~~~(AGly)ant3''Ih-Aac6-IId~~~AF453998:3555-4946~~~ (AGly)ant3''Ih-Aac6-IId
contig_8	argannot~~~(AGly)aadA6~~~AF140629:61-906~~~	77.751	827	175	6	122656	123474	846	21	1.57e-139	499	214836	846	argannot~~~(AGly)aadA6~~~AF140629:61-906~~~ (AGly)aadA6
contig_8	argannot~~~(Tmt)dfrA33~~~FM957884:88-585~~~	83.936	498	80	0	123902	124399	498	1	7.34e-133	477	214836	498	argannot~~~(Tmt)dfrA33~~~FM957884:88-585~~~ (Tmt)dfrA33
contig_8	argannot~~~(Tmt)dfr22~~~AJ628423:325-822~~~	83.735	498	81	0	123902	124399	498	1	3.42e-131	472	214836	498	argannot~~~(Tmt)dfr22~~~AJ628423:325-822~~~ (Tmt)dfr22
contig_8	argannot~~~(AGly)aadA16~~~EU675686:3197-4042~~~	77.016	831	174	13	122656	123474	846	21	7.39e-128	460	214836	846	argannot~~~(AGly)aadA16~~~EU675686:3197-4042~~~ (AGly)aadA16
contig_8	argannot~~~(AGly)aadA7~~~AF224733:32-829~~~	77.577	718	153	8	122761	123474	734	21	7.50e-118	427	214836	798	argannot~~~(AGly)aadA7~~~AF224733:32-829~~~ (AGly)aadA7
contig_8	argannot~~~(Phe)catB4~~~EU935739:59054-59602~~~	100.000	107	0	0	113640	113746	549	443	6.40e-49	198	214836	549	argannot~~~(Phe)catB4~~~EU935739:59054-59602~~~ (Phe)catB4
contig_8	argannot~~~(Phe)catB4~~~EU935739:59054-59602~~~	100.000	107	0	0	111780	111886	549	443	6.40e-49	198	214836	549	argannot~~~(Phe)catB4~~~EU935739:59054-59602~~~ (Phe)catB4
contig_8	argannot~~~(Phe)catB4~~~EU935739:59054-59602~~~	100.000	107	0	0	107780	107886	443	549	6.40e-49	198	214836	549	argannot~~~(Phe)catB4~~~EU935739:59054-59602~~~ (Phe)catB4
contig_8	argannot~~~(AGly)aac3-Ib~~~L06157:555-1085~~~	100.000	58	0	0	124404	124461	58	1	1.11e-21	108	214836	531	argannot~~~(AGly)aac3-Ib~~~L06157:555-1085~~~ (AGly)aac3-Ib
contig_9	argannot~~~(Bla)blaKPC-3~~~JN255861:139-1020~~~	100.000	882	0	0	76689	77570	1	882	0.0	1629	79498	882	argannot~~~(Bla)blaKPC-3~~~JN255861:139-1020~~~ (Bla)blaKPC-3
contig_9	argannot~~~(Bla)blaKPC-8~~~FJ234412:1-882~~~	99.887	882	1	0	76689	77570	1	882	0.0	1624	79498	882	argannot~~~(Bla)blaKPC-8~~~FJ234412:1-882~~~ (Bla)blaKPC-8
contig_9	argannot~~~(Bla)blaKPC-7~~~EU729727:1-882~~~	99.887	882	1	0	76689	77570	1	882	0.0	1624	79498	882	argannot~~~(Bla)blaKPC-7~~~EU729727:1-882~~~ (Bla)blaKPC-7
contig_9	argannot~~~(Bla)blaKPC-2~~~JN048642:127-1008~~~	99.887	882	1	0	76689	77570	1	882	0.0	1624	79498	882	argannot~~~(Bla)blaKPC-2~~~JN048642:127-1008~~~ (Bla)blaKPC-2
contig_9	argannot~~~(Bla)blaKPC-10~~~GQ140348:1-882~~~	99.887	882	1	0	76689	77570	1	882	0.0	1624	79498	882	argannot~~~(Bla)blaKPC-10~~~GQ140348:1-882~~~ (Bla)blaKPC-10
contig_9	argannot~~~(Bla)blaKPC-6~~~EU555534:1-882~~~	99.773	882	2	0	76689	77570	1	882	0.0	1618	79498	882	argannot~~~(Bla)blaKPC-6~~~EU555534:1-882~~~ (Bla)blaKPC-6
contig_9	argannot~~~(Bla)blaKPC-5~~~EU400222:2160-3041~~~	99.773	882	2	0	76689	77570	1	882	0.0	1618	79498	882	argannot~~~(Bla)blaKPC-5~~~EU400222:2160-3041~~~ (Bla)blaKPC-5
contig_9	argannot~~~(Bla)blaKPC-24~~~KR052099:5212-6093~~~	99.773	882	2	0	76689	77570	1	882	0.0	1618	79498	882	argannot~~~(Bla)blaKPC-24~~~KR052099:5212-6093~~~ (Bla)blaKPC-24
contig_9	argannot~~~(Bla)blaKPC-19~~~KJ775801:1-882~~~	99.773	882	2	0	76689	77570	1	882	0.0	1618	79498	882	argannot~~~(Bla)blaKPC-19~~~KJ775801:1-882~~~ (Bla)blaKPC-19
contig_9	argannot~~~(Bla)blaKPC-17~~~KC465200:1-882~~~	99.773	882	2	0	76689	77570	1	882	0.0	1618	79498	882	argannot~~~(Bla)blaKPC-17~~~KC465200:1-882~~~ (Bla)blaKPC-17
contig_9	argannot~~~(Bla)blaKPC-12~~~HQ342889:1-882~~~	99.773	882	2	0	76689	77570	1	882	0.0	1618	79498	882	argannot~~~(Bla)blaKPC-12~~~HQ342889:1-882~~~ (Bla)blaKPC-12
contig_9	argannot~~~(Bla)blaKPC-11~~~HM066995:1-882~~~	99.773	882	2	0	76689	77570	1	882	0.0	1618	79498	882	argannot~~~(Bla)blaKPC-11~~~HM066995:1-882~~~ (Bla)blaKPC-11
contig_9	argannot~~~(Bla)blaKPC-1~~~AF297554:131-1012~~~	99.773	882	2	0	76689	77570	1	882	0.0	1618	79498	882	argannot~~~(Bla)blaKPC-1~~~AF297554:131-1012~~~ (Bla)blaKPC-1
contig_9	argannot~~~(Bla)blaKPC-4~~~FJ473382:364-1245~~~	99.660	882	3	0	76689	77570	1	882	0.0	1613	79498	882	argannot~~~(Bla)blaKPC-4~~~FJ473382:364-1245~~~ (Bla)blaKPC-4
contig_9	argannot~~~(Bla)blaKPC-22~~~KM379100:1-882~~~	99.660	882	3	0	76689	77570	1	882	0.0	1613	79498	882	argannot~~~(Bla)blaKPC-22~~~KM379100:1-882~~~ (Bla)blaKPC-22
contig_9	argannot~~~(Bla)blaKPC-16~~~KC465199:1-882~~~	99.546	882	4	0	76689	77570	1	882	0.0	1607	79498	882	argannot~~~(Bla)blaKPC-16~~~KC465199:1-882~~~ (Bla)blaKPC-16
contig_9	argannot~~~(Bla)blaKPC-13~~~HQ342890:1-882~~~	99.433	882	5	0	76689	77570	1	882	0.0	1602	79498	882	argannot~~~(Bla)blaKPC-13~~~HQ342890:1-882~~~ (Bla)blaKPC-13
contig_9	argannot~~~(Bla)blaTEM-90~~~AF351241:90-950~~~	99.884	861	1	0	63778	64638	861	1	0.0	1585	79498	861	argannot~~~(Bla)blaTEM-90~~~AF351241:90-950~~~ (Bla)blaTEM-90
contig_9	argannot~~~(Bla)blaTEM-54~~~AF104442:194-1054~~~	99.884	861	1	0	63778	64638	861	1	0.0	1585	79498	861	argannot~~~(Bla)blaTEM-54~~~AF104442:194-1054~~~ (Bla)blaTEM-54
contig_9	argannot~~~(Bla)blaTEM-183~~~HQ529916:111-971~~~	99.884	861	1	0	63778	64638	861	1	0.0	1585	79498	861	argannot~~~(Bla)blaTEM-183~~~HQ529916:111-971~~~ (Bla)blaTEM-183
contig_9	argannot~~~(Bla)blaTEM-171~~~GQ149347:5270-6030~~~	99.884	861	1	0	63778	64638	861	1	0.0	1585	79498	861	argannot~~~(Bla)blaTEM-171~~~GQ149347:5270-6030~~~ (Bla)blaTEM-171
contig_9	argannot~~~(Bla)blaTEM-168~~~FJ919776:209-1069~~~	99.884	861	1	0	63778	64638	861	1	0.0	1585	79498	861	argannot~~~(Bla)blaTEM-168~~~FJ919776:209-1069~~~ (Bla)blaTEM-168
contig_9	argannot~~~(Bla)blaTEM-156~~~AM115459:209-1069~~~	99.884	861	1	0	63778	64638	861	1	0.0	1585	79498	861	argannot~~~(Bla)blaTEM-156~~~AM115459:209-1069~~~ (Bla)blaTEM-156
contig_9	argannot~~~(Bla)blaTEM-150~~~AM183304:209-1069~~~	99.884	861	1	0	63778	64638	861	1	0.0	1585	79498	861	argannot~~~(Bla)blaTEM-150~~~AM183304:209-1069~~~ (Bla)blaTEM-150
contig_9	argannot~~~(Bla)blaKPC-15~~~KC433553:1-882~~~	99.093	882	8	0	76689	77570	1	882	0.0	1585	79498	882	argannot~~~(Bla)blaKPC-15~~~KC433553:1-882~~~ (Bla)blaKPC-15
contig_9	argannot~~~(Bla)blaKPC-14~~~JX524191:396-1271~~~	99.206	882	1	1	76689	77570	1	876	0.0	1585	79498	876	argannot~~~(Bla)blaKPC-14~~~JX524191:396-1271~~~ (Bla)blaKPC-14
contig_9	argannot~~~(Bla)blaTEM-82~~~AF427128:209-1069~~~	99.768	861	2	0	63778	64638	861	1	0.0	1580	79498	861	argannot~~~(Bla)blaTEM-82~~~AF427128:209-1069~~~ (Bla)blaTEM-82
contig_9	argannot~~~(Bla)blaTEM-81~~~AF427127:209-1069~~~	99.768	861	2	0	63778	64638	861	1	0.0	1580	79498	861	argannot~~~(Bla)blaTEM-81~~~AF427127:209-1069~~~ (Bla)blaTEM-81
contig_9	argannot~~~(Bla)blaTEM-6~~~X57972:340-1200~~~	99.768	861	2	0	63778	64638	861	1	0.0	1580	79498	861	argannot~~~(Bla)blaTEM-6~~~X57972:340-1200~~~ (Bla)blaTEM-6
contig_9	argannot~~~(Bla)blaTEM-219~~~KM114268:1-861~~~	99.768	861	2	0	63778	64638	861	1	0.0	1580	79498	861	argannot~~~(Bla)blaTEM-219~~~KM114268:1-861~~~ (Bla)blaTEM-219
contig_9	argannot~~~(Bla)blaTEM-189~~~JN254627:1-861~~~	99.768	861	2	0	63778	64638	861	1	0.0	1580	79498	861	argannot~~~(Bla)blaTEM-189~~~JN254627:1-861~~~ (Bla)blaTEM-189
contig_9	argannot~~~(Bla)blaTEM-154~~~FJ807656:1-861~~~	99.768	861	2	0	63778	64638	861	1	0.0	1580	79498	861	argannot~~~(Bla)blaTEM-154~~~FJ807656:1-861~~~ (Bla)blaTEM-154
contig_9	argannot~~~(Bla)blaTEM-146~~~DQ105529:1-861~~~	99.768	861	2	0	63778	64638	861	1	0.0	1580	79498	861	argannot~~~(Bla)blaTEM-146~~~DQ105529:1-861~~~ (Bla)blaTEM-146
contig_9	argannot~~~(Bla)blaTEM-135~~~JQ060998:1-861~~~	99.768	861	2	0	63778	64638	861	1	0.0	1580	79498	861	argannot~~~(Bla)blaTEM-135~~~JQ060998:1-861~~~ (Bla)blaTEM-135
contig_9	argannot~~~(Bla)blaTEM-116~~~AY425988:6-866~~~	99.768	861	2	0	63778	64638	861	1	0.0	1580	79498	861	argannot~~~(Bla)blaTEM-116~~~AY425988:6-866~~~ (Bla)blaTEM-116
contig_9	argannot~~~(Bla)blaTEM-112~~~AY589493:167-1027~~~	99.768	861	2	0	63778	64638	861	1	0.0	1580	79498	861	argannot~~~(Bla)blaTEM-112~~~AY589493:167-1027~~~ (Bla)blaTEM-112
contig_9	argannot~~~(Bla)blaTEM-96~~~AY092401:1-861~~~	99.652	861	3	0	63778	64638	861	1	0.0	1574	79498	861	argannot~~~(Bla)blaTEM-96~~~AY092401:1-861~~~ (Bla)blaTEM-96
contig_9	argannot~~~(Bla)blaTEM-93~~~AJ318093:1-861~~~	99.652	861	3	0	63778	64638	861	1	0.0	1574	79498	861	argannot~~~(Bla)blaTEM-93~~~AJ318093:1-861~~~ (Bla)blaTEM-93
contig_9	argannot~~~(Bla)blaTEM-80~~~AF347054:209-1069~~~	99.652	861	3	0	63778	64638	861	1	0.0	1574	79498	861	argannot~~~(Bla)blaTEM-80~~~AF347054:209-1069~~~ (Bla)blaTEM-80
contig_9	argannot~~~(Bla)blaTEM-79~~~AF190692:209-1069~~~	99.652	861	3	0	63778	64638	861	1	0.0	1574	79498	861	argannot~~~(Bla)blaTEM-79~~~AF190692:209-1069~~~ (Bla)blaTEM-79
contig_9	argannot~~~(Bla)blaTEM-57~~~FJ405211:1-861~~~	99.652	861	3	0	63778	64638	861	1	0.0	1574	79498	861	argannot~~~(Bla)blaTEM-57~~~FJ405211:1-861~~~ (Bla)blaTEM-57
contig_9	argannot~~~(Bla)blaTEM-55~~~DQ286729:1-861~~~	99.652	861	3	0	63778	64638	861	1	0.0	1574	79498	861	argannot~~~(Bla)blaTEM-55~~~DQ286729:1-861~~~ (Bla)blaTEM-55
contig_9	argannot~~~(Bla)blaTEM-52~~~Y13612:1-861~~~	99.652	861	3	0	63778	64638	861	1	0.0	1574	79498	861	argannot~~~(Bla)blaTEM-52~~~Y13612:1-861~~~ (Bla)blaTEM-52
contig_9	argannot~~~(Bla)blaTEM-209~~~KF240808:1-861~~~	99.652	861	3	0	63778	64638	861	1	0.0	1574	79498	861	argannot~~~(Bla)blaTEM-209~~~KF240808:1-861~~~ (Bla)blaTEM-209
contig_9	argannot~~~(Bla)blaTEM-20~~~EU527189:4132-4992~~~	99.652	861	3	0	63778	64638	861	1	0.0	1574	79498	861	argannot~~~(Bla)blaTEM-20~~~EU527189:4132-4992~~~ (Bla)blaTEM-20
contig_9	argannot~~~(Bla)blaTEM-197~~~HQ877606:1-861~~~	99.652	861	3	0	63778	64638	861	1	0.0	1574	79498	861	argannot~~~(Bla)blaTEM-197~~~HQ877606:1-861~~~ (Bla)blaTEM-197
contig_9	argannot~~~(Bla)blaTEM-141~~~AY956335:39-899~~~	99.652	861	3	0	63778	64638	861	1	0.0	1574	79498	861	argannot~~~(Bla)blaTEM-141~~~AY956335:39-899~~~ (Bla)blaTEM-141
contig_9	argannot~~~(Bla)blaTEM-122~~~AY307100:1-861~~~	99.652	861	3	0	63778	64638	861	1	0.0	1574	79498	861	argannot~~~(Bla)blaTEM-122~~~AY307100:1-861~~~ (Bla)blaTEM-122
contig_9	argannot~~~(Bla)blaKPC-9~~~FJ624872:1-854~~~	99.883	854	1	0	76702	77555	1	854	0.0	1572	79498	854	argannot~~~(Bla)blaKPC-9~~~FJ624872:1-854~~~ (Bla)blaKPC-9
contig_9	argannot~~~(Bla)blaTEM-98~~~AF397068:1-861~~~	99.883	853	1	0	63778	64630	861	9	0.0	1570	79498	861	argannot~~~(Bla)blaTEM-98~~~AF397068:1-861~~~ (Bla)blaTEM-98
contig_9	argannot~~~(Bla)blaTEM-95~~~AJ308558:124-1084~~~	99.535	861	4	0	63778	64638	861	1	0.0	1568	79498	861	argannot~~~(Bla)blaTEM-95~~~AJ308558:124-1084~~~ (Bla)blaTEM-95
contig_9	argannot~~~(Bla)blaTEM-91~~~AB049569:1-861~~~	99.535	861	4	0	63778	64638	861	1	0.0	1568	79498	861	argannot~~~(Bla)blaTEM-91~~~AB049569:1-861~~~ (Bla)blaTEM-91
contig_9	argannot~~~(Bla)blaTEM-76~~~AF190694:209-1069~~~	99.535	861	4	0	63778	64638	861	1	0.0	1568	79498	861	argannot~~~(Bla)blaTEM-76~~~AF190694:209-1069~~~ (Bla)blaTEM-76
contig_9	argannot~~~(Bla)blaTEM-70~~~AF188199:215-1075~~~	99.535	861	4	0	63778	64638	861	1	0.0	1568	79498	861	argannot~~~(Bla)blaTEM-70~~~AF188199:215-1075~~~ (Bla)blaTEM-70
contig_9	argannot~~~(Bla)blaTEM-34~~~KC292503:4335-5195~~~	99.535	861	4	0	63778	64638	861	1	0.0	1568	79498	861	argannot~~~(Bla)blaTEM-34~~~KC292503:4335-5195~~~ (Bla)blaTEM-34
contig_9	argannot~~~(Bla)blaTEM-33~~~GU371926:50305-51165~~~	99.535	861	4	0	63778	64638	861	1	0.0	1568	79498	861	argannot~~~(Bla)blaTEM-33~~~GU371926:50305-51165~~~ (Bla)blaTEM-33
contig_9	argannot~~~(Bla)blaTEM-30~~~AJ437107:209-1069~~~	99.535	861	4	0	63778	64638	861	1	0.0	1568	79498	861	argannot~~~(Bla)blaTEM-30~~~AJ437107:209-1069~~~ (Bla)blaTEM-30
contig_9	argannot~~~(Bla)blaTEM-217~~~HG934763:1-861~~~	99.535	861	4	0	63778	64638	861	1	0.0	1568	79498	861	argannot~~~(Bla)blaTEM-217~~~HG934763:1-861~~~ (Bla)blaTEM-217
contig_9	argannot~~~(Bla)blaTEM-215~~~KP050492:1-861~~~	99.535	861	4	0	63778	64638	861	1	0.0	1568	79498	861	argannot~~~(Bla)blaTEM-215~~~KP050492:1-861~~~ (Bla)blaTEM-215
contig_9	argannot~~~(Bla)blaTEM-214~~~KP050491:1-861~~~	99.535	861	4	0	63778	64638	861	1	0.0	1568	79498	861	argannot~~~(Bla)blaTEM-214~~~KP050491:1-861~~~ (Bla)blaTEM-214
contig_9	argannot~~~(Bla)blaTEM-213~~~KF663615:1-858~~~	99.650	858	3	0	63781	64638	858	1	0.0	1568	79498	858	argannot~~~(Bla)blaTEM-213~~~KF663615:1-858~~~ (Bla)blaTEM-213
contig_9	argannot~~~(Bla)blaTEM-208~~~KC865667:184-1044~~~	99.535	861	4	0	63778	64638	861	1	0.0	1568	79498	861	argannot~~~(Bla)blaTEM-208~~~KC865667:184-1044~~~ (Bla)blaTEM-208
contig_9	argannot~~~(Bla)blaTEM-207~~~KC818234:1-861~~~	99.535	861	4	0	63778	64638	861	1	0.0	1568	79498	861	argannot~~~(Bla)blaTEM-207~~~KC818234:1-861~~~ (Bla)blaTEM-207
contig_9	argannot~~~(Bla)blaTEM-206~~~KC783461:1-861~~~	99.535	861	4	0	63778	64638	861	1	0.0	1568	79498	861	argannot~~~(Bla)blaTEM-206~~~KC783461:1-861~~~ (Bla)blaTEM-206
contig_9	argannot~~~(Bla)blaTEM-1D~~~AF188200:215-1075~~~	99.535	861	4	0	63778	64638	861	1	0.0	1568	79498	861	argannot~~~(Bla)blaTEM-1D~~~AF188200:215-1075~~~ (Bla)blaTEM-1D
contig_9	argannot~~~(Bla)blaTEM-198~~~AB700703:162-1022~~~	99.535	861	4	0	63778	64638	861	1	0.0	1568	79498	861	argannot~~~(Bla)blaTEM-198~~~AB700703:162-1022~~~ (Bla)blaTEM-198
contig_9	argannot~~~(Bla)blaTEM-186~~~JN227084:309-1169~~~	99.535	861	4	0	63778	64638	861	1	0.0	1568	79498	861	argannot~~~(Bla)blaTEM-186~~~JN227084:309-1169~~~ (Bla)blaTEM-186
contig_9	argannot~~~(Bla)blaTEM-176~~~GU550123:145-1005~~~	99.535	861	4	0	63778	64638	861	1	0.0	1568	79498	861	argannot~~~(Bla)blaTEM-176~~~GU550123:145-1005~~~ (Bla)blaTEM-176
contig_9	argannot~~~(Bla)blaTEM-166~~~FJ197316:1-861~~~	99.535	861	4	0	63778	64638	861	1	0.0	1568	79498	861	argannot~~~(Bla)blaTEM-166~~~FJ197316:1-861~~~ (Bla)blaTEM-166
contig_9	argannot~~~(Bla)blaTEM-163~~~EU815939:1-861~~~	99.535	861	4	0	63778	64638	861	1	0.0	1568	79498	861	argannot~~~(Bla)blaTEM-163~~~EU815939:1-861~~~ (Bla)blaTEM-163
contig_9	argannot~~~(Bla)blaTEM-157~~~DQ909059:1-861~~~	99.535	861	4	0	63778	64638	861	1	0.0	1568	79498	861	argannot~~~(Bla)blaTEM-157~~~DQ909059:1-861~~~ (Bla)blaTEM-157
contig_9	argannot~~~(Bla)blaTEM-153~~~KC149518:1-861~~~	99.535	861	4	0	63778	64638	861	1	0.0	1568	79498	861	argannot~~~(Bla)blaTEM-153~~~KC149518:1-861~~~ (Bla)blaTEM-153
contig_9	argannot~~~(Bla)blaTEM-148~~~AM087454:209-1069~~~	99.535	861	4	0	63778	64638	861	1	0.0	1568	79498	861	argannot~~~(Bla)blaTEM-148~~~AM087454:209-1069~~~ (Bla)blaTEM-148
contig_9	argannot~~~(Bla)blaTEM-147~~~DQ279850:1-861~~~	99.535	861	4	0	63778	64638	861	1	0.0	1568	79498	861	argannot~~~(Bla)blaTEM-147~~~DQ279850:1-861~~~ (Bla)blaTEM-147
contig_9	argannot~~~(Bla)blaTEM-143~~~DQ075245:218-1078~~~	99.535	861	4	0	63778	64638	861	1	0.0	1568	79498	861	argannot~~~(Bla)blaTEM-143~~~DQ075245:218-1078~~~ (Bla)blaTEM-143
contig_9	argannot~~~(Bla)blaTEM-129~~~AY452662:184-1044~~~	99.535	861	4	0	63778	64638	861	1	0.0	1568	79498	861	argannot~~~(Bla)blaTEM-129~~~AY452662:184-1044~~~ (Bla)blaTEM-129
contig_9	argannot~~~(Bla)blaTEM-127~~~AY368236:1-861~~~	99.535	861	4	0	63778	64638	861	1	0.0	1568	79498	861	argannot~~~(Bla)blaTEM-127~~~AY368236:1-861~~~ (Bla)blaTEM-127
contig_9	argannot~~~(Bla)blaTEM-105~~~AF516720:215-1075~~~	99.535	861	4	0	63778	64638	861	1	0.0	1568	79498	861	argannot~~~(Bla)blaTEM-105~~~AF516720:215-1075~~~ (Bla)blaTEM-105
contig_9	argannot~~~(Bla)blaTEM-84~~~AF427130:209-1069~~~	99.419	861	5	0	63778	64638	861	1	0.0	1563	79498	861	argannot~~~(Bla)blaTEM-84~~~AF427130:209-1069~~~ (Bla)blaTEM-84
contig_9	argannot~~~(Bla)blaTEM-77~~~AF190695:209-1069~~~	99.419	861	5	0	63778	64638	861	1	0.0	1563	79498	861	argannot~~~(Bla)blaTEM-77~~~AF190695:209-1069~~~ (Bla)blaTEM-77
contig_9	argannot~~~(Bla)blaTEM-43~~~U95363:1-861~~~	99.419	861	5	0	63778	64638	861	1	0.0	1563	79498	861	argannot~~~(Bla)blaTEM-43~~~U95363:1-861~~~ (Bla)blaTEM-43
contig_9	argannot~~~(Bla)blaTEM-29~~~AJ277416:1-861~~~	99.419	861	5	0	63778	64638	861	1	0.0	1563	79498	861	argannot~~~(Bla)blaTEM-29~~~AJ277416:1-861~~~ (Bla)blaTEM-29
contig_9	argannot~~~(Bla)blaTEM-28~~~ECU37195:76-936~~~	99.419	861	5	0	63778	64638	861	1	0.0	1563	79498	861	argannot~~~(Bla)blaTEM-28~~~ECU37195:76-936~~~ (Bla)blaTEM-28
contig_9	argannot~~~(Bla)blaTEM-220~~~KM998962:1-861~~~	99.419	861	5	0	63778	64638	861	1	0.0	1563	79498	861	argannot~~~(Bla)blaTEM-220~~~KM998962:1-861~~~ (Bla)blaTEM-220
contig_9	argannot~~~(Bla)blaTEM-216~~~KF944358:1-861~~~	99.419	861	5	0	63778	64638	861	1	0.0	1563	79498	861	argannot~~~(Bla)blaTEM-216~~~KF944358:1-861~~~ (Bla)blaTEM-216
contig_9	argannot~~~(Bla)blaTEM-201~~~JX310327:1-861~~~	99.419	861	5	0	63778	64638	861	1	0.0	1563	79498	861	argannot~~~(Bla)blaTEM-201~~~JX310327:1-861~~~ (Bla)blaTEM-201
contig_9	argannot~~~(Bla)blaTEM-2~~~AY529705:167-1027~~~	99.419	861	5	0	63778	64638	861	1	0.0	1563	79498	861	argannot~~~(Bla)blaTEM-2~~~AY529705:167-1027~~~ (Bla)blaTEM-2
contig_9	argannot~~~(Bla)blaTEM-185~~~JF795538:1-861~~~	99.419	861	5	0	63778	64638	861	1	0.0	1563	79498	861	argannot~~~(Bla)blaTEM-185~~~JF795538:1-861~~~ (Bla)blaTEM-185
contig_9	argannot~~~(Bla)blaTEM-17~~~Y14574:1-861~~~	99.419	861	5	0	63778	64638	861	1	0.0	1563	79498	861	argannot~~~(Bla)blaTEM-17~~~Y14574:1-861~~~ (Bla)blaTEM-17
contig_9	argannot~~~(Bla)blaTEM-169~~~FJ873740:1-858~~~	99.534	858	4	0	63781	64638	858	1	0.0	1563	79498	858	argannot~~~(Bla)blaTEM-169~~~FJ873740:1-858~~~ (Bla)blaTEM-169
contig_9	argannot~~~(Bla)blaTEM-164~~~EU274580:215-1075~~~	99.419	861	5	0	63778	64638	861	1	0.0	1563	79498	861	argannot~~~(Bla)blaTEM-164~~~EU274580:215-1075~~~ (Bla)blaTEM-164
contig_9	argannot~~~(Bla)blaTEM-155~~~DQ679961:115-975~~~	99.419	861	5	0	63778	64638	861	1	0.0	1563	79498	861	argannot~~~(Bla)blaTEM-155~~~DQ679961:115-975~~~ (Bla)blaTEM-155
contig_9	argannot~~~(Bla)blaTEM-15~~~AM849805:263-1123~~~	99.419	861	5	0	63778	64638	861	1	0.0	1563	79498	861	argannot~~~(Bla)blaTEM-15~~~AM849805:263-1123~~~ (Bla)blaTEM-15
contig_9	argannot~~~(Bla)blaTEM-145~~~DQ105528:1-861~~~	99.419	861	5	0	63778	64638	861	1	0.0	1563	79498	861	argannot~~~(Bla)blaTEM-145~~~DQ105528:1-861~~~ (Bla)blaTEM-145
contig_9	argannot~~~(Bla)blaTEM-128~~~AY359287:186-1046~~~	99.419	861	5	0	63778	64638	861	1	0.0	1563	79498	861	argannot~~~(Bla)blaTEM-128~~~AY359287:186-1046~~~ (Bla)blaTEM-128
contig_9	argannot~~~(Bla)blaTEM-126~~~AY628199:204-1064~~~	99.419	861	5	0	63778	64638	861	1	0.0	1563	79498	861	argannot~~~(Bla)blaTEM-126~~~AY628199:204-1064~~~ (Bla)blaTEM-126
contig_9	argannot~~~(Bla)blaTEM-120~~~AY243512:209-1069~~~	99.419	861	5	0	63778	64638	861	1	0.0	1563	79498	861	argannot~~~(Bla)blaTEM-120~~~AY243512:209-1069~~~ (Bla)blaTEM-120
contig_9	argannot~~~(Bla)blaTEM-12~~~M88143:368-1228~~~	99.419	861	5	0	63778	64638	861	1	0.0	1563	79498	861	argannot~~~(Bla)blaTEM-12~~~M88143:368-1228~~~ (Bla)blaTEM-12
contig_9	argannot~~~(Bla)blaTEM-115~~~AF535127:209-1069~~~	99.419	861	5	0	63778	64638	861	1	0.0	1563	79498	861	argannot~~~(Bla)blaTEM-115~~~AF535127:209-1069~~~ (Bla)blaTEM-115
contig_9	argannot~~~(Bla)blaTEM-109~~~AY628175:211-1071~~~	99.419	861	5	0	63778	64638	861	1	0.0	1563	79498	861	argannot~~~(Bla)blaTEM-109~~~AY628175:211-1071~~~ (Bla)blaTEM-109
contig_9	argannot~~~(Bla)blaTEM-106~~~AY101578:215-1075~~~	99.419	861	5	0	63778	64638	861	1	0.0	1563	79498	861	argannot~~~(Bla)blaTEM-106~~~AY101578:215-1075~~~ (Bla)blaTEM-106
contig_9	argannot~~~(Bla)blaTEM-104~~~AF516719:215-1075~~~	99.419	861	5	0	63778	64638	861	1	0.0	1563	79498	861	argannot~~~(Bla)blaTEM-104~~~AF516719:215-1075~~~ (Bla)blaTEM-104
contig_9	argannot~~~(Bla)blaTEM-97~~~AF397067:1-861~~~	99.648	853	3	0	63778	64630	861	9	0.0	1559	79498	861	argannot~~~(Bla)blaTEM-97~~~AF397067:1-861~~~ (Bla)blaTEM-97
contig_9	argannot~~~(Bla)blaTEM-71~~~AF203816:211-1071~~~	99.303	861	6	0	63778	64638	861	1	0.0	1557	79498	861	argannot~~~(Bla)blaTEM-71~~~AF203816:211-1071~~~ (Bla)blaTEM-71
contig_9	argannot~~~(Bla)blaTEM-53~~~AF104441:194-1054~~~	99.303	861	6	0	63778	64638	861	1	0.0	1557	79498	861	argannot~~~(Bla)blaTEM-53~~~AF104441:194-1054~~~ (Bla)blaTEM-53
contig_9	argannot~~~(Bla)blaTEM-182~~~HQ317449:1-861~~~	99.303	861	6	0	63778	64638	861	1	0.0	1557	79498	861	argannot~~~(Bla)blaTEM-182~~~HQ317449:1-861~~~ (Bla)blaTEM-182
contig_9	argannot~~~(Bla)blaTEM-160~~~EF136377:1-861~~~	99.303	861	6	0	63778	64638	861	1	0.0	1557	79498	861	argannot~~~(Bla)blaTEM-160~~~EF136377:1-861~~~ (Bla)blaTEM-160
contig_9	argannot~~~(Bla)blaTEM-159~~~EF136376:1-861~~~	99.303	861	6	0	63778	64638	861	1	0.0	1557	79498	861	argannot~~~(Bla)blaTEM-159~~~EF136376:1-861~~~ (Bla)blaTEM-159
contig_9	argannot~~~(Bla)blaTEM-158~~~EF534736:214-1074~~~	99.303	861	6	0	63778	64638	861	1	0.0	1557	79498	861	argannot~~~(Bla)blaTEM-158~~~EF534736:214-1074~~~ (Bla)blaTEM-158
contig_9	argannot~~~(Bla)blaTEM-136~~~AY826417:1-861~~~	99.303	861	6	0	63778	64638	861	1	0.0	1557	79498	861	argannot~~~(Bla)blaTEM-136~~~AY826417:1-861~~~ (Bla)blaTEM-136
contig_9	argannot~~~(Bla)blaTEM-133~~~AY528425:1-861~~~	99.303	861	6	0	63778	64638	861	1	0.0	1557	79498	861	argannot~~~(Bla)blaTEM-133~~~AY528425:1-861~~~ (Bla)blaTEM-133
contig_9	argannot~~~(Bla)blaTEM-132~~~AY491682:1-861~~~	99.303	861	6	0	63778	64638	861	1	0.0	1557	79498	861	argannot~~~(Bla)blaTEM-132~~~AY491682:1-861~~~ (Bla)blaTEM-132
contig_9	argannot~~~(Bla)blaTEM-11~~~AY874537:178-1038~~~	99.303	861	6	0	63778	64638	861	1	0.0	1557	79498	861	argannot~~~(Bla)blaTEM-11~~~AY874537:178-1038~~~ (Bla)blaTEM-11
contig_9	argannot~~~(Bla)blaTEM-99~~~AF397066:1-861~~~	99.531	853	4	0	63778	64630	861	9	0.0	1554	79498	861	argannot~~~(Bla)blaTEM-99~~~AF397066:1-861~~~ (Bla)blaTEM-99
contig_9	argannot~~~(Bla)blaTEM-88~~~AY027590:113-973~~~	99.187	861	7	0	63778	64638	861	1	0.0	1552	79498	861	argannot~~~(Bla)blaTEM-88~~~AY027590:113-973~~~ (Bla)blaTEM-88
contig_9	argannot~~~(Bla)blaTEM-83~~~AF427129:209-1069~~~	99.187	861	7	0	63778	64638	861	1	0.0	1552	79498	861	argannot~~~(Bla)blaTEM-83~~~AF427129:209-1069~~~ (Bla)blaTEM-83
contig_9	argannot~~~(Bla)blaTEM-78~~~AF190693:209-1069~~~	99.187	861	7	0	63778	64638	861	1	0.0	1552	79498	861	argannot~~~(Bla)blaTEM-78~~~AF190693:209-1069~~~ (Bla)blaTEM-78
contig_9	argannot~~~(Bla)blaTEM-67~~~AF091113:451-1311~~~	99.187	861	7	0	63778	64638	861	1	0.0	1552	79498	861	argannot~~~(Bla)blaTEM-67~~~AF091113:451-1311~~~ (Bla)blaTEM-67
contig_9	argannot~~~(Bla)blaTEM-47~~~Y10279:1-861~~~	99.187	861	7	0	63778	64638	861	1	0.0	1552	79498	861	argannot~~~(Bla)blaTEM-47~~~Y10279:1-861~~~ (Bla)blaTEM-47
contig_9	argannot~~~(Bla)blaTEM-3~~~X64523:477-1337~~~	99.187	861	7	0	63778	64638	861	1	0.0	1552	79498	861	argannot~~~(Bla)blaTEM-3~~~X64523:477-1337~~~ (Bla)blaTEM-3
contig_9	argannot~~~(Bla)blaTEM-190~~~JN416112:1-861~~~	99.187	861	7	0	63778	64638	861	1	0.0	1552	79498	861	argannot~~~(Bla)blaTEM-190~~~JN416112:1-861~~~ (Bla)blaTEM-190
contig_9	argannot~~~(Bla)blaTEM-188~~~JN211012:214-1074~~~	99.187	861	7	0	63778	64638	861	1	0.0	1552	79498	861	argannot~~~(Bla)blaTEM-188~~~JN211012:214-1074~~~ (Bla)blaTEM-188
contig_9	argannot~~~(Bla)blaTEM-16~~~X65254:176-1036~~~	99.187	861	7	0	63778	64638	861	1	0.0	1552	79498	861	argannot~~~(Bla)blaTEM-16~~~X65254:176-1036~~~ (Bla)blaTEM-16
contig_9	argannot~~~(Bla)blaTEM-138~~~AY853593:215-1075~~~	99.187	861	7	0	63778	64638	861	1	0.0	1552	79498	861	argannot~~~(Bla)blaTEM-138~~~AY853593:215-1075~~~ (Bla)blaTEM-138
contig_9	argannot~~~(Bla)blaTEM-137~~~AM286274:1-861~~~	99.187	861	7	0	63778	64638	861	1	0.0	1552	79498	861	argannot~~~(Bla)blaTEM-137~~~AM286274:1-861~~~ (Bla)blaTEM-137
contig_9	argannot~~~(Bla)blaTEM-111~~~AF468003:1-861~~~	99.187	861	7	0	63778	64638	861	1	0.0	1552	79498	861	argannot~~~(Bla)blaTEM-111~~~AF468003:1-861~~~ (Bla)blaTEM-111
contig_9	argannot~~~(Bla)blaTEM-107~~~AY101764:207-1067~~~	99.187	861	7	0	63778	64638	861	1	0.0	1552	79498	861	argannot~~~(Bla)blaTEM-107~~~AY101764:207-1067~~~ (Bla)blaTEM-107
contig_9	argannot~~~(Bla)blaOXA-9~~~NC_015515:451-1290~~~	100.000	840	0	0	65338	66177	840	1	0.0	1552	79498	840	argannot~~~(Bla)blaOXA-9~~~NC_015515:451-1290~~~ (Bla)blaOXA-9
contig_9	argannot~~~(Bla)blaTEM-92~~~AF143804:1-861~~~	99.071	861	8	0	63778	64638	861	1	0.0	1546	79498	861	argannot~~~(Bla)blaTEM-92~~~AF143804:1-861~~~ (Bla)blaTEM-92
contig_9	argannot~~~(Bla)blaTEM-85~~~AJ277414:1-861~~~	99.071	861	8	0	63778	64638	861	1	0.0	1546	79498	861	argannot~~~(Bla)blaTEM-85~~~AJ277414:1-861~~~ (Bla)blaTEM-85
contig_9	argannot~~~(Bla)blaTEM-8~~~X65252:176-1036~~~	99.071	861	8	0	63778	64638	861	1	0.0	1546	79498	861	argannot~~~(Bla)blaTEM-8~~~X65252:176-1036~~~ (Bla)blaTEM-8
contig_9	argannot~~~(Bla)blaTEM-72~~~AF157553:148-1008~~~	99.071	861	8	0	63778	64638	861	1	0.0	1546	79498	861	argannot~~~(Bla)blaTEM-72~~~AF157553:148-1008~~~ (Bla)blaTEM-72
contig_9	argannot~~~(Bla)blaTEM-68~~~AJ239002:1-861~~~	99.071	861	8	0	63778	64638	861	1	0.0	1546	79498	861	argannot~~~(Bla)blaTEM-68~~~AJ239002:1-861~~~ (Bla)blaTEM-68
contig_9	argannot~~~(Bla)blaTEM-63~~~AF332513:104-964~~~	99.071	861	8	0	63778	64638	861	1	0.0	1546	79498	861	argannot~~~(Bla)blaTEM-63~~~AF332513:104-964~~~ (Bla)blaTEM-63
contig_9	argannot~~~(Bla)blaTEM-48~~~Y10280:1-861~~~	99.071	861	8	0	63778	64638	861	1	0.0	1546	79498	861	argannot~~~(Bla)blaTEM-48~~~Y10280:1-861~~~ (Bla)blaTEM-48
contig_9	argannot~~~(Bla)blaTEM-24~~~GQ293500:4033-4893~~~	99.071	861	8	0	63778	64638	861	1	0.0	1546	79498	861	argannot~~~(Bla)blaTEM-24~~~GQ293500:4033-4893~~~ (Bla)blaTEM-24
contig_9	argannot~~~(Bla)blaTEM-205~~~KC900516:1-858~~~	99.184	858	7	0	63781	64638	858	1	0.0	1546	79498	858	argannot~~~(Bla)blaTEM-205~~~KC900516:1-858~~~ (Bla)blaTEM-205
contig_9	argannot~~~(Bla)blaTEM-162~~~EF468463:67-927~~~	99.071	861	8	0	63778	64638	861	1	0.0	1546	79498	861	argannot~~~(Bla)blaTEM-162~~~EF468463:67-927~~~ (Bla)blaTEM-162
contig_9	argannot~~~(Bla)blaTEM-152~~~DQ834728:206-1066~~~	99.071	861	8	0	63778	64638	861	1	0.0	1546	79498	861	argannot~~~(Bla)blaTEM-152~~~DQ834728:206-1066~~~ (Bla)blaTEM-152
contig_9	argannot~~~(Bla)blaTEM-151~~~DQ834729:206-1066~~~	99.071	861	8	0	63778	64638	861	1	0.0	1546	79498	861	argannot~~~(Bla)blaTEM-151~~~DQ834729:206-1066~~~ (Bla)blaTEM-151
contig_9	argannot~~~(Bla)blaTEM-149~~~DQ369751:1-861~~~	99.071	861	8	0	63778	64638	861	1	0.0	1546	79498	861	argannot~~~(Bla)blaTEM-149~~~DQ369751:1-861~~~ (Bla)blaTEM-149
contig_9	argannot~~~(Bla)blaTEM-144~~~DQ256080:215-1075~~~	99.071	861	8	0	63778	64638	861	1	0.0	1546	79498	861	argannot~~~(Bla)blaTEM-144~~~DQ256080:215-1075~~~ (Bla)blaTEM-144
contig_9	argannot~~~(Bla)blaTEM-142~~~DQ388882:1-861~~~	99.071	861	8	0	63778	64638	861	1	0.0	1546	79498	861	argannot~~~(Bla)blaTEM-142~~~DQ388882:1-861~~~ (Bla)blaTEM-142
contig_9	argannot~~~(Bla)blaTEM-134~~~AY574271:1-861~~~	99.071	861	8	0	63778	64638	861	1	0.0	1546	79498	861	argannot~~~(Bla)blaTEM-134~~~AY574271:1-861~~~ (Bla)blaTEM-134
contig_9	argannot~~~(Bla)blaTEM-114~~~AY589495:182-1042~~~	99.071	861	8	0	63778	64638	861	1	0.0	1546	79498	861	argannot~~~(Bla)blaTEM-114~~~AY589495:182-1042~~~ (Bla)blaTEM-114
contig_9	argannot~~~(Bla)blaTEM-131~~~AY436361:132-992~~~	98.955	861	9	0	63778	64638	861	1	0.0	1543	79498	861	argannot~~~(Bla)blaTEM-131~~~AY436361:132-992~~~ (Bla)blaTEM-131
contig_9	argannot~~~(Bla)blaTEM-108~~~AF506748:39-899~~~	99.297	853	6	0	63778	64630	861	9	0.0	1543	79498	861	argannot~~~(Bla)blaTEM-108~~~AF506748:39-899~~~ (Bla)blaTEM-108
contig_9	argannot~~~(Bla)blaTEM-94~~~AJ318094:1-861~~~	98.955	861	9	0	63778	64638	861	1	0.0	1541	79498	861	argannot~~~(Bla)blaTEM-94~~~AJ318094:1-861~~~ (Bla)blaTEM-94
contig_9	argannot~~~(Bla)blaTEM-87~~~AF250872:1-861~~~	98.955	861	9	0	63778	64638	861	1	0.0	1541	79498	861	argannot~~~(Bla)blaTEM-87~~~AF250872:1-861~~~ (Bla)blaTEM-87
contig_9	argannot~~~(Bla)blaTEM-86~~~AJ277415:1-861~~~	98.955	861	9	0	63778	64638	861	1	0.0	1541	79498	861	argannot~~~(Bla)blaTEM-86~~~AJ277415:1-861~~~ (Bla)blaTEM-86
contig_9	argannot~~~(Bla)blaTEM-49~~~Y10281:1-861~~~	98.955	861	9	0	63778	64638	861	1	0.0	1541	79498	861	argannot~~~(Bla)blaTEM-49~~~Y10281:1-861~~~ (Bla)blaTEM-49
contig_9	argannot~~~(Bla)blaTEM-22~~~Y17583:214-1071~~~	99.068	858	8	0	63781	64638	858	1	0.0	1541	79498	858	argannot~~~(Bla)blaTEM-22~~~Y17583:214-1071~~~ (Bla)blaTEM-22
contig_9	argannot~~~(Bla)blaTEM-167~~~FJ360884:214-1074~~~	98.955	861	9	0	63778	64638	861	1	0.0	1541	79498	861	argannot~~~(Bla)blaTEM-167~~~FJ360884:214-1074~~~ (Bla)blaTEM-167
contig_9	argannot~~~(Bla)blaTEM-139~~~DQ072853:1-861~~~	98.955	861	9	0	63778	64638	861	1	0.0	1541	79498	861	argannot~~~(Bla)blaTEM-139~~~DQ072853:1-861~~~ (Bla)blaTEM-139
contig_9	argannot~~~(Bla)blaTEM-121~~~AY307374:1-861~~~	98.955	861	9	0	63778	64638	861	1	0.0	1541	79498	861	argannot~~~(Bla)blaTEM-121~~~AY307374:1-861~~~ (Bla)blaTEM-121
contig_9	argannot~~~(Bla)blaTEM-113~~~AY589494:194-1054~~~	98.955	861	9	0	63778	64638	861	1	0.0	1541	79498	861	argannot~~~(Bla)blaTEM-113~~~AY589494:194-1054~~~ (Bla)blaTEM-113
contig_9	argannot~~~(Bla)blaTEM-101~~~AF495873:1-861~~~	98.955	861	9	0	63778	64638	861	1	0.0	1541	79498	861	argannot~~~(Bla)blaTEM-101~~~AF495873:1-861~~~ (Bla)blaTEM-101
contig_9	argannot~~~(Bla)blaTEM-187~~~HM246246:212-1069~~~	99.067	857	8	0	63782	64638	857	1	0.0	1539	79498	858	argannot~~~(Bla)blaTEM-187~~~HM246246:212-1069~~~ (Bla)blaTEM-187
contig_9	argannot~~~(Bla)blaTEM-211~~~KF513179:1-861~~~	98.839	861	10	0	63778	64638	861	1	0.0	1535	79498	861	argannot~~~(Bla)blaTEM-211~~~KF513179:1-861~~~ (Bla)blaTEM-211
contig_9	argannot~~~(Bla)blaTEM-21~~~AF466526:1346-2206~~~	98.839	861	10	0	63778	64638	861	1	0.0	1535	79498	861	argannot~~~(Bla)blaTEM-21~~~AF466526:1346-2206~~~ (Bla)blaTEM-21
contig_9	argannot~~~(Bla)blaTEM-177~~~FN652295:1-861~~~	98.839	861	10	0	63778	64638	861	1	0.0	1535	79498	861	argannot~~~(Bla)blaTEM-177~~~FN652295:1-861~~~ (Bla)blaTEM-177
contig_9	argannot~~~(Bla)blaTEM-130~~~AJ866988:1-861~~~	98.839	861	10	0	63778	64638	861	1	0.0	1535	79498	861	argannot~~~(Bla)blaTEM-130~~~AJ866988:1-861~~~ (Bla)blaTEM-130
contig_9	argannot~~~(Bla)blaTEM-199~~~JX050178:1-853~~~	99.062	853	8	0	63778	64630	853	1	0.0	1531	79498	853	argannot~~~(Bla)blaTEM-199~~~JX050178:1-853~~~ (Bla)blaTEM-199
contig_9	argannot~~~(Bla)blaTEM-125~~~AY628176:76-936~~~	98.722	861	11	0	63778	64638	861	1	0.0	1530	79498	861	argannot~~~(Bla)blaTEM-125~~~AY628176:76-936~~~ (Bla)blaTEM-125
contig_9	argannot~~~(Bla)blaTEM-124~~~AY327540:1-858~~~	98.722	861	8	1	63778	64638	858	1	0.0	1526	79498	858	argannot~~~(Bla)blaTEM-124~~~AY327540:1-858~~~ (Bla)blaTEM-124
contig_9	argannot~~~(Bla)blaTEM-123~~~AY327539:1-858~~~	98.722	861	8	1	63778	64638	858	1	0.0	1526	79498	858	argannot~~~(Bla)blaTEM-123~~~AY327539:1-858~~~ (Bla)blaTEM-123
contig_9	argannot~~~(Bla)blaTEM-195~~~JN935137:1-861~~~	98.490	861	13	0	63778	64638	861	1	0.0	1519	79498	861	argannot~~~(Bla)blaTEM-195~~~JN935137:1-861~~~ (Bla)blaTEM-195
contig_9	argannot~~~(Bla)blaTEM-60~~~AF047171:136-996~~~	98.374	861	14	0	63778	64638	861	1	0.0	1513	79498	861	argannot~~~(Bla)blaTEM-60~~~AF047171:136-996~~~ (Bla)blaTEM-60
contig_9	argannot~~~(Bla)blaTEM-42~~~X98047:1-844~~~	98.934	844	9	0	63786	64629	844	1	0.0	1509	79498	844	argannot~~~(Bla)blaTEM-42~~~X98047:1-844~~~ (Bla)blaTEM-42
contig_9	argannot~~~(Bla)blaTEM-59~~~AF062386:31-862~~~	99.279	832	6	0	63807	64638	832	1	0.0	1504	79498	832	argannot~~~(Bla)blaTEM-59~~~AF062386:31-862~~~ (Bla)blaTEM-59
contig_9	argannot~~~(Bla)blaTEM-89~~~AY039040:189-1022~~~	99.041	834	8	0	63805	64638	834	1	0.0	1496	79498	834	argannot~~~(Bla)blaTEM-89~~~AY039040:189-1022~~~ (Bla)blaTEM-89
contig_9	argannot~~~(Bla)blaTEM-193~~~JN935135:1-861~~~	97.912	862	16	2	63778	64638	861	1	0.0	1491	79498	861	argannot~~~(Bla)blaTEM-193~~~JN935135:1-861~~~ (Bla)blaTEM-193
contig_9	argannot~~~(Bla)blaTEM-102~~~AY029354:3-833~~~	99.149	823	7	0	63808	64630	831	9	0.0	1482	79498	831	argannot~~~(Bla)blaTEM-102~~~AY029354:3-833~~~ (Bla)blaTEM-102
contig_9	argannot~~~(Bla)blaTEM-194~~~JN935136:1-861~~~	97.445	861	22	0	63778	64638	861	1	0.0	1469	79498	861	argannot~~~(Bla)blaTEM-194~~~JN935136:1-861~~~ (Bla)blaTEM-194
contig_9	argannot~~~(Bla)blaTEM-1~~~JQ735917:1-861~~~	99.383	810	4	1	63830	64638	810	1	0.0	1467	79498	810	argannot~~~(Bla)blaTEM-1~~~JQ735917:1-861~~~ (Bla)blaTEM-1
contig_9	argannot~~~(Bla)blaTEM-178~~~X97254:154-1011~~~	97.448	862	17	3	63778	64638	858	1	0.0	1465	79498	858	argannot~~~(Bla)blaTEM-178~~~X97254:154-1011~~~ (Bla)blaTEM-178
contig_9	argannot~~~(Bla)blaTEM-26B~~~L19940:198-1006~~~	99.258	809	6	0	63830	64638	809	1	0.0	1461	79498	809	argannot~~~(Bla)blaTEM-26B~~~L19940:198-1006~~~ (Bla)blaTEM-26B
contig_9	argannot~~~(Bla)blaTEM-10~~~U09188:198-1005~~~	99.257	808	6	0	63831	64638	808	1	0.0	1459	79498	808	argannot~~~(Bla)blaTEM-10~~~U09188:198-1005~~~ (Bla)blaTEM-10
contig_9	argannot~~~(AGly)aadA1-pm~~~JQ690540:7968-8798~~~	99.380	807	1	2	66222	67025	831	26	0.0	1459	79498	831	argannot~~~(AGly)aadA1-pm~~~JQ690540:7968-8798~~~ (AGly)aadA1-pm
contig_9	argannot~~~(Bla)blaTEM-7~~~AF527798:1-785~~~	99.236	785	6	0	63818	64602	785	1	0.0	1417	79498	785	argannot~~~(Bla)blaTEM-7~~~AF527798:1-785~~~ (Bla)blaTEM-7
contig_9	argannot~~~(Bla)blaTEM-118~~~AY130285:1-785~~~	99.236	785	6	0	63818	64602	785	1	0.0	1417	79498	785	argannot~~~(Bla)blaTEM-118~~~AY130285:1-785~~~ (Bla)blaTEM-118
contig_9	argannot~~~(Bla)blaTEM-110~~~AY130283:1-785~~~	99.236	785	6	0	63818	64602	785	1	0.0	1417	79498	785	argannot~~~(Bla)blaTEM-110~~~AY130283:1-785~~~ (Bla)blaTEM-110
contig_9	argannot~~~(AGly)aadA1~~~M95287:3320-4111~~~	98.990	792	5	1	66222	67010	792	1	0.0	1415	79498	792	argannot~~~(AGly)aadA1~~~M95287:3320-4111~~~ (AGly)aadA1
contig_9	argannot~~~(Bla)blaTEM-75~~~AY130284:1-785~~~	99.108	785	7	0	63818	64602	785	1	0.0	1411	79498	785	argannot~~~(Bla)blaTEM-75~~~AY130284:1-785~~~ (Bla)blaTEM-75
contig_9	argannot~~~(Bla)blaTEM-117~~~AY130282:1-764~~~	99.607	764	3	0	63839	64602	764	1	0.0	1395	79498	764	argannot~~~(Bla)blaTEM-117~~~AY130282:1-764~~~ (Bla)blaTEM-117
contig_9	argannot~~~(Bla)blaTEM-191~~~JF949916:1-757~~~	99.604	757	3	0	63852	64608	757	1	0.0	1382	79498	757	argannot~~~(Bla)blaTEM-191~~~JF949916:1-757~~~ (Bla)blaTEM-191
contig_9	argannot~~~(Bla)blaTEM-192~~~JF949915:1-754~~~	99.602	754	3	0	63855	64608	754	1	0.0	1376	79498	754	argannot~~~(Bla)blaTEM-192~~~JF949915:1-754~~~ (Bla)blaTEM-192
contig_9	argannot~~~(AGly)aadA22~~~AM261837:74-865~~~	96.843	792	22	1	66222	67010	792	1	0.0	1321	79498	792	argannot~~~(AGly)aadA22~~~AM261837:74-865~~~ (AGly)aadA22
contig_9	argannot~~~(AGly)aadA21~~~AY171244:47-838~~~	96.717	792	23	1	66222	67010	792	1	0.0	1315	79498	792	argannot~~~(AGly)aadA21~~~AY171244:47-838~~~ (AGly)aadA21
contig_9	argannot~~~(AGly)aadA23~~~AJ809407:119-898~~~	97.280	772	18	1	66222	66990	780	9	0.0	1306	79498	780	argannot~~~(AGly)aadA23~~~AJ809407:119-898~~~ (AGly)aadA23
contig_9	argannot~~~(AGly)aadA15~~~DQ393783:1800-2591~~~	96.582	790	24	1	66224	67010	790	1	0.0	1306	79498	792	argannot~~~(AGly)aadA15~~~DQ393783:1800-2591~~~ (AGly)aadA15
contig_9	argannot~~~(AGly)aadA12~~~AY665771:1-792~~~	94.430	790	41	1	66224	67010	790	1	0.0	1212	79498	792	argannot~~~(AGly)aadA12~~~AY665771:1-792~~~ (AGly)aadA12
contig_9	argannot~~~(AGly)aadA17~~~FJ460181:774-1565~~~	93.418	790	49	1	66224	67010	790	1	0.0	1168	79498	792	argannot~~~(AGly)aadA17~~~FJ460181:774-1565~~~ (AGly)aadA17
contig_9	argannot~~~(AGly)aadA11~~~AJ567827:1-792~~~	92.785	790	54	1	66224	67010	790	1	0.0	1140	79498	792	argannot~~~(AGly)aadA11~~~AJ567827:1-792~~~ (AGly)aadA11
contig_9	argannot~~~(AGly)aadA24~~~HQ123586:88-768~~~	93.059	778	51	1	66224	66998	778	1	0.0	1134	79498	780	argannot~~~(AGly)aadA24~~~HQ123586:88-768~~~ (AGly)aadA24
contig_9	argannot~~~(AGly)aac6-Ib~~~M21682:380-985~~~	100.000	606	0	0	67080	67685	606	1	0.0	1120	79498	606	argannot~~~(AGly)aac6-Ib~~~M21682:380-985~~~ (AGly)aac6-Ib
contig_9	argannot~~~(AGly)aadA8b~~~AM040708:1174-1965~~~	91.919	792	61	1	66222	67010	792	1	0.0	1105	79498	792	argannot~~~(AGly)aadA8b~~~AM040708:1174-1965~~~ (AGly)aadA8b
contig_9	argannot~~~(AGly)aadA8~~~AF326210:1-792~~~	91.667	792	63	1	66222	67010	792	1	0.0	1094	79498	792	argannot~~~(AGly)aadA8~~~AF326210:1-792~~~ (AGly)aadA8
contig_9	argannot~~~(AGly)ant3''Ih-Aac6-IId~~~AF453998:3555-4946~~~	99.659	587	2	0	67080	67666	1392	806	0.0	1074	79498	1392	argannot~~~(AGly)ant3''Ih-Aac6-IId~~~AF453998:3555-4946~~~ (AGly)ant3''Ih-Aac6-IId
contig_9	argannot~~~(AGly)aadA3~~~AF047479:1296-2087~~~	90.530	792	72	1	66222	67010	792	1	0.0	1044	79498	792	argannot~~~(AGly)aadA3~~~AF047479:1296-2087~~~ (AGly)aadA3
contig_9	argannot~~~(AGly)aacA4~~~AF416297:2738-3304~~~	99.469	565	3	0	67080	67644	567	3	0.0	1027	79498	567	argannot~~~(AGly)aacA4~~~AF416297:2738-3304~~~ (AGly)aacA4
contig_9	argannot~~~(AGly)aadA13~~~AY713504:1-798~~~	89.362	799	81	2	66215	67010	798	1	0.0	1002	79498	798	argannot~~~(AGly)aadA13~~~AY713504:1-798~~~ (AGly)aadA13
contig_9	argannot~~~(AGly)aac3-Ib-Aac6-Ib~~~AF355189:1435-2439~~~	99.278	554	4	0	67080	67633	1005	452	0.0	1002	79498	1005	argannot~~~(AGly)aac3-Ib-Aac6-Ib~~~AF355189:1435-2439~~~ (AGly)aac3-Ib-Aac6-Ib
contig_9	argannot~~~(AGly)aadA2~~~X68227:66-945~~~	89.740	770	76	1	66224	66990	778	9	0.0	981	79498	780	argannot~~~(AGly)aadA2~~~X68227:66-945~~~ (AGly)aadA2
contig_9	argannot~~~(AGly_Flqn)aac(6')-Ib-cr~~~EF636461:1124-1642~~~	99.422	519	3	0	67080	67598	519	1	0.0	942	79498	519	argannot~~~(AGly_Flqn)aac(6')-Ib-cr~~~EF636461:1124-1642~~~ (AGly_Flqn)aac(6')-Ib-cr
contig_9	argannot~~~(AGly)aac6-31~~~AJ640197:2474-2992~~~	84.971	519	78	0	67080	67598	519	1	2.66e-148	527	79498	519	argannot~~~(AGly)aac6-31~~~AJ640197:2474-2992~~~ (AGly)aac6-31
