contig_3	card~~~oqxB~~~EU370913.1:47850-51003~~~diaminopyrimidine;fluoroquinolone;glycylcycline;nitrofuran;tetracycline	100.000	3153	0	0	2597799	2600951	3153	1	0.0	5823	5306069	3153	card~~~oqxB~~~EU370913.1:47850-51003~~~diaminopyrimidine;fluoroquinolone;glycylcycline;nitrofuran;tetracycline RND efflux pump conferring resistance to fluoroquinolone.
contig_3	card~~~LptD~~~CP007727.1:809555-807206~~~aminocoumarin;carbapenem;peptide;rifamycin	100.000	2349	0	0	524803	527151	1	2349	0.0	4338	5306069	2349	card~~~LptD~~~CP007727.1:809555-807206~~~aminocoumarin;carbapenem;peptide;rifamycin LptD is involved in LPS transport in a ABC Transporter efflux system. It confers resistance to rifamycin, aminocoumarin, and peptide antibiotics.
contig_3	card~~~eptB~~~FO203501.1:5123640-5125365~~~peptide	99.652	1725	6	0	1586494	1588218	1	1725	0.0	3153	5306069	1725	card~~~eptB~~~FO203501.1:5123640-5125365~~~peptide eptB is a phosphoethanolamine transferase. It confers resistance to peptide antibiotics.
contig_3	card~~~ArnT~~~FO834906.1:304977-306633~~~peptide	99.819	1656	3	0	1668201	1669856	1	1656	0.0	3042	5306069	1656	card~~~ArnT~~~FO834906.1:304977-306633~~~peptide ArnT is involved in Cell Wall Biosynthesis, specifically 4-amino-4-deoxy-L-arabinose (Ara4N). It confers resistance to peptide antibiotics.
contig_3	card~~~acrB~~~U00096.3:484403-481253~~~cephalosporin;disinfecting_agents_and_antiseptics;fluoroquinolone;glycylcycline;penicillin_beta-lactam;phenicol;rifamycin;tetracycline	84.004	3157	484	18	89396	92540	1	3148	0.0	3013	5306069	3150	card~~~acrB~~~U00096.3:484403-481253~~~cephalosporin;disinfecting_agents_and_antiseptics;fluoroquinolone;glycylcycline;penicillin_beta-lactam;phenicol;rifamycin;tetracycline Protein subunit of AcrA-AcrB-TolC multidrug efflux complex. AcrB functions as a herterotrimer which forms the inner membrane component and is primarily responsible for substrate recognition and energy transduction by acting as a drug/proton antiporter.
contig_3	card~~~acrB~~~U00096.3:484403-481253~~~cephalosporin;disinfecting_agents_and_antiseptics;fluoroquinolone;glycylcycline;penicillin_beta-lactam;phenicol;rifamycin;tetracycline	76.976	582	121	9	2836055	2836628	1555	979	9.29e-84	320	5306069	3150	card~~~acrB~~~U00096.3:484403-481253~~~cephalosporin;disinfecting_agents_and_antiseptics;fluoroquinolone;glycylcycline;penicillin_beta-lactam;phenicol;rifamycin;tetracycline Protein subunit of AcrA-AcrB-TolC multidrug efflux complex. AcrB functions as a herterotrimer which forms the inner membrane component and is primarily responsible for substrate recognition and energy transduction by acting as a drug/proton antiporter.
contig_3	card~~~acrB~~~U00096.3:484403-481253~~~cephalosporin;disinfecting_agents_and_antiseptics;fluoroquinolone;glycylcycline;penicillin_beta-lactam;phenicol;rifamycin;tetracycline	76.681	476	101	10	1440341	1440811	1463	993	2.66e-64	255	5306069	3150	card~~~acrB~~~U00096.3:484403-481253~~~cephalosporin;disinfecting_agents_and_antiseptics;fluoroquinolone;glycylcycline;penicillin_beta-lactam;phenicol;rifamycin;tetracycline Protein subunit of AcrA-AcrB-TolC multidrug efflux complex. AcrB functions as a herterotrimer which forms the inner membrane component and is primarily responsible for substrate recognition and energy transduction by acting as a drug/proton antiporter.
contig_3	card~~~MdtQ~~~CP133868.1:5053037-5051597~~~carbapenem;cephalosporin;monobactam;penicillin_beta-lactam	99.375	1440	9	0	3085876	3087315	1	1440	0.0	2610	5306069	1440	card~~~MdtQ~~~CP133868.1:5053037-5051597~~~carbapenem;cephalosporin;monobactam;penicillin_beta-lactam MdtQ is a putative multidrug resistance outer membrane protein found in carbapenem-resistant Klebsiella pneumoniae.
contig_3	card~~~mdtC~~~U00096.1:2158385-2161463~~~aminocoumarin	81.815	3052	553	2	3139558	3142608	3051	1	0.0	2560	5306069	3078	card~~~mdtC~~~U00096.1:2158385-2161463~~~aminocoumarin MdtC is a transporter that forms a heteromultimer complex with MdtB to form a multidrug transporter. MdtBC is part of the MdtABC-TolC efflux complex. In the absence of MdtB, MdtC can form a homomultimer complex that results in a functioning efflux complex with a narrower drug specificity. mdtC corresponds to 3 loci in Pseudomonas aeruginosa PAO1 (gene name: muxC/muxB) and 3 loci in Pseudomonas aeruginosa LESB58.
contig_3	card~~~mdtB~~~U00096.1:2155262-2158385~~~aminocoumarin	81.470	3130	566	13	3142609	3145731	3123	1	0.0	2555	5306069	3123	card~~~mdtB~~~U00096.1:2155262-2158385~~~aminocoumarin MdtB is a transporter that forms a heteromultimer complex with MdtC to form a multidrug transporter. MdtBC is part of the MdtABC-TolC efflux complex.
contig_3	card~~~acrD~~~AP009048.1:2586250-2589364~~~aminoglycoside	80.492	3127	584	25	2834493	2837606	3114	1	0.0	2372	5306069	3114	card~~~acrD~~~AP009048.1:2586250-2589364~~~aminoglycoside AcrD is an aminoglycoside efflux pump expressed in E. coli. Its expression can be induced by indole, and is regulated by baeRS and cpxAR.
contig_3	card~~~acrD~~~AP009048.1:2586250-2589364~~~aminoglycoside	79.433	423	81	6	1440326	1440745	1478	1059	5.63e-76	294	5306069	3114	card~~~acrD~~~AP009048.1:2586250-2589364~~~aminoglycoside AcrD is an aminoglycoside efflux pump expressed in E. coli. Its expression can be induced by indole, and is regulated by baeRS and cpxAR.
contig_3	card~~~oqxA~~~EU370913.1:46651-47827~~~diaminopyrimidine;fluoroquinolone;glycylcycline;nitrofuran;tetracycline	100.000	1176	0	0	2600975	2602150	1176	1	0.0	2172	5306069	1176	card~~~oqxA~~~EU370913.1:46651-47827~~~diaminopyrimidine;fluoroquinolone;glycylcycline;nitrofuran;tetracycline RND efflux pump conferring resistance to fluoroquinolone.
contig_3	card~~~Klebsiella_pneumoniae_KpnG~~~ACWO01000051.1:22092-23265~~~aminoglycoside;carbapenem;cephalosporin;fluoroquinolone;macrolide;penicillin_beta-lactam;peptide	99.488	1173	6	0	2551701	2552873	1173	1	0.0	2134	5306069	1173	card~~~Klebsiella_pneumoniae_KpnG~~~ACWO01000051.1:22092-23265~~~aminoglycoside;carbapenem;cephalosporin;fluoroquinolone;macrolide;penicillin_beta-lactam;peptide KpnG consists of ~390 residues and resembles EmrA of E. coli. Disruption of the pump components KpnG-KpnH signficantly decrease resistance to azithromycin, ceftazidime, ciprofloxacin, ertapenem, erythromycin, gentamicin, imipenem, ticarcillin, norfloxacin, polymyxin-B, piperacillin, spectinomycin, tobramycin, and streptomycin.
contig_3	card~~~OmpA~~~FO834906.1:2175099-2173974~~~peptide	99.822	1125	2	0	4754343	4755467	1	1125	0.0	2067	5306069	1125	card~~~OmpA~~~FO834906.1:2175099-2173974~~~peptide OmpA is a porin that confers resistance to beta-lactam antibiotics.
contig_3	card~~~Klebsiella_pneumoniae_acrA~~~AJ318073.1:793-1990~~~cephalosporin;disinfecting_agents_and_antiseptics;fluoroquinolone;glycylcycline;penicillin_beta-lactam;phenicol;rifamycin;tetracycline	97.744	1197	24	2	88180	89373	1	1197	0.0	2058	5306069	1197	card~~~Klebsiella_pneumoniae_acrA~~~AJ318073.1:793-1990~~~cephalosporin;disinfecting_agents_and_antiseptics;fluoroquinolone;glycylcycline;penicillin_beta-lactam;phenicol;rifamycin;tetracycline AcrA is a subunit of the AcrAB multidrug efflux system that is found in K. pneumoniae, which is encoded by the acrRAB operon.
contig_3	card~~~Klebsiella_pneumoniae_OmpK37~~~AJ011502.1:300-1425~~~carbapenem;cephalosporin;monobactam;penicillin_beta-lactam	95.498	1155	22	14	4314517	4315671	1	1125	0.0	1818	5306069	1125	card~~~Klebsiella_pneumoniae_OmpK37~~~AJ011502.1:300-1425~~~carbapenem;cephalosporin;monobactam;penicillin_beta-lactam Klebsiella pneumoniae outer membrane porin protein. Is preferentially detected in porin-deficient strains. Functional characterization of this new porin revealed a narrower pore than those of porins OmpK35 and OmpK36, which did not allow penetration by certain beta-lactams. Also, when a resistant strain expresses porin OmpK37 is less susceptible to cefotaxime and cefoxitin than when it is expressing either OmpK36 or OmpK35.
contig_3	card~~~Klebsiella_pneumoniae_OmpK37~~~AJ011502.1:300-1425~~~carbapenem;cephalosporin;monobactam;penicillin_beta-lactam	75.835	389	72	13	256581	256952	1044	661	5.92e-41	178	5306069	1125	card~~~Klebsiella_pneumoniae_OmpK37~~~AJ011502.1:300-1425~~~carbapenem;cephalosporin;monobactam;penicillin_beta-lactam Klebsiella pneumoniae outer membrane porin protein. Is preferentially detected in porin-deficient strains. Functional characterization of this new porin revealed a narrower pore than those of porins OmpK35 and OmpK36, which did not allow penetration by certain beta-lactams. Also, when a resistant strain expresses porin OmpK37 is less susceptible to cefotaxime and cefoxitin than when it is expressing either OmpK36 or OmpK35.
contig_3	card~~~SHV-182~~~KP050489.1:0-861~~~cephalosporin;penicillin_beta-lactam	99.884	861	1	0	4148681	4149541	1	861	0.0	1585	5306069	861	card~~~SHV-182~~~KP050489.1:0-861~~~cephalosporin;penicillin_beta-lactam SHV-182 is a beta-lactamase. Name originally from the historical Lahey list of beta-lactamases, some of which did not include sequence data.
contig_3	card~~~SHV-159~~~JX121126.1:0-858~~~cephalosporin;penicillin_beta-lactam	99.883	858	1	0	4148681	4149538	1	858	0.0	1580	5306069	858	card~~~SHV-159~~~JX121126.1:0-858~~~cephalosporin;penicillin_beta-lactam SHV-159 is a beta-lactamase.
contig_3	card~~~SHV-158~~~JX121125.1:0-858~~~cephalosporin;penicillin_beta-lactam	99.883	858	1	0	4148681	4149538	1	858	0.0	1580	5306069	858	card~~~SHV-158~~~JX121125.1:0-858~~~cephalosporin;penicillin_beta-lactam SHV-158 is a beta-lactamase.
contig_3	card~~~SHV-11~~~X98101.1:73-934~~~cephalosporin;penicillin_beta-lactam	99.768	861	2	0	4148681	4149541	1	861	0.0	1580	5306069	861	card~~~SHV-11~~~X98101.1:73-934~~~cephalosporin;penicillin_beta-lactam SHV-11 is a broad-spectrum beta-lactamase found in E. coli, Klebsiella pneumoniae, Proteus mirabilis, and Shigella dysenteriae.
contig_3	card~~~SHV-155~~~JX121122.1:0-858~~~cephalosporin;penicillin_beta-lactam	99.883	856	1	0	4148681	4149536	1	856	0.0	1576	5306069	858	card~~~SHV-155~~~JX121122.1:0-858~~~cephalosporin;penicillin_beta-lactam SHV-155 is a beta-lactamase.
contig_3	card~~~SHV-156~~~JX121123.1:0-861~~~cephalosporin;penicillin_beta-lactam	99.652	861	3	0	4148681	4149541	1	861	0.0	1574	5306069	861	card~~~SHV-156~~~JX121123.1:0-861~~~cephalosporin;penicillin_beta-lactam SHV-156 is a beta-lactamase.
contig_3	card~~~SHV-75~~~AM176550.2:30-891~~~cephalosporin;penicillin_beta-lactam	99.535	861	4	0	4148681	4149541	1	861	0.0	1568	5306069	861	card~~~SHV-75~~~AM176550.2:30-891~~~cephalosporin;penicillin_beta-lactam SHV-75 is a broad-spectrum beta-lactamase that is found in clinical isolates.
contig_3	card~~~SHV-74~~~AM176549.2:30-891~~~cephalosporin;penicillin_beta-lactam	99.535	861	4	0	4148681	4149541	1	861	0.0	1568	5306069	861	card~~~SHV-74~~~AM176549.2:30-891~~~cephalosporin;penicillin_beta-lactam SHV-74 is a broad-spectrum beta-lactamase found in Klebsiella pneumoniae.
contig_3	card~~~SHV-70~~~DQ013287.1:0-861~~~cephalosporin;penicillin_beta-lactam	99.535	861	4	0	4148681	4149541	1	861	0.0	1568	5306069	861	card~~~SHV-70~~~DQ013287.1:0-861~~~cephalosporin;penicillin_beta-lactam SHV-70 is an extended-spectrum beta-lactamase found in Enterobacter cloacae.
contig_3	card~~~SHV-69~~~DQ174308.1:4-865~~~cephalosporin;penicillin_beta-lactam	99.535	861	4	0	4148681	4149541	1	861	0.0	1568	5306069	861	card~~~SHV-69~~~DQ174308.1:4-865~~~cephalosporin;penicillin_beta-lactam SHV-69 is a beta-lactamase found in Klebsiella pneumoniae.
contig_3	card~~~SHV-67~~~DQ174307.1:4-865~~~cephalosporin;penicillin_beta-lactam	99.535	861	4	0	4148681	4149541	1	861	0.0	1568	5306069	861	card~~~SHV-67~~~DQ174307.1:4-865~~~cephalosporin;penicillin_beta-lactam SHV-67 is a beta-lactamase found in Klebsiella pneumoniae.
contig_3	card~~~SHV-31~~~AY277255.2:66-927~~~cephalosporin;penicillin_beta-lactam	99.535	861	4	0	4148681	4149541	1	861	0.0	1568	5306069	861	card~~~SHV-31~~~AY277255.2:66-927~~~cephalosporin;penicillin_beta-lactam SHV-31 is an extended-spectrum beta-lactamase found in Klebsiella pneumoniae.
contig_3	card~~~SHV-25~~~AF208796.2:0-861~~~cephalosporin;penicillin_beta-lactam	99.535	861	4	0	4148681	4149541	1	861	0.0	1568	5306069	861	card~~~SHV-25~~~AF208796.2:0-861~~~cephalosporin;penicillin_beta-lactam SHV-25 is a broad-spectrum beta-lactamase found in Klebsiella pneumoniae.
contig_3	card~~~SHV-228~~~NG_062300.1:0-861~~~cephalosporin;penicillin_beta-lactam	99.535	861	4	0	4148681	4149541	1	861	0.0	1568	5306069	861	card~~~SHV-228~~~NG_062300.1:0-861~~~cephalosporin;penicillin_beta-lactam A beta-lactamase gene found in Klebsiella pneumoniae.
contig_3	card~~~SHV-227~~~NG_062299.1:0-861~~~cephalosporin;penicillin_beta-lactam	99.535	861	4	0	4148681	4149541	1	861	0.0	1568	5306069	861	card~~~SHV-227~~~NG_062299.1:0-861~~~cephalosporin;penicillin_beta-lactam Beta-lactamase gene from Klebsiella pneumoniae.
contig_3	card~~~SHV-215~~~NG_062287.1:0-861~~~cephalosporin;penicillin_beta-lactam	99.535	861	4	0	4148681	4149541	1	861	0.0	1568	5306069	861	card~~~SHV-215~~~NG_062287.1:0-861~~~cephalosporin;penicillin_beta-lactam A beta-lactamase gene found in Klebsiella pneumoniae.
contig_3	card~~~SHV-187~~~LN515533.1:0-867~~~cephalosporin;penicillin_beta-lactam	99.308	867	6	0	4148675	4149541	1	867	0.0	1568	5306069	867	card~~~SHV-187~~~LN515533.1:0-867~~~cephalosporin;penicillin_beta-lactam SHV-187 is a beta-lactamase. Name originally from the historical Lahey list of beta-lactamases, some of which did not include sequence data.
contig_3	card~~~SHV-185~~~KM233164.1:0-861~~~cephalosporin;penicillin_beta-lactam	99.535	861	4	0	4148681	4149541	1	861	0.0	1568	5306069	861	card~~~SHV-185~~~KM233164.1:0-861~~~cephalosporin;penicillin_beta-lactam SHV-185 is a beta-lactamase. Name originally from the historical Lahey list of beta-lactamases, some of which did not include sequence data.
contig_3	card~~~SHV-173~~~KF513178.1:0-861~~~cephalosporin;penicillin_beta-lactam	99.535	861	4	0	4148681	4149541	1	861	0.0	1568	5306069	861	card~~~SHV-173~~~KF513178.1:0-861~~~cephalosporin;penicillin_beta-lactam SHV-173 is a beta-lactamase. Name originally from the historical Lahey list of beta-lactamases, some of which did not include sequence data.
contig_3	card~~~SHV-13~~~AF164577.1:0-861~~~cephalosporin;penicillin_beta-lactam	99.535	861	4	0	4148681	4149541	1	861	0.0	1568	5306069	861	card~~~SHV-13~~~AF164577.1:0-861~~~cephalosporin;penicillin_beta-lactam SHV-13 is an extended-spectrum beta-lactamase found in Klebsiella pneumoniae.
contig_3	card~~~SHV-116~~~NG_068211.1:100-961~~~cephalosporin;penicillin_beta-lactam	99.535	861	4	0	4148681	4149541	1	861	0.0	1568	5306069	861	card~~~SHV-116~~~NG_068211.1:100-961~~~cephalosporin;penicillin_beta-lactam SHV-116 is a beta-lactamase that has been found in clinical isolates.
contig_3	card~~~SHV-107~~~AM941848.1:0-861~~~cephalosporin;penicillin_beta-lactam	99.535	861	4	0	4148681	4149541	1	861	0.0	1568	5306069	861	card~~~SHV-107~~~AM941848.1:0-861~~~cephalosporin;penicillin_beta-lactam SHV-107 is an inhibitor-resistant beta-lactamase found in Klebsiella pneumoniae.
contig_3	card~~~SHV-99~~~AM941845.1:0-861~~~cephalosporin;penicillin_beta-lactam	99.419	861	5	0	4148681	4149541	1	861	0.0	1563	5306069	861	card~~~SHV-99~~~AM941845.1:0-861~~~cephalosporin;penicillin_beta-lactam SHV-99 is a beta-lactamase found in Klebsiella pneumoniae.
contig_3	card~~~SHV-96~~~EF373971.1:0-861~~~cephalosporin;penicillin_beta-lactam	99.419	861	5	0	4148681	4149541	1	861	0.0	1563	5306069	861	card~~~SHV-96~~~EF373971.1:0-861~~~cephalosporin;penicillin_beta-lactam SHV-96 is a beta-lactamase found in Acinetobacter baumannii.
contig_3	card~~~SHV-94~~~EF373970.1:0-861~~~cephalosporin;penicillin_beta-lactam	99.419	861	5	0	4148681	4149541	1	861	0.0	1563	5306069	861	card~~~SHV-94~~~EF373970.1:0-861~~~cephalosporin;penicillin_beta-lactam SHV-94 is a beta-lactamase found in Klebsiella pneumoniae.
contig_3	card~~~SHV-89~~~DQ193536.1:0-861~~~cephalosporin;penicillin_beta-lactam	99.419	861	5	0	4148681	4149541	1	861	0.0	1563	5306069	861	card~~~SHV-89~~~DQ193536.1:0-861~~~cephalosporin;penicillin_beta-lactam SHV-89 is a broad-spectrum beta-lactamase found in Klebsiella pneumoniae.
contig_3	card~~~SHV-85~~~DQ322460.1:15-876~~~cephalosporin;penicillin_beta-lactam	99.419	861	5	0	4148681	4149541	1	861	0.0	1563	5306069	861	card~~~SHV-85~~~DQ322460.1:15-876~~~cephalosporin;penicillin_beta-lactam SHV-85 is a broad-spectrum beta-lactamase found in Klebsiella pneumoniae.
contig_3	card~~~SHV-81~~~AM176556.2:25-886~~~cephalosporin;penicillin_beta-lactam	99.419	861	5	0	4148681	4149541	1	861	0.0	1563	5306069	861	card~~~SHV-81~~~AM176556.2:25-886~~~cephalosporin;penicillin_beta-lactam SHV-81 is a broad-spectrum beta-lactamase found in Klebsiella pneumoniae.
contig_3	card~~~SHV-79~~~AM176554.2:30-891~~~cephalosporin;penicillin_beta-lactam	99.419	861	5	0	4148681	4149541	1	861	0.0	1563	5306069	861	card~~~SHV-79~~~AM176554.2:30-891~~~cephalosporin;penicillin_beta-lactam SHV-79 is a broad-spectrum beta-lactamase found in Klebsiella pneumoniae.
contig_3	card~~~SHV-77~~~AM176552.2:30-891~~~cephalosporin;penicillin_beta-lactam	99.419	861	5	0	4148681	4149541	1	861	0.0	1563	5306069	861	card~~~SHV-77~~~AM176552.2:30-891~~~cephalosporin;penicillin_beta-lactam SHV-77 is a broad-spectrum beta-lactamase found in Klebsiella pneumoniae and E. coli.
contig_3	card~~~SHV-61~~~AJ866284.2:0-861~~~cephalosporin;penicillin_beta-lactam	99.419	861	5	0	4148681	4149541	1	861	0.0	1563	5306069	861	card~~~SHV-61~~~AJ866284.2:0-861~~~cephalosporin;penicillin_beta-lactam SHV-61 is a broad-spectrum beta-lactamase found in Klebsiella pneumoniae.
contig_3	card~~~SHV-60~~~AB302939.1:8-869~~~cephalosporin;penicillin_beta-lactam	99.419	861	5	0	4148681	4149541	1	861	0.0	1563	5306069	861	card~~~SHV-60~~~AB302939.1:8-869~~~cephalosporin;penicillin_beta-lactam SHV-60 is a broad-spectrum beta-lactamase found in Klebsiella pneumoniae.
contig_3	card~~~SHV-56~~~EU586041.1:0-861~~~cephalosporin;penicillin_beta-lactam	99.419	861	5	0	4148681	4149541	1	861	0.0	1563	5306069	861	card~~~SHV-56~~~EU586041.1:0-861~~~cephalosporin;penicillin_beta-lactam SHV-56 is an inhibitor-resistant beta-lactamase found in Klebsiella pneumoniae.
contig_3	card~~~SHV-40~~~AF535128.1:0-861~~~cephalosporin;penicillin_beta-lactam	99.419	861	5	0	4148681	4149541	1	861	0.0	1563	5306069	861	card~~~SHV-40~~~AF535128.1:0-861~~~cephalosporin;penicillin_beta-lactam SHV-40 is an extended-spectrum beta-lactamase found in Klebsiella pneumoniae.
contig_3	card~~~SHV-35~~~AY070258.1:0-861~~~cephalosporin;penicillin_beta-lactam	99.419	861	5	0	4148681	4149541	1	861	0.0	1563	5306069	861	card~~~SHV-35~~~AY070258.1:0-861~~~cephalosporin;penicillin_beta-lactam SHV-35 is a beta-lactamase found in Klebsiella pneumoniae.
contig_3	card~~~SHV-28~~~AF299299.1:0-861~~~cephalosporin;penicillin_beta-lactam	99.419	861	5	0	4148681	4149541	1	861	0.0	1563	5306069	861	card~~~SHV-28~~~AF299299.1:0-861~~~cephalosporin;penicillin_beta-lactam SHV-28 is a beta-lactamase found in Klebsiella pneumoniae.
contig_3	card~~~SHV-27~~~AF293345.1:0-861~~~cephalosporin;penicillin_beta-lactam	99.419	861	5	0	4148681	4149541	1	861	0.0	1563	5306069	861	card~~~SHV-27~~~AF293345.1:0-861~~~cephalosporin;penicillin_beta-lactam SHV-27 is an extended-spectrum beta-lactamase found in Klebsiella pneumoniae.
contig_3	card~~~SHV-240~~~OR876332.1:0-861~~~cephalosporin;penicillin_beta-lactam	99.419	861	5	0	4148681	4149541	1	861	0.0	1563	5306069	861	card~~~SHV-240~~~OR876332.1:0-861~~~cephalosporin;penicillin_beta-lactam Inhibitor-resistant class A beta-lactamase SHV-240.
contig_3	card~~~SHV-235~~~OR863407.1:0-861~~~cephalosporin;penicillin_beta-lactam	99.419	861	5	0	4148681	4149541	1	861	0.0	1563	5306069	861	card~~~SHV-235~~~OR863407.1:0-861~~~cephalosporin;penicillin_beta-lactam Class A beta-lactamase SHV-235.
contig_3	card~~~SHV-224~~~NG_062296.1:0-861~~~cephalosporin;penicillin_beta-lactam	99.419	861	5	0	4148681	4149541	1	861	0.0	1563	5306069	861	card~~~SHV-224~~~NG_062296.1:0-861~~~cephalosporin;penicillin_beta-lactam A beta-lactamase gene found in Klebsiella pneumoniae.
contig_3	card~~~SHV-217~~~NG_062289.1:0-861~~~cephalosporin;penicillin_beta-lactam	99.419	861	5	0	4148681	4149541	1	861	0.0	1563	5306069	861	card~~~SHV-217~~~NG_062289.1:0-861~~~cephalosporin;penicillin_beta-lactam A beta-lactamase gene found in Klebsiella pneumoniae.
contig_3	card~~~SHV-214~~~NG_062286.1:0-861~~~cephalosporin;penicillin_beta-lactam	99.419	861	5	0	4148681	4149541	1	861	0.0	1563	5306069	861	card~~~SHV-214~~~NG_062286.1:0-861~~~cephalosporin;penicillin_beta-lactam A beta-lactamase gene found in Klebsiella pneumoniae.
contig_3	card~~~SHV-213~~~NG_062285.1:0-861~~~cephalosporin;penicillin_beta-lactam	99.419	861	5	0	4148681	4149541	1	861	0.0	1563	5306069	861	card~~~SHV-213~~~NG_062285.1:0-861~~~cephalosporin;penicillin_beta-lactam A beta-lactamase gene found in Klebsiella pneumoniae.
contig_3	card~~~SHV-209~~~NG_062281.1:0-861~~~cephalosporin;penicillin_beta-lactam	99.419	861	5	0	4148681	4149541	1	861	0.0	1563	5306069	861	card~~~SHV-209~~~NG_062281.1:0-861~~~cephalosporin;penicillin_beta-lactam A beta-lactamase gene found in Klebsiella pneumoniae.
contig_3	card~~~SHV-208~~~NG_062280.1:0-861~~~cephalosporin;penicillin_beta-lactam	99.419	861	5	0	4148681	4149541	1	861	0.0	1563	5306069	861	card~~~SHV-208~~~NG_062280.1:0-861~~~cephalosporin;penicillin_beta-lactam A beta-lactamase gene found in Klebsiella pneumoniae.
contig_3	card~~~SHV-203~~~NG_055668.1:0-861~~~cephalosporin;penicillin_beta-lactam	99.419	861	5	0	4148681	4149541	1	861	0.0	1563	5306069	861	card~~~SHV-203~~~NG_055668.1:0-861~~~cephalosporin;penicillin_beta-lactam A beta-lactamase gene found in Klebsiella pneumoniae.
contig_3	card~~~SHV-202~~~MF804906.1:0-867~~~cephalosporin;penicillin_beta-lactam	99.193	867	7	0	4148675	4149541	1	867	0.0	1563	5306069	867	card~~~SHV-202~~~MF804906.1:0-867~~~cephalosporin;penicillin_beta-lactam A beta-lactamase gene found in Klebsiella pneumoniae.
contig_3	card~~~SHV-172~~~KF513177.1:0-861~~~cephalosporin;penicillin_beta-lactam	99.419	861	5	0	4148681	4149541	1	861	0.0	1563	5306069	861	card~~~SHV-172~~~KF513177.1:0-861~~~cephalosporin;penicillin_beta-lactam SHV-172 is a beta-lactamase. Name originally from the historical Lahey list of beta-lactamases, some of which did not include sequence data.
contig_3	card~~~SHV-144~~~JQ926986.1:0-861~~~cephalosporin;penicillin_beta-lactam	99.419	861	5	0	4148681	4149541	1	861	0.0	1563	5306069	861	card~~~SHV-144~~~JQ926986.1:0-861~~~cephalosporin;penicillin_beta-lactam SHV-144 is a beta-lactamase found in Klebsiella pneumoniae.
contig_3	card~~~SHV-137~~~HQ661363.1:71-932~~~cephalosporin;penicillin_beta-lactam	99.419	861	5	0	4148681	4149541	1	861	0.0	1563	5306069	861	card~~~SHV-137~~~HQ661363.1:71-932~~~cephalosporin;penicillin_beta-lactam SHV-137 is a beta-lactamase.
contig_3	card~~~SHV-121~~~HQ661362.1:71-932~~~cephalosporin;penicillin_beta-lactam	99.419	861	5	0	4148681	4149541	1	861	0.0	1563	5306069	861	card~~~SHV-121~~~HQ661362.1:71-932~~~cephalosporin;penicillin_beta-lactam SHV-121 is a beta-lactamase that has been found in clinical isolates. Identical to SHV-136.
contig_3	card~~~SHV-12~~~KF976405.1:7837-8698~~~cephalosporin;penicillin_beta-lactam	99.419	861	5	0	4148681	4149541	1	861	0.0	1563	5306069	861	card~~~SHV-12~~~KF976405.1:7837-8698~~~cephalosporin;penicillin_beta-lactam SHV-12 is an extended-spectrum beta-lactamase found in Acinetobacter baumannii.
contig_3	card~~~SHV-119~~~KJ776406.1:16-877~~~cephalosporin;penicillin_beta-lactam	99.419	861	5	0	4148681	4149541	1	861	0.0	1563	5306069	861	card~~~SHV-119~~~KJ776406.1:16-877~~~cephalosporin;penicillin_beta-lactam SHV-119 is a beta-lactamase. Name originally from the historical Lahey list of beta-lactamases, some of which did not include sequence data.
contig_3	card~~~SHV-110~~~HQ877615.1:0-861~~~cephalosporin;penicillin_beta-lactam	99.419	861	5	0	4148681	4149541	1	861	0.0	1563	5306069	861	card~~~SHV-110~~~HQ877615.1:0-861~~~cephalosporin;penicillin_beta-lactam SHV-110 is a beta-lactamase found in Klebsiella pneumoniae.
contig_3	card~~~SHV-1~~~FJ668814.1:76-937~~~cephalosporin;penicillin_beta-lactam	99.419	861	5	0	4148681	4149541	1	861	0.0	1563	5306069	861	card~~~SHV-1~~~FJ668814.1:76-937~~~cephalosporin;penicillin_beta-lactam SHV-1 is a broad-spectrum beta-lactamase found in Klebsiella spp., as well as Acinetobacter spp., E. coli., Raoultella terrigena, and Yersinia pestis.
contig_3	card~~~SHV-83~~~AM176558.2:0-861~~~cephalosporin;penicillin_beta-lactam	99.418	859	5	0	4148683	4149541	3	861	0.0	1559	5306069	861	card~~~SHV-83~~~AM176558.2:0-861~~~cephalosporin;penicillin_beta-lactam SHV-83 is a broad-spectrum beta-lactamase found in Klebsiella pneumoniae.
contig_3	card~~~SHV-98~~~AM941844.1:0-861~~~cephalosporin;penicillin_beta-lactam	99.303	861	6	0	4148681	4149541	1	861	0.0	1557	5306069	861	card~~~SHV-98~~~AM941844.1:0-861~~~cephalosporin;penicillin_beta-lactam SHV-98 is a beta-lactamase found in Klebsiella pneumoniae.
contig_3	card~~~SHV-97~~~EF373973.1:0-861~~~cephalosporin;penicillin_beta-lactam	99.303	861	6	0	4148681	4149541	1	861	0.0	1557	5306069	861	card~~~SHV-97~~~EF373973.1:0-861~~~cephalosporin;penicillin_beta-lactam SHV-97 is a beta-lactamase found in Enterococcus faecalis.
contig_3	card~~~SHV-95~~~EF373972.1:0-861~~~cephalosporin;penicillin_beta-lactam	99.303	861	6	0	4148681	4149541	1	861	0.0	1557	5306069	861	card~~~SHV-95~~~EF373972.1:0-861~~~cephalosporin;penicillin_beta-lactam SHV-95 is a beta-lactamase found in Citrobacter freundii.
contig_3	card~~~SHV-93~~~EF373969.1:0-861~~~cephalosporin;penicillin_beta-lactam	99.303	861	6	0	4148681	4149541	1	861	0.0	1557	5306069	861	card~~~SHV-93~~~EF373969.1:0-861~~~cephalosporin;penicillin_beta-lactam SHV-93 is a beta-lactamase found in Klebsiella pneumoniae.
contig_3	card~~~SHV-80~~~AM176555.2:0-861~~~cephalosporin;penicillin_beta-lactam	99.303	861	6	0	4148681	4149541	1	861	0.0	1557	5306069	861	card~~~SHV-80~~~AM176555.2:0-861~~~cephalosporin;penicillin_beta-lactam SHV-80 is a broad-spectrum beta-lactamase found in Klebsiella pneumoniae.
contig_3	card~~~SHV-78~~~AM176553.2:30-891~~~cephalosporin;penicillin_beta-lactam	99.303	861	6	0	4148681	4149541	1	861	0.0	1557	5306069	861	card~~~SHV-78~~~AM176553.2:30-891~~~cephalosporin;penicillin_beta-lactam SHV-78 is a broad-spectrum beta-lactamase found in Klebsiella pneumoniae.
contig_3	card~~~SHV-66~~~DQ174306.1:4-865~~~cephalosporin;penicillin_beta-lactam	99.303	861	6	0	4148681	4149541	1	861	0.0	1557	5306069	861	card~~~SHV-66~~~DQ174306.1:4-865~~~cephalosporin;penicillin_beta-lactam SHV-66 is an extended-spectrum beta-lactamase found in Klebsiella pneumoniae.
contig_3	card~~~SHV-62~~~AJ866285.2:0-861~~~cephalosporin;penicillin_beta-lactam	99.303	861	6	0	4148681	4149541	1	861	0.0	1557	5306069	861	card~~~SHV-62~~~AJ866285.2:0-861~~~cephalosporin;penicillin_beta-lactam SHV-62 is a broad-spectrum beta-lactamase found in Klebsiella pneumoniae.
contig_3	card~~~SHV-6~~~DAGOBI010000132.1:1383-2244~~~cephalosporin;penicillin_beta-lactam	99.303	861	6	0	4148681	4149541	1	861	0.0	1557	5306069	861	card~~~SHV-6~~~DAGOBI010000132.1:1383-2244~~~cephalosporin;penicillin_beta-lactam SHV-6 is an extended-spectrum beta-lactamase that has been found in clinical isolates.
contig_3	card~~~SHV-51~~~AY289548.1:0-861~~~cephalosporin;penicillin_beta-lactam	99.303	861	6	0	4148681	4149541	1	861	0.0	1557	5306069	861	card~~~SHV-51~~~AY289548.1:0-861~~~cephalosporin;penicillin_beta-lactam SHV-51 is a beta-lactamase found in Klebsiella pneumoniae.
contig_3	card~~~SHV-44~~~AY259119.1:116-977~~~cephalosporin;penicillin_beta-lactam	99.303	861	6	0	4148681	4149541	1	861	0.0	1557	5306069	861	card~~~SHV-44~~~AY259119.1:116-977~~~cephalosporin;penicillin_beta-lactam SHV-44 is a broad-spectrum beta-lactamase found in Klebsiella pneumoniae.
contig_3	card~~~SHV-42~~~AF535130.1:0-861~~~cephalosporin;penicillin_beta-lactam	99.303	861	6	0	4148681	4149541	1	861	0.0	1557	5306069	861	card~~~SHV-42~~~AF535130.1:0-861~~~cephalosporin;penicillin_beta-lactam SHV-42 is an extended-spectrum beta-lactamase found in Klebsiella pneumoniae.
contig_3	card~~~SHV-38~~~AY079099.1:148-1009~~~cephalosporin;penicillin_beta-lactam	99.303	861	6	0	4148681	4149541	1	861	0.0	1557	5306069	861	card~~~SHV-38~~~AY079099.1:148-1009~~~cephalosporin;penicillin_beta-lactam SHV-38 is an extended-spectrum beta-lactamase found in Klebsiella pneumoniae.
contig_3	card~~~SHV-36~~~AF467947.1:0-861~~~cephalosporin;penicillin_beta-lactam	99.303	861	6	0	4148681	4149541	1	861	0.0	1557	5306069	861	card~~~SHV-36~~~AF467947.1:0-861~~~cephalosporin;penicillin_beta-lactam SHV-36 is a beta-lactamase found in Klebsiella pneumoniae.
contig_3	card~~~SHV-33~~~JX268631.1:0-861~~~cephalosporin;penicillin_beta-lactam	99.303	861	6	0	4148681	4149541	1	861	0.0	1557	5306069	861	card~~~SHV-33~~~JX268631.1:0-861~~~cephalosporin;penicillin_beta-lactam SHV-33 is an broad-spectrum beta-lactamase found in Klebsiella pneumoniae.
contig_3	card~~~SHV-32~~~AY037778.1:91-952~~~cephalosporin;penicillin_beta-lactam	99.303	861	6	0	4148681	4149541	1	861	0.0	1557	5306069	861	card~~~SHV-32~~~AY037778.1:91-952~~~cephalosporin;penicillin_beta-lactam SHV-32 is a broad-spectrum beta-lactamase found in Klebsiella pneumoniae.
contig_3	card~~~SHV-2A~~~X98102.1:73-934~~~cephalosporin;penicillin_beta-lactam	99.303	861	6	0	4148681	4149541	1	861	0.0	1557	5306069	861	card~~~SHV-2A~~~X98102.1:73-934~~~cephalosporin;penicillin_beta-lactam SHV-2A is an extended-spectrum beta-lactamase found in Enterobacter cloacae, Klebsiella pneumoniae, Pseudomonas aeruginosa, and Salmonella enterica.
contig_3	card~~~SHV-26~~~AF227204.1:73-934~~~cephalosporin;penicillin_beta-lactam	99.303	861	6	0	4148681	4149541	1	861	0.0	1557	5306069	861	card~~~SHV-26~~~AF227204.1:73-934~~~cephalosporin;penicillin_beta-lactam SHV-26 is an inhibitor-resistant beta-lactamase found in Klebsiella pneumoniae.
contig_3	card~~~SHV-244~~~PP532823.1:0-861~~~cephalosporin;penicillin_beta-lactam	99.303	861	6	0	4148681	4149541	1	861	0.0	1557	5306069	861	card~~~SHV-244~~~PP532823.1:0-861~~~cephalosporin;penicillin_beta-lactam Class A beta-lactamase SHV-244.
contig_3	card~~~SHV-242~~~OR876334.1:0-861~~~cephalosporin;penicillin_beta-lactam	99.303	861	6	0	4148681	4149541	1	861	0.0	1557	5306069	861	card~~~SHV-242~~~OR876334.1:0-861~~~cephalosporin;penicillin_beta-lactam Inhibitor-resistant class A beta-lactamase SHV-242.
contig_3	card~~~SHV-238~~~OR880707.1:0-861~~~cephalosporin;penicillin_beta-lactam	99.303	861	6	0	4148681	4149541	1	861	0.0	1557	5306069	861	card~~~SHV-238~~~OR880707.1:0-861~~~cephalosporin;penicillin_beta-lactam Inhibitor-resistant extended-spectrum class A beta-lactamase SHV-238.
contig_3	card~~~SHV-236~~~OR863408.1:0-861~~~cephalosporin;penicillin_beta-lactam	99.303	861	6	0	4148681	4149541	1	861	0.0	1557	5306069	861	card~~~SHV-236~~~OR863408.1:0-861~~~cephalosporin;penicillin_beta-lactam Class A beta-lactamase SHV-236.
contig_3	card~~~SHV-234~~~OR863406.1:0-861~~~cephalosporin;penicillin_beta-lactam	99.303	861	6	0	4148681	4149541	1	861	0.0	1557	5306069	861	card~~~SHV-234~~~OR863406.1:0-861~~~cephalosporin;penicillin_beta-lactam Inhibitor-resistant class A beta-lactamase SHV-234.
contig_3	card~~~SHV-232~~~OR224963.1:0-861~~~cephalosporin;penicillin_beta-lactam	99.303	861	6	0	4148681	4149541	1	861	0.0	1557	5306069	861	card~~~SHV-232~~~OR224963.1:0-861~~~cephalosporin;penicillin_beta-lactam Class A beta-lactamase SHV-232.
contig_3	card~~~SHV-230~~~OP762696.1:861-0~~~cephalosporin;penicillin_beta-lactam	99.303	861	6	0	4148681	4149541	1	861	0.0	1557	5306069	861	card~~~SHV-230~~~OP762696.1:861-0~~~cephalosporin;penicillin_beta-lactam Extended-spectrum class A beta-lactamase SHV-230.
contig_3	card~~~SHV-229~~~MZ748304.1:0-861~~~cephalosporin;penicillin_beta-lactam	99.303	861	6	0	4148681	4149541	1	861	0.0	1557	5306069	861	card~~~SHV-229~~~MZ748304.1:0-861~~~cephalosporin;penicillin_beta-lactam Broad-spectrum class A beta-lactamase SHV-229.
contig_3	card~~~SHV-226~~~NG_062298.1:0-861~~~cephalosporin;penicillin_beta-lactam	99.303	861	6	0	4148681	4149541	1	861	0.0	1557	5306069	861	card~~~SHV-226~~~NG_062298.1:0-861~~~cephalosporin;penicillin_beta-lactam A beta-lactamase gene found in Klebsiella pneumoniae.
contig_3	card~~~SHV-219~~~NG_062291.1:0-861~~~cephalosporin;penicillin_beta-lactam	99.303	861	6	0	4148681	4149541	1	861	0.0	1557	5306069	861	card~~~SHV-219~~~NG_062291.1:0-861~~~cephalosporin;penicillin_beta-lactam Beta-lactamase gene from Klebsiella pneumoniae.
contig_3	card~~~SHV-216~~~NG_062288.1:0-861~~~cephalosporin;penicillin_beta-lactam	99.303	861	6	0	4148681	4149541	1	861	0.0	1557	5306069	861	card~~~SHV-216~~~NG_062288.1:0-861~~~cephalosporin;penicillin_beta-lactam A beta-lactamase gene from Klebsiella pneumoniae.
contig_3	card~~~SHV-212~~~NG_062284.1:0-861~~~cephalosporin;penicillin_beta-lactam	99.303	861	6	0	4148681	4149541	1	861	0.0	1557	5306069	861	card~~~SHV-212~~~NG_062284.1:0-861~~~cephalosporin;penicillin_beta-lactam A beta-lactamase gene from Klebsiella pneumoniae.
contig_3	card~~~SHV-207~~~NG_062279.1:0-861~~~cephalosporin;penicillin_beta-lactam	99.303	861	6	0	4148681	4149541	1	861	0.0	1557	5306069	861	card~~~SHV-207~~~NG_062279.1:0-861~~~cephalosporin;penicillin_beta-lactam A beta-lactamase gene found in Klebsiella penumoniae.
contig_3	card~~~SHV-206~~~NG_062278.1:0-861~~~cephalosporin;penicillin_beta-lactam	99.303	861	6	0	4148681	4149541	1	861	0.0	1557	5306069	861	card~~~SHV-206~~~NG_062278.1:0-861~~~cephalosporin;penicillin_beta-lactam A beta-lactamase gene from Klebsiella pneumoniae.
contig_3	card~~~SHV-1b-b~~~NG_050059.1:0-861~~~cephalosporin;penicillin_beta-lactam	99.303	861	6	0	4148681	4149541	1	861	0.0	1557	5306069	861	card~~~SHV-1b-b~~~NG_050059.1:0-861~~~cephalosporin;penicillin_beta-lactam A beta-lactamase gene found in Klebsiella pneumoniae.
contig_3	card~~~SHV-199~~~NG_055503.1:0-861~~~cephalosporin;penicillin_beta-lactam	99.303	861	6	0	4148681	4149541	1	861	0.0	1557	5306069	861	card~~~SHV-199~~~NG_055503.1:0-861~~~cephalosporin;penicillin_beta-lactam A beta-lactamase gene found in Escherichia coli.
contig_3	card~~~SHV-196~~~NG_051521.1:0-861~~~cephalosporin;penicillin_beta-lactam	99.303	861	6	0	4148681	4149541	1	861	0.0	1557	5306069	861	card~~~SHV-196~~~NG_051521.1:0-861~~~cephalosporin;penicillin_beta-lactam A beta-lactamase gene found in Klebsiella pneumoniae.
contig_3	card~~~SHV-194~~~NG_051169.1:0-861~~~cephalosporin;penicillin_beta-lactam	99.303	861	6	0	4148681	4149541	1	861	0.0	1557	5306069	861	card~~~SHV-194~~~NG_051169.1:0-861~~~cephalosporin;penicillin_beta-lactam Beta-lactamase gene from Klebsiella pneumoniae.
contig_3	card~~~SHV-193~~~NG_050058.1:0-861~~~cephalosporin;penicillin_beta-lactam	99.303	861	6	0	4148681	4149541	1	861	0.0	1557	5306069	861	card~~~SHV-193~~~NG_050058.1:0-861~~~cephalosporin;penicillin_beta-lactam A beta-lactamase gene found in Klebsiella pneumoniae.
contig_3	card~~~SHV-19~~~DAGGWD010000033.1:85-946~~~cephalosporin;penicillin_beta-lactam	99.303	861	6	0	4148681	4149541	1	861	0.0	1557	5306069	861	card~~~SHV-19~~~DAGGWD010000033.1:85-946~~~cephalosporin;penicillin_beta-lactam SHV-19 is a broad-spectrum beta-lactamase that has been found in clinical isolates.
contig_3	card~~~SHV-179~~~KF705208.1:0-861~~~cephalosporin;penicillin_beta-lactam	99.303	861	6	0	4148681	4149541	1	861	0.0	1557	5306069	861	card~~~SHV-179~~~KF705208.1:0-861~~~cephalosporin;penicillin_beta-lactam SHV-179 is a beta-lactamase. Name originally from the historical Lahey list of beta-lactamases, some of which did not include sequence data.
contig_3	card~~~SHV-178~~~KF705209.1:0-861~~~cephalosporin;penicillin_beta-lactam	99.303	861	6	0	4148681	4149541	1	861	0.0	1557	5306069	861	card~~~SHV-178~~~KF705209.1:0-861~~~cephalosporin;penicillin_beta-lactam SHV-178 is a beta-lactamase. Name originally from the historical Lahey list of beta-lactamases, some of which did not include sequence data.
contig_3	card~~~SHV-161~~~JX121128.1:0-861~~~cephalosporin;penicillin_beta-lactam	99.303	861	6	0	4148681	4149541	1	861	0.0	1557	5306069	861	card~~~SHV-161~~~JX121128.1:0-861~~~cephalosporin;penicillin_beta-lactam SHV-161 is a beta-lactamase.
contig_3	card~~~SHV-160~~~JX121127.1:0-861~~~cephalosporin;penicillin_beta-lactam	99.303	861	6	0	4148681	4149541	1	861	0.0	1557	5306069	861	card~~~SHV-160~~~JX121127.1:0-861~~~cephalosporin;penicillin_beta-lactam SHV-160 is a beta-lactamase.
contig_3	card~~~SHV-157~~~JX121124.1:0-861~~~cephalosporin;penicillin_beta-lactam	99.303	861	6	0	4148681	4149541	1	861	0.0	1557	5306069	861	card~~~SHV-157~~~JX121124.1:0-861~~~cephalosporin;penicillin_beta-lactam SHV-157 is a beta-lactamase.
contig_3	card~~~SHV-145~~~JX013655.1:0-861~~~cephalosporin;penicillin_beta-lactam	99.303	861	6	0	4148681	4149541	1	861	0.0	1557	5306069	861	card~~~SHV-145~~~JX013655.1:0-861~~~cephalosporin;penicillin_beta-lactam SHV-145 is a beta-lactamase.
contig_3	card~~~SHV-143~~~JQ341060.1:1742-881~~~cephalosporin;penicillin_beta-lactam	99.303	861	6	0	4148681	4149541	1	861	0.0	1557	5306069	861	card~~~SHV-143~~~JQ341060.1:1742-881~~~cephalosporin;penicillin_beta-lactam SHV-143 is a beta-lactamase. Name originally from the historical Lahey list of beta-lactamases, some of which did not include sequence data.
contig_3	card~~~SHV-142~~~JQ029959.1:28-889~~~cephalosporin;penicillin_beta-lactam	99.303	861	6	0	4148681	4149541	1	861	0.0	1557	5306069	861	card~~~SHV-142~~~JQ029959.1:28-889~~~cephalosporin;penicillin_beta-lactam SHV-142 is a beta-lactamase.
contig_3	card~~~SHV-14~~~AF226622.1:54-915~~~cephalosporin;penicillin_beta-lactam	99.303	861	6	0	4148681	4149541	1	861	0.0	1557	5306069	861	card~~~SHV-14~~~AF226622.1:54-915~~~cephalosporin;penicillin_beta-lactam SHV-14 is an broad-spectrum beta-lactamase found in Klebsiella pneumoniae.
contig_3	card~~~SHV-135~~~HQ637576.1:0-861~~~cephalosporin;penicillin_beta-lactam	99.303	861	6	0	4148681	4149541	1	861	0.0	1557	5306069	861	card~~~SHV-135~~~HQ637576.1:0-861~~~cephalosporin;penicillin_beta-lactam SHV-135 is a beta-lactamase.
contig_3	card~~~SHV-134~~~HM559945.1:0-861~~~cephalosporin;penicillin_beta-lactam	99.303	861	6	0	4148681	4149541	1	861	0.0	1557	5306069	861	card~~~SHV-134~~~HM559945.1:0-861~~~cephalosporin;penicillin_beta-lactam SHV-134 is an extended-spectrum beta-lactamase.
contig_3	card~~~SHV-132~~~NG_050009.1:100-961~~~cephalosporin;penicillin_beta-lactam	99.303	861	6	0	4148681	4149541	1	861	0.0	1557	5306069	861	card~~~SHV-132~~~NG_050009.1:100-961~~~cephalosporin;penicillin_beta-lactam SHV-132 is a beta-lactamase. Name originally from the historical Lahey list of beta-lactamases, some of which did not include sequence data.
contig_3	card~~~SHV-111~~~AB372881.1:8-869~~~cephalosporin;penicillin_beta-lactam	99.303	861	6	0	4148681	4149541	1	861	0.0	1557	5306069	861	card~~~SHV-111~~~AB372881.1:8-869~~~cephalosporin;penicillin_beta-lactam SHV-111 is a beta-lactamase found in Klebsiella pneumoniae.
contig_3	card~~~SHV-108~~~HM751100.1:0-861~~~cephalosporin;penicillin_beta-lactam	99.303	861	6	0	4148681	4149541	1	861	0.0	1557	5306069	861	card~~~SHV-108~~~HM751100.1:0-861~~~cephalosporin;penicillin_beta-lactam SHV-108 is a beta-lactamase found in Klebsiella pneumoniae.
contig_3	card~~~SHV-101~~~EU155018.1:0-861~~~cephalosporin;penicillin_beta-lactam	99.303	861	6	0	4148681	4149541	1	861	0.0	1557	5306069	861	card~~~SHV-101~~~EU155018.1:0-861~~~cephalosporin;penicillin_beta-lactam SHV-101 is a beta-lactamase found in Klebsiella pneumoniae.
contig_3	card~~~SHV-104~~~EU274581.1:0-861~~~cephalosporin;penicillin_beta-lactam	99.302	860	6	0	4148682	4149541	2	861	0.0	1555	5306069	861	card~~~SHV-104~~~EU274581.1:0-861~~~cephalosporin;penicillin_beta-lactam SHV-104 is an extended-spectrum beta-lactamase that has been found in clinical isolates.
contig_3	card~~~SHV-148~~~JX121115.1:0-858~~~cephalosporin;penicillin_beta-lactam	99.416	856	5	0	4148681	4149536	1	856	0.0	1554	5306069	858	card~~~SHV-148~~~JX121115.1:0-858~~~cephalosporin;penicillin_beta-lactam SHV-148 is a beta-lactamase.
contig_3	card~~~SHV-86~~~DQ328802.1:0-861~~~cephalosporin;penicillin_beta-lactam	99.187	861	7	0	4148681	4149541	1	861	0.0	1552	5306069	861	card~~~SHV-86~~~DQ328802.1:0-861~~~cephalosporin;penicillin_beta-lactam SHV-86 is an extended-spectrum beta-lactamase that has been found in clinical isolates.
contig_3	card~~~SHV-82~~~AM176557.2:0-861~~~cephalosporin;penicillin_beta-lactam	99.187	861	7	0	4148681	4149541	1	861	0.0	1552	5306069	861	card~~~SHV-82~~~AM176557.2:0-861~~~cephalosporin;penicillin_beta-lactam SHV-82 is a broad-spectrum beta-lactamase found in Klebsiella pneumoniae.
contig_3	card~~~SHV-8~~~U92041.1:0-861~~~cephalosporin;penicillin_beta-lactam	99.187	861	7	0	4148681	4149541	1	861	0.0	1552	5306069	861	card~~~SHV-8~~~U92041.1:0-861~~~cephalosporin;penicillin_beta-lactam SHV-8 is an extended-spectrum beta-lactamase found in E. coli.
contig_3	card~~~SHV-76~~~AM176551.2:30-891~~~cephalosporin;penicillin_beta-lactam	99.187	861	7	0	4148681	4149541	1	861	0.0	1552	5306069	861	card~~~SHV-76~~~AM176551.2:30-891~~~cephalosporin;penicillin_beta-lactam SHV-76 is a broad-spectrum beta-lactamase found in Klebsiella pneumoniae.
contig_3	card~~~SHV-71~~~AM176546.2:0-861~~~cephalosporin;penicillin_beta-lactam	99.187	861	7	0	4148681	4149541	1	861	0.0	1552	5306069	861	card~~~SHV-71~~~AM176546.2:0-861~~~cephalosporin;penicillin_beta-lactam SHV-71 is a broad-spectrum beta-lactamase found in Klebsiella pneumoniae and Shigella.
contig_3	card~~~SHV-65~~~DQ174305.1:4-865~~~cephalosporin;penicillin_beta-lactam	99.187	861	7	0	4148681	4149541	1	861	0.0	1552	5306069	861	card~~~SHV-65~~~DQ174305.1:4-865~~~cephalosporin;penicillin_beta-lactam SHV-65 is a beta-lactamase found in Klebsiella pneumoniae.
contig_3	card~~~SHV-64~~~DQ174304.1:4-865~~~cephalosporin;penicillin_beta-lactam	99.187	861	7	0	4148681	4149541	1	861	0.0	1552	5306069	861	card~~~SHV-64~~~DQ174304.1:4-865~~~cephalosporin;penicillin_beta-lactam SHV-64 is an extended-spectrum beta-lactamase found in Klebsiella pneumoniae.
contig_3	card~~~SHV-59~~~AY790341.1:0-861~~~cephalosporin;penicillin_beta-lactam	99.187	861	7	0	4148681	4149541	1	861	0.0	1552	5306069	861	card~~~SHV-59~~~AY790341.1:0-861~~~cephalosporin;penicillin_beta-lactam SHV-59 is a beta-lactamase found in Klebsiella pneumoniae.
contig_3	card~~~SHV-57~~~AY223863.1:170-1031~~~cephalosporin;penicillin_beta-lactam	99.187	861	7	0	4148681	4149541	1	861	0.0	1552	5306069	861	card~~~SHV-57~~~AY223863.1:170-1031~~~cephalosporin;penicillin_beta-lactam SHV-57 is an extended-spectrum beta-lactamase found in E. coli.
contig_3	card~~~SHV-50~~~AY288915.1:0-861~~~cephalosporin;penicillin_beta-lactam	99.187	861	7	0	4148681	4149541	1	861	0.0	1552	5306069	861	card~~~SHV-50~~~AY288915.1:0-861~~~cephalosporin;penicillin_beta-lactam SHV-50 is a beta-lactamase found in Klebsiella pneumoniae.
contig_3	card~~~SHV-49~~~AY528718.1:413-1274~~~cephalosporin;penicillin_beta-lactam	99.187	861	7	0	4148681	4149541	1	861	0.0	1552	5306069	861	card~~~SHV-49~~~AY528718.1:413-1274~~~cephalosporin;penicillin_beta-lactam SHV-49 is an inhibitor-resistant beta-lactamase found in Klebsiella pneumoniae.
contig_3	card~~~SHV-37~~~AF467948.1:0-861~~~cephalosporin;penicillin_beta-lactam	99.187	861	7	0	4148681	4149541	1	861	0.0	1552	5306069	861	card~~~SHV-37~~~AF467948.1:0-861~~~cephalosporin;penicillin_beta-lactam SHV-37 is a beta-lactamase found in Klebsiella pneumoniae.
contig_3	card~~~SHV-29~~~AF301532.1:7-868~~~cephalosporin;penicillin_beta-lactam	99.187	861	7	0	4148681	4149541	1	861	0.0	1552	5306069	861	card~~~SHV-29~~~AF301532.1:7-868~~~cephalosporin;penicillin_beta-lactam SHV-29 is an extended-spectrum beta-lactamase found in Klebsiella pneumoniae.
contig_3	card~~~SHV-243~~~OR876335.1:0-861~~~cephalosporin;penicillin_beta-lactam	99.187	861	7	0	4148681	4149541	1	861	0.0	1552	5306069	861	card~~~SHV-243~~~OR876335.1:0-861~~~cephalosporin;penicillin_beta-lactam Class A beta-lactamase SHV-243.
contig_3	card~~~SHV-24~~~AB023477.1:0-861~~~cephalosporin;penicillin_beta-lactam	99.187	861	7	0	4148681	4149541	1	861	0.0	1552	5306069	861	card~~~SHV-24~~~AB023477.1:0-861~~~cephalosporin;penicillin_beta-lactam SHV-24 is an extended-spectrum beta-lactamase found in E. coli.
contig_3	card~~~SHV-239~~~OR876331.1:0-861~~~cephalosporin;penicillin_beta-lactam	99.187	861	7	0	4148681	4149541	1	861	0.0	1552	5306069	861	card~~~SHV-239~~~OR876331.1:0-861~~~cephalosporin;penicillin_beta-lactam Inhibitor-resistant class A beta-lactamase SHV-239.
contig_3	card~~~SHV-225~~~NG_062297.1:0-861~~~cephalosporin;penicillin_beta-lactam	99.187	861	7	0	4148681	4149541	1	861	0.0	1552	5306069	861	card~~~SHV-225~~~NG_062297.1:0-861~~~cephalosporin;penicillin_beta-lactam A beta-lactamase gene found in Klebsiella pneumoniae.
contig_3	card~~~SHV-211~~~NG_062283.1:0-861~~~cephalosporin;penicillin_beta-lactam	99.187	861	7	0	4148681	4149541	1	861	0.0	1552	5306069	861	card~~~SHV-211~~~NG_062283.1:0-861~~~cephalosporin;penicillin_beta-lactam A beta-lactamase gene found in Klebsiella pneumoniae.
contig_3	card~~~SHV-210~~~NG_062282.1:0-861~~~cephalosporin;penicillin_beta-lactam	99.187	861	7	0	4148681	4149541	1	861	0.0	1552	5306069	861	card~~~SHV-210~~~NG_062282.1:0-861~~~cephalosporin;penicillin_beta-lactam Beta-lactamase gene from Klebsiella pneumoniae.
contig_3	card~~~SHV-205~~~NG_062276.1:0-861~~~cephalosporin;penicillin_beta-lactam	99.187	861	7	0	4148681	4149541	1	861	0.0	1552	5306069	861	card~~~SHV-205~~~NG_062276.1:0-861~~~cephalosporin;penicillin_beta-lactam A beta-lactamase gene found in Klebsiella pneumoniae.
contig_3	card~~~SHV-204~~~NG_057611.1:0-861~~~cephalosporin;penicillin_beta-lactam	99.187	861	7	0	4148681	4149541	1	861	0.0	1552	5306069	861	card~~~SHV-204~~~NG_057611.1:0-861~~~cephalosporin;penicillin_beta-lactam A beta-lactamase gene from Klebsiella pneumoniae.
contig_3	card~~~SHV-201~~~NG_062244.1:0-861~~~cephalosporin;penicillin_beta-lactam	99.187	861	7	0	4148681	4149541	1	861	0.0	1552	5306069	861	card~~~SHV-201~~~NG_062244.1:0-861~~~cephalosporin;penicillin_beta-lactam Beta-lactamase gene from Klebsiella pneumoniae.
contig_3	card~~~SHV-2~~~AF148851.1:5-866~~~cephalosporin;penicillin_beta-lactam	99.187	861	7	0	4148681	4149541	1	861	0.0	1552	5306069	861	card~~~SHV-2~~~AF148851.1:5-866~~~cephalosporin;penicillin_beta-lactam SHV-2 is an extended-spectrum beta-lactamase found in E. coli., Klebsiella pneumoniae, and Shigella flexneri.
contig_3	card~~~SHV-195~~~NG_051484.1:0-861~~~cephalosporin;penicillin_beta-lactam	99.187	861	7	0	4148681	4149541	1	861	0.0	1552	5306069	861	card~~~SHV-195~~~NG_051484.1:0-861~~~cephalosporin;penicillin_beta-lactam Beta-lactamase gene from Klebsiella pneumoniae.
contig_3	card~~~SHV-191~~~NG_050057.1:0-861~~~cephalosporin;penicillin_beta-lactam	99.187	861	7	0	4148681	4149541	1	861	0.0	1552	5306069	861	card~~~SHV-191~~~NG_050057.1:0-861~~~cephalosporin;penicillin_beta-lactam SHV-191 is a beta-lactamase. Name originally from the historical Lahey list of beta-lactamases, some of which did not include sequence data.
contig_3	card~~~SHV-186~~~KM233165.1:0-861~~~cephalosporin;penicillin_beta-lactam	99.187	861	7	0	4148681	4149541	1	861	0.0	1552	5306069	861	card~~~SHV-186~~~KM233165.1:0-861~~~cephalosporin;penicillin_beta-lactam SHV-186 is a beta-lactamase. Name originally from the historical Lahey list of beta-lactamases, some of which did not include sequence data.
contig_3	card~~~SHV-180~~~KP050487.1:0-861~~~cephalosporin;penicillin_beta-lactam	99.187	861	7	0	4148681	4149541	1	861	0.0	1552	5306069	861	card~~~SHV-180~~~KP050487.1:0-861~~~cephalosporin;penicillin_beta-lactam SHV-180 is a beta-lactamase. Name originally from the historical Lahey list of beta-lactamases, some of which did not include sequence data.
contig_3	card~~~SHV-171~~~NG_068212.1:100-961~~~cephalosporin;penicillin_beta-lactam	99.187	861	7	0	4148681	4149541	1	861	0.0	1552	5306069	861	card~~~SHV-171~~~NG_068212.1:100-961~~~cephalosporin;penicillin_beta-lactam SHV-171 is a beta-lactamase. Name originally from the historical Lahey list of beta-lactamases, some of which did not include sequence data.
contig_3	card~~~SHV-164~~~HE981194.1:0-861~~~cephalosporin;penicillin_beta-lactam	99.187	861	7	0	4148681	4149541	1	861	0.0	1552	5306069	861	card~~~SHV-164~~~HE981194.1:0-861~~~cephalosporin;penicillin_beta-lactam SHV-164 is a beta-lactamase. Name originally from the historical Lahey list of beta-lactamases, some of which did not include sequence data.
contig_3	card~~~SHV-152~~~JX121119.1:0-858~~~cephalosporin;penicillin_beta-lactam	99.301	858	6	0	4148681	4149538	1	858	0.0	1552	5306069	858	card~~~SHV-152~~~JX121119.1:0-858~~~cephalosporin;penicillin_beta-lactam SHV-152 is a beta-lactamase.
contig_3	card~~~SHV-15~~~AJ011428.2:0-861~~~cephalosporin;penicillin_beta-lactam	99.187	861	7	0	4148681	4149541	1	861	0.0	1552	5306069	861	card~~~SHV-15~~~AJ011428.2:0-861~~~cephalosporin;penicillin_beta-lactam SHV-15 is an extended-spectrum beta-lactamase found in E. coli.
contig_3	card~~~SHV-141~~~JQ388884.1:0-861~~~cephalosporin;penicillin_beta-lactam	99.187	861	7	0	4148681	4149541	1	861	0.0	1552	5306069	861	card~~~SHV-141~~~JQ388884.1:0-861~~~cephalosporin;penicillin_beta-lactam SHV-141 is a broad-spectrum beta-lactamase.
contig_3	card~~~SHV-133~~~AB551737.1:14-875~~~cephalosporin;penicillin_beta-lactam	99.187	861	7	0	4148681	4149541	1	861	0.0	1552	5306069	861	card~~~SHV-133~~~AB551737.1:14-875~~~cephalosporin;penicillin_beta-lactam SHV-133 is a beta-lactamase.
contig_3	card~~~SHV-120~~~JF812965.1:0-861~~~cephalosporin;penicillin_beta-lactam	99.187	861	7	0	4148681	4149541	1	861	0.0	1552	5306069	861	card~~~SHV-120~~~JF812965.1:0-861~~~cephalosporin;penicillin_beta-lactam SHV-120 is a beta-lactamase that has been found in clinical isolates.
contig_3	card~~~SHV-109~~~EU418913.1:16-877~~~cephalosporin;penicillin_beta-lactam	99.187	861	7	0	4148681	4149541	1	861	0.0	1552	5306069	861	card~~~SHV-109~~~EU418913.1:16-877~~~cephalosporin;penicillin_beta-lactam SHV-109 is a broad-spectrum beta-lactamase found in Klebsiella pneumoniae.
contig_3	card~~~SHV-106~~~AM941847.1:0-861~~~cephalosporin;penicillin_beta-lactam	99.187	861	7	0	4148681	4149541	1	861	0.0	1552	5306069	861	card~~~SHV-106~~~AM941847.1:0-861~~~cephalosporin;penicillin_beta-lactam SHV-106 is an extended-spectrum beta-lactamase that has been found in clinical isolates.
contig_3	card~~~SHV-103~~~EU032604.1:0-861~~~cephalosporin;penicillin_beta-lactam	99.187	861	7	0	4148681	4149541	1	861	0.0	1552	5306069	861	card~~~SHV-103~~~EU032604.1:0-861~~~cephalosporin;penicillin_beta-lactam SHV-103 is a beta-lactamase that has been found in clinical isolates.
contig_3	card~~~SHV-183~~~HG934764.1:0-864~~~cephalosporin;penicillin_beta-lactam	99.074	864	5	1	4148681	4149541	1	864	0.0	1548	5306069	864	card~~~SHV-183~~~HG934764.1:0-864~~~cephalosporin;penicillin_beta-lactam SHV-183 is a beta-lactamase. Name originally from the historical Lahey list of beta-lactamases, some of which did not include sequence data.
contig_3	card~~~SHV-140~~~JN051143.1:0-861~~~cephalosporin;penicillin_beta-lactam	99.185	859	7	0	4148683	4149541	3	861	0.0	1548	5306069	861	card~~~SHV-140~~~JN051143.1:0-861~~~cephalosporin;penicillin_beta-lactam SHV-140 is a broad-spectrum beta-lactamase.
contig_3	card~~~SHV-122~~~HM751103.1:0-864~~~cephalosporin;penicillin_beta-lactam	99.074	864	5	3	4148681	4149541	1	864	0.0	1548	5306069	864	card~~~SHV-122~~~HM751103.1:0-864~~~cephalosporin;penicillin_beta-lactam SHV-122 is a beta-lactamase that has been found in clinical isolates.
contig_3	card~~~SHV-92~~~DQ836922.1:0-861~~~cephalosporin;penicillin_beta-lactam	99.071	861	8	0	4148681	4149541	1	861	0.0	1546	5306069	861	card~~~SHV-92~~~DQ836922.1:0-861~~~cephalosporin;penicillin_beta-lactam SHV-92 is a beta-lactamase found in Klebsiella pneumoniae.
contig_3	card~~~SHV-84~~~DAGGVK010000093.1:2639-3500~~~cephalosporin;penicillin_beta-lactam	99.071	861	8	0	4148681	4149541	1	861	0.0	1546	5306069	861	card~~~SHV-84~~~DAGGVK010000093.1:2639-3500~~~cephalosporin;penicillin_beta-lactam SHV-84 is an inhibitor-resistant beta-lactamase that has been found in clinical isolates.
contig_3	card~~~SHV-72~~~AM176547.2:30-891~~~cephalosporin;penicillin_beta-lactam	99.071	861	8	0	4148681	4149541	1	861	0.0	1546	5306069	861	card~~~SHV-72~~~AM176547.2:30-891~~~cephalosporin;penicillin_beta-lactam SHV-72 is an inhibitor-resistant beta-lactamase found in Klebsiella pneumoniae.
contig_3	card~~~SHV-63~~~EU342351.1:172-1033~~~cephalosporin;penicillin_beta-lactam	99.071	861	8	0	4148681	4149541	1	861	0.0	1546	5306069	861	card~~~SHV-63~~~EU342351.1:172-1033~~~cephalosporin;penicillin_beta-lactam SHV-63 is a beta-lactamase found in Klebsiella pneumoniae.
contig_3	card~~~SHV-55~~~AJ863560.2:0-861~~~cephalosporin;penicillin_beta-lactam	99.071	861	8	0	4148681	4149541	1	861	0.0	1546	5306069	861	card~~~SHV-55~~~AJ863560.2:0-861~~~cephalosporin;penicillin_beta-lactam SHV-55 is an extended-spectrum beta-lactamase found in Klebsiella pneumoniae.
contig_3	card~~~SHV-5~~~X55640.1:111-972~~~cephalosporin;penicillin_beta-lactam	99.071	861	8	0	4148681	4149541	1	861	0.0	1546	5306069	861	card~~~SHV-5~~~X55640.1:111-972~~~cephalosporin;penicillin_beta-lactam SHV-5 is an extended-spectrum beta-lactamase found in Acinetobacter baumannii, Enterobacter cloacae, E. coli, Klebsiella pneumoniae, Pseudomonas aeruginosa, and Salmonella enterica.
contig_3	card~~~SHV-48~~~AY263404.1:0-861~~~cephalosporin;penicillin_beta-lactam	99.071	861	8	0	4148681	4149541	1	861	0.0	1546	5306069	861	card~~~SHV-48~~~AY263404.1:0-861~~~cephalosporin;penicillin_beta-lactam SHV-48 is a broad-spectrum beta-lactamase found in Klebsiella pneumoniae.
contig_3	card~~~SHV-45~~~AF547625.1:0-861~~~cephalosporin;penicillin_beta-lactam	99.071	861	8	0	4148681	4149541	1	861	0.0	1546	5306069	861	card~~~SHV-45~~~AF547625.1:0-861~~~cephalosporin;penicillin_beta-lactam SHV-45 is an extended-spectrum beta-lactamase found in Klebsiella pneumoniae.
contig_3	card~~~SHV-43~~~AY065991.1:6-867~~~cephalosporin;penicillin_beta-lactam	99.071	861	8	0	4148681	4149541	1	861	0.0	1546	5306069	861	card~~~SHV-43~~~AY065991.1:6-867~~~cephalosporin;penicillin_beta-lactam SHV-43 is a broad-spectrum beta-lactamase found in Klebsiella pneumoniae.
contig_3	card~~~SHV-41~~~AF535129.1:0-861~~~cephalosporin;penicillin_beta-lactam	99.071	861	8	0	4148681	4149541	1	861	0.0	1546	5306069	861	card~~~SHV-41~~~AF535129.1:0-861~~~cephalosporin;penicillin_beta-lactam SHV-41 is an extended-spectrum beta-lactamase found in Klebsiella pneumoniae.
contig_3	card~~~SHV-4~~~LT985229.1:36107-36968~~~cephalosporin;penicillin_beta-lactam	99.071	861	8	0	4148681	4149541	1	861	0.0	1546	5306069	861	card~~~SHV-4~~~LT985229.1:36107-36968~~~cephalosporin;penicillin_beta-lactam SHV-4 is an extended-spectrum beta-lactamase that has been found in clinical isolates.
contig_3	card~~~SHV-30~~~AY661885.1:48-909~~~cephalosporin;penicillin_beta-lactam	99.071	861	8	0	4148681	4149541	1	861	0.0	1546	5306069	861	card~~~SHV-30~~~AY661885.1:48-909~~~cephalosporin;penicillin_beta-lactam SHV-30 is an extended-spectrum beta-lactamase found in Enterobacter cloacae.
contig_3	card~~~SHV-3~~~KX092356.1:192-1053~~~cephalosporin;penicillin_beta-lactam	99.071	861	8	0	4148681	4149541	1	861	0.0	1546	5306069	861	card~~~SHV-3~~~KX092356.1:192-1053~~~cephalosporin;penicillin_beta-lactam SHV-3 is an extended-spectrum beta-lactamase found in Klebsiella pneumoniae.
contig_3	card~~~SHV-241~~~OR876333.1:0-861~~~cephalosporin;penicillin_beta-lactam	99.071	861	8	0	4148681	4149541	1	861	0.0	1546	5306069	861	card~~~SHV-241~~~OR876333.1:0-861~~~cephalosporin;penicillin_beta-lactam Inhibitor-resistant class A beta-lactamase SHV-241.
contig_3	card~~~SHV-233~~~OR826346.1:0-861~~~cephalosporin;penicillin_beta-lactam	99.071	861	8	0	4148681	4149541	1	861	0.0	1546	5306069	861	card~~~SHV-233~~~OR826346.1:0-861~~~cephalosporin;penicillin_beta-lactam Inhibitor-resistant class A beta-lactamase SHV-233.
contig_3	card~~~SHV-221~~~NG_062293.1:0-861~~~cephalosporin;penicillin_beta-lactam	99.071	861	8	0	4148681	4149541	1	861	0.0	1546	5306069	861	card~~~SHV-221~~~NG_062293.1:0-861~~~cephalosporin;penicillin_beta-lactam A beta-lactamase gene found in Klebsiella pneumonia.
contig_3	card~~~SHV-198~~~NG_055284.1:0-861~~~cephalosporin;penicillin_beta-lactam	99.071	861	8	0	4148681	4149541	1	861	0.0	1546	5306069	861	card~~~SHV-198~~~NG_055284.1:0-861~~~cephalosporin;penicillin_beta-lactam A beta-lactamase gene from Klebsiella pneumoniae.
contig_3	card~~~SHV-197~~~NG_052582.1:0-861~~~cephalosporin;penicillin_beta-lactam	99.071	861	8	0	4148681	4149541	1	861	0.0	1546	5306069	861	card~~~SHV-197~~~NG_052582.1:0-861~~~cephalosporin;penicillin_beta-lactam A beta-lactamase gene from Escherichia coli.
contig_3	card~~~SHV-189~~~KP050494.1:0-861~~~cephalosporin;penicillin_beta-lactam	99.071	861	8	0	4148681	4149541	1	861	0.0	1546	5306069	861	card~~~SHV-189~~~KP050494.1:0-861~~~cephalosporin;penicillin_beta-lactam SHV-189 is a beta-lactamase. Name originally from the historical Lahey list of beta-lactamases, some of which did not include sequence data.
contig_3	card~~~SHV-168~~~JX870080.1:0-861~~~cephalosporin;penicillin_beta-lactam	99.071	861	8	0	4148681	4149541	1	861	0.0	1546	5306069	861	card~~~SHV-168~~~JX870080.1:0-861~~~cephalosporin;penicillin_beta-lactam SHV-168 is a beta-lactamase. Name originally from the historical Lahey list of beta-lactamases, some of which did not include sequence data.
contig_3	card~~~SHV-154~~~JX121121.1:0-858~~~cephalosporin;penicillin_beta-lactam	99.184	858	7	0	4148681	4149538	1	858	0.0	1546	5306069	858	card~~~SHV-154~~~JX121121.1:0-858~~~cephalosporin;penicillin_beta-lactam SHV-154 is a beta-lactamase.
contig_3	card~~~SHV-150~~~JX121117.1:0-858~~~cephalosporin;penicillin_beta-lactam	99.184	858	7	0	4148681	4149538	1	858	0.0	1546	5306069	858	card~~~SHV-150~~~JX121117.1:0-858~~~cephalosporin;penicillin_beta-lactam SHV-150 is a beta-lactamase.
contig_3	card~~~SHV-147~~~JX121114.1:0-858~~~cephalosporin;penicillin_beta-lactam	99.184	858	7	0	4148681	4149538	1	858	0.0	1546	5306069	858	card~~~SHV-147~~~JX121114.1:0-858~~~cephalosporin;penicillin_beta-lactam SHV-147 is a beta-lactamase.
contig_3	card~~~SHV-129~~~GU827715.1:0-861~~~cephalosporin;penicillin_beta-lactam	99.071	861	8	0	4148681	4149541	1	861	0.0	1546	5306069	861	card~~~SHV-129~~~GU827715.1:0-861~~~cephalosporin;penicillin_beta-lactam SHV-129 is an extended-spectrum beta-lactamase that has been found in clinical isolates.
contig_3	card~~~SHV-115~~~NG_067162.1:0-861~~~cephalosporin;penicillin_beta-lactam	99.071	861	8	0	4148681	4149541	1	861	0.0	1546	5306069	861	card~~~SHV-115~~~NG_067162.1:0-861~~~cephalosporin;penicillin_beta-lactam SHV-115 is an extended-spectrum beta-lactamase that has been found in clinical isolates.
contig_3	card~~~SHV-102~~~EU024485.1:0-861~~~cephalosporin;penicillin_beta-lactam	99.071	861	8	0	4148681	4149541	1	861	0.0	1546	5306069	861	card~~~SHV-102~~~EU024485.1:0-861~~~cephalosporin;penicillin_beta-lactam SHV-102 is an extended spectrum beta-lactamase found in E. coli.
contig_3	card~~~SHV-163~~~JX121130.1:0-858~~~cephalosporin;penicillin_beta-lactam	99.182	856	7	0	4148681	4149536	1	856	0.0	1543	5306069	858	card~~~SHV-163~~~JX121130.1:0-858~~~cephalosporin;penicillin_beta-lactam SHV-163 is a beta-lactamase.
contig_3	card~~~SHV-7~~~U20270.1:124-985~~~cephalosporin;penicillin_beta-lactam	98.955	861	9	0	4148681	4149541	1	861	0.0	1541	5306069	861	card~~~SHV-7~~~U20270.1:124-985~~~cephalosporin;penicillin_beta-lactam SHV-7 is an extended-spectrum beta-lactamase found in E. coli.
contig_3	card~~~SHV-52~~~HQ845196.1:0-861~~~cephalosporin;penicillin_beta-lactam	98.955	861	9	0	4148681	4149541	1	861	0.0	1541	5306069	861	card~~~SHV-52~~~HQ845196.1:0-861~~~cephalosporin;penicillin_beta-lactam SHV-52 is a beta-lactamase that has been found in clinical isolates.
contig_3	card~~~SHV-34~~~AY036620.1:88-949~~~cephalosporin;penicillin_beta-lactam	98.955	861	9	0	4148681	4149541	1	861	0.0	1541	5306069	861	card~~~SHV-34~~~AY036620.1:88-949~~~cephalosporin;penicillin_beta-lactam SHV-34 is an extended-spectrum beta-lactamase found in E. coli.
contig_3	card~~~SHV-245~~~PP847210.1:0-861~~~cephalosporin;penicillin_beta-lactam	98.955	861	9	0	4148681	4149541	1	861	0.0	1541	5306069	861	card~~~SHV-245~~~PP847210.1:0-861~~~cephalosporin;penicillin_beta-lactam Class A beta-lactamase SHV-245.
contig_3	card~~~SHV-237~~~OR863410.1:0-861~~~cephalosporin;penicillin_beta-lactam	98.955	861	9	0	4148681	4149541	1	861	0.0	1541	5306069	861	card~~~SHV-237~~~OR863410.1:0-861~~~cephalosporin;penicillin_beta-lactam Class A beta-lactamase SHV-237.
contig_3	card~~~SHV-223~~~NG_062295.1:0-861~~~cephalosporin;penicillin_beta-lactam	98.955	861	9	0	4148681	4149541	1	861	0.0	1541	5306069	861	card~~~SHV-223~~~NG_062295.1:0-861~~~cephalosporin;penicillin_beta-lactam A beta-lactamase gene found in Klebsiella pneumonia.
contig_3	card~~~SHV-222~~~NG_062294.1:0-861~~~cephalosporin;penicillin_beta-lactam	98.955	861	9	0	4148681	4149541	1	861	0.0	1541	5306069	861	card~~~SHV-222~~~NG_062294.1:0-861~~~cephalosporin;penicillin_beta-lactam A beta-lactamase gene from Klebsiella pneumoniae.
contig_3	card~~~SHV-220~~~NG_062292.1:0-861~~~cephalosporin;penicillin_beta-lactam	98.955	861	9	0	4148681	4149541	1	861	0.0	1541	5306069	861	card~~~SHV-220~~~NG_062292.1:0-861~~~cephalosporin;penicillin_beta-lactam Beta-lactamase gene from Klebsiella pneumoniae.
contig_3	card~~~SHV-218~~~NG_062290.1:0-861~~~cephalosporin;penicillin_beta-lactam	98.955	861	9	0	4148681	4149541	1	861	0.0	1541	5306069	861	card~~~SHV-218~~~NG_062290.1:0-861~~~cephalosporin;penicillin_beta-lactam A beta-lactamase gene found in Klebsiella pneumoniae.
contig_3	card~~~SHV-200~~~NG_055588.1:0-861~~~cephalosporin;penicillin_beta-lactam	98.955	861	9	0	4148681	4149541	1	861	0.0	1541	5306069	861	card~~~SHV-200~~~NG_055588.1:0-861~~~cephalosporin;penicillin_beta-lactam A beta-lactamase gene found in Klebsiella pneumoniae.
contig_3	card~~~SHV-190~~~NG_050056.1:0-861~~~cephalosporin;penicillin_beta-lactam	98.955	861	9	0	4148681	4149541	1	861	0.0	1541	5306069	861	card~~~SHV-190~~~NG_050056.1:0-861~~~cephalosporin;penicillin_beta-lactam SHV-190 is a beta-lactamase. Name originally from the historical Lahey list of beta-lactamases, some of which did not include sequence data.
contig_3	card~~~SHV-188~~~LN515534.1:0-873~~~cephalosporin;penicillin_beta-lactam	98.625	873	6	1	4148675	4149541	1	873	0.0	1541	5306069	873	card~~~SHV-188~~~LN515534.1:0-873~~~cephalosporin;penicillin_beta-lactam SHV-188 is a beta-lactamase. Name originally from the historical Lahey list of beta-lactamases, some of which did not include sequence data.
contig_3	card~~~SHV-18~~~AF132290.1:87-948~~~cephalosporin;penicillin_beta-lactam	98.955	861	9	0	4148681	4149541	1	861	0.0	1541	5306069	861	card~~~SHV-18~~~AF132290.1:87-948~~~cephalosporin;penicillin_beta-lactam SHV-18 is an extended-spectrum beta-lactamase found in Acinetobacter baumannii and Klebsiella pneumoniae.
contig_3	card~~~SHV-153~~~JX121120.1:0-858~~~cephalosporin;penicillin_beta-lactam	99.068	858	8	0	4148681	4149538	1	858	0.0	1541	5306069	858	card~~~SHV-153~~~JX121120.1:0-858~~~cephalosporin;penicillin_beta-lactam SHV-153 is a beta-lactamase.
contig_3	card~~~SHV-151~~~JX121118.1:0-858~~~cephalosporin;penicillin_beta-lactam	99.068	858	8	0	4148681	4149538	1	858	0.0	1541	5306069	858	card~~~SHV-151~~~JX121118.1:0-858~~~cephalosporin;penicillin_beta-lactam SHV-151 is a beta-lactamase.
contig_3	card~~~SHV-149~~~JX121116.1:0-858~~~cephalosporin;penicillin_beta-lactam	99.068	858	8	0	4148681	4149538	1	858	0.0	1541	5306069	858	card~~~SHV-149~~~JX121116.1:0-858~~~cephalosporin;penicillin_beta-lactam SHV-149 is a beta-lactamase.
contig_3	card~~~SHV-146~~~NG_050020.1:0-861~~~cephalosporin;penicillin_beta-lactam	98.955	861	9	0	4148681	4149541	1	861	0.0	1541	5306069	861	card~~~SHV-146~~~NG_050020.1:0-861~~~cephalosporin;penicillin_beta-lactam SHV-146 is a beta-lactamase. Name originally from the historical Lahey list of beta-lactamases, some of which did not include sequence data.
contig_3	card~~~SHV-46~~~AY210887.1:111-972~~~cephalosporin;penicillin_beta-lactam	98.839	861	10	0	4148681	4149541	1	861	0.0	1535	5306069	861	card~~~SHV-46~~~AY210887.1:111-972~~~cephalosporin;penicillin_beta-lactam SHV-46 is an extended-spectrum beta-lactamase found in Klebsiella oxytoca.
contig_3	card~~~SHV-231~~~OP951208.1:0-861~~~cephalosporin;penicillin_beta-lactam	98.839	861	10	0	4148681	4149541	1	861	0.0	1535	5306069	861	card~~~SHV-231~~~OP951208.1:0-861~~~cephalosporin;penicillin_beta-lactam Inhibitor-resistant extended-spectrum class A beta-lactamase SHV-231.
contig_3	card~~~SHV-165~~~JX121131.1:0-858~~~cephalosporin;penicillin_beta-lactam	98.951	858	9	0	4148681	4149538	1	858	0.0	1535	5306069	858	card~~~SHV-165~~~JX121131.1:0-858~~~cephalosporin;penicillin_beta-lactam SHV-165 is a beta-lactamase.
contig_3	card~~~SHV-162~~~JX121129.1:0-858~~~cephalosporin;penicillin_beta-lactam	98.951	858	9	0	4148681	4149538	1	858	0.0	1535	5306069	858	card~~~SHV-162~~~JX121129.1:0-858~~~cephalosporin;penicillin_beta-lactam SHV-162 is a beta-lactamase.
contig_3	card~~~SHV-128~~~GU932590.1:0-861~~~cephalosporin;penicillin_beta-lactam	98.839	861	10	0	4148681	4149541	1	861	0.0	1535	5306069	861	card~~~SHV-128~~~GU932590.1:0-861~~~cephalosporin;penicillin_beta-lactam SHV-128 is an extended-spectrum beta-lactamase that has been found in clinical isolates.
contig_3	card~~~SHV-105~~~FJ194944.1:46-907~~~cephalosporin;penicillin_beta-lactam	98.839	861	10	0	4148681	4149541	1	861	0.0	1535	5306069	861	card~~~SHV-105~~~FJ194944.1:46-907~~~cephalosporin;penicillin_beta-lactam SHV-105 is an extended-spectrum beta-lactamase found in Klebsiella pneumoniae.
contig_3	card~~~SHV-73~~~AM176548.2:16-874~~~cephalosporin;penicillin_beta-lactam	99.062	853	8	0	4148689	4149541	6	858	0.0	1531	5306069	858	card~~~SHV-73~~~AM176548.2:16-874~~~cephalosporin;penicillin_beta-lactam SHV-73 is a broad-spectrum beta-lactamase found in Klebsiella pneumoniae.
contig_3	card~~~SHV-167~~~AB733453.1:3-849~~~cephalosporin;penicillin_beta-lactam	99.054	846	8	0	4148681	4149526	1	846	0.0	1519	5306069	846	card~~~SHV-167~~~AB733453.1:3-849~~~cephalosporin;penicillin_beta-lactam SHV-167 is a beta-lactamase.
contig_3	card~~~emrB~~~U00096.1:2812615-2814154~~~fluoroquinolone	84.221	1540	241	2	2550147	2551685	1539	1	0.0	1496	5306069	1539	card~~~emrB~~~U00096.1:2812615-2814154~~~fluoroquinolone emrB is a translocase in the emrB -TolC efflux protein in E. coli. It recognizes substrates including carbonyl cyanide m-chlorophenylhydrazone (CCCP), nalidixic acid, and thioloactomycin.
contig_3	card~~~Klebsiella_pneumoniae_KpnH~~~ASTU01000063.1:61248-62787~~~aminoglycoside;carbapenem;cephalosporin;fluoroquinolone;macrolide;penicillin_beta-lactam;peptide	84.251	1543	235	6	2550147	2551685	1539	1	0.0	1496	5306069	1539	card~~~Klebsiella_pneumoniae_KpnH~~~ASTU01000063.1:61248-62787~~~aminoglycoside;carbapenem;cephalosporin;fluoroquinolone;macrolide;penicillin_beta-lactam;peptide KpnH consists of ~511 residues, resembles EmrB of E. coli, and is probably a translocase in the KpnGH-TolC efflux protein in K. pneumoniae. Disruption of the pump components KpnG-KpnH signficantly decrease resistance to azithromycin, ceftazidime, ciprofloxacin, ertapenem, erythromycin, gentamicin, imipenem, ticarcillin, norfloxacin, polymyxin-B, piperacillin, spectinomycin, tobramycin, and streptomycin.
contig_3	card~~~SHV-9~~~S82452.1:120-978~~~cephalosporin;penicillin_beta-lactam	98.026	861	14	1	4148681	4149541	1	858	0.0	1493	5306069	858	card~~~SHV-9~~~S82452.1:120-978~~~cephalosporin;penicillin_beta-lactam SHV-9 is an extended-spectrum beta-lactamase found in Klebsiella pneumoniae.
contig_3	card~~~SHV-16~~~AF072684.2:117-993~~~cephalosporin;penicillin_beta-lactam	97.377	877	6	3	4148681	4149541	1	876	0.0	1476	5306069	876	card~~~SHV-16~~~AF072684.2:117-993~~~cephalosporin;penicillin_beta-lactam SHV-16 is an extended-spectrum beta-lactamase that has been found in clinical isolates. It differs from SHV-1 by a 163DRWET167 insertion.
contig_3	card~~~SHV-125~~~GQ390807.1:0-813~~~cephalosporin;penicillin_beta-lactam	99.016	813	8	0	4148681	4149493	1	813	0.0	1458	5306069	813	card~~~SHV-125~~~GQ390807.1:0-813~~~cephalosporin;penicillin_beta-lactam SHV-125 is a beta-lactamase that has been found in clinical isolates.
contig_3	card~~~SHV-127~~~GQ390809.1:0-813~~~cephalosporin;penicillin_beta-lactam	98.893	813	9	0	4148681	4149493	1	813	0.0	1452	5306069	813	card~~~SHV-127~~~GQ390809.1:0-813~~~cephalosporin;penicillin_beta-lactam SHV-127 is a beta-lactamase that has been found in clinical isolates.
contig_3	card~~~SHV-126~~~GQ390808.1:0-813~~~cephalosporin;penicillin_beta-lactam	98.893	813	9	0	4148681	4149493	1	813	0.0	1452	5306069	813	card~~~SHV-126~~~GQ390808.1:0-813~~~cephalosporin;penicillin_beta-lactam SHV-126 is a beta-lactamase that has been found in clinical isolates.
contig_3	card~~~SHV-124~~~GQ390806.1:0-813~~~cephalosporin;penicillin_beta-lactam	98.893	813	9	0	4148681	4149493	1	813	0.0	1452	5306069	813	card~~~SHV-124~~~GQ390806.1:0-813~~~cephalosporin;penicillin_beta-lactam SHV-124 is a beta-lactamase that has been found in clinical isolates.
contig_3	card~~~SHV-123~~~GQ390805.1:0-813~~~cephalosporin;penicillin_beta-lactam	98.770	813	10	0	4148681	4149493	1	813	0.0	1447	5306069	813	card~~~SHV-123~~~GQ390805.1:0-813~~~cephalosporin;penicillin_beta-lactam SHV-123 is a beta-lactamase that has been found in clinical isolates.
contig_3	card~~~OHIO-1~~~NG_049352.1:100-961~~~cephalosporin	96.875	864	21	6	4148681	4149541	1	861	0.0	1441	5306069	861	card~~~OHIO-1~~~NG_049352.1:100-961~~~cephalosporin OHIO-1 is a OHIO beta-lactamase.
contig_3	card~~~AAK-1~~~NG_070893.1:0-861~~~carbapenem	96.262	856	32	0	4148681	4149536	1	856	0.0	1404	5306069	861	card~~~AAK-1~~~NG_070893.1:0-861~~~carbapenem AAK-1 is a AAK beta-lactamase.
contig_3	card~~~SHV-100~~~AM941846.1:0-900~~~cephalosporin;penicillin_beta-lactam	99.481	770	4	0	4148772	4149541	131	900	0.0	1400	5306069	900	card~~~SHV-100~~~AM941846.1:0-900~~~cephalosporin;penicillin_beta-lactam SHV-100 is a beta-lactamase found in Klebsiella pneumoniae. It differs from SHV-1 by a 35SESQLSGRVGMIE36 insertion.
contig_3	card~~~SHV-100~~~AM941846.1:0-900~~~cephalosporin;penicillin_beta-lactam	98.496	133	2	0	4148681	4148813	1	133	3.46e-58	235	5306069	900	card~~~SHV-100~~~AM941846.1:0-900~~~cephalosporin;penicillin_beta-lactam SHV-100 is a beta-lactamase found in Klebsiella pneumoniae. It differs from SHV-1 by a 35SESQLSGRVGMIE36 insertion.
contig_3	card~~~SHV-20~~~AF117744.1:0-780~~~cephalosporin;penicillin_beta-lactam	98.974	780	8	0	4148711	4149490	1	780	0.0	1397	5306069	780	card~~~SHV-20~~~AF117744.1:0-780~~~cephalosporin;penicillin_beta-lactam SHV-20 is a broad-spectrum beta-lactamase that has been found in clinical isolates.
contig_3	card~~~SHV-22~~~AF117746.1:0-780~~~cephalosporin;penicillin_beta-lactam	98.846	780	9	0	4148711	4149490	1	780	0.0	1391	5306069	780	card~~~SHV-22~~~AF117746.1:0-780~~~cephalosporin;penicillin_beta-lactam SHV-22 is a broad-spectrum beta-lactamase that has been found in clinical isolates.
contig_3	card~~~SHV-21~~~AF117745.1:0-780~~~cephalosporin;penicillin_beta-lactam	98.846	780	9	0	4148711	4149490	1	780	0.0	1391	5306069	780	card~~~SHV-21~~~AF117745.1:0-780~~~cephalosporin;penicillin_beta-lactam SHV-21 is a broad-spectrum beta-lactamase that has been found in clinical isolates.
contig_3	card~~~SHV-23~~~AF117747.1:0-780~~~cephalosporin;penicillin_beta-lactam	98.718	780	10	0	4148711	4149490	1	780	0.0	1386	5306069	780	card~~~SHV-23~~~AF117747.1:0-780~~~cephalosporin;penicillin_beta-lactam SHV-23 is an extended-spectrum beta-lactamase that has been found in clinical isolates.
contig_3	card~~~SHV-53~~~AY590467.1:1-727~~~cephalosporin;penicillin_beta-lactam	99.449	726	4	0	4148702	4149427	1	726	0.0	1319	5306069	726	card~~~SHV-53~~~AY590467.1:1-727~~~cephalosporin;penicillin_beta-lactam SHV-53 is a beta-lactamase that has been found in clinical isolates.
contig_3	card~~~MuxB~~~AE004091.2:2854014-2850882~~~aminocoumarin;macrolide;monobactam;tetracycline	74.630	3110	655	109	3142657	3145699	3048	6	0.0	1249	5306069	3132	card~~~MuxB~~~AE004091.2:2854014-2850882~~~aminocoumarin;macrolide;monobactam;tetracycline MuxB is one of the two necessary RND components in the Pseudomonas aeruginosa efflux pump system MuxABC-OpmB.
contig_3	card~~~OKP-C-1~~~NG_067155.1:0-861~~~cephalosporin;penicillin_beta-lactam	92.575	862	62	2	4148681	4149541	1	861	0.0	1236	5306069	861	card~~~OKP-C-1~~~NG_067155.1:0-861~~~cephalosporin;penicillin_beta-lactam OKP-C-1 is a OKP beta-lactamase.
contig_3	card~~~LEN-41~~~MK161461.1:0-861~~~penicillin_beta-lactam	91.647	862	70	2	4148681	4149541	1	861	0.0	1192	5306069	861	card~~~LEN-41~~~MK161461.1:0-861~~~penicillin_beta-lactam A class-A broad-spectrum beta-lactamase identified from Klebsiella.
contig_3	card~~~AcrF~~~U00096.1:3415032-3418137~~~cephalosporin;fluoroquinolone;penicillin_beta-lactam	73.938	3131	731	71	89404	92492	10	3097	0.0	1182	5306069	3105	card~~~AcrF~~~U00096.1:3415032-3418137~~~cephalosporin;fluoroquinolone;penicillin_beta-lactam AcrF is a inner membrane transporter, similar to AcrB.
contig_3	card~~~LEN-40~~~MK161459.1:0-861~~~penicillin_beta-lactam	91.415	862	72	2	4148681	4149541	1	861	0.0	1181	5306069	861	card~~~LEN-40~~~MK161459.1:0-861~~~penicillin_beta-lactam A class-A broad-spectrum beta-lactamase identified from Klebsiella sp.
contig_3	card~~~LEN-22~~~AM850912.2:0-861~~~penicillin_beta-lactam	91.299	862	73	2	4148681	4149541	1	861	0.0	1175	5306069	861	card~~~LEN-22~~~AM850912.2:0-861~~~penicillin_beta-lactam LEN-22 is a beta-lactamase found in Klebsiella pneumoniae.
contig_3	card~~~LEN-2~~~AY037780.1:88-949~~~penicillin_beta-lactam	91.299	862	73	2	4148681	4149541	1	861	0.0	1175	5306069	861	card~~~LEN-2~~~AY037780.1:88-949~~~penicillin_beta-lactam LEN-2 is a beta-lactamase found in Klebsiella pneumoniae.
contig_3	card~~~LEN-19~~~AM850909.2:0-861~~~penicillin_beta-lactam	91.299	862	73	2	4148681	4149541	1	861	0.0	1175	5306069	861	card~~~LEN-19~~~AM850909.2:0-861~~~penicillin_beta-lactam LEN-19 is a beta-lactamase found in Klebsiella pneumoniae.
contig_3	card~~~LEN-12~~~QIXO01000012.1:31069-30208~~~penicillin_beta-lactam	91.299	862	73	2	4148681	4149541	1	861	0.0	1175	5306069	861	card~~~LEN-12~~~QIXO01000012.1:31069-30208~~~penicillin_beta-lactam LEN-12 is a beta-lactamase found in Klebsiella pneumoniae.
contig_3	card~~~LEN-11~~~FLES01000010.1:120291-121152~~~penicillin_beta-lactam	91.299	862	73	2	4148681	4149541	1	861	0.0	1175	5306069	861	card~~~LEN-11~~~FLES01000010.1:120291-121152~~~penicillin_beta-lactam LEN-11 is a beta-lactamase found in Klebsiella pneumoniae.
contig_3	card~~~cpxA~~~BA000007.3:4905062-4903688~~~aminocoumarin;aminoglycoside	82.198	1365	241	2	1256006	1257369	1	1364	0.0	1173	5306069	1374	card~~~cpxA~~~BA000007.3:4905062-4903688~~~aminocoumarin;aminoglycoside CpxA is a membrane-localized sensor kinase that is activated by envelope stress. It starts a kinase cascade that activates CpxR, which promotes efflux complex expression.
contig_3	card~~~LEN-5~~~AY633109.1:0-861~~~penicillin_beta-lactam	91.183	862	74	2	4148681	4149541	1	861	0.0	1170	5306069	861	card~~~LEN-5~~~AY633109.1:0-861~~~penicillin_beta-lactam LEN-5 is a beta-lactamase found in Klebsiella pneumoniae.
contig_3	card~~~LEN-43~~~MK161460.1:0-861~~~penicillin_beta-lactam	91.183	862	74	2	4148681	4149541	1	861	0.0	1170	5306069	861	card~~~LEN-43~~~MK161460.1:0-861~~~penicillin_beta-lactam A class-A broad-spectrum beta-lactamase from Klebsiella.
contig_3	card~~~LEN-30~~~FWOA01000001.1:577656-576795~~~penicillin_beta-lactam	91.183	862	74	2	4148681	4149541	1	861	0.0	1170	5306069	861	card~~~LEN-30~~~FWOA01000001.1:577656-576795~~~penicillin_beta-lactam A class-A beta-lactamase from Klebsiella pneumoniae.
contig_3	card~~~LEN-28~~~NG_060510.1:100-961~~~penicillin_beta-lactam	91.183	862	74	2	4148681	4149541	1	861	0.0	1170	5306069	861	card~~~LEN-28~~~NG_060510.1:100-961~~~penicillin_beta-lactam LEN-28 is a LEN beta-lactamase.
contig_3	card~~~LEN-21~~~AM850911.2:0-861~~~penicillin_beta-lactam	91.183	862	74	2	4148681	4149541	1	861	0.0	1170	5306069	861	card~~~LEN-21~~~AM850911.2:0-861~~~penicillin_beta-lactam LEN-21 is a beta-lactamase found in Klebsiella pneumoniae.
contig_3	card~~~LEN-20~~~AM850910.2:0-861~~~penicillin_beta-lactam	91.183	862	74	2	4148681	4149541	1	861	0.0	1170	5306069	861	card~~~LEN-20~~~AM850910.2:0-861~~~penicillin_beta-lactam LEN-20 is a beta-lactamase found in Klebsiella pneumoniae.
contig_3	card~~~LEN-17~~~DQ149134.1:0-861~~~penicillin_beta-lactam	91.183	862	74	2	4148681	4149541	1	861	0.0	1170	5306069	861	card~~~LEN-17~~~DQ149134.1:0-861~~~penicillin_beta-lactam LEN-17 is a beta-lactamase found in Escherichia coli.
contig_3	card~~~LEN-9~~~CP016344.1:2782791-2783652~~~penicillin_beta-lactam	91.067	862	75	2	4148681	4149541	1	861	0.0	1164	5306069	861	card~~~LEN-9~~~CP016344.1:2782791-2783652~~~penicillin_beta-lactam LEN-9 is a beta-lactamase found in Klebsiella pneumoniae.
contig_3	card~~~LEN-7~~~CXPA01000063.1:153489-154350~~~penicillin_beta-lactam	91.067	862	75	2	4148681	4149541	1	861	0.0	1164	5306069	861	card~~~LEN-7~~~CXPA01000063.1:153489-154350~~~penicillin_beta-lactam LEN-7 is a beta-lactamase found in Klebsiella pneumoniae.
contig_3	card~~~LEN-58~~~UKAA01000001.1:323063-322202~~~penicillin_beta-lactam	91.067	862	75	2	4148681	4149541	1	861	0.0	1164	5306069	861	card~~~LEN-58~~~UKAA01000001.1:323063-322202~~~penicillin_beta-lactam A class-A broad-spectrum beta-lactamase from Klebsiella.
contig_3	card~~~LEN-36~~~KR738738.1:0-861~~~penicillin_beta-lactam	91.067	862	75	2	4148681	4149541	1	861	0.0	1164	5306069	861	card~~~LEN-36~~~KR738738.1:0-861~~~penicillin_beta-lactam LEN-36 is a class A beta-lactamase gene found in Klebsiella variicola.
contig_3	card~~~LEN-34~~~CXPB01000032.1:60038-60899~~~penicillin_beta-lactam	91.078	863	73	4	4148681	4149541	1	861	0.0	1164	5306069	861	card~~~LEN-34~~~CXPB01000032.1:60038-60899~~~penicillin_beta-lactam A class-A beta-lactamase from Klebsiella variicola.
contig_3	card~~~LEN-27~~~NG_068509.1:100-961~~~penicillin_beta-lactam	91.067	862	75	2	4148681	4149541	1	861	0.0	1164	5306069	861	card~~~LEN-27~~~NG_068509.1:100-961~~~penicillin_beta-lactam LEN-27 is a LEN beta-lactamase.
contig_3	card~~~LEN-24~~~AM850914.2:30-891~~~penicillin_beta-lactam	91.067	862	75	2	4148681	4149541	1	861	0.0	1164	5306069	861	card~~~LEN-24~~~AM850914.2:30-891~~~penicillin_beta-lactam LEN-24 is a beta-lactamase found in Klebsiella pneumoniae.
contig_3	card~~~LEN-18~~~AM850908.2:0-861~~~penicillin_beta-lactam	91.067	862	75	2	4148681	4149541	1	861	0.0	1164	5306069	861	card~~~LEN-18~~~AM850908.2:0-861~~~penicillin_beta-lactam LEN-18 is a beta-lactamase found in Klebsiella pneumoniae.
contig_3	card~~~LEN-16~~~AY743416.1:67-928~~~penicillin_beta-lactam	91.067	862	75	2	4148681	4149541	1	861	0.0	1164	5306069	861	card~~~LEN-16~~~AY743416.1:67-928~~~penicillin_beta-lactam LEN-16 is a beta-lactamase found in Klebsiella pneumoniae.
contig_3	card~~~LEN-13~~~CP001891.1:2841996-2842857~~~penicillin_beta-lactam	91.067	862	75	2	4148681	4149541	1	861	0.0	1164	5306069	861	card~~~LEN-13~~~CP001891.1:2841996-2842857~~~penicillin_beta-lactam LEN-13 is a beta-lactamase found in Klebsiella pneumoniae and Klebsiella variicola.
contig_3	card~~~LEN-55~~~NLDD01000006.1:119723-120584~~~penicillin_beta-lactam	90.951	862	76	2	4148681	4149541	1	861	0.0	1158	5306069	861	card~~~LEN-55~~~NLDD01000006.1:119723-120584~~~penicillin_beta-lactam A class-A broad-spectrum beta-lactamase from Klebsiella.
contig_3	card~~~LEN-51~~~CP033631.1:3042328-3043189~~~penicillin_beta-lactam	90.951	862	76	2	4148681	4149541	1	861	0.0	1158	5306069	861	card~~~LEN-51~~~CP033631.1:3042328-3043189~~~penicillin_beta-lactam A class-A broad-spectrum beta-lactamase from Klebsiella.
contig_3	card~~~LEN-39~~~MK161458.1:0-861~~~penicillin_beta-lactam	90.951	862	76	2	4148681	4149541	1	861	0.0	1158	5306069	861	card~~~LEN-39~~~MK161458.1:0-861~~~penicillin_beta-lactam A class-A broad-spectrum beta-lactamase identified from Klebsiella sp.
contig_3	card~~~LEN-38~~~MK161457.1:0-861~~~penicillin_beta-lactam	90.951	862	76	2	4148681	4149541	1	861	0.0	1158	5306069	861	card~~~LEN-38~~~MK161457.1:0-861~~~penicillin_beta-lactam A class-A beta-lactamase from Klebsiella.
contig_3	card~~~LEN-35~~~KR738737.1:0-861~~~penicillin_beta-lactam	90.962	863	74	4	4148681	4149541	1	861	0.0	1158	5306069	861	card~~~LEN-35~~~KR738737.1:0-861~~~penicillin_beta-lactam LEN-35 is a Class A beta-lactamase gene found in Klebsiella variicola.
contig_3	card~~~LEN-31~~~NG_050605.1:100-961~~~penicillin_beta-lactam	90.951	862	76	2	4148681	4149541	1	861	0.0	1158	5306069	861	card~~~LEN-31~~~NG_050605.1:100-961~~~penicillin_beta-lactam LEN-31 is a LEN beta-lactamase.
contig_3	card~~~LEN-10~~~CBBA010000184.1:3395-4256~~~penicillin_beta-lactam	90.951	862	76	2	4148681	4149541	1	861	0.0	1158	5306069	861	card~~~LEN-10~~~CBBA010000184.1:3395-4256~~~penicillin_beta-lactam LEN-10 is a beta-lactamase found in Klebsiella pneumoniae.
contig_3	card~~~LEN-42~~~MK161462.1:0-861~~~penicillin_beta-lactam	90.835	862	77	2	4148681	4149541	1	861	0.0	1153	5306069	861	card~~~LEN-42~~~MK161462.1:0-861~~~penicillin_beta-lactam A class-A broad-spectrum beta-lactamase from Klebsiella.
contig_3	card~~~LEN-32~~~CDMV01000010.1:131908-132769~~~penicillin_beta-lactam	90.835	862	77	2	4148681	4149541	1	861	0.0	1153	5306069	861	card~~~LEN-32~~~CDMV01000010.1:131908-132769~~~penicillin_beta-lactam A class-A beta-lactamase from Klebsiella variicola.
contig_3	card~~~LEN-25~~~HQ709169.1:0-861~~~penicillin_beta-lactam	90.835	862	77	2	4148681	4149541	1	861	0.0	1153	5306069	861	card~~~LEN-25~~~HQ709169.1:0-861~~~penicillin_beta-lactam LEN-25 is a beta-lactamase. From the Pasteur Institute list of LEN beta-lactamases.
contig_3	card~~~LEN-23~~~AM850913.2:0-861~~~penicillin_beta-lactam	90.835	862	77	2	4148681	4149541	1	861	0.0	1153	5306069	861	card~~~LEN-23~~~AM850913.2:0-861~~~penicillin_beta-lactam LEN-23 is a beta-lactamase found in Klebsiella pneumoniae.
contig_3	card~~~LEN-8~~~CEGG01000030.1:7354-8215~~~penicillin_beta-lactam	90.719	862	78	2	4148681	4149541	1	861	0.0	1147	5306069	861	card~~~LEN-8~~~CEGG01000030.1:7354-8215~~~penicillin_beta-lactam LEN-8 is a beta-lactamase found in Klebsiella pneumoniae.
contig_3	card~~~LEN-37~~~KR738739.1:0-861~~~penicillin_beta-lactam	90.719	862	78	2	4148681	4149541	1	861	0.0	1147	5306069	861	card~~~LEN-37~~~KR738739.1:0-861~~~penicillin_beta-lactam LEN-37 is a Class A beta-lactamase gene found in Klebsiella variicola.
contig_3	card~~~LEN-26~~~JX124390.1:0-861~~~penicillin_beta-lactam	90.603	862	79	2	4148681	4149541	1	861	0.0	1142	5306069	861	card~~~LEN-26~~~JX124390.1:0-861~~~penicillin_beta-lactam LEN-26 is a beta-lactamase found in Escherichia coli and Klebsiella pneumoniae.
contig_3	card~~~LEN-15~~~AF452105.1:0-840~~~penicillin_beta-lactam	90.855	842	74	3	4148681	4149521	1	840	0.0	1125	5306069	840	card~~~LEN-15~~~AF452105.1:0-840~~~penicillin_beta-lactam LEN-15 is a beta-lactamase. From the Pasteur Institute list of LEN beta-lactamases.
contig_3	card~~~LEN-4~~~AY130287.1:1-823~~~penicillin_beta-lactam	91.241	822	70	2	4148703	4149523	2	822	0.0	1118	5306069	822	card~~~LEN-4~~~AY130287.1:1-823~~~penicillin_beta-lactam LEN-4 is a beta-lactamase found in Escherichia coli.
contig_3	card~~~LEN-1~~~X04515.1:285-1125~~~penicillin_beta-lactam	90.618	842	76	3	4148681	4149521	1	840	0.0	1114	5306069	840	card~~~LEN-1~~~X04515.1:285-1125~~~penicillin_beta-lactam LEN-1 is a beta-lactamase found in Klebsiella pneumoniae.
contig_3	card~~~LEN-3~~~AY130286.1:1-823~~~penicillin_beta-lactam	91.119	822	71	2	4148703	4149523	2	822	0.0	1112	5306069	822	card~~~LEN-3~~~AY130286.1:1-823~~~penicillin_beta-lactam LEN-3 is a beta-lactamase. From the Pasteur Institute list of LEN beta-lactamases.
contig_3	card~~~OKP-A-13~~~FJ534513.1:0-861~~~cephalosporin;penicillin_beta-lactam	88.399	862	98	2	4148681	4149541	1	861	0.0	1037	5306069	861	card~~~OKP-A-13~~~FJ534513.1:0-861~~~cephalosporin;penicillin_beta-lactam OKP-A-13 is a beta-lactamase found in Klebsiella pneumoniae.
contig_3	card~~~OKP-A-11~~~AM850915.2:19-880~~~cephalosporin;penicillin_beta-lactam	88.413	863	96	4	4148681	4149541	1	861	0.0	1037	5306069	861	card~~~OKP-A-11~~~AM850915.2:19-880~~~cephalosporin;penicillin_beta-lactam OKP-A-11 is a beta-lactamase found in Klebsiella pneumoniae.
contig_3	card~~~OKP-B-5~~~AM850918.2:24-885~~~cephalosporin;penicillin_beta-lactam	88.167	862	100	2	4148681	4149541	1	861	0.0	1026	5306069	861	card~~~OKP-B-5~~~AM850918.2:24-885~~~cephalosporin;penicillin_beta-lactam OKP-B-5 is a beta-lactamase found in Klebsiella pneumoniae.
contig_3	card~~~OKP-B-17~~~AM850919.2:24-885~~~cephalosporin;penicillin_beta-lactam	88.167	862	100	2	4148681	4149541	1	861	0.0	1026	5306069	861	card~~~OKP-B-17~~~AM850919.2:24-885~~~cephalosporin;penicillin_beta-lactam OKP-B-17 is a beta-lactamase found in Klebsiella pneumoniae.
contig_3	card~~~OKP-A-16~~~FJ755840.1:0-861~~~cephalosporin;penicillin_beta-lactam	88.181	863	98	4	4148681	4149541	1	861	0.0	1026	5306069	861	card~~~OKP-A-16~~~FJ755840.1:0-861~~~cephalosporin;penicillin_beta-lactam OKP-A-16 is a beta-lactamase found in Klebsiella pneumoniae.
contig_3	card~~~OKP-A-14~~~FJ534512.1:0-861~~~cephalosporin;penicillin_beta-lactam	88.167	862	100	2	4148681	4149541	1	861	0.0	1026	5306069	861	card~~~OKP-A-14~~~FJ534512.1:0-861~~~cephalosporin;penicillin_beta-lactam OKP-A-14 is a beta-lactamase found in Klebsiella pneumoniae.
contig_3	card~~~OKP-A-12~~~AM850916.2:18-879~~~cephalosporin;penicillin_beta-lactam	88.181	863	98	4	4148681	4149541	1	861	0.0	1026	5306069	861	card~~~OKP-A-12~~~AM850916.2:18-879~~~cephalosporin;penicillin_beta-lactam OKP-A-12 is a beta-lactamase found in Klebsiella pneumoniae.
contig_3	card~~~OKP-B-4~~~AM051153.1:0-861~~~cephalosporin;penicillin_beta-lactam	88.153	861	100	2	4148681	4149540	1	860	0.0	1024	5306069	861	card~~~OKP-B-4~~~AM051153.1:0-861~~~cephalosporin;penicillin_beta-lactam OKP-B-4 is a beta-lactamase found in Klebsiella pneumoniae.
contig_3	card~~~OKP-A-5~~~AM051143.1:0-861~~~cephalosporin;penicillin_beta-lactam	88.167	862	98	4	4148681	4149540	1	860	0.0	1024	5306069	861	card~~~OKP-A-5~~~AM051143.1:0-861~~~cephalosporin;penicillin_beta-lactam OKP-A-5 is a beta-lactamase found in Klebsiella pneumoniae.
contig_3	card~~~OKP-A-3~~~AM051140.1:0-861~~~cephalosporin;penicillin_beta-lactam	88.167	862	98	4	4148681	4149540	1	860	0.0	1024	5306069	861	card~~~OKP-A-3~~~AM051140.1:0-861~~~cephalosporin;penicillin_beta-lactam OKP-A-3 is a beta-lactamase found in Klebsiella pneumoniae.
contig_3	card~~~OKP-A-17~~~NG_049361.1:100-961~~~cephalosporin;penicillin_beta-lactam	88.167	862	98	4	4148681	4149540	1	860	0.0	1024	5306069	861	card~~~OKP-A-17~~~NG_049361.1:100-961~~~cephalosporin;penicillin_beta-lactam OKP-A-17 is a OKP beta-lactamase.
contig_3	card~~~OKP-A-1~~~AJ635401.2:0-861~~~cephalosporin;penicillin_beta-lactam	88.153	861	100	2	4148681	4149540	1	860	0.0	1024	5306069	861	card~~~OKP-A-1~~~AJ635401.2:0-861~~~cephalosporin;penicillin_beta-lactam OKP-A-1 is a beta-lactamase found in Klebsiella pneumoniae.
contig_3	card~~~OKP-B-6~~~AM850917.2:17-878~~~cephalosporin;penicillin_beta-lactam	88.051	862	101	2	4148681	4149541	1	861	0.0	1020	5306069	861	card~~~OKP-B-6~~~AM850917.2:17-878~~~cephalosporin;penicillin_beta-lactam OKP-B-6 is a beta-lactamase found in Klebsiella pneumoniae.
contig_3	card~~~OKP-B-16~~~NG_067146.1:0-861~~~cephalosporin;penicillin_beta-lactam	88.051	862	101	2	4148681	4149541	1	861	0.0	1020	5306069	861	card~~~OKP-B-16~~~NG_067146.1:0-861~~~cephalosporin;penicillin_beta-lactam OKP-B-16 is a OKP beta-lactamase.
contig_3	card~~~OKP-B-3~~~AM051152.1:0-861~~~cephalosporin;penicillin_beta-lactam	88.037	861	101	2	4148681	4149540	1	860	0.0	1018	5306069	861	card~~~OKP-B-3~~~AM051152.1:0-861~~~cephalosporin;penicillin_beta-lactam OKP-B-3 is a beta-lactamase found in Klebsiella pneumoniae.
contig_3	card~~~OKP-B-22~~~NG_067148.1:100-961~~~cephalosporin;penicillin_beta-lactam	88.037	861	101	2	4148681	4149540	1	860	0.0	1018	5306069	861	card~~~OKP-B-22~~~NG_067148.1:100-961~~~cephalosporin;penicillin_beta-lactam OKP-B-22 is a OKP beta-lactamase.
contig_3	card~~~OKP-A-9~~~AM051148.1:0-861~~~cephalosporin;penicillin_beta-lactam	88.051	862	99	4	4148681	4149540	1	860	0.0	1018	5306069	861	card~~~OKP-A-9~~~AM051148.1:0-861~~~cephalosporin;penicillin_beta-lactam OKP-A-9 is a beta-lactamase found in Klebsiella pneumoniae.
contig_3	card~~~OKP-A-8~~~AM051147.1:0-861~~~cephalosporin;penicillin_beta-lactam	88.037	861	101	2	4148681	4149540	1	860	0.0	1018	5306069	861	card~~~OKP-A-8~~~AM051147.1:0-861~~~cephalosporin;penicillin_beta-lactam OKP-A-8 is a beta-lactamase found in Klebsiella pneumoniae.
contig_3	card~~~OKP-A-4~~~AM051142.1:0-861~~~cephalosporin;penicillin_beta-lactam	88.037	861	101	2	4148681	4149540	1	860	0.0	1018	5306069	861	card~~~OKP-A-4~~~AM051142.1:0-861~~~cephalosporin;penicillin_beta-lactam OKP-A-4 is a beta-lactamase found in Klebsiella pneumoniae.
contig_3	card~~~OKP-A-2~~~AJ635404.2:0-861~~~cephalosporin;penicillin_beta-lactam	88.037	861	101	2	4148681	4149540	1	860	0.0	1018	5306069	861	card~~~OKP-A-2~~~AJ635404.2:0-861~~~cephalosporin;penicillin_beta-lactam OKP-A-2 is a beta-lactamase found in Klebsiella pneumoniae.
contig_3	card~~~OKP-B-20~~~AM850922.2:24-885~~~cephalosporin;penicillin_beta-lactam	87.935	862	102	2	4148681	4149541	1	861	0.0	1014	5306069	861	card~~~OKP-B-20~~~AM850922.2:24-885~~~cephalosporin;penicillin_beta-lactam OKP-B-20 is a beta-lactamase found in Klebsiella pneumoniae.
contig_3	card~~~OKP-B-13~~~AY825330.1:0-861~~~cephalosporin;penicillin_beta-lactam	87.935	862	102	2	4148681	4149541	1	861	0.0	1014	5306069	861	card~~~OKP-B-13~~~AY825330.1:0-861~~~cephalosporin;penicillin_beta-lactam OKP-B-13 is a beta-lactamase found in Klebsiella pneumoniae.
contig_3	card~~~OKP-B-9~~~AM051159.1:0-861~~~cephalosporin;penicillin_beta-lactam	87.921	861	102	2	4148681	4149540	1	860	0.0	1013	5306069	861	card~~~OKP-B-9~~~AM051159.1:0-861~~~cephalosporin;penicillin_beta-lactam OKP-B-9 is a beta-lactamase found in Klebsiella pneumoniae.
contig_3	card~~~OKP-B-8~~~AM051157.1:0-861~~~cephalosporin;penicillin_beta-lactam	87.921	861	102	2	4148681	4149540	1	860	0.0	1013	5306069	861	card~~~OKP-B-8~~~AM051157.1:0-861~~~cephalosporin;penicillin_beta-lactam OKP-B-8 is a beta-lactamase found in Klebsiella pneumoniae.
contig_3	card~~~OKP-B-36~~~NG_067151.1:100-961~~~cephalosporin;penicillin_beta-lactam	87.935	862	100	4	4148681	4149540	1	860	0.0	1013	5306069	861	card~~~OKP-B-36~~~NG_067151.1:100-961~~~cephalosporin;penicillin_beta-lactam OKP-B-36 is a OKP beta-lactamase.
contig_3	card~~~OKP-B-2~~~AM051151.1:0-861~~~cephalosporin;penicillin_beta-lactam	87.921	861	102	2	4148681	4149540	1	860	0.0	1013	5306069	861	card~~~OKP-B-2~~~AM051151.1:0-861~~~cephalosporin;penicillin_beta-lactam OKP-B-2 is a beta-lactamase found in Klebsiella pneumoniae.
contig_3	card~~~OKP-A-10~~~AM051149.1:0-861~~~cephalosporin;penicillin_beta-lactam	87.935	862	100	4	4148681	4149540	1	860	0.0	1013	5306069	861	card~~~OKP-A-10~~~AM051149.1:0-861~~~cephalosporin;penicillin_beta-lactam OKP-A-10 is a beta-lactamase found in Klebsiella pneumoniae.
contig_3	card~~~OKP-B-19~~~AM850921.2:24-885~~~cephalosporin;penicillin_beta-lactam	87.819	862	103	2	4148681	4149541	1	861	0.0	1009	5306069	861	card~~~OKP-B-19~~~AM850921.2:24-885~~~cephalosporin;penicillin_beta-lactam OKP-B-19 is a beta-lactamase found in Klebsiella pneumoniae.
contig_3	card~~~OKP-B-7~~~AM051156.1:0-861~~~cephalosporin;penicillin_beta-lactam	87.805	861	103	2	4148681	4149540	1	860	0.0	1007	5306069	861	card~~~OKP-B-7~~~AM051156.1:0-861~~~cephalosporin;penicillin_beta-lactam OKP-B-7 is a beta-lactamase found in Klebsiella pneumoniae.
contig_3	card~~~OKP-B-45~~~NG_067154.1:100-961~~~cephalosporin;penicillin_beta-lactam	87.805	861	103	2	4148681	4149540	1	860	0.0	1007	5306069	861	card~~~OKP-B-45~~~NG_067154.1:100-961~~~cephalosporin;penicillin_beta-lactam OKP-B-45 is a OKP beta-lactamase.
contig_3	card~~~OKP-B-40~~~NG_067152.1:100-961~~~cephalosporin;penicillin_beta-lactam	87.805	861	103	2	4148681	4149540	1	860	0.0	1007	5306069	861	card~~~OKP-B-40~~~NG_067152.1:100-961~~~cephalosporin;penicillin_beta-lactam OKP-B-40 is a OKP beta-lactamase.
contig_3	card~~~OKP-B-1~~~AJ635402.2:0-861~~~cephalosporin;penicillin_beta-lactam	87.805	861	103	2	4148681	4149540	1	860	0.0	1007	5306069	861	card~~~OKP-B-1~~~AJ635402.2:0-861~~~cephalosporin;penicillin_beta-lactam OKP-B-1 is a beta-lactamase found in Klebsiella pneumoniae.
contig_3	card~~~OKP-A-6~~~AM051144.1:0-861~~~cephalosporin;penicillin_beta-lactam	87.833	863	99	6	4148681	4149540	1	860	0.0	1007	5306069	861	card~~~OKP-A-6~~~AM051144.1:0-861~~~cephalosporin;penicillin_beta-lactam OKP-A-6 is a beta-lactamase found in Klebsiella pneumoniae.
contig_3	card~~~OKP-B-24~~~NG_067149.1:0-861~~~cephalosporin;penicillin_beta-lactam	87.703	862	104	2	4148681	4149541	1	861	0.0	1003	5306069	861	card~~~OKP-B-24~~~NG_067149.1:0-861~~~cephalosporin;penicillin_beta-lactam OKP-B-24 is a OKP beta-lactamase.
contig_3	card~~~OKP-B-34~~~NG_067150.1:100-961~~~cephalosporin;penicillin_beta-lactam	87.689	861	104	2	4148681	4149540	1	860	0.0	1002	5306069	861	card~~~OKP-B-34~~~NG_067150.1:100-961~~~cephalosporin;penicillin_beta-lactam OKP-B-34 is a OKP beta-lactamase.
contig_3	card~~~OKP-B-23~~~NG_050606.1:100-961~~~cephalosporin;penicillin_beta-lactam	87.689	861	104	2	4148681	4149540	1	860	0.0	1002	5306069	861	card~~~OKP-B-23~~~NG_050606.1:100-961~~~cephalosporin;penicillin_beta-lactam OKP-B-23 is a OKP beta-lactamase.
contig_3	card~~~OKP-B-21~~~NG_067147.1:100-961~~~cephalosporin;penicillin_beta-lactam	87.689	861	104	2	4148681	4149540	1	860	0.0	1002	5306069	861	card~~~OKP-B-21~~~NG_067147.1:100-961~~~cephalosporin;penicillin_beta-lactam OKP-B-21 is a OKP beta-lactamase.
contig_3	card~~~OKP-B-11~~~AM051161.1:0-861~~~cephalosporin;penicillin_beta-lactam	87.703	862	102	4	4148681	4149540	1	860	0.0	1002	5306069	861	card~~~OKP-B-11~~~AM051161.1:0-861~~~cephalosporin;penicillin_beta-lactam OKP-B-11 is a beta-lactamase found in Klebsiella pneumoniae.
contig_3	card~~~OKP-D-1~~~NG_067156.1:0-861~~~cephalosporin;penicillin_beta-lactam	87.601	863	103	4	4148681	4149541	1	861	0.0	998	5306069	861	card~~~OKP-D-1~~~NG_067156.1:0-861~~~cephalosporin;penicillin_beta-lactam OKP-D-1 is a OKP beta-lactamase.
contig_3	card~~~OKP-B-18~~~AM850920.1:40-901~~~cephalosporin;penicillin_beta-lactam	87.587	862	105	2	4148681	4149541	1	861	0.0	998	5306069	861	card~~~OKP-B-18~~~AM850920.1:40-901~~~cephalosporin;penicillin_beta-lactam OKP-B-18 is a beta-lactamase found in Klebsiella pneumoniae.
contig_3	card~~~OKP-B-10~~~AM051160.1:0-861~~~cephalosporin;penicillin_beta-lactam	87.573	861	105	2	4148681	4149540	1	860	0.0	996	5306069	861	card~~~OKP-B-10~~~AM051160.1:0-861~~~cephalosporin;penicillin_beta-lactam OKP-B-10 is a beta-lactamase found in Klebsiella pneumoniae.
contig_3	card~~~OKP-A-7~~~AM051146.1:0-861~~~cephalosporin;penicillin_beta-lactam	87.587	862	103	4	4148681	4149540	1	860	0.0	996	5306069	861	card~~~OKP-A-7~~~AM051146.1:0-861~~~cephalosporin;penicillin_beta-lactam OKP-A-7 is a beta-lactamase found in Klebsiella pneumoniae.
contig_3	card~~~OKP-B-41~~~NG_067153.1:100-961~~~cephalosporin;penicillin_beta-lactam	87.456	861	106	2	4148681	4149540	1	860	0.0	990	5306069	861	card~~~OKP-B-41~~~NG_067153.1:100-961~~~cephalosporin;penicillin_beta-lactam OKP-B-41 is a OKP beta-lactamase.
contig_3	card~~~TolC~~~FJ768952.1:0-1488~~~aminocoumarin;aminoglycoside;carbapenem;cephalosporin;disinfecting_agents_and_antiseptics;fluoroquinolone;glycylcycline;macrolide;penicillin_beta-lactam;peptide;phenicol;rifamycin;tetracycline	79.176	1407	273	17	2068076	2069469	1400	1	0.0	957	5306069	1488	card~~~TolC~~~FJ768952.1:0-1488~~~aminocoumarin;aminoglycoside;carbapenem;cephalosporin;disinfecting_agents_and_antiseptics;fluoroquinolone;glycylcycline;macrolide;penicillin_beta-lactam;peptide;phenicol;rifamycin;tetracycline TolC is a protein subunit of many multidrug efflux complexes in Gram negative bacteria. It is an outer membrane efflux protein and is constitutively open. Regulation of efflux activity is often at its periplasmic entrance by other components of the efflux complex.
contig_3	card~~~OKP-B-14~~~DQ995288.1:2-827~~~cephalosporin;penicillin_beta-lactam	87.470	822	101	2	4148703	4149523	5	825	0.0	946	5306069	825	card~~~OKP-B-14~~~DQ995288.1:2-827~~~cephalosporin;penicillin_beta-lactam OKP-B-14 is a beta-lactamase found in Klebsiella pneumoniae.
contig_3	card~~~OKP-A-15~~~FJ755841.1:0-846~~~cephalosporin;penicillin_beta-lactam	86.659	862	98	11	4148681	4149541	1	846	0.0	939	5306069	846	card~~~OKP-A-15~~~FJ755841.1:0-846~~~cephalosporin;penicillin_beta-lactam OKP-A-15 is a beta-lactamase found in Klebsiella pneumoniae.
contig_3	card~~~Enterobacter_cloacae_acrA~~~DQ679966.1:299-1493~~~cephalosporin;disinfecting_agents_and_antiseptics;fluoroquinolone;glycylcycline;penicillin_beta-lactam;phenicol;rifamycin;tetracycline	80.817	1199	220	9	88180	89373	1	1194	0.0	931	5306069	1194	card~~~Enterobacter_cloacae_acrA~~~DQ679966.1:299-1493~~~cephalosporin;disinfecting_agents_and_antiseptics;fluoroquinolone;glycylcycline;penicillin_beta-lactam;phenicol;rifamycin;tetracycline AcrA is a subunit of the AcrAB-TolC multidrug efflux system in E. cloacae.
contig_3	card~~~OKP-B-12~~~AJ635420.1:0-789~~~cephalosporin;penicillin_beta-lactam	87.468	790	95	4	4148718	4149505	2	789	0.0	907	5306069	789	card~~~OKP-B-12~~~AJ635420.1:0-789~~~cephalosporin;penicillin_beta-lactam OKP-B-12 is a beta-lactamase found in Klebsiella pneumoniae.
contig_3	card~~~YojI~~~U00096.3:2308615-2306971~~~peptide	76.449	1656	358	27	3018067	3019706	1	1640	0.0	869	5306069	1644	card~~~YojI~~~U00096.3:2308615-2306971~~~peptide YojI mediates resistance to the peptide antibiotic microcin J25 when it is expressed from a multicopy vector. YojI is capable of pumping out microcin molecules.  The outer membrane protein TolC in addition to YojI is required for export of microcin J25 out of the cell. Microcin J25 is thus the first known substrate for YojI.
contig_3	card~~~Escherichia_coli_acrA~~~U00096.3:485619-484425~~~cephalosporin;disinfecting_agents_and_antiseptics;fluoroquinolone;glycylcycline;penicillin_beta-lactam;phenicol;rifamycin;tetracycline	79.056	1165	236	8	88180	89340	1	1161	0.0	793	5306069	1194	card~~~Escherichia_coli_acrA~~~U00096.3:485619-484425~~~cephalosporin;disinfecting_agents_and_antiseptics;fluoroquinolone;glycylcycline;penicillin_beta-lactam;phenicol;rifamycin;tetracycline AcrA is a subunit of the AcrAB-TolC multidrug efflux system found in E. coli.
contig_3	card~~~Shigella_flexneri_acrA~~~NC_004337.2:422150-420956~~~cephalosporin;disinfecting_agents_and_antiseptics;fluoroquinolone;glycylcycline;penicillin_beta-lactam;phenicol;rifamycin;tetracycline	78.884	1165	238	8	88180	89340	1	1161	0.0	782	5306069	1194	card~~~Shigella_flexneri_acrA~~~NC_004337.2:422150-420956~~~cephalosporin;disinfecting_agents_and_antiseptics;fluoroquinolone;glycylcycline;penicillin_beta-lactam;phenicol;rifamycin;tetracycline AcrA is a subunit of the AcrAB multidrug efflux system found in Shigella flexneri, which is encoded by the acrRAB operon.
contig_3	card~~~Escherichia_coli_mdfA~~~JQ394987.1:0-1233~~~disinfecting_agents_and_antiseptics;phenicol;tetracycline	78.846	1144	232	10	4923513	4924651	1139	1	0.0	763	5306069	1233	card~~~Escherichia_coli_mdfA~~~JQ394987.1:0-1233~~~disinfecting_agents_and_antiseptics;phenicol;tetracycline Multidrug efflux pump in E. coli. This multidrug efflux system was originally identified as the Cmr/CmlA chloramphenicol exporter.
contig_3	card~~~CRP~~~AP009048.1:4154296-4153663~~~fluoroquinolone;macrolide;penicillin_beta-lactam	88.152	633	75	0	1779602	1780234	633	1	0.0	754	5306069	633	card~~~CRP~~~AP009048.1:4154296-4153663~~~fluoroquinolone;macrolide;penicillin_beta-lactam CRP is a global regulator that represses MdtEF multidrug efflux pump expression.
contig_3	card~~~FosA6~~~KU254579.1:59421-59841~~~phosphonic_acid	98.810	420	5	0	684595	685014	420	1	0.0	749	5306069	420	card~~~FosA6~~~KU254579.1:59421-59841~~~phosphonic_acid FosA6 is a plasmid-encoded enzyme that confers resistance to fosfomycin in Escherichia coli by breaking the epoxide ring of the molecule.
contig_3	card~~~fosA5~~~KP143090.1:1619-1199~~~aminoglycoside;fluoroquinolone;phosphonic_acid	98.544	412	6	0	684603	685014	412	1	0.0	728	5306069	420	card~~~fosA5~~~KP143090.1:1619-1199~~~aminoglycoside;fluoroquinolone;phosphonic_acid fosA5 is a fosfomycin resistance gene isolated from clinical strain of Escherichia coli E265. It is susceptible to amikacin, tetracycline and imipenem, and resistant to sulphonamide, cephalosporins, gentamicin, ciprofloxacin, chloramphenicol and streptomycin.
contig_3	card~~~Klebsiella_pneumoniae_KpnE~~~AP006725.1:2483889-2484252~~~aminoglycoside;cephalosporin;disinfecting_agents_and_antiseptics;macrolide;peptide;rifamycin;tetracycline	99.449	363	2	0	4186949	4187311	363	1	0.0	660	5306069	363	card~~~Klebsiella_pneumoniae_KpnE~~~AP006725.1:2483889-2484252~~~aminoglycoside;cephalosporin;disinfecting_agents_and_antiseptics;macrolide;peptide;rifamycin;tetracycline KpnE subunit of KpnEF resembles EbrAB from E. coli. Mutation in KpnEF resulted in increased susceptibility to cefepime, ceftriaxon, colistin, erythromycin, rifampin, tetracycline, and streptomycin as well as enhanced sensitivity toward sodium dodecyl sulfate, deoxycholate, dyes, benzalkonium chloride, chlorhexidine, and triclosan.
contig_3	card~~~LEN-6~~~AY265890.1:1-472~~~penicillin_beta-lactam	91.720	471	39	0	4148702	4149172	1	471	0.0	654	5306069	471	card~~~LEN-6~~~AY265890.1:1-472~~~penicillin_beta-lactam LEN-6 is a beta-lactamase. From the Pasteur Institute list of LEN beta-lactamases.
contig_3	card~~~LEN-14~~~AY265889.1:2-458~~~penicillin_beta-lactam	91.009	456	41	0	4148708	4149163	1	456	1.06e-172	616	5306069	456	card~~~LEN-14~~~AY265889.1:2-458~~~penicillin_beta-lactam LEN-14 is a beta-lactamase. From the Pasteur Institute list of LEN beta-lactamases.
contig_3	card~~~Klebsiella_pneumoniae_KpnF~~~AP006725.1:2484238-2484568~~~aminoglycoside;cephalosporin;disinfecting_agents_and_antiseptics;macrolide;peptide;rifamycin;tetracycline	100.000	330	0	0	4186633	4186962	330	1	4.92e-171	610	5306069	330	card~~~Klebsiella_pneumoniae_KpnF~~~AP006725.1:2484238-2484568~~~aminoglycoside;cephalosporin;disinfecting_agents_and_antiseptics;macrolide;peptide;rifamycin;tetracycline KpnF subunit of KpnEF resembles EbrAB from E. coli. Mutation in KpnEF resulted in increased susceptibility to cefepime, ceftriaxon, colistin, erythromycin, rifampin, tetracycline, and streptomycin as well as enhanced sensitivity toward sodium dodecyl sulfate, deoxycholate, dyes, benzalkonium chloride, chlorhexidine, and triclosan.
contig_3	card~~~smeE~~~AJ252200.1:1278-4401~~~fluoroquinolone;macrolide;phenicol;tetracycline	73.861	1515	341	51	2836111	2837598	1496	10	8.42e-154	553	5306069	3123	card~~~smeE~~~AJ252200.1:1278-4401~~~fluoroquinolone;macrolide;phenicol;tetracycline smeE is the RND protein of the efflux complex smeDEF in Stenotrophomonas maltophilia.
contig_3	card~~~smeE~~~AJ252200.1:1278-4401~~~fluoroquinolone;macrolide;phenicol;tetracycline	74.242	396	97	4	2599576	2599967	1370	976	5.96e-36	161	5306069	3123	card~~~smeE~~~AJ252200.1:1278-4401~~~fluoroquinolone;macrolide;phenicol;tetracycline smeE is the RND protein of the efflux complex smeDEF in Stenotrophomonas maltophilia.
contig_3	card~~~MuxC~~~AE004091.2:2850886-2847775~~~aminocoumarin;macrolide;monobactam;tetracycline	74.260	1418	302	53	3141139	3142521	1476	87	2.36e-149	538	5306069	3111	card~~~MuxC~~~AE004091.2:2850886-2847775~~~aminocoumarin;macrolide;monobactam;tetracycline MuxC is one of the two necessary RND components of the MuxABC-OpmB efflux pumps system in Pseudomonas aeruginosa.
contig_3	card~~~MexF~~~AE004091.2:2810008-2813197~~~diaminopyrimidine;fluoroquinolone;phenicol	73.770	1403	332	32	2599465	2600849	1487	103	8.54e-144	520	5306069	3189	card~~~MexF~~~AE004091.2:2810008-2813197~~~diaminopyrimidine;fluoroquinolone;phenicol MexF is the multidrug inner membrane transporter of the MexEF-OprN complex. mexF corresponds to 2 loci in Pseudomonas aeruginosa PAO1 (gene name: mexF/mexB) and 4 loci in Pseudomonas aeruginosa LESB58 (gene name: mexD/mexB).
contig_3	card~~~MexF~~~AE004091.2:2810008-2813197~~~diaminopyrimidine;fluoroquinolone;phenicol	76.423	246	50	7	2836348	2836589	1268	1027	2.17e-25	126	5306069	3189	card~~~MexF~~~AE004091.2:2810008-2813197~~~diaminopyrimidine;fluoroquinolone;phenicol MexF is the multidrug inner membrane transporter of the MexEF-OprN complex. mexF corresponds to 2 loci in Pseudomonas aeruginosa PAO1 (gene name: mexF/mexB) and 4 loci in Pseudomonas aeruginosa LESB58 (gene name: mexD/mexB).
contig_3	card~~~MexB~~~L11616.1:1569-4710~~~	75.297	1093	227	36	2836057	2837126	1553	481	1.12e-132	483	5306069	3141	card~~~MexB~~~L11616.1:1569-4710~~~ MexB is the inner membrane multidrug exporter of the efflux complex MexAB-OprM.
contig_3	card~~~MexB~~~L11616.1:1569-4710~~~	75.200	250	60	2	2599690	2599938	1253	1005	1.31e-22	117	5306069	3141	card~~~MexB~~~L11616.1:1569-4710~~~ MexB is the inner membrane multidrug exporter of the efflux complex MexAB-OprM.
contig_3	card~~~mdtF~~~U00096.1:3660413-3663527~~~fluoroquinolone;macrolide;penicillin_beta-lactam	71.048	2138	564	47	1828639	1830749	3071	962	3.14e-128	468	5306069	3114	card~~~mdtF~~~U00096.1:3660413-3663527~~~fluoroquinolone;macrolide;penicillin_beta-lactam MdtF is the multidrug inner membrane transporter for the MdtEF-TolC efflux complex.
contig_3	card~~~mdtF~~~U00096.1:3660413-3663527~~~fluoroquinolone;macrolide;penicillin_beta-lactam	75.375	467	103	11	2836123	2836583	1484	1024	4.51e-52	215	5306069	3114	card~~~mdtF~~~U00096.1:3660413-3663527~~~fluoroquinolone;macrolide;penicillin_beta-lactam MdtF is the multidrug inner membrane transporter for the MdtEF-TolC efflux complex.
contig_3	card~~~H-NS~~~BA000007.3:1738104-1737690~~~cephalosporin;fluoroquinolone;macrolide;penicillin_beta-lactam;tetracycline	87.438	406	49	2	3522609	3523013	405	1	1.13e-127	466	5306069	414	card~~~H-NS~~~BA000007.3:1738104-1737690~~~cephalosporin;fluoroquinolone;macrolide;penicillin_beta-lactam;tetracycline H-NS is a histone-like protein involved in global gene regulation in Gram-negative bacteria. It is a repressor of the membrane fusion protein genes acrE, mdtE, and emrK as well as nearby genes of many RND-type multidrug exporters.
contig_3	card~~~mexY~~~AB015853.1:1330-4471~~~aminoglycoside;carbapenem;cephalosporin;disinfecting_agents_and_antiseptics;fluoroquinolone;macrolide;penicillin_beta-lactam;phenicol;tetracycline	77.778	396	82	6	2836197	2836589	1407	1015	2.68e-59	239	5306069	3141	card~~~mexY~~~AB015853.1:1330-4471~~~aminoglycoside;carbapenem;cephalosporin;disinfecting_agents_and_antiseptics;fluoroquinolone;macrolide;penicillin_beta-lactam;phenicol;tetracycline MexY is the RND-type membrane protein of the efflux complex MexXY-OprM.
contig_3	card~~~mexY~~~AB015853.1:1330-4471~~~aminoglycoside;carbapenem;cephalosporin;disinfecting_agents_and_antiseptics;fluoroquinolone;macrolide;penicillin_beta-lactam;phenicol;tetracycline	76.329	414	88	10	90370	90778	972	1380	1.62e-51	213	5306069	3141	card~~~mexY~~~AB015853.1:1330-4471~~~aminoglycoside;carbapenem;cephalosporin;disinfecting_agents_and_antiseptics;fluoroquinolone;macrolide;penicillin_beta-lactam;phenicol;tetracycline MexY is the RND-type membrane protein of the efflux complex MexXY-OprM.
contig_3	card~~~MexD~~~U57969.1:1485-4617~~~aminocoumarin;aminoglycoside;cephalosporin;diaminopyrimidine;fluoroquinolone;macrolide;penicillin_beta-lactam;phenicol;tetracycline	79.116	249	44	7	2836336	2836580	1277	1033	4.61e-37	165	5306069	3132	card~~~MexD~~~U57969.1:1485-4617~~~aminocoumarin;aminoglycoside;cephalosporin;diaminopyrimidine;fluoroquinolone;macrolide;penicillin_beta-lactam;phenicol;tetracycline MexD is the multidrug inner membrane transporter of the MexCD-OprJ complex.
contig_4	card~~~SHV-12~~~KF976405.1:7837-8698~~~cephalosporin;penicillin_beta-lactam	100.000	861	0	0	121966	122826	1	861	0.0	1591	125021	861	card~~~SHV-12~~~KF976405.1:7837-8698~~~cephalosporin;penicillin_beta-lactam SHV-12 is an extended-spectrum beta-lactamase found in Acinetobacter baumannii.
contig_4	card~~~SHV-66~~~DQ174306.1:4-865~~~cephalosporin;penicillin_beta-lactam	99.884	861	1	0	121966	122826	1	861	0.0	1585	125021	861	card~~~SHV-66~~~DQ174306.1:4-865~~~cephalosporin;penicillin_beta-lactam SHV-66 is an extended-spectrum beta-lactamase found in Klebsiella pneumoniae.
contig_4	card~~~SHV-244~~~PP532823.1:0-861~~~cephalosporin;penicillin_beta-lactam	99.884	861	1	0	121966	122826	1	861	0.0	1585	125021	861	card~~~SHV-244~~~PP532823.1:0-861~~~cephalosporin;penicillin_beta-lactam Class A beta-lactamase SHV-244.
contig_4	card~~~SHV-238~~~OR880707.1:0-861~~~cephalosporin;penicillin_beta-lactam	99.884	861	1	0	121966	122826	1	861	0.0	1585	125021	861	card~~~SHV-238~~~OR880707.1:0-861~~~cephalosporin;penicillin_beta-lactam Inhibitor-resistant extended-spectrum class A beta-lactamase SHV-238.
contig_4	card~~~SHV-230~~~OP762696.1:861-0~~~cephalosporin;penicillin_beta-lactam	99.884	861	1	0	121966	122826	1	861	0.0	1585	125021	861	card~~~SHV-230~~~OP762696.1:861-0~~~cephalosporin;penicillin_beta-lactam Extended-spectrum class A beta-lactamase SHV-230.
contig_4	card~~~SHV-160~~~JX121127.1:0-861~~~cephalosporin;penicillin_beta-lactam	99.884	861	1	0	121966	122826	1	861	0.0	1585	125021	861	card~~~SHV-160~~~JX121127.1:0-861~~~cephalosporin;penicillin_beta-lactam SHV-160 is a beta-lactamase.
contig_4	card~~~SHV-134~~~HM559945.1:0-861~~~cephalosporin;penicillin_beta-lactam	99.884	861	1	0	121966	122826	1	861	0.0	1585	125021	861	card~~~SHV-134~~~HM559945.1:0-861~~~cephalosporin;penicillin_beta-lactam SHV-134 is an extended-spectrum beta-lactamase.
contig_4	card~~~SHV-86~~~DQ328802.1:0-861~~~cephalosporin;penicillin_beta-lactam	99.768	861	2	0	121966	122826	1	861	0.0	1580	125021	861	card~~~SHV-86~~~DQ328802.1:0-861~~~cephalosporin;penicillin_beta-lactam SHV-86 is an extended-spectrum beta-lactamase that has been found in clinical isolates.
contig_4	card~~~SHV-64~~~DQ174304.1:4-865~~~cephalosporin;penicillin_beta-lactam	99.768	861	2	0	121966	122826	1	861	0.0	1580	125021	861	card~~~SHV-64~~~DQ174304.1:4-865~~~cephalosporin;penicillin_beta-lactam SHV-64 is an extended-spectrum beta-lactamase found in Klebsiella pneumoniae.
contig_4	card~~~SHV-15~~~AJ011428.2:0-861~~~cephalosporin;penicillin_beta-lactam	99.768	861	2	0	121966	122826	1	861	0.0	1580	125021	861	card~~~SHV-15~~~AJ011428.2:0-861~~~cephalosporin;penicillin_beta-lactam SHV-15 is an extended-spectrum beta-lactamase found in E. coli.
contig_4	card~~~SHV-183~~~HG934764.1:0-864~~~cephalosporin;penicillin_beta-lactam	99.653	864	0	1	121966	122826	1	864	0.0	1576	125021	864	card~~~SHV-183~~~HG934764.1:0-864~~~cephalosporin;penicillin_beta-lactam SHV-183 is a beta-lactamase. Name originally from the historical Lahey list of beta-lactamases, some of which did not include sequence data.
contig_4	card~~~SHV-70~~~DQ013287.1:0-861~~~cephalosporin;penicillin_beta-lactam	99.652	861	3	0	121966	122826	1	861	0.0	1574	125021	861	card~~~SHV-70~~~DQ013287.1:0-861~~~cephalosporin;penicillin_beta-lactam SHV-70 is an extended-spectrum beta-lactamase found in Enterobacter cloacae.
contig_4	card~~~SHV-5~~~X55640.1:111-972~~~cephalosporin;penicillin_beta-lactam	99.652	861	3	0	121966	122826	1	861	0.0	1574	125021	861	card~~~SHV-5~~~X55640.1:111-972~~~cephalosporin;penicillin_beta-lactam SHV-5 is an extended-spectrum beta-lactamase found in Acinetobacter baumannii, Enterobacter cloacae, E. coli, Klebsiella pneumoniae, Pseudomonas aeruginosa, and Salmonella enterica.
contig_4	card~~~SHV-31~~~AY277255.2:66-927~~~cephalosporin;penicillin_beta-lactam	99.652	861	3	0	121966	122826	1	861	0.0	1574	125021	861	card~~~SHV-31~~~AY277255.2:66-927~~~cephalosporin;penicillin_beta-lactam SHV-31 is an extended-spectrum beta-lactamase found in Klebsiella pneumoniae.
contig_4	card~~~SHV-2A~~~X98102.1:73-934~~~cephalosporin;penicillin_beta-lactam	99.652	861	3	0	121966	122826	1	861	0.0	1574	125021	861	card~~~SHV-2A~~~X98102.1:73-934~~~cephalosporin;penicillin_beta-lactam SHV-2A is an extended-spectrum beta-lactamase found in Enterobacter cloacae, Klebsiella pneumoniae, Pseudomonas aeruginosa, and Salmonella enterica.
contig_4	card~~~SHV-228~~~NG_062300.1:0-861~~~cephalosporin;penicillin_beta-lactam	99.652	861	3	0	121966	122826	1	861	0.0	1574	125021	861	card~~~SHV-228~~~NG_062300.1:0-861~~~cephalosporin;penicillin_beta-lactam A beta-lactamase gene found in Klebsiella pneumoniae.
contig_4	card~~~SHV-13~~~AF164577.1:0-861~~~cephalosporin;penicillin_beta-lactam	99.652	861	3	0	121966	122826	1	861	0.0	1574	125021	861	card~~~SHV-13~~~AF164577.1:0-861~~~cephalosporin;penicillin_beta-lactam SHV-13 is an extended-spectrum beta-lactamase found in Klebsiella pneumoniae.
contig_4	card~~~SHV-129~~~GU827715.1:0-861~~~cephalosporin;penicillin_beta-lactam	99.652	861	3	0	121966	122826	1	861	0.0	1574	125021	861	card~~~SHV-129~~~GU827715.1:0-861~~~cephalosporin;penicillin_beta-lactam SHV-129 is an extended-spectrum beta-lactamase that has been found in clinical isolates.
contig_4	card~~~SHV-11~~~X98101.1:73-934~~~cephalosporin;penicillin_beta-lactam	99.652	861	3	0	121966	122826	1	861	0.0	1574	125021	861	card~~~SHV-11~~~X98101.1:73-934~~~cephalosporin;penicillin_beta-lactam SHV-11 is a broad-spectrum beta-lactamase found in E. coli, Klebsiella pneumoniae, Proteus mirabilis, and Shigella dysenteriae.
contig_4	card~~~SHV-61~~~AJ866284.2:0-861~~~cephalosporin;penicillin_beta-lactam	99.535	861	4	0	121966	122826	1	861	0.0	1568	125021	861	card~~~SHV-61~~~AJ866284.2:0-861~~~cephalosporin;penicillin_beta-lactam SHV-61 is a broad-spectrum beta-lactamase found in Klebsiella pneumoniae.
contig_4	card~~~SHV-60~~~AB302939.1:8-869~~~cephalosporin;penicillin_beta-lactam	99.535	861	4	0	121966	122826	1	861	0.0	1568	125021	861	card~~~SHV-60~~~AB302939.1:8-869~~~cephalosporin;penicillin_beta-lactam SHV-60 is a broad-spectrum beta-lactamase found in Klebsiella pneumoniae.
contig_4	card~~~SHV-245~~~PP847210.1:0-861~~~cephalosporin;penicillin_beta-lactam	99.535	861	4	0	121966	122826	1	861	0.0	1568	125021	861	card~~~SHV-245~~~PP847210.1:0-861~~~cephalosporin;penicillin_beta-lactam Class A beta-lactamase SHV-245.
contig_4	card~~~SHV-213~~~NG_062285.1:0-861~~~cephalosporin;penicillin_beta-lactam	99.535	861	4	0	121966	122826	1	861	0.0	1568	125021	861	card~~~SHV-213~~~NG_062285.1:0-861~~~cephalosporin;penicillin_beta-lactam A beta-lactamase gene found in Klebsiella pneumoniae.
contig_4	card~~~SHV-203~~~NG_055668.1:0-861~~~cephalosporin;penicillin_beta-lactam	99.535	861	4	0	121966	122826	1	861	0.0	1568	125021	861	card~~~SHV-203~~~NG_055668.1:0-861~~~cephalosporin;penicillin_beta-lactam A beta-lactamase gene found in Klebsiella pneumoniae.
contig_4	card~~~SHV-200~~~NG_055588.1:0-861~~~cephalosporin;penicillin_beta-lactam	99.535	861	4	0	121966	122826	1	861	0.0	1568	125021	861	card~~~SHV-200~~~NG_055588.1:0-861~~~cephalosporin;penicillin_beta-lactam A beta-lactamase gene found in Klebsiella pneumoniae.
contig_4	card~~~SHV-2~~~AF148851.1:5-866~~~cephalosporin;penicillin_beta-lactam	99.535	861	4	0	121966	122826	1	861	0.0	1568	125021	861	card~~~SHV-2~~~AF148851.1:5-866~~~cephalosporin;penicillin_beta-lactam SHV-2 is an extended-spectrum beta-lactamase found in E. coli., Klebsiella pneumoniae, and Shigella flexneri.
contig_4	card~~~SHV-172~~~KF513177.1:0-861~~~cephalosporin;penicillin_beta-lactam	99.535	861	4	0	121966	122826	1	861	0.0	1568	125021	861	card~~~SHV-172~~~KF513177.1:0-861~~~cephalosporin;penicillin_beta-lactam SHV-172 is a beta-lactamase. Name originally from the historical Lahey list of beta-lactamases, some of which did not include sequence data.
contig_4	card~~~SHV-120~~~JF812965.1:0-861~~~cephalosporin;penicillin_beta-lactam	99.535	861	4	0	121966	122826	1	861	0.0	1568	125021	861	card~~~SHV-120~~~JF812965.1:0-861~~~cephalosporin;penicillin_beta-lactam SHV-120 is a beta-lactamase that has been found in clinical isolates.
contig_4	card~~~SHV-1~~~FJ668814.1:76-937~~~cephalosporin;penicillin_beta-lactam	99.535	861	4	0	121966	122826	1	861	0.0	1568	125021	861	card~~~SHV-1~~~FJ668814.1:76-937~~~cephalosporin;penicillin_beta-lactam SHV-1 is a broad-spectrum beta-lactamase found in Klebsiella spp., as well as Acinetobacter spp., E. coli., Raoultella terrigena, and Yersinia pestis.
contig_4	card~~~SHV-98~~~AM941844.1:0-861~~~cephalosporin;penicillin_beta-lactam	99.419	861	5	0	121966	122826	1	861	0.0	1563	125021	861	card~~~SHV-98~~~AM941844.1:0-861~~~cephalosporin;penicillin_beta-lactam SHV-98 is a beta-lactamase found in Klebsiella pneumoniae.
contig_4	card~~~SHV-97~~~EF373973.1:0-861~~~cephalosporin;penicillin_beta-lactam	99.419	861	5	0	121966	122826	1	861	0.0	1563	125021	861	card~~~SHV-97~~~EF373973.1:0-861~~~cephalosporin;penicillin_beta-lactam SHV-97 is a beta-lactamase found in Enterococcus faecalis.
contig_4	card~~~SHV-80~~~AM176555.2:0-861~~~cephalosporin;penicillin_beta-lactam	99.419	861	5	0	121966	122826	1	861	0.0	1563	125021	861	card~~~SHV-80~~~AM176555.2:0-861~~~cephalosporin;penicillin_beta-lactam SHV-80 is a broad-spectrum beta-lactamase found in Klebsiella pneumoniae.
contig_4	card~~~SHV-78~~~AM176553.2:30-891~~~cephalosporin;penicillin_beta-lactam	99.419	861	5	0	121966	122826	1	861	0.0	1563	125021	861	card~~~SHV-78~~~AM176553.2:30-891~~~cephalosporin;penicillin_beta-lactam SHV-78 is a broad-spectrum beta-lactamase found in Klebsiella pneumoniae.
contig_4	card~~~SHV-74~~~AM176549.2:30-891~~~cephalosporin;penicillin_beta-lactam	99.419	861	5	0	121966	122826	1	861	0.0	1563	125021	861	card~~~SHV-74~~~AM176549.2:30-891~~~cephalosporin;penicillin_beta-lactam SHV-74 is a broad-spectrum beta-lactamase found in Klebsiella pneumoniae.
contig_4	card~~~SHV-69~~~DQ174308.1:4-865~~~cephalosporin;penicillin_beta-lactam	99.419	861	5	0	121966	122826	1	861	0.0	1563	125021	861	card~~~SHV-69~~~DQ174308.1:4-865~~~cephalosporin;penicillin_beta-lactam SHV-69 is a beta-lactamase found in Klebsiella pneumoniae.
contig_4	card~~~SHV-67~~~DQ174307.1:4-865~~~cephalosporin;penicillin_beta-lactam	99.419	861	5	0	121966	122826	1	861	0.0	1563	125021	861	card~~~SHV-67~~~DQ174307.1:4-865~~~cephalosporin;penicillin_beta-lactam SHV-67 is a beta-lactamase found in Klebsiella pneumoniae.
contig_4	card~~~SHV-46~~~AY210887.1:111-972~~~cephalosporin;penicillin_beta-lactam	99.419	861	5	0	121966	122826	1	861	0.0	1563	125021	861	card~~~SHV-46~~~AY210887.1:111-972~~~cephalosporin;penicillin_beta-lactam SHV-46 is an extended-spectrum beta-lactamase found in Klebsiella oxytoca.
contig_4	card~~~SHV-45~~~AF547625.1:0-861~~~cephalosporin;penicillin_beta-lactam	99.419	861	5	0	121966	122826	1	861	0.0	1563	125021	861	card~~~SHV-45~~~AF547625.1:0-861~~~cephalosporin;penicillin_beta-lactam SHV-45 is an extended-spectrum beta-lactamase found in Klebsiella pneumoniae.
contig_4	card~~~SHV-4~~~LT985229.1:36107-36968~~~cephalosporin;penicillin_beta-lactam	99.419	861	5	0	121966	122826	1	861	0.0	1563	125021	861	card~~~SHV-4~~~LT985229.1:36107-36968~~~cephalosporin;penicillin_beta-lactam SHV-4 is an extended-spectrum beta-lactamase that has been found in clinical isolates.
contig_4	card~~~SHV-36~~~AF467947.1:0-861~~~cephalosporin;penicillin_beta-lactam	99.419	861	5	0	121966	122826	1	861	0.0	1563	125021	861	card~~~SHV-36~~~AF467947.1:0-861~~~cephalosporin;penicillin_beta-lactam SHV-36 is a beta-lactamase found in Klebsiella pneumoniae.
contig_4	card~~~SHV-26~~~AF227204.1:73-934~~~cephalosporin;penicillin_beta-lactam	99.419	861	5	0	121966	122826	1	861	0.0	1563	125021	861	card~~~SHV-26~~~AF227204.1:73-934~~~cephalosporin;penicillin_beta-lactam SHV-26 is an inhibitor-resistant beta-lactamase found in Klebsiella pneumoniae.
contig_4	card~~~SHV-25~~~AF208796.2:0-861~~~cephalosporin;penicillin_beta-lactam	99.419	861	5	0	121966	122826	1	861	0.0	1563	125021	861	card~~~SHV-25~~~AF208796.2:0-861~~~cephalosporin;penicillin_beta-lactam SHV-25 is a broad-spectrum beta-lactamase found in Klebsiella pneumoniae.
contig_4	card~~~SHV-236~~~OR863408.1:0-861~~~cephalosporin;penicillin_beta-lactam	99.419	861	5	0	121966	122826	1	861	0.0	1563	125021	861	card~~~SHV-236~~~OR863408.1:0-861~~~cephalosporin;penicillin_beta-lactam Class A beta-lactamase SHV-236.
contig_4	card~~~SHV-233~~~OR826346.1:0-861~~~cephalosporin;penicillin_beta-lactam	99.419	861	5	0	121966	122826	1	861	0.0	1563	125021	861	card~~~SHV-233~~~OR826346.1:0-861~~~cephalosporin;penicillin_beta-lactam Inhibitor-resistant class A beta-lactamase SHV-233.
contig_4	card~~~SHV-231~~~OP951208.1:0-861~~~cephalosporin;penicillin_beta-lactam	99.419	861	5	0	121966	122826	1	861	0.0	1563	125021	861	card~~~SHV-231~~~OP951208.1:0-861~~~cephalosporin;penicillin_beta-lactam Inhibitor-resistant extended-spectrum class A beta-lactamase SHV-231.
contig_4	card~~~SHV-227~~~NG_062299.1:0-861~~~cephalosporin;penicillin_beta-lactam	99.419	861	5	0	121966	122826	1	861	0.0	1563	125021	861	card~~~SHV-227~~~NG_062299.1:0-861~~~cephalosporin;penicillin_beta-lactam Beta-lactamase gene from Klebsiella pneumoniae.
contig_4	card~~~SHV-226~~~NG_062298.1:0-861~~~cephalosporin;penicillin_beta-lactam	99.419	861	5	0	121966	122826	1	861	0.0	1563	125021	861	card~~~SHV-226~~~NG_062298.1:0-861~~~cephalosporin;penicillin_beta-lactam A beta-lactamase gene found in Klebsiella pneumoniae.
contig_4	card~~~SHV-215~~~NG_062287.1:0-861~~~cephalosporin;penicillin_beta-lactam	99.419	861	5	0	121966	122826	1	861	0.0	1563	125021	861	card~~~SHV-215~~~NG_062287.1:0-861~~~cephalosporin;penicillin_beta-lactam A beta-lactamase gene found in Klebsiella pneumoniae.
contig_4	card~~~SHV-199~~~NG_055503.1:0-861~~~cephalosporin;penicillin_beta-lactam	99.419	861	5	0	121966	122826	1	861	0.0	1563	125021	861	card~~~SHV-199~~~NG_055503.1:0-861~~~cephalosporin;penicillin_beta-lactam A beta-lactamase gene found in Escherichia coli.
contig_4	card~~~SHV-194~~~NG_051169.1:0-861~~~cephalosporin;penicillin_beta-lactam	99.419	861	5	0	121966	122826	1	861	0.0	1563	125021	861	card~~~SHV-194~~~NG_051169.1:0-861~~~cephalosporin;penicillin_beta-lactam Beta-lactamase gene from Klebsiella pneumoniae.
contig_4	card~~~SHV-193~~~NG_050058.1:0-861~~~cephalosporin;penicillin_beta-lactam	99.419	861	5	0	121966	122826	1	861	0.0	1563	125021	861	card~~~SHV-193~~~NG_050058.1:0-861~~~cephalosporin;penicillin_beta-lactam A beta-lactamase gene found in Klebsiella pneumoniae.
contig_4	card~~~SHV-187~~~LN515533.1:0-867~~~cephalosporin;penicillin_beta-lactam	99.193	867	7	0	121960	122826	1	867	0.0	1563	125021	867	card~~~SHV-187~~~LN515533.1:0-867~~~cephalosporin;penicillin_beta-lactam SHV-187 is a beta-lactamase. Name originally from the historical Lahey list of beta-lactamases, some of which did not include sequence data.
contig_4	card~~~SHV-185~~~KM233164.1:0-861~~~cephalosporin;penicillin_beta-lactam	99.419	861	5	0	121966	122826	1	861	0.0	1563	125021	861	card~~~SHV-185~~~KM233164.1:0-861~~~cephalosporin;penicillin_beta-lactam SHV-185 is a beta-lactamase. Name originally from the historical Lahey list of beta-lactamases, some of which did not include sequence data.
contig_4	card~~~SHV-179~~~KF705208.1:0-861~~~cephalosporin;penicillin_beta-lactam	99.419	861	5	0	121966	122826	1	861	0.0	1563	125021	861	card~~~SHV-179~~~KF705208.1:0-861~~~cephalosporin;penicillin_beta-lactam SHV-179 is a beta-lactamase. Name originally from the historical Lahey list of beta-lactamases, some of which did not include sequence data.
contig_4	card~~~SHV-178~~~KF705209.1:0-861~~~cephalosporin;penicillin_beta-lactam	99.419	861	5	0	121966	122826	1	861	0.0	1563	125021	861	card~~~SHV-178~~~KF705209.1:0-861~~~cephalosporin;penicillin_beta-lactam SHV-178 is a beta-lactamase. Name originally from the historical Lahey list of beta-lactamases, some of which did not include sequence data.
contig_4	card~~~SHV-173~~~KF513178.1:0-861~~~cephalosporin;penicillin_beta-lactam	99.419	861	5	0	121966	122826	1	861	0.0	1563	125021	861	card~~~SHV-173~~~KF513178.1:0-861~~~cephalosporin;penicillin_beta-lactam SHV-173 is a beta-lactamase. Name originally from the historical Lahey list of beta-lactamases, some of which did not include sequence data.
contig_4	card~~~SHV-165~~~JX121131.1:0-858~~~cephalosporin;penicillin_beta-lactam	99.534	858	4	0	121966	122823	1	858	0.0	1563	125021	858	card~~~SHV-165~~~JX121131.1:0-858~~~cephalosporin;penicillin_beta-lactam SHV-165 is a beta-lactamase.
contig_4	card~~~SHV-161~~~JX121128.1:0-861~~~cephalosporin;penicillin_beta-lactam	99.419	861	5	0	121966	122826	1	861	0.0	1563	125021	861	card~~~SHV-161~~~JX121128.1:0-861~~~cephalosporin;penicillin_beta-lactam SHV-161 is a beta-lactamase.
contig_4	card~~~SHV-154~~~JX121121.1:0-858~~~cephalosporin;penicillin_beta-lactam	99.534	858	4	0	121966	122823	1	858	0.0	1563	125021	858	card~~~SHV-154~~~JX121121.1:0-858~~~cephalosporin;penicillin_beta-lactam SHV-154 is a beta-lactamase.
contig_4	card~~~SHV-145~~~JX013655.1:0-861~~~cephalosporin;penicillin_beta-lactam	99.419	861	5	0	121966	122826	1	861	0.0	1563	125021	861	card~~~SHV-145~~~JX013655.1:0-861~~~cephalosporin;penicillin_beta-lactam SHV-145 is a beta-lactamase.
contig_4	card~~~SHV-142~~~JQ029959.1:28-889~~~cephalosporin;penicillin_beta-lactam	99.419	861	5	0	121966	122826	1	861	0.0	1563	125021	861	card~~~SHV-142~~~JQ029959.1:28-889~~~cephalosporin;penicillin_beta-lactam SHV-142 is a beta-lactamase.
contig_4	card~~~SHV-135~~~HQ637576.1:0-861~~~cephalosporin;penicillin_beta-lactam	99.419	861	5	0	121966	122826	1	861	0.0	1563	125021	861	card~~~SHV-135~~~HQ637576.1:0-861~~~cephalosporin;penicillin_beta-lactam SHV-135 is a beta-lactamase.
contig_4	card~~~SHV-128~~~GU932590.1:0-861~~~cephalosporin;penicillin_beta-lactam	99.419	861	5	0	121966	122826	1	861	0.0	1563	125021	861	card~~~SHV-128~~~GU932590.1:0-861~~~cephalosporin;penicillin_beta-lactam SHV-128 is an extended-spectrum beta-lactamase that has been found in clinical isolates.
contig_4	card~~~SHV-116~~~NG_068211.1:100-961~~~cephalosporin;penicillin_beta-lactam	99.419	861	5	0	121966	122826	1	861	0.0	1563	125021	861	card~~~SHV-116~~~NG_068211.1:100-961~~~cephalosporin;penicillin_beta-lactam SHV-116 is a beta-lactamase that has been found in clinical isolates.
contig_4	card~~~SHV-115~~~NG_067162.1:0-861~~~cephalosporin;penicillin_beta-lactam	99.419	861	5	0	121966	122826	1	861	0.0	1563	125021	861	card~~~SHV-115~~~NG_067162.1:0-861~~~cephalosporin;penicillin_beta-lactam SHV-115 is an extended-spectrum beta-lactamase that has been found in clinical isolates.
contig_4	card~~~SHV-107~~~AM941848.1:0-861~~~cephalosporin;penicillin_beta-lactam	99.419	861	5	0	121966	122826	1	861	0.0	1563	125021	861	card~~~SHV-107~~~AM941848.1:0-861~~~cephalosporin;penicillin_beta-lactam SHV-107 is an inhibitor-resistant beta-lactamase found in Klebsiella pneumoniae.
contig_4	card~~~SHV-104~~~EU274581.1:0-861~~~cephalosporin;penicillin_beta-lactam	99.419	860	5	0	121967	122826	2	861	0.0	1561	125021	861	card~~~SHV-104~~~EU274581.1:0-861~~~cephalosporin;penicillin_beta-lactam SHV-104 is an extended-spectrum beta-lactamase that has been found in clinical isolates.
contig_4	card~~~SHV-155~~~JX121122.1:0-858~~~cephalosporin;penicillin_beta-lactam	99.533	856	4	0	121966	122821	1	856	0.0	1559	125021	858	card~~~SHV-155~~~JX121122.1:0-858~~~cephalosporin;penicillin_beta-lactam SHV-155 is a beta-lactamase.
contig_4	card~~~SHV-148~~~JX121115.1:0-858~~~cephalosporin;penicillin_beta-lactam	99.533	856	4	0	121966	122821	1	856	0.0	1559	125021	858	card~~~SHV-148~~~JX121115.1:0-858~~~cephalosporin;penicillin_beta-lactam SHV-148 is a beta-lactamase.
contig_4	card~~~SHV-96~~~EF373971.1:0-861~~~cephalosporin;penicillin_beta-lactam	99.303	861	6	0	121966	122826	1	861	0.0	1557	125021	861	card~~~SHV-96~~~EF373971.1:0-861~~~cephalosporin;penicillin_beta-lactam SHV-96 is a beta-lactamase found in Acinetobacter baumannii.
contig_4	card~~~SHV-94~~~EF373970.1:0-861~~~cephalosporin;penicillin_beta-lactam	99.303	861	6	0	121966	122826	1	861	0.0	1557	125021	861	card~~~SHV-94~~~EF373970.1:0-861~~~cephalosporin;penicillin_beta-lactam SHV-94 is a beta-lactamase found in Klebsiella pneumoniae.
contig_4	card~~~SHV-89~~~DQ193536.1:0-861~~~cephalosporin;penicillin_beta-lactam	99.303	861	6	0	121966	122826	1	861	0.0	1557	125021	861	card~~~SHV-89~~~DQ193536.1:0-861~~~cephalosporin;penicillin_beta-lactam SHV-89 is a broad-spectrum beta-lactamase found in Klebsiella pneumoniae.
contig_4	card~~~SHV-85~~~DQ322460.1:15-876~~~cephalosporin;penicillin_beta-lactam	99.303	861	6	0	121966	122826	1	861	0.0	1557	125021	861	card~~~SHV-85~~~DQ322460.1:15-876~~~cephalosporin;penicillin_beta-lactam SHV-85 is a broad-spectrum beta-lactamase found in Klebsiella pneumoniae.
contig_4	card~~~SHV-82~~~AM176557.2:0-861~~~cephalosporin;penicillin_beta-lactam	99.303	861	6	0	121966	122826	1	861	0.0	1557	125021	861	card~~~SHV-82~~~AM176557.2:0-861~~~cephalosporin;penicillin_beta-lactam SHV-82 is a broad-spectrum beta-lactamase found in Klebsiella pneumoniae.
contig_4	card~~~SHV-81~~~AM176556.2:25-886~~~cephalosporin;penicillin_beta-lactam	99.303	861	6	0	121966	122826	1	861	0.0	1557	125021	861	card~~~SHV-81~~~AM176556.2:25-886~~~cephalosporin;penicillin_beta-lactam SHV-81 is a broad-spectrum beta-lactamase found in Klebsiella pneumoniae.
contig_4	card~~~SHV-8~~~U92041.1:0-861~~~cephalosporin;penicillin_beta-lactam	99.303	861	6	0	121966	122826	1	861	0.0	1557	125021	861	card~~~SHV-8~~~U92041.1:0-861~~~cephalosporin;penicillin_beta-lactam SHV-8 is an extended-spectrum beta-lactamase found in E. coli.
contig_4	card~~~SHV-79~~~AM176554.2:30-891~~~cephalosporin;penicillin_beta-lactam	99.303	861	6	0	121966	122826	1	861	0.0	1557	125021	861	card~~~SHV-79~~~AM176554.2:30-891~~~cephalosporin;penicillin_beta-lactam SHV-79 is a broad-spectrum beta-lactamase found in Klebsiella pneumoniae.
contig_4	card~~~SHV-77~~~AM176552.2:30-891~~~cephalosporin;penicillin_beta-lactam	99.303	861	6	0	121966	122826	1	861	0.0	1557	125021	861	card~~~SHV-77~~~AM176552.2:30-891~~~cephalosporin;penicillin_beta-lactam SHV-77 is a broad-spectrum beta-lactamase found in Klebsiella pneumoniae and E. coli.
contig_4	card~~~SHV-7~~~U20270.1:124-985~~~cephalosporin;penicillin_beta-lactam	99.303	861	6	0	121966	122826	1	861	0.0	1557	125021	861	card~~~SHV-7~~~U20270.1:124-985~~~cephalosporin;penicillin_beta-lactam SHV-7 is an extended-spectrum beta-lactamase found in E. coli.
contig_4	card~~~SHV-65~~~DQ174305.1:4-865~~~cephalosporin;penicillin_beta-lactam	99.303	861	6	0	121966	122826	1	861	0.0	1557	125021	861	card~~~SHV-65~~~DQ174305.1:4-865~~~cephalosporin;penicillin_beta-lactam SHV-65 is a beta-lactamase found in Klebsiella pneumoniae.
contig_4	card~~~SHV-57~~~AY223863.1:170-1031~~~cephalosporin;penicillin_beta-lactam	99.303	861	6	0	121966	122826	1	861	0.0	1557	125021	861	card~~~SHV-57~~~AY223863.1:170-1031~~~cephalosporin;penicillin_beta-lactam SHV-57 is an extended-spectrum beta-lactamase found in E. coli.
contig_4	card~~~SHV-56~~~EU586041.1:0-861~~~cephalosporin;penicillin_beta-lactam	99.303	861	6	0	121966	122826	1	861	0.0	1557	125021	861	card~~~SHV-56~~~EU586041.1:0-861~~~cephalosporin;penicillin_beta-lactam SHV-56 is an inhibitor-resistant beta-lactamase found in Klebsiella pneumoniae.
contig_4	card~~~SHV-50~~~AY288915.1:0-861~~~cephalosporin;penicillin_beta-lactam	99.303	861	6	0	121966	122826	1	861	0.0	1557	125021	861	card~~~SHV-50~~~AY288915.1:0-861~~~cephalosporin;penicillin_beta-lactam SHV-50 is a beta-lactamase found in Klebsiella pneumoniae.
contig_4	card~~~SHV-49~~~AY528718.1:413-1274~~~cephalosporin;penicillin_beta-lactam	99.303	861	6	0	121966	122826	1	861	0.0	1557	125021	861	card~~~SHV-49~~~AY528718.1:413-1274~~~cephalosporin;penicillin_beta-lactam SHV-49 is an inhibitor-resistant beta-lactamase found in Klebsiella pneumoniae.
contig_4	card~~~SHV-40~~~AF535128.1:0-861~~~cephalosporin;penicillin_beta-lactam	99.303	861	6	0	121966	122826	1	861	0.0	1557	125021	861	card~~~SHV-40~~~AF535128.1:0-861~~~cephalosporin;penicillin_beta-lactam SHV-40 is an extended-spectrum beta-lactamase found in Klebsiella pneumoniae.
contig_4	card~~~SHV-35~~~AY070258.1:0-861~~~cephalosporin;penicillin_beta-lactam	99.303	861	6	0	121966	122826	1	861	0.0	1557	125021	861	card~~~SHV-35~~~AY070258.1:0-861~~~cephalosporin;penicillin_beta-lactam SHV-35 is a beta-lactamase found in Klebsiella pneumoniae.
contig_4	card~~~SHV-27~~~AF293345.1:0-861~~~cephalosporin;penicillin_beta-lactam	99.303	861	6	0	121966	122826	1	861	0.0	1557	125021	861	card~~~SHV-27~~~AF293345.1:0-861~~~cephalosporin;penicillin_beta-lactam SHV-27 is an extended-spectrum beta-lactamase found in Klebsiella pneumoniae.
contig_4	card~~~SHV-240~~~OR876332.1:0-861~~~cephalosporin;penicillin_beta-lactam	99.303	861	6	0	121966	122826	1	861	0.0	1557	125021	861	card~~~SHV-240~~~OR876332.1:0-861~~~cephalosporin;penicillin_beta-lactam Inhibitor-resistant class A beta-lactamase SHV-240.
contig_4	card~~~SHV-24~~~AB023477.1:0-861~~~cephalosporin;penicillin_beta-lactam	99.303	861	6	0	121966	122826	1	861	0.0	1557	125021	861	card~~~SHV-24~~~AB023477.1:0-861~~~cephalosporin;penicillin_beta-lactam SHV-24 is an extended-spectrum beta-lactamase found in E. coli.
contig_4	card~~~SHV-225~~~NG_062297.1:0-861~~~cephalosporin;penicillin_beta-lactam	99.303	861	6	0	121966	122826	1	861	0.0	1557	125021	861	card~~~SHV-225~~~NG_062297.1:0-861~~~cephalosporin;penicillin_beta-lactam A beta-lactamase gene found in Klebsiella pneumoniae.
contig_4	card~~~SHV-224~~~NG_062296.1:0-861~~~cephalosporin;penicillin_beta-lactam	99.303	861	6	0	121966	122826	1	861	0.0	1557	125021	861	card~~~SHV-224~~~NG_062296.1:0-861~~~cephalosporin;penicillin_beta-lactam A beta-lactamase gene found in Klebsiella pneumoniae.
contig_4	card~~~SHV-217~~~NG_062289.1:0-861~~~cephalosporin;penicillin_beta-lactam	99.303	861	6	0	121966	122826	1	861	0.0	1557	125021	861	card~~~SHV-217~~~NG_062289.1:0-861~~~cephalosporin;penicillin_beta-lactam A beta-lactamase gene found in Klebsiella pneumoniae.
contig_4	card~~~SHV-211~~~NG_062283.1:0-861~~~cephalosporin;penicillin_beta-lactam	99.303	861	6	0	121966	122826	1	861	0.0	1557	125021	861	card~~~SHV-211~~~NG_062283.1:0-861~~~cephalosporin;penicillin_beta-lactam A beta-lactamase gene found in Klebsiella pneumoniae.
contig_4	card~~~SHV-210~~~NG_062282.1:0-861~~~cephalosporin;penicillin_beta-lactam	99.303	861	6	0	121966	122826	1	861	0.0	1557	125021	861	card~~~SHV-210~~~NG_062282.1:0-861~~~cephalosporin;penicillin_beta-lactam Beta-lactamase gene from Klebsiella pneumoniae.
contig_4	card~~~SHV-209~~~NG_062281.1:0-861~~~cephalosporin;penicillin_beta-lactam	99.303	861	6	0	121966	122826	1	861	0.0	1557	125021	861	card~~~SHV-209~~~NG_062281.1:0-861~~~cephalosporin;penicillin_beta-lactam A beta-lactamase gene found in Klebsiella pneumoniae.
contig_4	card~~~SHV-202~~~MF804906.1:0-867~~~cephalosporin;penicillin_beta-lactam	99.077	867	8	0	121960	122826	1	867	0.0	1557	125021	867	card~~~SHV-202~~~MF804906.1:0-867~~~cephalosporin;penicillin_beta-lactam A beta-lactamase gene found in Klebsiella pneumoniae.
contig_4	card~~~SHV-201~~~NG_062244.1:0-861~~~cephalosporin;penicillin_beta-lactam	99.303	861	6	0	121966	122826	1	861	0.0	1557	125021	861	card~~~SHV-201~~~NG_062244.1:0-861~~~cephalosporin;penicillin_beta-lactam Beta-lactamase gene from Klebsiella pneumoniae.
contig_4	card~~~SHV-186~~~KM233165.1:0-861~~~cephalosporin;penicillin_beta-lactam	99.303	861	6	0	121966	122826	1	861	0.0	1557	125021	861	card~~~SHV-186~~~KM233165.1:0-861~~~cephalosporin;penicillin_beta-lactam SHV-186 is a beta-lactamase. Name originally from the historical Lahey list of beta-lactamases, some of which did not include sequence data.
contig_4	card~~~SHV-182~~~KP050489.1:0-861~~~cephalosporin;penicillin_beta-lactam	99.303	861	6	0	121966	122826	1	861	0.0	1557	125021	861	card~~~SHV-182~~~KP050489.1:0-861~~~cephalosporin;penicillin_beta-lactam SHV-182 is a beta-lactamase. Name originally from the historical Lahey list of beta-lactamases, some of which did not include sequence data.
contig_4	card~~~SHV-180~~~KP050487.1:0-861~~~cephalosporin;penicillin_beta-lactam	99.303	861	6	0	121966	122826	1	861	0.0	1557	125021	861	card~~~SHV-180~~~KP050487.1:0-861~~~cephalosporin;penicillin_beta-lactam SHV-180 is a beta-lactamase. Name originally from the historical Lahey list of beta-lactamases, some of which did not include sequence data.
contig_4	card~~~SHV-156~~~JX121123.1:0-861~~~cephalosporin;penicillin_beta-lactam	99.303	861	6	0	121966	122826	1	861	0.0	1557	125021	861	card~~~SHV-156~~~JX121123.1:0-861~~~cephalosporin;penicillin_beta-lactam SHV-156 is a beta-lactamase.
contig_4	card~~~SHV-153~~~JX121120.1:0-858~~~cephalosporin;penicillin_beta-lactam	99.417	858	5	0	121966	122823	1	858	0.0	1557	125021	858	card~~~SHV-153~~~JX121120.1:0-858~~~cephalosporin;penicillin_beta-lactam SHV-153 is a beta-lactamase.
contig_4	card~~~SHV-152~~~JX121119.1:0-858~~~cephalosporin;penicillin_beta-lactam	99.417	858	5	0	121966	122823	1	858	0.0	1557	125021	858	card~~~SHV-152~~~JX121119.1:0-858~~~cephalosporin;penicillin_beta-lactam SHV-152 is a beta-lactamase.
contig_4	card~~~SHV-146~~~NG_050020.1:0-861~~~cephalosporin;penicillin_beta-lactam	99.303	861	6	0	121966	122826	1	861	0.0	1557	125021	861	card~~~SHV-146~~~NG_050020.1:0-861~~~cephalosporin;penicillin_beta-lactam SHV-146 is a beta-lactamase. Name originally from the historical Lahey list of beta-lactamases, some of which did not include sequence data.
contig_4	card~~~SHV-144~~~JQ926986.1:0-861~~~cephalosporin;penicillin_beta-lactam	99.303	861	6	0	121966	122826	1	861	0.0	1557	125021	861	card~~~SHV-144~~~JQ926986.1:0-861~~~cephalosporin;penicillin_beta-lactam SHV-144 is a beta-lactamase found in Klebsiella pneumoniae.
contig_4	card~~~SHV-141~~~JQ388884.1:0-861~~~cephalosporin;penicillin_beta-lactam	99.303	861	6	0	121966	122826	1	861	0.0	1557	125021	861	card~~~SHV-141~~~JQ388884.1:0-861~~~cephalosporin;penicillin_beta-lactam SHV-141 is a broad-spectrum beta-lactamase.
contig_4	card~~~SHV-133~~~AB551737.1:14-875~~~cephalosporin;penicillin_beta-lactam	99.303	861	6	0	121966	122826	1	861	0.0	1557	125021	861	card~~~SHV-133~~~AB551737.1:14-875~~~cephalosporin;penicillin_beta-lactam SHV-133 is a beta-lactamase.
contig_4	card~~~SHV-121~~~HQ661362.1:71-932~~~cephalosporin;penicillin_beta-lactam	99.303	861	6	0	121966	122826	1	861	0.0	1557	125021	861	card~~~SHV-121~~~HQ661362.1:71-932~~~cephalosporin;penicillin_beta-lactam SHV-121 is a beta-lactamase that has been found in clinical isolates. Identical to SHV-136.
contig_4	card~~~SHV-119~~~KJ776406.1:16-877~~~cephalosporin;penicillin_beta-lactam	99.303	861	6	0	121966	122826	1	861	0.0	1557	125021	861	card~~~SHV-119~~~KJ776406.1:16-877~~~cephalosporin;penicillin_beta-lactam SHV-119 is a beta-lactamase. Name originally from the historical Lahey list of beta-lactamases, some of which did not include sequence data.
contig_4	card~~~SHV-110~~~HQ877615.1:0-861~~~cephalosporin;penicillin_beta-lactam	99.303	861	6	0	121966	122826	1	861	0.0	1557	125021	861	card~~~SHV-110~~~HQ877615.1:0-861~~~cephalosporin;penicillin_beta-lactam SHV-110 is a beta-lactamase found in Klebsiella pneumoniae.
contig_4	card~~~SHV-109~~~EU418913.1:16-877~~~cephalosporin;penicillin_beta-lactam	99.303	861	6	0	121966	122826	1	861	0.0	1557	125021	861	card~~~SHV-109~~~EU418913.1:16-877~~~cephalosporin;penicillin_beta-lactam SHV-109 is a broad-spectrum beta-lactamase found in Klebsiella pneumoniae.
contig_4	card~~~SHV-103~~~EU032604.1:0-861~~~cephalosporin;penicillin_beta-lactam	99.303	861	6	0	121966	122826	1	861	0.0	1557	125021	861	card~~~SHV-103~~~EU032604.1:0-861~~~cephalosporin;penicillin_beta-lactam SHV-103 is a beta-lactamase that has been found in clinical isolates.
contig_4	card~~~SHV-83~~~AM176558.2:0-861~~~cephalosporin;penicillin_beta-lactam	99.302	859	6	0	121968	122826	3	861	0.0	1554	125021	861	card~~~SHV-83~~~AM176558.2:0-861~~~cephalosporin;penicillin_beta-lactam SHV-83 is a broad-spectrum beta-lactamase found in Klebsiella pneumoniae.
contig_4	card~~~SHV-95~~~EF373972.1:0-861~~~cephalosporin;penicillin_beta-lactam	99.187	861	7	0	121966	122826	1	861	0.0	1552	125021	861	card~~~SHV-95~~~EF373972.1:0-861~~~cephalosporin;penicillin_beta-lactam SHV-95 is a beta-lactamase found in Citrobacter freundii.
contig_4	card~~~SHV-93~~~EF373969.1:0-861~~~cephalosporin;penicillin_beta-lactam	99.187	861	7	0	121966	122826	1	861	0.0	1552	125021	861	card~~~SHV-93~~~EF373969.1:0-861~~~cephalosporin;penicillin_beta-lactam SHV-93 is a beta-lactamase found in Klebsiella pneumoniae.
contig_4	card~~~SHV-84~~~DAGGVK010000093.1:2639-3500~~~cephalosporin;penicillin_beta-lactam	99.187	861	7	0	121966	122826	1	861	0.0	1552	125021	861	card~~~SHV-84~~~DAGGVK010000093.1:2639-3500~~~cephalosporin;penicillin_beta-lactam SHV-84 is an inhibitor-resistant beta-lactamase that has been found in clinical isolates.
contig_4	card~~~SHV-75~~~AM176550.2:30-891~~~cephalosporin;penicillin_beta-lactam	99.187	861	7	0	121966	122826	1	861	0.0	1552	125021	861	card~~~SHV-75~~~AM176550.2:30-891~~~cephalosporin;penicillin_beta-lactam SHV-75 is a broad-spectrum beta-lactamase that is found in clinical isolates.
contig_4	card~~~SHV-63~~~EU342351.1:172-1033~~~cephalosporin;penicillin_beta-lactam	99.187	861	7	0	121966	122826	1	861	0.0	1552	125021	861	card~~~SHV-63~~~EU342351.1:172-1033~~~cephalosporin;penicillin_beta-lactam SHV-63 is a beta-lactamase found in Klebsiella pneumoniae.
contig_4	card~~~SHV-62~~~AJ866285.2:0-861~~~cephalosporin;penicillin_beta-lactam	99.187	861	7	0	121966	122826	1	861	0.0	1552	125021	861	card~~~SHV-62~~~AJ866285.2:0-861~~~cephalosporin;penicillin_beta-lactam SHV-62 is a broad-spectrum beta-lactamase found in Klebsiella pneumoniae.
contig_4	card~~~SHV-55~~~AJ863560.2:0-861~~~cephalosporin;penicillin_beta-lactam	99.187	861	7	0	121966	122826	1	861	0.0	1552	125021	861	card~~~SHV-55~~~AJ863560.2:0-861~~~cephalosporin;penicillin_beta-lactam SHV-55 is an extended-spectrum beta-lactamase found in Klebsiella pneumoniae.
contig_4	card~~~SHV-48~~~AY263404.1:0-861~~~cephalosporin;penicillin_beta-lactam	99.187	861	7	0	121966	122826	1	861	0.0	1552	125021	861	card~~~SHV-48~~~AY263404.1:0-861~~~cephalosporin;penicillin_beta-lactam SHV-48 is a broad-spectrum beta-lactamase found in Klebsiella pneumoniae.
contig_4	card~~~SHV-44~~~AY259119.1:116-977~~~cephalosporin;penicillin_beta-lactam	99.187	861	7	0	121966	122826	1	861	0.0	1552	125021	861	card~~~SHV-44~~~AY259119.1:116-977~~~cephalosporin;penicillin_beta-lactam SHV-44 is a broad-spectrum beta-lactamase found in Klebsiella pneumoniae.
contig_4	card~~~SHV-42~~~AF535130.1:0-861~~~cephalosporin;penicillin_beta-lactam	99.187	861	7	0	121966	122826	1	861	0.0	1552	125021	861	card~~~SHV-42~~~AF535130.1:0-861~~~cephalosporin;penicillin_beta-lactam SHV-42 is an extended-spectrum beta-lactamase found in Klebsiella pneumoniae.
contig_4	card~~~SHV-41~~~AF535129.1:0-861~~~cephalosporin;penicillin_beta-lactam	99.187	861	7	0	121966	122826	1	861	0.0	1552	125021	861	card~~~SHV-41~~~AF535129.1:0-861~~~cephalosporin;penicillin_beta-lactam SHV-41 is an extended-spectrum beta-lactamase found in Klebsiella pneumoniae.
contig_4	card~~~SHV-38~~~AY079099.1:148-1009~~~cephalosporin;penicillin_beta-lactam	99.187	861	7	0	121966	122826	1	861	0.0	1552	125021	861	card~~~SHV-38~~~AY079099.1:148-1009~~~cephalosporin;penicillin_beta-lactam SHV-38 is an extended-spectrum beta-lactamase found in Klebsiella pneumoniae.
contig_4	card~~~SHV-33~~~JX268631.1:0-861~~~cephalosporin;penicillin_beta-lactam	99.187	861	7	0	121966	122826	1	861	0.0	1552	125021	861	card~~~SHV-33~~~JX268631.1:0-861~~~cephalosporin;penicillin_beta-lactam SHV-33 is an broad-spectrum beta-lactamase found in Klebsiella pneumoniae.
contig_4	card~~~SHV-32~~~AY037778.1:91-952~~~cephalosporin;penicillin_beta-lactam	99.187	861	7	0	121966	122826	1	861	0.0	1552	125021	861	card~~~SHV-32~~~AY037778.1:91-952~~~cephalosporin;penicillin_beta-lactam SHV-32 is a broad-spectrum beta-lactamase found in Klebsiella pneumoniae.
contig_4	card~~~SHV-30~~~AY661885.1:48-909~~~cephalosporin;penicillin_beta-lactam	99.187	861	7	0	121966	122826	1	861	0.0	1552	125021	861	card~~~SHV-30~~~AY661885.1:48-909~~~cephalosporin;penicillin_beta-lactam SHV-30 is an extended-spectrum beta-lactamase found in Enterobacter cloacae.
contig_4	card~~~SHV-3~~~KX092356.1:192-1053~~~cephalosporin;penicillin_beta-lactam	99.187	861	7	0	121966	122826	1	861	0.0	1552	125021	861	card~~~SHV-3~~~KX092356.1:192-1053~~~cephalosporin;penicillin_beta-lactam SHV-3 is an extended-spectrum beta-lactamase found in Klebsiella pneumoniae.
contig_4	card~~~SHV-234~~~OR863406.1:0-861~~~cephalosporin;penicillin_beta-lactam	99.187	861	7	0	121966	122826	1	861	0.0	1552	125021	861	card~~~SHV-234~~~OR863406.1:0-861~~~cephalosporin;penicillin_beta-lactam Inhibitor-resistant class A beta-lactamase SHV-234.
contig_4	card~~~SHV-232~~~OR224963.1:0-861~~~cephalosporin;penicillin_beta-lactam	99.187	861	7	0	121966	122826	1	861	0.0	1552	125021	861	card~~~SHV-232~~~OR224963.1:0-861~~~cephalosporin;penicillin_beta-lactam Class A beta-lactamase SHV-232.
contig_4	card~~~SHV-229~~~MZ748304.1:0-861~~~cephalosporin;penicillin_beta-lactam	99.187	861	7	0	121966	122826	1	861	0.0	1552	125021	861	card~~~SHV-229~~~MZ748304.1:0-861~~~cephalosporin;penicillin_beta-lactam Broad-spectrum class A beta-lactamase SHV-229.
contig_4	card~~~SHV-221~~~NG_062293.1:0-861~~~cephalosporin;penicillin_beta-lactam	99.187	861	7	0	121966	122826	1	861	0.0	1552	125021	861	card~~~SHV-221~~~NG_062293.1:0-861~~~cephalosporin;penicillin_beta-lactam A beta-lactamase gene found in Klebsiella pneumonia.
contig_4	card~~~SHV-219~~~NG_062291.1:0-861~~~cephalosporin;penicillin_beta-lactam	99.187	861	7	0	121966	122826	1	861	0.0	1552	125021	861	card~~~SHV-219~~~NG_062291.1:0-861~~~cephalosporin;penicillin_beta-lactam Beta-lactamase gene from Klebsiella pneumoniae.
contig_4	card~~~SHV-216~~~NG_062288.1:0-861~~~cephalosporin;penicillin_beta-lactam	99.187	861	7	0	121966	122826	1	861	0.0	1552	125021	861	card~~~SHV-216~~~NG_062288.1:0-861~~~cephalosporin;penicillin_beta-lactam A beta-lactamase gene from Klebsiella pneumoniae.
contig_4	card~~~SHV-207~~~NG_062279.1:0-861~~~cephalosporin;penicillin_beta-lactam	99.187	861	7	0	121966	122826	1	861	0.0	1552	125021	861	card~~~SHV-207~~~NG_062279.1:0-861~~~cephalosporin;penicillin_beta-lactam A beta-lactamase gene found in Klebsiella penumoniae.
contig_4	card~~~SHV-206~~~NG_062278.1:0-861~~~cephalosporin;penicillin_beta-lactam	99.187	861	7	0	121966	122826	1	861	0.0	1552	125021	861	card~~~SHV-206~~~NG_062278.1:0-861~~~cephalosporin;penicillin_beta-lactam A beta-lactamase gene from Klebsiella pneumoniae.
contig_4	card~~~SHV-1b-b~~~NG_050059.1:0-861~~~cephalosporin;penicillin_beta-lactam	99.187	861	7	0	121966	122826	1	861	0.0	1552	125021	861	card~~~SHV-1b-b~~~NG_050059.1:0-861~~~cephalosporin;penicillin_beta-lactam A beta-lactamase gene found in Klebsiella pneumoniae.
contig_4	card~~~SHV-197~~~NG_052582.1:0-861~~~cephalosporin;penicillin_beta-lactam	99.187	861	7	0	121966	122826	1	861	0.0	1552	125021	861	card~~~SHV-197~~~NG_052582.1:0-861~~~cephalosporin;penicillin_beta-lactam A beta-lactamase gene from Escherichia coli.
contig_4	card~~~SHV-196~~~NG_051521.1:0-861~~~cephalosporin;penicillin_beta-lactam	99.187	861	7	0	121966	122826	1	861	0.0	1552	125021	861	card~~~SHV-196~~~NG_051521.1:0-861~~~cephalosporin;penicillin_beta-lactam A beta-lactamase gene found in Klebsiella pneumoniae.
contig_4	card~~~SHV-19~~~DAGGWD010000033.1:85-946~~~cephalosporin;penicillin_beta-lactam	99.187	861	7	0	121966	122826	1	861	0.0	1552	125021	861	card~~~SHV-19~~~DAGGWD010000033.1:85-946~~~cephalosporin;penicillin_beta-lactam SHV-19 is a broad-spectrum beta-lactamase that has been found in clinical isolates.
contig_4	card~~~SHV-189~~~KP050494.1:0-861~~~cephalosporin;penicillin_beta-lactam	99.187	861	7	0	121966	122826	1	861	0.0	1552	125021	861	card~~~SHV-189~~~KP050494.1:0-861~~~cephalosporin;penicillin_beta-lactam SHV-189 is a beta-lactamase. Name originally from the historical Lahey list of beta-lactamases, some of which did not include sequence data.
contig_4	card~~~SHV-159~~~JX121126.1:0-858~~~cephalosporin;penicillin_beta-lactam	99.301	858	6	0	121966	122823	1	858	0.0	1552	125021	858	card~~~SHV-159~~~JX121126.1:0-858~~~cephalosporin;penicillin_beta-lactam SHV-159 is a beta-lactamase.
contig_4	card~~~SHV-158~~~JX121125.1:0-858~~~cephalosporin;penicillin_beta-lactam	99.301	858	6	0	121966	122823	1	858	0.0	1552	125021	858	card~~~SHV-158~~~JX121125.1:0-858~~~cephalosporin;penicillin_beta-lactam SHV-158 is a beta-lactamase.
contig_4	card~~~SHV-157~~~JX121124.1:0-861~~~cephalosporin;penicillin_beta-lactam	99.187	861	7	0	121966	122826	1	861	0.0	1552	125021	861	card~~~SHV-157~~~JX121124.1:0-861~~~cephalosporin;penicillin_beta-lactam SHV-157 is a beta-lactamase.
contig_4	card~~~SHV-150~~~JX121117.1:0-858~~~cephalosporin;penicillin_beta-lactam	99.301	858	6	0	121966	122823	1	858	0.0	1552	125021	858	card~~~SHV-150~~~JX121117.1:0-858~~~cephalosporin;penicillin_beta-lactam SHV-150 is a beta-lactamase.
contig_4	card~~~SHV-147~~~JX121114.1:0-858~~~cephalosporin;penicillin_beta-lactam	99.301	858	6	0	121966	122823	1	858	0.0	1552	125021	858	card~~~SHV-147~~~JX121114.1:0-858~~~cephalosporin;penicillin_beta-lactam SHV-147 is a beta-lactamase.
contig_4	card~~~SHV-143~~~JQ341060.1:1742-881~~~cephalosporin;penicillin_beta-lactam	99.187	861	7	0	121966	122826	1	861	0.0	1552	125021	861	card~~~SHV-143~~~JQ341060.1:1742-881~~~cephalosporin;penicillin_beta-lactam SHV-143 is a beta-lactamase. Name originally from the historical Lahey list of beta-lactamases, some of which did not include sequence data.
contig_4	card~~~SHV-14~~~AF226622.1:54-915~~~cephalosporin;penicillin_beta-lactam	99.187	861	7	0	121966	122826	1	861	0.0	1552	125021	861	card~~~SHV-14~~~AF226622.1:54-915~~~cephalosporin;penicillin_beta-lactam SHV-14 is an broad-spectrum beta-lactamase found in Klebsiella pneumoniae.
contig_4	card~~~SHV-132~~~NG_050009.1:100-961~~~cephalosporin;penicillin_beta-lactam	99.187	861	7	0	121966	122826	1	861	0.0	1552	125021	861	card~~~SHV-132~~~NG_050009.1:100-961~~~cephalosporin;penicillin_beta-lactam SHV-132 is a beta-lactamase. Name originally from the historical Lahey list of beta-lactamases, some of which did not include sequence data.
contig_4	card~~~SHV-111~~~AB372881.1:8-869~~~cephalosporin;penicillin_beta-lactam	99.187	861	7	0	121966	122826	1	861	0.0	1552	125021	861	card~~~SHV-111~~~AB372881.1:8-869~~~cephalosporin;penicillin_beta-lactam SHV-111 is a beta-lactamase found in Klebsiella pneumoniae.
contig_4	card~~~SHV-108~~~HM751100.1:0-861~~~cephalosporin;penicillin_beta-lactam	99.187	861	7	0	121966	122826	1	861	0.0	1552	125021	861	card~~~SHV-108~~~HM751100.1:0-861~~~cephalosporin;penicillin_beta-lactam SHV-108 is a beta-lactamase found in Klebsiella pneumoniae.
contig_4	card~~~SHV-105~~~FJ194944.1:46-907~~~cephalosporin;penicillin_beta-lactam	99.187	861	7	0	121966	122826	1	861	0.0	1552	125021	861	card~~~SHV-105~~~FJ194944.1:46-907~~~cephalosporin;penicillin_beta-lactam SHV-105 is an extended-spectrum beta-lactamase found in Klebsiella pneumoniae.
contig_4	card~~~SHV-102~~~EU024485.1:0-861~~~cephalosporin;penicillin_beta-lactam	99.187	861	7	0	121966	122826	1	861	0.0	1552	125021	861	card~~~SHV-102~~~EU024485.1:0-861~~~cephalosporin;penicillin_beta-lactam SHV-102 is an extended spectrum beta-lactamase found in E. coli.
contig_4	card~~~SHV-101~~~EU155018.1:0-861~~~cephalosporin;penicillin_beta-lactam	99.187	861	7	0	121966	122826	1	861	0.0	1552	125021	861	card~~~SHV-101~~~EU155018.1:0-861~~~cephalosporin;penicillin_beta-lactam SHV-101 is a beta-lactamase found in Klebsiella pneumoniae.
contig_4	card~~~SHV-163~~~JX121130.1:0-858~~~cephalosporin;penicillin_beta-lactam	99.299	856	6	0	121966	122821	1	856	0.0	1548	125021	858	card~~~SHV-163~~~JX121130.1:0-858~~~cephalosporin;penicillin_beta-lactam SHV-163 is a beta-lactamase.
contig_4	card~~~SHV-99~~~AM941845.1:0-861~~~cephalosporin;penicillin_beta-lactam	99.071	861	8	0	121966	122826	1	861	0.0	1546	125021	861	card~~~SHV-99~~~AM941845.1:0-861~~~cephalosporin;penicillin_beta-lactam SHV-99 is a beta-lactamase found in Klebsiella pneumoniae.
contig_4	card~~~SHV-76~~~AM176551.2:30-891~~~cephalosporin;penicillin_beta-lactam	99.071	861	8	0	121966	122826	1	861	0.0	1546	125021	861	card~~~SHV-76~~~AM176551.2:30-891~~~cephalosporin;penicillin_beta-lactam SHV-76 is a broad-spectrum beta-lactamase found in Klebsiella pneumoniae.
contig_4	card~~~SHV-71~~~AM176546.2:0-861~~~cephalosporin;penicillin_beta-lactam	99.071	861	8	0	121966	122826	1	861	0.0	1546	125021	861	card~~~SHV-71~~~AM176546.2:0-861~~~cephalosporin;penicillin_beta-lactam SHV-71 is a broad-spectrum beta-lactamase found in Klebsiella pneumoniae and Shigella.
contig_4	card~~~SHV-59~~~AY790341.1:0-861~~~cephalosporin;penicillin_beta-lactam	99.071	861	8	0	121966	122826	1	861	0.0	1546	125021	861	card~~~SHV-59~~~AY790341.1:0-861~~~cephalosporin;penicillin_beta-lactam SHV-59 is a beta-lactamase found in Klebsiella pneumoniae.
contig_4	card~~~SHV-37~~~AF467948.1:0-861~~~cephalosporin;penicillin_beta-lactam	99.071	861	8	0	121966	122826	1	861	0.0	1546	125021	861	card~~~SHV-37~~~AF467948.1:0-861~~~cephalosporin;penicillin_beta-lactam SHV-37 is a beta-lactamase found in Klebsiella pneumoniae.
contig_4	card~~~SHV-34~~~AY036620.1:88-949~~~cephalosporin;penicillin_beta-lactam	99.071	861	8	0	121966	122826	1	861	0.0	1546	125021	861	card~~~SHV-34~~~AY036620.1:88-949~~~cephalosporin;penicillin_beta-lactam SHV-34 is an extended-spectrum beta-lactamase found in E. coli.
contig_4	card~~~SHV-29~~~AF301532.1:7-868~~~cephalosporin;penicillin_beta-lactam	99.071	861	8	0	121966	122826	1	861	0.0	1546	125021	861	card~~~SHV-29~~~AF301532.1:7-868~~~cephalosporin;penicillin_beta-lactam SHV-29 is an extended-spectrum beta-lactamase found in Klebsiella pneumoniae.
contig_4	card~~~SHV-28~~~AF299299.1:0-861~~~cephalosporin;penicillin_beta-lactam	99.071	861	8	0	121966	122826	1	861	0.0	1546	125021	861	card~~~SHV-28~~~AF299299.1:0-861~~~cephalosporin;penicillin_beta-lactam SHV-28 is a beta-lactamase found in Klebsiella pneumoniae.
contig_4	card~~~SHV-239~~~OR876331.1:0-861~~~cephalosporin;penicillin_beta-lactam	99.071	861	8	0	121966	122826	1	861	0.0	1546	125021	861	card~~~SHV-239~~~OR876331.1:0-861~~~cephalosporin;penicillin_beta-lactam Inhibitor-resistant class A beta-lactamase SHV-239.
contig_4	card~~~SHV-237~~~OR863410.1:0-861~~~cephalosporin;penicillin_beta-lactam	99.071	861	8	0	121966	122826	1	861	0.0	1546	125021	861	card~~~SHV-237~~~OR863410.1:0-861~~~cephalosporin;penicillin_beta-lactam Class A beta-lactamase SHV-237.
contig_4	card~~~SHV-235~~~OR863407.1:0-861~~~cephalosporin;penicillin_beta-lactam	99.071	861	8	0	121966	122826	1	861	0.0	1546	125021	861	card~~~SHV-235~~~OR863407.1:0-861~~~cephalosporin;penicillin_beta-lactam Class A beta-lactamase SHV-235.
contig_4	card~~~SHV-223~~~NG_062295.1:0-861~~~cephalosporin;penicillin_beta-lactam	99.071	861	8	0	121966	122826	1	861	0.0	1546	125021	861	card~~~SHV-223~~~NG_062295.1:0-861~~~cephalosporin;penicillin_beta-lactam A beta-lactamase gene found in Klebsiella pneumonia.
contig_4	card~~~SHV-220~~~NG_062292.1:0-861~~~cephalosporin;penicillin_beta-lactam	99.071	861	8	0	121966	122826	1	861	0.0	1546	125021	861	card~~~SHV-220~~~NG_062292.1:0-861~~~cephalosporin;penicillin_beta-lactam Beta-lactamase gene from Klebsiella pneumoniae.
contig_4	card~~~SHV-218~~~NG_062290.1:0-861~~~cephalosporin;penicillin_beta-lactam	99.071	861	8	0	121966	122826	1	861	0.0	1546	125021	861	card~~~SHV-218~~~NG_062290.1:0-861~~~cephalosporin;penicillin_beta-lactam A beta-lactamase gene found in Klebsiella pneumoniae.
contig_4	card~~~SHV-214~~~NG_062286.1:0-861~~~cephalosporin;penicillin_beta-lactam	99.071	861	8	0	121966	122826	1	861	0.0	1546	125021	861	card~~~SHV-214~~~NG_062286.1:0-861~~~cephalosporin;penicillin_beta-lactam A beta-lactamase gene found in Klebsiella pneumoniae.
contig_4	card~~~SHV-208~~~NG_062280.1:0-861~~~cephalosporin;penicillin_beta-lactam	99.071	861	8	0	121966	122826	1	861	0.0	1546	125021	861	card~~~SHV-208~~~NG_062280.1:0-861~~~cephalosporin;penicillin_beta-lactam A beta-lactamase gene found in Klebsiella pneumoniae.
contig_4	card~~~SHV-204~~~NG_057611.1:0-861~~~cephalosporin;penicillin_beta-lactam	99.071	861	8	0	121966	122826	1	861	0.0	1546	125021	861	card~~~SHV-204~~~NG_057611.1:0-861~~~cephalosporin;penicillin_beta-lactam A beta-lactamase gene from Klebsiella pneumoniae.
contig_4	card~~~SHV-195~~~NG_051484.1:0-861~~~cephalosporin;penicillin_beta-lactam	99.071	861	8	0	121966	122826	1	861	0.0	1546	125021	861	card~~~SHV-195~~~NG_051484.1:0-861~~~cephalosporin;penicillin_beta-lactam Beta-lactamase gene from Klebsiella pneumoniae.
contig_4	card~~~SHV-191~~~NG_050057.1:0-861~~~cephalosporin;penicillin_beta-lactam	99.071	861	8	0	121966	122826	1	861	0.0	1546	125021	861	card~~~SHV-191~~~NG_050057.1:0-861~~~cephalosporin;penicillin_beta-lactam SHV-191 is a beta-lactamase. Name originally from the historical Lahey list of beta-lactamases, some of which did not include sequence data.
contig_4	card~~~SHV-18~~~AF132290.1:87-948~~~cephalosporin;penicillin_beta-lactam	99.071	861	8	0	121966	122826	1	861	0.0	1546	125021	861	card~~~SHV-18~~~AF132290.1:87-948~~~cephalosporin;penicillin_beta-lactam SHV-18 is an extended-spectrum beta-lactamase found in Acinetobacter baumannii and Klebsiella pneumoniae.
contig_4	card~~~SHV-164~~~HE981194.1:0-861~~~cephalosporin;penicillin_beta-lactam	99.071	861	8	0	121966	122826	1	861	0.0	1546	125021	861	card~~~SHV-164~~~HE981194.1:0-861~~~cephalosporin;penicillin_beta-lactam SHV-164 is a beta-lactamase. Name originally from the historical Lahey list of beta-lactamases, some of which did not include sequence data.
contig_4	card~~~SHV-151~~~JX121118.1:0-858~~~cephalosporin;penicillin_beta-lactam	99.184	858	7	0	121966	122823	1	858	0.0	1546	125021	858	card~~~SHV-151~~~JX121118.1:0-858~~~cephalosporin;penicillin_beta-lactam SHV-151 is a beta-lactamase.
contig_4	card~~~SHV-149~~~JX121116.1:0-858~~~cephalosporin;penicillin_beta-lactam	99.184	858	7	0	121966	122823	1	858	0.0	1546	125021	858	card~~~SHV-149~~~JX121116.1:0-858~~~cephalosporin;penicillin_beta-lactam SHV-149 is a beta-lactamase.
contig_4	card~~~SHV-137~~~HQ661363.1:71-932~~~cephalosporin;penicillin_beta-lactam	99.071	861	8	0	121966	122826	1	861	0.0	1546	125021	861	card~~~SHV-137~~~HQ661363.1:71-932~~~cephalosporin;penicillin_beta-lactam SHV-137 is a beta-lactamase.
contig_4	card~~~SHV-106~~~AM941847.1:0-861~~~cephalosporin;penicillin_beta-lactam	99.071	861	8	0	121966	122826	1	861	0.0	1546	125021	861	card~~~SHV-106~~~AM941847.1:0-861~~~cephalosporin;penicillin_beta-lactam SHV-106 is an extended-spectrum beta-lactamase that has been found in clinical isolates.
contig_4	card~~~SHV-140~~~JN051143.1:0-861~~~cephalosporin;penicillin_beta-lactam	99.069	859	8	0	121968	122826	3	861	0.0	1543	125021	861	card~~~SHV-140~~~JN051143.1:0-861~~~cephalosporin;penicillin_beta-lactam SHV-140 is a broad-spectrum beta-lactamase.
contig_4	card~~~SHV-122~~~HM751103.1:0-864~~~cephalosporin;penicillin_beta-lactam	98.958	864	6	3	121966	122826	1	864	0.0	1543	125021	864	card~~~SHV-122~~~HM751103.1:0-864~~~cephalosporin;penicillin_beta-lactam SHV-122 is a beta-lactamase that has been found in clinical isolates.
contig_4	card~~~SHV-92~~~DQ836922.1:0-861~~~cephalosporin;penicillin_beta-lactam	98.955	861	9	0	121966	122826	1	861	0.0	1541	125021	861	card~~~SHV-92~~~DQ836922.1:0-861~~~cephalosporin;penicillin_beta-lactam SHV-92 is a beta-lactamase found in Klebsiella pneumoniae.
contig_4	card~~~SHV-72~~~AM176547.2:30-891~~~cephalosporin;penicillin_beta-lactam	98.955	861	9	0	121966	122826	1	861	0.0	1541	125021	861	card~~~SHV-72~~~AM176547.2:30-891~~~cephalosporin;penicillin_beta-lactam SHV-72 is an inhibitor-resistant beta-lactamase found in Klebsiella pneumoniae.
contig_4	card~~~SHV-6~~~DAGOBI010000132.1:1383-2244~~~cephalosporin;penicillin_beta-lactam	98.955	861	9	0	121966	122826	1	861	0.0	1541	125021	861	card~~~SHV-6~~~DAGOBI010000132.1:1383-2244~~~cephalosporin;penicillin_beta-lactam SHV-6 is an extended-spectrum beta-lactamase that has been found in clinical isolates.
contig_4	card~~~SHV-51~~~AY289548.1:0-861~~~cephalosporin;penicillin_beta-lactam	98.955	861	9	0	121966	122826	1	861	0.0	1541	125021	861	card~~~SHV-51~~~AY289548.1:0-861~~~cephalosporin;penicillin_beta-lactam SHV-51 is a beta-lactamase found in Klebsiella pneumoniae.
contig_4	card~~~SHV-242~~~OR876334.1:0-861~~~cephalosporin;penicillin_beta-lactam	98.955	861	9	0	121966	122826	1	861	0.0	1541	125021	861	card~~~SHV-242~~~OR876334.1:0-861~~~cephalosporin;penicillin_beta-lactam Inhibitor-resistant class A beta-lactamase SHV-242.
contig_4	card~~~SHV-241~~~OR876333.1:0-861~~~cephalosporin;penicillin_beta-lactam	98.955	861	9	0	121966	122826	1	861	0.0	1541	125021	861	card~~~SHV-241~~~OR876333.1:0-861~~~cephalosporin;penicillin_beta-lactam Inhibitor-resistant class A beta-lactamase SHV-241.
contig_4	card~~~SHV-212~~~NG_062284.1:0-861~~~cephalosporin;penicillin_beta-lactam	98.955	861	9	0	121966	122826	1	861	0.0	1541	125021	861	card~~~SHV-212~~~NG_062284.1:0-861~~~cephalosporin;penicillin_beta-lactam A beta-lactamase gene from Klebsiella pneumoniae.
contig_4	card~~~SHV-198~~~NG_055284.1:0-861~~~cephalosporin;penicillin_beta-lactam	98.955	861	9	0	121966	122826	1	861	0.0	1541	125021	861	card~~~SHV-198~~~NG_055284.1:0-861~~~cephalosporin;penicillin_beta-lactam A beta-lactamase gene from Klebsiella pneumoniae.
contig_4	card~~~SHV-168~~~JX870080.1:0-861~~~cephalosporin;penicillin_beta-lactam	98.955	861	9	0	121966	122826	1	861	0.0	1541	125021	861	card~~~SHV-168~~~JX870080.1:0-861~~~cephalosporin;penicillin_beta-lactam SHV-168 is a beta-lactamase. Name originally from the historical Lahey list of beta-lactamases, some of which did not include sequence data.
contig_4	card~~~SHV-162~~~JX121129.1:0-858~~~cephalosporin;penicillin_beta-lactam	99.068	858	8	0	121966	122823	1	858	0.0	1541	125021	858	card~~~SHV-162~~~JX121129.1:0-858~~~cephalosporin;penicillin_beta-lactam SHV-162 is a beta-lactamase.
contig_4	card~~~SHV-52~~~HQ845196.1:0-861~~~cephalosporin;penicillin_beta-lactam	98.839	861	10	0	121966	122826	1	861	0.0	1535	125021	861	card~~~SHV-52~~~HQ845196.1:0-861~~~cephalosporin;penicillin_beta-lactam SHV-52 is a beta-lactamase that has been found in clinical isolates.
contig_4	card~~~SHV-243~~~OR876335.1:0-861~~~cephalosporin;penicillin_beta-lactam	98.839	861	10	0	121966	122826	1	861	0.0	1535	125021	861	card~~~SHV-243~~~OR876335.1:0-861~~~cephalosporin;penicillin_beta-lactam Class A beta-lactamase SHV-243.
contig_4	card~~~SHV-222~~~NG_062294.1:0-861~~~cephalosporin;penicillin_beta-lactam	98.839	861	10	0	121966	122826	1	861	0.0	1535	125021	861	card~~~SHV-222~~~NG_062294.1:0-861~~~cephalosporin;penicillin_beta-lactam A beta-lactamase gene from Klebsiella pneumoniae.
contig_4	card~~~SHV-205~~~NG_062276.1:0-861~~~cephalosporin;penicillin_beta-lactam	98.839	861	10	0	121966	122826	1	861	0.0	1535	125021	861	card~~~SHV-205~~~NG_062276.1:0-861~~~cephalosporin;penicillin_beta-lactam A beta-lactamase gene found in Klebsiella pneumoniae.
contig_4	card~~~SHV-190~~~NG_050056.1:0-861~~~cephalosporin;penicillin_beta-lactam	98.839	861	10	0	121966	122826	1	861	0.0	1535	125021	861	card~~~SHV-190~~~NG_050056.1:0-861~~~cephalosporin;penicillin_beta-lactam SHV-190 is a beta-lactamase. Name originally from the historical Lahey list of beta-lactamases, some of which did not include sequence data.
contig_4	card~~~SHV-188~~~LN515534.1:0-873~~~cephalosporin;penicillin_beta-lactam	98.511	873	7	1	121960	122826	1	873	0.0	1535	125021	873	card~~~SHV-188~~~LN515534.1:0-873~~~cephalosporin;penicillin_beta-lactam SHV-188 is a beta-lactamase. Name originally from the historical Lahey list of beta-lactamases, some of which did not include sequence data.
contig_4	card~~~SHV-171~~~NG_068212.1:100-961~~~cephalosporin;penicillin_beta-lactam	98.839	861	10	0	121966	122826	1	861	0.0	1535	125021	861	card~~~SHV-171~~~NG_068212.1:100-961~~~cephalosporin;penicillin_beta-lactam SHV-171 is a beta-lactamase. Name originally from the historical Lahey list of beta-lactamases, some of which did not include sequence data.
contig_4	card~~~SHV-43~~~AY065991.1:6-867~~~cephalosporin;penicillin_beta-lactam	98.722	861	11	0	121966	122826	1	861	0.0	1530	125021	861	card~~~SHV-43~~~AY065991.1:6-867~~~cephalosporin;penicillin_beta-lactam SHV-43 is a broad-spectrum beta-lactamase found in Klebsiella pneumoniae.
contig_4	card~~~SHV-73~~~AM176548.2:16-874~~~cephalosporin;penicillin_beta-lactam	98.945	853	9	0	121974	122826	6	858	0.0	1526	125021	858	card~~~SHV-73~~~AM176548.2:16-874~~~cephalosporin;penicillin_beta-lactam SHV-73 is a broad-spectrum beta-lactamase found in Klebsiella pneumoniae.
contig_4	card~~~SHV-9~~~S82452.1:120-978~~~cephalosporin;penicillin_beta-lactam	98.606	861	9	1	121966	122826	1	858	0.0	1520	125021	858	card~~~SHV-9~~~S82452.1:120-978~~~cephalosporin;penicillin_beta-lactam SHV-9 is an extended-spectrum beta-lactamase found in Klebsiella pneumoniae.
contig_4	card~~~SHV-167~~~AB733453.1:3-849~~~cephalosporin;penicillin_beta-lactam	98.936	846	9	0	121966	122811	1	846	0.0	1513	125021	846	card~~~SHV-167~~~AB733453.1:3-849~~~cephalosporin;penicillin_beta-lactam SHV-167 is a beta-lactamase.
contig_4	card~~~SHV-16~~~AF072684.2:117-993~~~cephalosporin;penicillin_beta-lactam	97.491	877	5	3	121966	122826	1	876	0.0	1482	125021	876	card~~~SHV-16~~~AF072684.2:117-993~~~cephalosporin;penicillin_beta-lactam SHV-16 is an extended-spectrum beta-lactamase that has been found in clinical isolates. It differs from SHV-1 by a 163DRWET167 insertion.
contig_4	card~~~SHV-124~~~GQ390806.1:0-813~~~cephalosporin;penicillin_beta-lactam	99.508	813	4	0	121966	122778	1	813	0.0	1480	125021	813	card~~~SHV-124~~~GQ390806.1:0-813~~~cephalosporin;penicillin_beta-lactam SHV-124 is a beta-lactamase that has been found in clinical isolates.
contig_4	card~~~SHV-123~~~GQ390805.1:0-813~~~cephalosporin;penicillin_beta-lactam	99.385	813	5	0	121966	122778	1	813	0.0	1474	125021	813	card~~~SHV-123~~~GQ390805.1:0-813~~~cephalosporin;penicillin_beta-lactam SHV-123 is a beta-lactamase that has been found in clinical isolates.
contig_4	card~~~SHV-126~~~GQ390808.1:0-813~~~cephalosporin;penicillin_beta-lactam	99.262	813	6	0	121966	122778	1	813	0.0	1469	125021	813	card~~~SHV-126~~~GQ390808.1:0-813~~~cephalosporin;penicillin_beta-lactam SHV-126 is a beta-lactamase that has been found in clinical isolates.
contig_4	card~~~SHV-125~~~GQ390807.1:0-813~~~cephalosporin;penicillin_beta-lactam	99.139	813	7	0	121966	122778	1	813	0.0	1463	125021	813	card~~~SHV-125~~~GQ390807.1:0-813~~~cephalosporin;penicillin_beta-lactam SHV-125 is a beta-lactamase that has been found in clinical isolates.
contig_4	card~~~SHV-127~~~GQ390809.1:0-813~~~cephalosporin;penicillin_beta-lactam	99.016	813	8	0	121966	122778	1	813	0.0	1458	125021	813	card~~~SHV-127~~~GQ390809.1:0-813~~~cephalosporin;penicillin_beta-lactam SHV-127 is a beta-lactamase that has been found in clinical isolates.
contig_4	card~~~OHIO-1~~~NG_049352.1:100-961~~~cephalosporin	96.759	864	22	6	121966	122826	1	861	0.0	1435	125021	861	card~~~OHIO-1~~~NG_049352.1:100-961~~~cephalosporin OHIO-1 is a OHIO beta-lactamase.
contig_4	card~~~SHV-22~~~AF117746.1:0-780~~~cephalosporin;penicillin_beta-lactam	99.487	780	4	0	121996	122775	1	780	0.0	1419	125021	780	card~~~SHV-22~~~AF117746.1:0-780~~~cephalosporin;penicillin_beta-lactam SHV-22 is a broad-spectrum beta-lactamase that has been found in clinical isolates.
contig_4	card~~~SHV-23~~~AF117747.1:0-780~~~cephalosporin;penicillin_beta-lactam	99.359	780	5	0	121996	122775	1	780	0.0	1413	125021	780	card~~~SHV-23~~~AF117747.1:0-780~~~cephalosporin;penicillin_beta-lactam SHV-23 is an extended-spectrum beta-lactamase that has been found in clinical isolates.
contig_4	card~~~SHV-20~~~AF117744.1:0-780~~~cephalosporin;penicillin_beta-lactam	99.359	780	5	0	121996	122775	1	780	0.0	1413	125021	780	card~~~SHV-20~~~AF117744.1:0-780~~~cephalosporin;penicillin_beta-lactam SHV-20 is a broad-spectrum beta-lactamase that has been found in clinical isolates.
contig_4	card~~~AAK-1~~~NG_070893.1:0-861~~~carbapenem	96.379	856	31	0	121966	122821	1	856	0.0	1410	125021	861	card~~~AAK-1~~~NG_070893.1:0-861~~~carbapenem AAK-1 is a AAK beta-lactamase.
contig_4	card~~~SHV-21~~~AF117745.1:0-780~~~cephalosporin;penicillin_beta-lactam	99.231	780	6	0	121996	122775	1	780	0.0	1408	125021	780	card~~~SHV-21~~~AF117745.1:0-780~~~cephalosporin;penicillin_beta-lactam SHV-21 is a broad-spectrum beta-lactamase that has been found in clinical isolates.
contig_4	card~~~SHV-100~~~AM941846.1:0-900~~~cephalosporin;penicillin_beta-lactam	99.091	770	7	0	122057	122826	131	900	0.0	1384	125021	900	card~~~SHV-100~~~AM941846.1:0-900~~~cephalosporin;penicillin_beta-lactam SHV-100 is a beta-lactamase found in Klebsiella pneumoniae. It differs from SHV-1 by a 35SESQLSGRVGMIE36 insertion.
contig_4	card~~~SHV-100~~~AM941846.1:0-900~~~cephalosporin;penicillin_beta-lactam	98.496	133	2	0	121966	122098	1	133	8.19e-60	235	125021	900	card~~~SHV-100~~~AM941846.1:0-900~~~cephalosporin;penicillin_beta-lactam SHV-100 is a beta-lactamase found in Klebsiella pneumoniae. It differs from SHV-1 by a 35SESQLSGRVGMIE36 insertion.
contig_4	card~~~SHV-53~~~AY590467.1:1-727~~~cephalosporin;penicillin_beta-lactam	99.449	726	4	0	121987	122712	1	726	0.0	1319	125021	726	card~~~SHV-53~~~AY590467.1:1-727~~~cephalosporin;penicillin_beta-lactam SHV-53 is a beta-lactamase that has been found in clinical isolates.
contig_4	card~~~OKP-C-1~~~NG_067155.1:0-861~~~cephalosporin;penicillin_beta-lactam	92.227	862	65	2	121966	122826	1	861	0.0	1219	125021	861	card~~~OKP-C-1~~~NG_067155.1:0-861~~~cephalosporin;penicillin_beta-lactam OKP-C-1 is a OKP beta-lactamase.
contig_4	card~~~LEN-41~~~MK161461.1:0-861~~~penicillin_beta-lactam	91.299	862	73	2	121966	122826	1	861	0.0	1175	125021	861	card~~~LEN-41~~~MK161461.1:0-861~~~penicillin_beta-lactam A class-A broad-spectrum beta-lactamase identified from Klebsiella.
contig_4	card~~~LEN-40~~~MK161459.1:0-861~~~penicillin_beta-lactam	91.067	862	75	2	121966	122826	1	861	0.0	1164	125021	861	card~~~LEN-40~~~MK161459.1:0-861~~~penicillin_beta-lactam A class-A broad-spectrum beta-lactamase identified from Klebsiella sp.
contig_4	card~~~LEN-17~~~DQ149134.1:0-861~~~penicillin_beta-lactam	91.067	862	75	2	121966	122826	1	861	0.0	1164	125021	861	card~~~LEN-17~~~DQ149134.1:0-861~~~penicillin_beta-lactam LEN-17 is a beta-lactamase found in Escherichia coli.
contig_4	card~~~LEN-36~~~KR738738.1:0-861~~~penicillin_beta-lactam	90.951	862	76	2	121966	122826	1	861	0.0	1158	125021	861	card~~~LEN-36~~~KR738738.1:0-861~~~penicillin_beta-lactam LEN-36 is a class A beta-lactamase gene found in Klebsiella variicola.
contig_4	card~~~LEN-22~~~AM850912.2:0-861~~~penicillin_beta-lactam	90.951	862	76	2	121966	122826	1	861	0.0	1158	125021	861	card~~~LEN-22~~~AM850912.2:0-861~~~penicillin_beta-lactam LEN-22 is a beta-lactamase found in Klebsiella pneumoniae.
contig_4	card~~~LEN-2~~~AY037780.1:88-949~~~penicillin_beta-lactam	90.951	862	76	2	121966	122826	1	861	0.0	1158	125021	861	card~~~LEN-2~~~AY037780.1:88-949~~~penicillin_beta-lactam LEN-2 is a beta-lactamase found in Klebsiella pneumoniae.
contig_4	card~~~LEN-19~~~AM850909.2:0-861~~~penicillin_beta-lactam	90.951	862	76	2	121966	122826	1	861	0.0	1158	125021	861	card~~~LEN-19~~~AM850909.2:0-861~~~penicillin_beta-lactam LEN-19 is a beta-lactamase found in Klebsiella pneumoniae.
contig_4	card~~~LEN-12~~~QIXO01000012.1:31069-30208~~~penicillin_beta-lactam	90.951	862	76	2	121966	122826	1	861	0.0	1158	125021	861	card~~~LEN-12~~~QIXO01000012.1:31069-30208~~~penicillin_beta-lactam LEN-12 is a beta-lactamase found in Klebsiella pneumoniae.
contig_4	card~~~LEN-11~~~FLES01000010.1:120291-121152~~~penicillin_beta-lactam	90.951	862	76	2	121966	122826	1	861	0.0	1158	125021	861	card~~~LEN-11~~~FLES01000010.1:120291-121152~~~penicillin_beta-lactam LEN-11 is a beta-lactamase found in Klebsiella pneumoniae.
contig_4	card~~~LEN-5~~~AY633109.1:0-861~~~penicillin_beta-lactam	90.835	862	77	2	121966	122826	1	861	0.0	1153	125021	861	card~~~LEN-5~~~AY633109.1:0-861~~~penicillin_beta-lactam LEN-5 is a beta-lactamase found in Klebsiella pneumoniae.
contig_4	card~~~LEN-43~~~MK161460.1:0-861~~~penicillin_beta-lactam	90.835	862	77	2	121966	122826	1	861	0.0	1153	125021	861	card~~~LEN-43~~~MK161460.1:0-861~~~penicillin_beta-lactam A class-A broad-spectrum beta-lactamase from Klebsiella.
contig_4	card~~~LEN-31~~~NG_050605.1:100-961~~~penicillin_beta-lactam	90.835	862	77	2	121966	122826	1	861	0.0	1153	125021	861	card~~~LEN-31~~~NG_050605.1:100-961~~~penicillin_beta-lactam LEN-31 is a LEN beta-lactamase.
contig_4	card~~~LEN-30~~~FWOA01000001.1:577656-576795~~~penicillin_beta-lactam	90.835	862	77	2	121966	122826	1	861	0.0	1153	125021	861	card~~~LEN-30~~~FWOA01000001.1:577656-576795~~~penicillin_beta-lactam A class-A beta-lactamase from Klebsiella pneumoniae.
contig_4	card~~~LEN-28~~~NG_060510.1:100-961~~~penicillin_beta-lactam	90.835	862	77	2	121966	122826	1	861	0.0	1153	125021	861	card~~~LEN-28~~~NG_060510.1:100-961~~~penicillin_beta-lactam LEN-28 is a LEN beta-lactamase.
contig_4	card~~~LEN-21~~~AM850911.2:0-861~~~penicillin_beta-lactam	90.835	862	77	2	121966	122826	1	861	0.0	1153	125021	861	card~~~LEN-21~~~AM850911.2:0-861~~~penicillin_beta-lactam LEN-21 is a beta-lactamase found in Klebsiella pneumoniae.
contig_4	card~~~LEN-20~~~AM850910.2:0-861~~~penicillin_beta-lactam	90.835	862	77	2	121966	122826	1	861	0.0	1153	125021	861	card~~~LEN-20~~~AM850910.2:0-861~~~penicillin_beta-lactam LEN-20 is a beta-lactamase found in Klebsiella pneumoniae.
contig_4	card~~~LEN-9~~~CP016344.1:2782791-2783652~~~penicillin_beta-lactam	90.719	862	78	2	121966	122826	1	861	0.0	1147	125021	861	card~~~LEN-9~~~CP016344.1:2782791-2783652~~~penicillin_beta-lactam LEN-9 is a beta-lactamase found in Klebsiella pneumoniae.
contig_4	card~~~LEN-7~~~CXPA01000063.1:153489-154350~~~penicillin_beta-lactam	90.719	862	78	2	121966	122826	1	861	0.0	1147	125021	861	card~~~LEN-7~~~CXPA01000063.1:153489-154350~~~penicillin_beta-lactam LEN-7 is a beta-lactamase found in Klebsiella pneumoniae.
contig_4	card~~~LEN-58~~~UKAA01000001.1:323063-322202~~~penicillin_beta-lactam	90.719	862	78	2	121966	122826	1	861	0.0	1147	125021	861	card~~~LEN-58~~~UKAA01000001.1:323063-322202~~~penicillin_beta-lactam A class-A broad-spectrum beta-lactamase from Klebsiella.
contig_4	card~~~LEN-34~~~CXPB01000032.1:60038-60899~~~penicillin_beta-lactam	90.730	863	76	4	121966	122826	1	861	0.0	1147	125021	861	card~~~LEN-34~~~CXPB01000032.1:60038-60899~~~penicillin_beta-lactam A class-A beta-lactamase from Klebsiella variicola.
contig_4	card~~~LEN-27~~~NG_068509.1:100-961~~~penicillin_beta-lactam	90.719	862	78	2	121966	122826	1	861	0.0	1147	125021	861	card~~~LEN-27~~~NG_068509.1:100-961~~~penicillin_beta-lactam LEN-27 is a LEN beta-lactamase.
contig_4	card~~~LEN-24~~~AM850914.2:30-891~~~penicillin_beta-lactam	90.719	862	78	2	121966	122826	1	861	0.0	1147	125021	861	card~~~LEN-24~~~AM850914.2:30-891~~~penicillin_beta-lactam LEN-24 is a beta-lactamase found in Klebsiella pneumoniae.
contig_4	card~~~LEN-18~~~AM850908.2:0-861~~~penicillin_beta-lactam	90.719	862	78	2	121966	122826	1	861	0.0	1147	125021	861	card~~~LEN-18~~~AM850908.2:0-861~~~penicillin_beta-lactam LEN-18 is a beta-lactamase found in Klebsiella pneumoniae.
contig_4	card~~~LEN-16~~~AY743416.1:67-928~~~penicillin_beta-lactam	90.719	862	78	2	121966	122826	1	861	0.0	1147	125021	861	card~~~LEN-16~~~AY743416.1:67-928~~~penicillin_beta-lactam LEN-16 is a beta-lactamase found in Klebsiella pneumoniae.
contig_4	card~~~LEN-13~~~CP001891.1:2841996-2842857~~~penicillin_beta-lactam	90.719	862	78	2	121966	122826	1	861	0.0	1147	125021	861	card~~~LEN-13~~~CP001891.1:2841996-2842857~~~penicillin_beta-lactam LEN-13 is a beta-lactamase found in Klebsiella pneumoniae and Klebsiella variicola.
contig_4	card~~~LEN-55~~~NLDD01000006.1:119723-120584~~~penicillin_beta-lactam	90.603	862	79	2	121966	122826	1	861	0.0	1142	125021	861	card~~~LEN-55~~~NLDD01000006.1:119723-120584~~~penicillin_beta-lactam A class-A broad-spectrum beta-lactamase from Klebsiella.
contig_4	card~~~LEN-51~~~CP033631.1:3042328-3043189~~~penicillin_beta-lactam	90.603	862	79	2	121966	122826	1	861	0.0	1142	125021	861	card~~~LEN-51~~~CP033631.1:3042328-3043189~~~penicillin_beta-lactam A class-A broad-spectrum beta-lactamase from Klebsiella.
contig_4	card~~~LEN-39~~~MK161458.1:0-861~~~penicillin_beta-lactam	90.603	862	79	2	121966	122826	1	861	0.0	1142	125021	861	card~~~LEN-39~~~MK161458.1:0-861~~~penicillin_beta-lactam A class-A broad-spectrum beta-lactamase identified from Klebsiella sp.
contig_4	card~~~LEN-38~~~MK161457.1:0-861~~~penicillin_beta-lactam	90.603	862	79	2	121966	122826	1	861	0.0	1142	125021	861	card~~~LEN-38~~~MK161457.1:0-861~~~penicillin_beta-lactam A class-A beta-lactamase from Klebsiella.
contig_4	card~~~LEN-35~~~KR738737.1:0-861~~~penicillin_beta-lactam	90.614	863	77	4	121966	122826	1	861	0.0	1142	125021	861	card~~~LEN-35~~~KR738737.1:0-861~~~penicillin_beta-lactam LEN-35 is a Class A beta-lactamase gene found in Klebsiella variicola.
contig_4	card~~~LEN-10~~~CBBA010000184.1:3395-4256~~~penicillin_beta-lactam	90.603	862	79	2	121966	122826	1	861	0.0	1142	125021	861	card~~~LEN-10~~~CBBA010000184.1:3395-4256~~~penicillin_beta-lactam LEN-10 is a beta-lactamase found in Klebsiella pneumoniae.
contig_4	card~~~LEN-42~~~MK161462.1:0-861~~~penicillin_beta-lactam	90.487	862	80	2	121966	122826	1	861	0.0	1136	125021	861	card~~~LEN-42~~~MK161462.1:0-861~~~penicillin_beta-lactam A class-A broad-spectrum beta-lactamase from Klebsiella.
contig_4	card~~~LEN-32~~~CDMV01000010.1:131908-132769~~~penicillin_beta-lactam	90.487	862	80	2	121966	122826	1	861	0.0	1136	125021	861	card~~~LEN-32~~~CDMV01000010.1:131908-132769~~~penicillin_beta-lactam A class-A beta-lactamase from Klebsiella variicola.
contig_4	card~~~LEN-26~~~JX124390.1:0-861~~~penicillin_beta-lactam	90.487	862	80	2	121966	122826	1	861	0.0	1136	125021	861	card~~~LEN-26~~~JX124390.1:0-861~~~penicillin_beta-lactam LEN-26 is a beta-lactamase found in Escherichia coli and Klebsiella pneumoniae.
contig_4	card~~~LEN-25~~~HQ709169.1:0-861~~~penicillin_beta-lactam	90.487	862	80	2	121966	122826	1	861	0.0	1136	125021	861	card~~~LEN-25~~~HQ709169.1:0-861~~~penicillin_beta-lactam LEN-25 is a beta-lactamase. From the Pasteur Institute list of LEN beta-lactamases.
contig_4	card~~~LEN-23~~~AM850913.2:0-861~~~penicillin_beta-lactam	90.487	862	80	2	121966	122826	1	861	0.0	1136	125021	861	card~~~LEN-23~~~AM850913.2:0-861~~~penicillin_beta-lactam LEN-23 is a beta-lactamase found in Klebsiella pneumoniae.
contig_4	card~~~LEN-8~~~CEGG01000030.1:7354-8215~~~penicillin_beta-lactam	90.371	862	81	2	121966	122826	1	861	0.0	1131	125021	861	card~~~LEN-8~~~CEGG01000030.1:7354-8215~~~penicillin_beta-lactam LEN-8 is a beta-lactamase found in Klebsiella pneumoniae.
contig_4	card~~~LEN-37~~~KR738739.1:0-861~~~penicillin_beta-lactam	90.371	862	81	2	121966	122826	1	861	0.0	1131	125021	861	card~~~LEN-37~~~KR738739.1:0-861~~~penicillin_beta-lactam LEN-37 is a Class A beta-lactamase gene found in Klebsiella variicola.
contig_4	card~~~LEN-15~~~AF452105.1:0-840~~~penicillin_beta-lactam	90.499	842	77	3	121966	122806	1	840	0.0	1109	125021	840	card~~~LEN-15~~~AF452105.1:0-840~~~penicillin_beta-lactam LEN-15 is a beta-lactamase. From the Pasteur Institute list of LEN beta-lactamases.
contig_4	card~~~LEN-4~~~AY130287.1:1-823~~~penicillin_beta-lactam	90.876	822	73	2	121988	122808	2	822	0.0	1101	125021	822	card~~~LEN-4~~~AY130287.1:1-823~~~penicillin_beta-lactam LEN-4 is a beta-lactamase found in Escherichia coli.
contig_4	card~~~LEN-1~~~X04515.1:285-1125~~~penicillin_beta-lactam	90.261	842	79	3	121966	122806	1	840	0.0	1098	125021	840	card~~~LEN-1~~~X04515.1:285-1125~~~penicillin_beta-lactam LEN-1 is a beta-lactamase found in Klebsiella pneumoniae.
contig_4	card~~~LEN-3~~~AY130286.1:1-823~~~penicillin_beta-lactam	90.754	822	74	2	121988	122808	2	822	0.0	1096	125021	822	card~~~LEN-3~~~AY130286.1:1-823~~~penicillin_beta-lactam LEN-3 is a beta-lactamase. From the Pasteur Institute list of LEN beta-lactamases.
contig_4	card~~~OKP-A-13~~~FJ534513.1:0-861~~~cephalosporin;penicillin_beta-lactam	88.515	862	97	2	121966	122826	1	861	0.0	1042	125021	861	card~~~OKP-A-13~~~FJ534513.1:0-861~~~cephalosporin;penicillin_beta-lactam OKP-A-13 is a beta-lactamase found in Klebsiella pneumoniae.
contig_4	card~~~OKP-A-11~~~AM850915.2:19-880~~~cephalosporin;penicillin_beta-lactam	88.528	863	95	4	121966	122826	1	861	0.0	1042	125021	861	card~~~OKP-A-11~~~AM850915.2:19-880~~~cephalosporin;penicillin_beta-lactam OKP-A-11 is a beta-lactamase found in Klebsiella pneumoniae.
contig_4	card~~~OKP-B-5~~~AM850918.2:24-885~~~cephalosporin;penicillin_beta-lactam	88.283	862	99	2	121966	122826	1	861	0.0	1031	125021	861	card~~~OKP-B-5~~~AM850918.2:24-885~~~cephalosporin;penicillin_beta-lactam OKP-B-5 is a beta-lactamase found in Klebsiella pneumoniae.
contig_4	card~~~OKP-B-17~~~AM850919.2:24-885~~~cephalosporin;penicillin_beta-lactam	88.283	862	99	2	121966	122826	1	861	0.0	1031	125021	861	card~~~OKP-B-17~~~AM850919.2:24-885~~~cephalosporin;penicillin_beta-lactam OKP-B-17 is a beta-lactamase found in Klebsiella pneumoniae.
contig_4	card~~~OKP-A-16~~~FJ755840.1:0-861~~~cephalosporin;penicillin_beta-lactam	88.297	863	97	4	121966	122826	1	861	0.0	1031	125021	861	card~~~OKP-A-16~~~FJ755840.1:0-861~~~cephalosporin;penicillin_beta-lactam OKP-A-16 is a beta-lactamase found in Klebsiella pneumoniae.
contig_4	card~~~OKP-A-14~~~FJ534512.1:0-861~~~cephalosporin;penicillin_beta-lactam	88.283	862	99	2	121966	122826	1	861	0.0	1031	125021	861	card~~~OKP-A-14~~~FJ534512.1:0-861~~~cephalosporin;penicillin_beta-lactam OKP-A-14 is a beta-lactamase found in Klebsiella pneumoniae.
contig_4	card~~~OKP-A-12~~~AM850916.2:18-879~~~cephalosporin;penicillin_beta-lactam	88.297	863	97	4	121966	122826	1	861	0.0	1031	125021	861	card~~~OKP-A-12~~~AM850916.2:18-879~~~cephalosporin;penicillin_beta-lactam OKP-A-12 is a beta-lactamase found in Klebsiella pneumoniae.
contig_4	card~~~OKP-B-4~~~AM051153.1:0-861~~~cephalosporin;penicillin_beta-lactam	88.269	861	99	2	121966	122825	1	860	0.0	1029	125021	861	card~~~OKP-B-4~~~AM051153.1:0-861~~~cephalosporin;penicillin_beta-lactam OKP-B-4 is a beta-lactamase found in Klebsiella pneumoniae.
contig_4	card~~~OKP-A-5~~~AM051143.1:0-861~~~cephalosporin;penicillin_beta-lactam	88.283	862	97	4	121966	122825	1	860	0.0	1029	125021	861	card~~~OKP-A-5~~~AM051143.1:0-861~~~cephalosporin;penicillin_beta-lactam OKP-A-5 is a beta-lactamase found in Klebsiella pneumoniae.
contig_4	card~~~OKP-A-3~~~AM051140.1:0-861~~~cephalosporin;penicillin_beta-lactam	88.283	862	97	4	121966	122825	1	860	0.0	1029	125021	861	card~~~OKP-A-3~~~AM051140.1:0-861~~~cephalosporin;penicillin_beta-lactam OKP-A-3 is a beta-lactamase found in Klebsiella pneumoniae.
contig_4	card~~~OKP-A-17~~~NG_049361.1:100-961~~~cephalosporin;penicillin_beta-lactam	88.283	862	97	4	121966	122825	1	860	0.0	1029	125021	861	card~~~OKP-A-17~~~NG_049361.1:100-961~~~cephalosporin;penicillin_beta-lactam OKP-A-17 is a OKP beta-lactamase.
contig_4	card~~~OKP-A-1~~~AJ635401.2:0-861~~~cephalosporin;penicillin_beta-lactam	88.269	861	99	2	121966	122825	1	860	0.0	1029	125021	861	card~~~OKP-A-1~~~AJ635401.2:0-861~~~cephalosporin;penicillin_beta-lactam OKP-A-1 is a beta-lactamase found in Klebsiella pneumoniae.
contig_4	card~~~OKP-B-6~~~AM850917.2:17-878~~~cephalosporin;penicillin_beta-lactam	88.167	862	100	2	121966	122826	1	861	0.0	1026	125021	861	card~~~OKP-B-6~~~AM850917.2:17-878~~~cephalosporin;penicillin_beta-lactam OKP-B-6 is a beta-lactamase found in Klebsiella pneumoniae.
contig_4	card~~~OKP-B-16~~~NG_067146.1:0-861~~~cephalosporin;penicillin_beta-lactam	88.167	862	100	2	121966	122826	1	861	0.0	1026	125021	861	card~~~OKP-B-16~~~NG_067146.1:0-861~~~cephalosporin;penicillin_beta-lactam OKP-B-16 is a OKP beta-lactamase.
contig_4	card~~~OKP-B-3~~~AM051152.1:0-861~~~cephalosporin;penicillin_beta-lactam	88.153	861	100	2	121966	122825	1	860	0.0	1024	125021	861	card~~~OKP-B-3~~~AM051152.1:0-861~~~cephalosporin;penicillin_beta-lactam OKP-B-3 is a beta-lactamase found in Klebsiella pneumoniae.
contig_4	card~~~OKP-B-22~~~NG_067148.1:100-961~~~cephalosporin;penicillin_beta-lactam	88.153	861	100	2	121966	122825	1	860	0.0	1024	125021	861	card~~~OKP-B-22~~~NG_067148.1:100-961~~~cephalosporin;penicillin_beta-lactam OKP-B-22 is a OKP beta-lactamase.
contig_4	card~~~OKP-A-9~~~AM051148.1:0-861~~~cephalosporin;penicillin_beta-lactam	88.167	862	98	4	121966	122825	1	860	0.0	1024	125021	861	card~~~OKP-A-9~~~AM051148.1:0-861~~~cephalosporin;penicillin_beta-lactam OKP-A-9 is a beta-lactamase found in Klebsiella pneumoniae.
contig_4	card~~~OKP-A-8~~~AM051147.1:0-861~~~cephalosporin;penicillin_beta-lactam	88.153	861	100	2	121966	122825	1	860	0.0	1024	125021	861	card~~~OKP-A-8~~~AM051147.1:0-861~~~cephalosporin;penicillin_beta-lactam OKP-A-8 is a beta-lactamase found in Klebsiella pneumoniae.
contig_4	card~~~OKP-A-4~~~AM051142.1:0-861~~~cephalosporin;penicillin_beta-lactam	88.153	861	100	2	121966	122825	1	860	0.0	1024	125021	861	card~~~OKP-A-4~~~AM051142.1:0-861~~~cephalosporin;penicillin_beta-lactam OKP-A-4 is a beta-lactamase found in Klebsiella pneumoniae.
contig_4	card~~~OKP-A-2~~~AJ635404.2:0-861~~~cephalosporin;penicillin_beta-lactam	88.153	861	100	2	121966	122825	1	860	0.0	1024	125021	861	card~~~OKP-A-2~~~AJ635404.2:0-861~~~cephalosporin;penicillin_beta-lactam OKP-A-2 is a beta-lactamase found in Klebsiella pneumoniae.
contig_4	card~~~OKP-B-20~~~AM850922.2:24-885~~~cephalosporin;penicillin_beta-lactam	88.051	862	101	2	121966	122826	1	861	0.0	1020	125021	861	card~~~OKP-B-20~~~AM850922.2:24-885~~~cephalosporin;penicillin_beta-lactam OKP-B-20 is a beta-lactamase found in Klebsiella pneumoniae.
contig_4	card~~~OKP-B-13~~~AY825330.1:0-861~~~cephalosporin;penicillin_beta-lactam	88.051	862	101	2	121966	122826	1	861	0.0	1020	125021	861	card~~~OKP-B-13~~~AY825330.1:0-861~~~cephalosporin;penicillin_beta-lactam OKP-B-13 is a beta-lactamase found in Klebsiella pneumoniae.
contig_4	card~~~OKP-B-9~~~AM051159.1:0-861~~~cephalosporin;penicillin_beta-lactam	88.037	861	101	2	121966	122825	1	860	0.0	1018	125021	861	card~~~OKP-B-9~~~AM051159.1:0-861~~~cephalosporin;penicillin_beta-lactam OKP-B-9 is a beta-lactamase found in Klebsiella pneumoniae.
contig_4	card~~~OKP-B-8~~~AM051157.1:0-861~~~cephalosporin;penicillin_beta-lactam	88.037	861	101	2	121966	122825	1	860	0.0	1018	125021	861	card~~~OKP-B-8~~~AM051157.1:0-861~~~cephalosporin;penicillin_beta-lactam OKP-B-8 is a beta-lactamase found in Klebsiella pneumoniae.
contig_4	card~~~OKP-B-36~~~NG_067151.1:100-961~~~cephalosporin;penicillin_beta-lactam	88.051	862	99	4	121966	122825	1	860	0.0	1018	125021	861	card~~~OKP-B-36~~~NG_067151.1:100-961~~~cephalosporin;penicillin_beta-lactam OKP-B-36 is a OKP beta-lactamase.
contig_4	card~~~OKP-B-2~~~AM051151.1:0-861~~~cephalosporin;penicillin_beta-lactam	88.037	861	101	2	121966	122825	1	860	0.0	1018	125021	861	card~~~OKP-B-2~~~AM051151.1:0-861~~~cephalosporin;penicillin_beta-lactam OKP-B-2 is a beta-lactamase found in Klebsiella pneumoniae.
contig_4	card~~~OKP-A-10~~~AM051149.1:0-861~~~cephalosporin;penicillin_beta-lactam	88.051	862	99	4	121966	122825	1	860	0.0	1018	125021	861	card~~~OKP-A-10~~~AM051149.1:0-861~~~cephalosporin;penicillin_beta-lactam OKP-A-10 is a beta-lactamase found in Klebsiella pneumoniae.
contig_4	card~~~OKP-B-19~~~AM850921.2:24-885~~~cephalosporin;penicillin_beta-lactam	87.935	862	102	2	121966	122826	1	861	0.0	1014	125021	861	card~~~OKP-B-19~~~AM850921.2:24-885~~~cephalosporin;penicillin_beta-lactam OKP-B-19 is a beta-lactamase found in Klebsiella pneumoniae.
contig_4	card~~~OKP-B-7~~~AM051156.1:0-861~~~cephalosporin;penicillin_beta-lactam	87.921	861	102	2	121966	122825	1	860	0.0	1013	125021	861	card~~~OKP-B-7~~~AM051156.1:0-861~~~cephalosporin;penicillin_beta-lactam OKP-B-7 is a beta-lactamase found in Klebsiella pneumoniae.
contig_4	card~~~OKP-B-45~~~NG_067154.1:100-961~~~cephalosporin;penicillin_beta-lactam	87.921	861	102	2	121966	122825	1	860	0.0	1013	125021	861	card~~~OKP-B-45~~~NG_067154.1:100-961~~~cephalosporin;penicillin_beta-lactam OKP-B-45 is a OKP beta-lactamase.
contig_4	card~~~OKP-B-40~~~NG_067152.1:100-961~~~cephalosporin;penicillin_beta-lactam	87.921	861	102	2	121966	122825	1	860	0.0	1013	125021	861	card~~~OKP-B-40~~~NG_067152.1:100-961~~~cephalosporin;penicillin_beta-lactam OKP-B-40 is a OKP beta-lactamase.
contig_4	card~~~OKP-B-1~~~AJ635402.2:0-861~~~cephalosporin;penicillin_beta-lactam	87.921	861	102	2	121966	122825	1	860	0.0	1013	125021	861	card~~~OKP-B-1~~~AJ635402.2:0-861~~~cephalosporin;penicillin_beta-lactam OKP-B-1 is a beta-lactamase found in Klebsiella pneumoniae.
contig_4	card~~~OKP-A-6~~~AM051144.1:0-861~~~cephalosporin;penicillin_beta-lactam	87.949	863	98	6	121966	122825	1	860	0.0	1013	125021	861	card~~~OKP-A-6~~~AM051144.1:0-861~~~cephalosporin;penicillin_beta-lactam OKP-A-6 is a beta-lactamase found in Klebsiella pneumoniae.
contig_4	card~~~OKP-B-24~~~NG_067149.1:0-861~~~cephalosporin;penicillin_beta-lactam	87.819	862	103	2	121966	122826	1	861	0.0	1009	125021	861	card~~~OKP-B-24~~~NG_067149.1:0-861~~~cephalosporin;penicillin_beta-lactam OKP-B-24 is a OKP beta-lactamase.
contig_4	card~~~OKP-B-34~~~NG_067150.1:100-961~~~cephalosporin;penicillin_beta-lactam	87.805	861	103	2	121966	122825	1	860	0.0	1007	125021	861	card~~~OKP-B-34~~~NG_067150.1:100-961~~~cephalosporin;penicillin_beta-lactam OKP-B-34 is a OKP beta-lactamase.
contig_4	card~~~OKP-B-23~~~NG_050606.1:100-961~~~cephalosporin;penicillin_beta-lactam	87.805	861	103	2	121966	122825	1	860	0.0	1007	125021	861	card~~~OKP-B-23~~~NG_050606.1:100-961~~~cephalosporin;penicillin_beta-lactam OKP-B-23 is a OKP beta-lactamase.
contig_4	card~~~OKP-B-21~~~NG_067147.1:100-961~~~cephalosporin;penicillin_beta-lactam	87.805	861	103	2	121966	122825	1	860	0.0	1007	125021	861	card~~~OKP-B-21~~~NG_067147.1:100-961~~~cephalosporin;penicillin_beta-lactam OKP-B-21 is a OKP beta-lactamase.
contig_4	card~~~OKP-B-11~~~AM051161.1:0-861~~~cephalosporin;penicillin_beta-lactam	87.819	862	101	4	121966	122825	1	860	0.0	1007	125021	861	card~~~OKP-B-11~~~AM051161.1:0-861~~~cephalosporin;penicillin_beta-lactam OKP-B-11 is a beta-lactamase found in Klebsiella pneumoniae.
contig_4	card~~~OKP-B-18~~~AM850920.1:40-901~~~cephalosporin;penicillin_beta-lactam	87.703	862	104	2	121966	122826	1	861	0.0	1003	125021	861	card~~~OKP-B-18~~~AM850920.1:40-901~~~cephalosporin;penicillin_beta-lactam OKP-B-18 is a beta-lactamase found in Klebsiella pneumoniae.
contig_4	card~~~OKP-B-10~~~AM051160.1:0-861~~~cephalosporin;penicillin_beta-lactam	87.689	861	104	2	121966	122825	1	860	0.0	1002	125021	861	card~~~OKP-B-10~~~AM051160.1:0-861~~~cephalosporin;penicillin_beta-lactam OKP-B-10 is a beta-lactamase found in Klebsiella pneumoniae.
contig_4	card~~~OKP-A-7~~~AM051146.1:0-861~~~cephalosporin;penicillin_beta-lactam	87.703	862	102	4	121966	122825	1	860	0.0	1002	125021	861	card~~~OKP-A-7~~~AM051146.1:0-861~~~cephalosporin;penicillin_beta-lactam OKP-A-7 is a beta-lactamase found in Klebsiella pneumoniae.
contig_4	card~~~OKP-B-41~~~NG_067153.1:100-961~~~cephalosporin;penicillin_beta-lactam	87.573	861	105	2	121966	122825	1	860	0.0	996	125021	861	card~~~OKP-B-41~~~NG_067153.1:100-961~~~cephalosporin;penicillin_beta-lactam OKP-B-41 is a OKP beta-lactamase.
contig_4	card~~~OKP-D-1~~~NG_067156.1:0-861~~~cephalosporin;penicillin_beta-lactam	87.486	863	104	4	121966	122826	1	861	0.0	992	125021	861	card~~~OKP-D-1~~~NG_067156.1:0-861~~~cephalosporin;penicillin_beta-lactam OKP-D-1 is a OKP beta-lactamase.
contig_4	card~~~OKP-B-14~~~DQ995288.1:2-827~~~cephalosporin;penicillin_beta-lactam	87.591	822	100	2	121988	122808	5	825	0.0	952	125021	825	card~~~OKP-B-14~~~DQ995288.1:2-827~~~cephalosporin;penicillin_beta-lactam OKP-B-14 is a beta-lactamase found in Klebsiella pneumoniae.
contig_4	card~~~OKP-A-15~~~FJ755841.1:0-846~~~cephalosporin;penicillin_beta-lactam	86.775	862	97	11	121966	122826	1	846	0.0	944	125021	846	card~~~OKP-A-15~~~FJ755841.1:0-846~~~cephalosporin;penicillin_beta-lactam OKP-A-15 is a beta-lactamase found in Klebsiella pneumoniae.
contig_4	card~~~OKP-B-12~~~AJ635420.1:0-789~~~cephalosporin;penicillin_beta-lactam	87.595	790	94	4	122003	122790	2	789	0.0	913	125021	789	card~~~OKP-B-12~~~AJ635420.1:0-789~~~cephalosporin;penicillin_beta-lactam OKP-B-12 is a beta-lactamase found in Klebsiella pneumoniae.
contig_4	card~~~TEM-215~~~KP050492.1:0-861~~~cephalosporin;monobactam;penicillin_beta-lactam	99.780	454	1	0	40504	40957	1	454	0.0	833	125021	861	card~~~TEM-215~~~KP050492.1:0-861~~~cephalosporin;monobactam;penicillin_beta-lactam TEM-215 is a beta-lactamase. Name originally from the historical Lahey list of beta-lactamases, some of which did not include sequence data.
contig_4	card~~~TEM-70~~~AF188199.1:214-1075~~~cephalosporin;monobactam;penicillin_beta-lactam	100.000	450	0	0	40504	40953	1	450	0.0	832	125021	861	card~~~TEM-70~~~AF188199.1:214-1075~~~cephalosporin;monobactam;penicillin_beta-lactam TEM-70 is a beta-lactamase found in E. coli.
contig_4	card~~~TEM-5~~~NG_068215.1:100-961~~~cephalosporin;monobactam;penicillin_beta-lactam	100.000	450	0	0	40504	40953	1	450	0.0	832	125021	861	card~~~TEM-5~~~NG_068215.1:100-961~~~cephalosporin;monobactam;penicillin_beta-lactam TEM-5 is an extended-spectrum beta-lactamase that has been found in clinical isolates.
contig_4	card~~~TEM-31~~~NG_068213.1:100-961~~~cephalosporin;monobactam;penicillin_beta-lactam	100.000	450	0	0	40504	40953	1	450	0.0	832	125021	861	card~~~TEM-31~~~NG_068213.1:100-961~~~cephalosporin;monobactam;penicillin_beta-lactam TEM-31 is an inhibitor-resistant beta-lactamase that has been found in clinical isolates.
contig_4	card~~~TEM-30~~~AJ437107.1:208-1069~~~cephalosporin;monobactam;penicillin_beta-lactam	100.000	450	0	0	40504	40953	1	450	0.0	832	125021	861	card~~~TEM-30~~~AJ437107.1:208-1069~~~cephalosporin;monobactam;penicillin_beta-lactam TEM-30 is an inhibitor-resistant beta-lactamase found in E. coli. Confers resistance to amoxycilllin-clavulanic acid, ticarcillin-clavulanic acid, kanamycin, neomycin, and intermediate resistance to mezlocillin and piperacillin.
contig_4	card~~~TEM-28~~~U37195.1:75-936~~~cephalosporin;monobactam;penicillin_beta-lactam	100.000	450	0	0	40504	40953	1	450	0.0	832	125021	861	card~~~TEM-28~~~U37195.1:75-936~~~cephalosporin;monobactam;penicillin_beta-lactam TEM-28 is an extended-spectrum beta-lactamase found in E. coli.
contig_4	card~~~TEM-257~~~PQ284153.1:0-861~~~cephalosporin;monobactam;penicillin_beta-lactam	100.000	450	0	0	40504	40953	1	450	0.0	832	125021	861	card~~~TEM-257~~~PQ284153.1:0-861~~~cephalosporin;monobactam;penicillin_beta-lactam Class A beta-lactamase TEM-257.
contig_4	card~~~TEM-256~~~PQ284152.1:700-1561~~~cephalosporin;monobactam;penicillin_beta-lactam	100.000	450	0	0	40504	40953	1	450	0.0	832	125021	861	card~~~TEM-256~~~PQ284152.1:700-1561~~~cephalosporin;monobactam;penicillin_beta-lactam Class A beta-lactamase TEM-256.
contig_4	card~~~TEM-255~~~PQ284151.1:1410-549~~~cephalosporin;monobactam;penicillin_beta-lactam	100.000	450	0	0	40504	40953	1	450	0.0	832	125021	861	card~~~TEM-255~~~PQ284151.1:1410-549~~~cephalosporin;monobactam;penicillin_beta-lactam Class A beta-lactamase TEM-255.
contig_4	card~~~TEM-252~~~PP933208.1:0-861~~~cephalosporin;monobactam;penicillin_beta-lactam	100.000	450	0	0	40504	40953	1	450	0.0	832	125021	861	card~~~TEM-252~~~PP933208.1:0-861~~~cephalosporin;monobactam;penicillin_beta-lactam Class A beta-lactamase TEM-252.
contig_4	card~~~TEM-245~~~OM617737.1:0-861~~~cephalosporin;monobactam;penicillin_beta-lactam	100.000	450	0	0	40504	40953	1	450	0.0	832	125021	861	card~~~TEM-245~~~OM617737.1:0-861~~~cephalosporin;monobactam;penicillin_beta-lactam TEM-245 is a TEM class A beta-lactamase.
contig_4	card~~~TEM-234~~~NG_057609.1:0-861~~~cephalosporin;monobactam;penicillin_beta-lactam	100.000	450	0	0	40504	40953	1	450	0.0	832	125021	861	card~~~TEM-234~~~NG_057609.1:0-861~~~cephalosporin;monobactam;penicillin_beta-lactam TEM-234 is a beta-lactamase.
contig_4	card~~~TEM-230~~~NG_056417.1:0-861~~~cephalosporin;monobactam;penicillin_beta-lactam	100.000	450	0	0	40504	40953	1	450	0.0	832	125021	861	card~~~TEM-230~~~NG_056417.1:0-861~~~cephalosporin;monobactam;penicillin_beta-lactam TEM-230 is a beta-lactamase.
contig_4	card~~~TEM-228~~~NG_068038.1:0-861~~~cephalosporin;monobactam;penicillin_beta-lactam	100.000	450	0	0	40504	40953	1	450	0.0	832	125021	861	card~~~TEM-228~~~NG_068038.1:0-861~~~cephalosporin;monobactam;penicillin_beta-lactam TEM-228 is a beta lactamase.
contig_4	card~~~TEM-220~~~KM998962.1:0-861~~~cephalosporin;monobactam;penicillin_beta-lactam	100.000	450	0	0	40504	40953	1	450	0.0	832	125021	861	card~~~TEM-220~~~KM998962.1:0-861~~~cephalosporin;monobactam;penicillin_beta-lactam TEM-220 is a beta-lactamase. Name originally from the historical Lahey list of beta-lactamases, some of which did not include sequence data.
contig_4	card~~~TEM-217~~~HG934763.1:0-861~~~cephalosporin;monobactam;penicillin_beta-lactam	100.000	450	0	0	40504	40953	1	450	0.0	832	125021	861	card~~~TEM-217~~~HG934763.1:0-861~~~cephalosporin;monobactam;penicillin_beta-lactam TEM-217 is a beta-lactamase. Name originally from the historical Lahey list of beta-lactamases, some of which did not include sequence data.
contig_4	card~~~TEM-207~~~KC818234.1:0-861~~~cephalosporin;monobactam;penicillin_beta-lactam	100.000	450	0	0	40504	40953	1	450	0.0	832	125021	861	card~~~TEM-207~~~KC818234.1:0-861~~~cephalosporin;monobactam;penicillin_beta-lactam TEM-207 is a beta-lactamase. Name originally from the historical Lahey list of beta-lactamases, some of which did not include sequence data.
contig_4	card~~~TEM-198~~~AB700703.1:161-1022~~~cephalosporin;monobactam;penicillin_beta-lactam	100.000	450	0	0	40504	40953	1	450	0.0	832	125021	861	card~~~TEM-198~~~AB700703.1:161-1022~~~cephalosporin;monobactam;penicillin_beta-lactam TEM-198 is a beta-lactamase.
contig_4	card~~~TEM-186~~~JN227084.1:308-1169~~~cephalosporin;monobactam;penicillin_beta-lactam	100.000	450	0	0	40504	40953	1	450	0.0	832	125021	861	card~~~TEM-186~~~JN227084.1:308-1169~~~cephalosporin;monobactam;penicillin_beta-lactam TEM-186 is a beta-lactamase.
contig_4	card~~~TEM-176~~~GU550123.1:144-1005~~~cephalosporin;monobactam;penicillin_beta-lactam	100.000	450	0	0	40504	40953	1	450	0.0	832	125021	861	card~~~TEM-176~~~GU550123.1:144-1005~~~cephalosporin;monobactam;penicillin_beta-lactam TEM-176 is a beta-lactamase.
contig_4	card~~~TEM-148~~~AM087454.1:208-1069~~~cephalosporin;monobactam;penicillin_beta-lactam	100.000	450	0	0	40504	40953	1	450	0.0	832	125021	861	card~~~TEM-148~~~AM087454.1:208-1069~~~cephalosporin;monobactam;penicillin_beta-lactam TEM-148 is a TEM beta-lactamase.
contig_4	card~~~TEM-144~~~AM049399.1:0-861~~~cephalosporin;monobactam;penicillin_beta-lactam	100.000	450	0	0	40504	40953	1	450	0.0	832	125021	861	card~~~TEM-144~~~AM049399.1:0-861~~~cephalosporin;monobactam;penicillin_beta-lactam TEM-144 is an extended-spectrum beta-lactamase found in Salmonella enterica.
contig_4	card~~~TEM-143~~~DQ075245.1:217-1078~~~cephalosporin;monobactam;penicillin_beta-lactam	100.000	450	0	0	40504	40953	1	450	0.0	832	125021	861	card~~~TEM-143~~~DQ075245.1:217-1078~~~cephalosporin;monobactam;penicillin_beta-lactam TEM-143 is an extended-spectrum beta-lactamase found in E. coli.
contig_4	card~~~TEM-135~~~AJ634602.1:8700-7839~~~cephalosporin;monobactam;penicillin_beta-lactam	100.000	450	0	0	40504	40953	1	450	0.0	832	125021	861	card~~~TEM-135~~~AJ634602.1:8700-7839~~~cephalosporin;monobactam;penicillin_beta-lactam TEM-135 is a broad-spectrum beta-lactamase found in Salmonella enterica.
contig_4	card~~~TEM-132~~~AY491682.1:0-861~~~cephalosporin;monobactam;penicillin_beta-lactam	100.000	450	0	0	40504	40953	1	450	0.0	832	125021	861	card~~~TEM-132~~~AY491682.1:0-861~~~cephalosporin;monobactam;penicillin_beta-lactam TEM-132 is an extended-spectrum beta-lactamase found in E. coli and Klebsiella pneumoniae.
contig_4	card~~~TEM-128~~~AY368237.1:0-861~~~cephalosporin;monobactam;penicillin_beta-lactam	100.000	450	0	0	40504	40953	1	450	0.0	832	125021	861	card~~~TEM-128~~~AY368237.1:0-861~~~cephalosporin;monobactam;penicillin_beta-lactam TEM-128 is a broad-spectrum beta-lactamase found in E. coli.
contig_4	card~~~TEM-127~~~AY368236.1:0-861~~~cephalosporin;monobactam;penicillin_beta-lactam	100.000	450	0	0	40504	40953	1	450	0.0	832	125021	861	card~~~TEM-127~~~AY368236.1:0-861~~~cephalosporin;monobactam;penicillin_beta-lactam TEM-127 is a broad-spectrum beta-lactamase found in E. coli.
contig_4	card~~~TEM-126~~~AY628199.1:203-1064~~~cephalosporin;monobactam;penicillin_beta-lactam	100.000	450	0	0	40504	40953	1	450	0.0	832	125021	861	card~~~TEM-126~~~AY628199.1:203-1064~~~cephalosporin;monobactam;penicillin_beta-lactam TEM-126 is an extended-spectrum beta-lactamase found in E. coli.
contig_4	card~~~TEM-104~~~AF516719.1:214-1075~~~cephalosporin;monobactam;penicillin_beta-lactam	100.000	450	0	0	40504	40953	1	450	0.0	832	125021	861	card~~~TEM-104~~~AF516719.1:214-1075~~~cephalosporin;monobactam;penicillin_beta-lactam TEM-104 is a beta-lactamase found in Klebsiella pneumoniae.
contig_4	card~~~TEM-103~~~AAAGNS010000063.1:1005-144~~~cephalosporin;monobactam;penicillin_beta-lactam	100.000	450	0	0	40504	40953	1	450	0.0	832	125021	861	card~~~TEM-103~~~AAAGNS010000063.1:1005-144~~~cephalosporin;monobactam;penicillin_beta-lactam TEM-103 is an inhibitor-resistant beta-lactamase that has been found in E. coli.
contig_4	card~~~TEM-10~~~AF093512.1:197-1058~~~cephalosporin;monobactam;penicillin_beta-lactam	100.000	450	0	0	40504	40953	1	450	0.0	832	125021	861	card~~~TEM-10~~~AF093512.1:197-1058~~~cephalosporin;monobactam;penicillin_beta-lactam TEM-10 is an extended-spectrum beta-lactamase round in Morganella morganii.
contig_4	card~~~TEM-249~~~OP142512.1:0-861~~~cephalosporin;monobactam;penicillin_beta-lactam	99.778	450	1	0	40504	40953	1	450	0.0	828	125021	861	card~~~TEM-249~~~OP142512.1:0-861~~~cephalosporin;monobactam;penicillin_beta-lactam Class A beta-lactamase TEM-249.
contig_4	card~~~TEM-95~~~AJ308558.1:181-1042~~~cephalosporin;monobactam;penicillin_beta-lactam	99.778	450	1	0	40504	40953	1	450	0.0	826	125021	861	card~~~TEM-95~~~AJ308558.1:181-1042~~~cephalosporin;monobactam;penicillin_beta-lactam TEM-95 is a broad-spectrum beta-lactamase found in E. coli.
contig_4	card~~~TEM-88~~~AY027590.1:112-973~~~cephalosporin;monobactam;penicillin_beta-lactam	99.778	450	1	0	40504	40953	1	450	0.0	826	125021	861	card~~~TEM-88~~~AY027590.1:112-973~~~cephalosporin;monobactam;penicillin_beta-lactam TEM-88 is an extended-spectrum beta-lactamase found in Klebsiella pneumoniae.
contig_4	card~~~TEM-79~~~AF190692.1:208-1069~~~cephalosporin;monobactam;penicillin_beta-lactam	99.778	450	1	0	40504	40953	1	450	0.0	826	125021	861	card~~~TEM-79~~~AF190692.1:208-1069~~~cephalosporin;monobactam;penicillin_beta-lactam TEM-79 is an inhibitor-resistant beta-lactamase found in E. coli.
contig_4	card~~~TEM-76~~~AF190694.1:208-1069~~~cephalosporin;monobactam;penicillin_beta-lactam	99.778	450	1	0	40504	40953	1	450	0.0	826	125021	861	card~~~TEM-76~~~AF190694.1:208-1069~~~cephalosporin;monobactam;penicillin_beta-lactam TEM-76 is an inhibitor-resistant beta-lactamase found in E. coli.
contig_4	card~~~TEM-68~~~AJ239002.1:0-861~~~cephalosporin;monobactam;penicillin_beta-lactam	99.778	450	1	0	40504	40953	1	450	0.0	826	125021	861	card~~~TEM-68~~~AJ239002.1:0-861~~~cephalosporin;monobactam;penicillin_beta-lactam TEM-68 is an inhibitor resistant, extended-spectrum beta-lactamase found in Klebsiella pneumoniae.
contig_4	card~~~TEM-55~~~DQ286729.1:0-861~~~cephalosporin;monobactam;penicillin_beta-lactam	99.778	450	1	0	40504	40953	1	450	0.0	826	125021	861	card~~~TEM-55~~~DQ286729.1:0-861~~~cephalosporin;monobactam;penicillin_beta-lactam TEM-55 is a broad-spectrum beta-lactamase found in E. coli.
contig_4	card~~~TEM-47~~~Y10279.1:0-861~~~cephalosporin;monobactam;penicillin_beta-lactam	99.778	450	1	0	40504	40953	1	450	0.0	826	125021	861	card~~~TEM-47~~~Y10279.1:0-861~~~cephalosporin;monobactam;penicillin_beta-lactam TEM-47 is an extended-spectrum beta-lactamase found in Klebsiella pneumoniae.
contig_4	card~~~TEM-37~~~NG_068214.1:100-961~~~cephalosporin;monobactam;penicillin_beta-lactam	99.778	450	1	0	40504	40953	1	450	0.0	826	125021	861	card~~~TEM-37~~~NG_068214.1:100-961~~~cephalosporin;monobactam;penicillin_beta-lactam TEM-37 is an inhibitor-resistant beta-lactamase that has been found in clinical isolates.
contig_4	card~~~TEM-36~~~NG_052650.1:0-861~~~cephalosporin;monobactam;penicillin_beta-lactam	99.778	450	1	0	40504	40953	1	450	0.0	826	125021	861	card~~~TEM-36~~~NG_052650.1:0-861~~~cephalosporin;monobactam;penicillin_beta-lactam TEM-36 is an inhibitor-resistant beta-lactamase that has been found in clinical isolates.
contig_4	card~~~TEM-35~~~NG_050264.1:13-874~~~cephalosporin;monobactam;penicillin_beta-lactam	99.778	450	1	0	40504	40953	1	450	0.0	826	125021	861	card~~~TEM-35~~~NG_050264.1:13-874~~~cephalosporin;monobactam;penicillin_beta-lactam TEM-35 is an inhibitor-resistant beta-lactamase that has been found in clinical isolates.
contig_4	card~~~TEM-34~~~KC292503.1:4334-5195~~~cephalosporin;monobactam;penicillin_beta-lactam	99.778	450	1	0	40504	40953	1	450	0.0	826	125021	861	card~~~TEM-34~~~KC292503.1:4334-5195~~~cephalosporin;monobactam;penicillin_beta-lactam TEM-34 is an inhibitor-resistant beta-lactamase that has been found in clinical isolates.
contig_4	card~~~TEM-33~~~GU371926.1:51165-50304~~~cephalosporin;monobactam;penicillin_beta-lactam	99.778	450	1	0	40504	40953	1	450	0.0	826	125021	861	card~~~TEM-33~~~GU371926.1:51165-50304~~~cephalosporin;monobactam;penicillin_beta-lactam TEM-33 is an inhibitor-resistant beta-lactamase that has been found in clinical isolates.
contig_4	card~~~TEM-29~~~Y17584.1:0-858~~~cephalosporin;monobactam;penicillin_beta-lactam	99.778	450	1	0	40504	40953	1	450	0.0	826	125021	858	card~~~TEM-29~~~Y17584.1:0-858~~~cephalosporin;monobactam;penicillin_beta-lactam TEM-29 is an extended-spectrum beta-lactamase that has been found in clinical isolates.
contig_4	card~~~TEM-253~~~PQ037599.1:0-861~~~cephalosporin;monobactam;penicillin_beta-lactam	99.778	450	1	0	40504	40953	1	450	0.0	826	125021	861	card~~~TEM-253~~~PQ037599.1:0-861~~~cephalosporin;monobactam;penicillin_beta-lactam Class A beta-lactamase TEM-253.
contig_4	card~~~TEM-242~~~NG_065939.1:0-861~~~cephalosporin;monobactam;penicillin_beta-lactam	99.778	450	1	0	40504	40953	1	450	0.0	826	125021	861	card~~~TEM-242~~~NG_065939.1:0-861~~~cephalosporin;monobactam;penicillin_beta-lactam TEM-242 is a beta-lactamase.
contig_4	card~~~TEM-232~~~NG_057472.1:0-861~~~cephalosporin;monobactam;penicillin_beta-lactam	99.778	450	1	0	40504	40953	1	450	0.0	826	125021	861	card~~~TEM-232~~~NG_057472.1:0-861~~~cephalosporin;monobactam;penicillin_beta-lactam TEM-232 is a beta-lactamase.
contig_4	card~~~TEM-226~~~NG_054684.1:0-861~~~cephalosporin;monobactam;penicillin_beta-lactam	99.778	450	1	0	40504	40953	1	450	0.0	826	125021	861	card~~~TEM-226~~~NG_054684.1:0-861~~~cephalosporin;monobactam;penicillin_beta-lactam TEM-226 is a beta lactamase.
contig_4	card~~~TEM-214~~~KP050491.1:0-861~~~cephalosporin;monobactam;penicillin_beta-lactam	99.778	450	1	0	40504	40953	1	450	0.0	826	125021	861	card~~~TEM-214~~~KP050491.1:0-861~~~cephalosporin;monobactam;penicillin_beta-lactam TEM-214 is a beta-lactamase. Name originally from the historical Lahey list of beta-lactamases, some of which did not include sequence data.
contig_4	card~~~TEM-208~~~KC865667.1:183-1044~~~cephalosporin;monobactam;penicillin_beta-lactam	99.778	450	1	0	40504	40953	1	450	0.0	826	125021	861	card~~~TEM-208~~~KC865667.1:183-1044~~~cephalosporin;monobactam;penicillin_beta-lactam TEM-208 is a beta-lactamase. Name originally from the historical Lahey list of beta-lactamases, some of which did not include sequence data.
contig_4	card~~~TEM-206~~~KC783461.1:0-861~~~cephalosporin;monobactam;penicillin_beta-lactam	99.778	450	1	0	40504	40953	1	450	0.0	826	125021	861	card~~~TEM-206~~~KC783461.1:0-861~~~cephalosporin;monobactam;penicillin_beta-lactam TEM-206 is a beta-lactamase. Name originally from the historical Lahey list of beta-lactamases, some of which did not include sequence data.
contig_4	card~~~TEM-201~~~JX310327.1:0-861~~~cephalosporin;monobactam;penicillin_beta-lactam	99.778	450	1	0	40504	40953	1	450	0.0	826	125021	861	card~~~TEM-201~~~JX310327.1:0-861~~~cephalosporin;monobactam;penicillin_beta-lactam TEM-201 is a beta-lactamase found in Enterobacteriaceae.
contig_4	card~~~TEM-196~~~JQ034306.1:0-861~~~cephalosporin;monobactam;penicillin_beta-lactam	99.778	450	1	0	40504	40953	1	450	0.0	826	125021	861	card~~~TEM-196~~~JQ034306.1:0-861~~~cephalosporin;monobactam;penicillin_beta-lactam TEM-196 is a beta-lactamase. Name originally from the historical Lahey list of beta-lactamases, some of which did not include sequence data.
contig_4	card~~~TEM-182~~~HQ317449.1:0-861~~~cephalosporin;monobactam;penicillin_beta-lactam	99.778	450	1	0	40504	40953	1	450	0.0	826	125021	861	card~~~TEM-182~~~HQ317449.1:0-861~~~cephalosporin;monobactam;penicillin_beta-lactam TEM-182 is a beta-lactamase found in clinical isolates of H. parainfluenzae.
contig_4	card~~~TEM-166~~~FJ197316.1:0-861~~~cephalosporin;monobactam;penicillin_beta-lactam	99.778	450	1	0	40504	40953	1	450	0.0	826	125021	861	card~~~TEM-166~~~FJ197316.1:0-861~~~cephalosporin;monobactam;penicillin_beta-lactam TEM-166 is a beta-lactamase found in E. coli.
contig_4	card~~~TEM-164~~~EU274580.1:214-1075~~~cephalosporin;monobactam;penicillin_beta-lactam	99.778	450	1	0	40504	40953	1	450	0.0	826	125021	861	card~~~TEM-164~~~EU274580.1:214-1075~~~cephalosporin;monobactam;penicillin_beta-lactam TEM-164 is an extended-spectrum beta-lactamase found in Klebsiella pneumoniae.
contig_4	card~~~TEM-163~~~EU815939.1:0-861~~~cephalosporin;monobactam;penicillin_beta-lactam	99.778	450	1	0	40504	40953	1	450	0.0	826	125021	861	card~~~TEM-163~~~EU815939.1:0-861~~~cephalosporin;monobactam;penicillin_beta-lactam TEM-163 is an inhibitor resistant beta-lactamase found in E. coli.
contig_4	card~~~TEM-158~~~EF534736.1:213-1074~~~cephalosporin;monobactam;penicillin_beta-lactam	99.778	450	1	0	40504	40953	1	450	0.0	826	125021	861	card~~~TEM-158~~~EF534736.1:213-1074~~~cephalosporin;monobactam;penicillin_beta-lactam TEM-158 is an inhibitor-resistant, extended-spectrum beta-lactamase found in E. coli.
contig_4	card~~~TEM-15~~~AM849805.1:262-1123~~~cephalosporin;monobactam;penicillin_beta-lactam	99.778	450	1	0	40504	40953	1	450	0.0	826	125021	861	card~~~TEM-15~~~AM849805.1:262-1123~~~cephalosporin;monobactam;penicillin_beta-lactam TEM-15 is an extended-spectrum beta-lactamase that has been found in Haemophilus parainfluenzae.
contig_4	card~~~TEM-147~~~DQ279850.1:0-861~~~cephalosporin;monobactam;penicillin_beta-lactam	99.778	450	1	0	40504	40953	1	450	0.0	826	125021	861	card~~~TEM-147~~~DQ279850.1:0-861~~~cephalosporin;monobactam;penicillin_beta-lactam TEM-147 is an extended-spectrum beta-lactamase found in Pseudomonas aeruginosa.
contig_4	card~~~TEM-136~~~AY826417.1:0-861~~~cephalosporin;monobactam;penicillin_beta-lactam	99.778	450	1	0	40504	40953	1	450	0.0	826	125021	861	card~~~TEM-136~~~AY826417.1:0-861~~~cephalosporin;monobactam;penicillin_beta-lactam TEM-136 is an extended-spectrum beta-lactamase found in Klebsiella pneumoniae.
contig_4	card~~~TEM-122~~~AY307100.1:0-861~~~cephalosporin;monobactam;penicillin_beta-lactam	99.778	450	1	0	40504	40953	1	450	0.0	826	125021	861	card~~~TEM-122~~~AY307100.1:0-861~~~cephalosporin;monobactam;penicillin_beta-lactam TEM-122 is an inhibitor-resistant beta-lactamase found in E. coli.
contig_4	card~~~TEM-107~~~AY101764.1:206-1067~~~cephalosporin;monobactam;penicillin_beta-lactam	99.778	450	1	0	40504	40953	1	450	0.0	826	125021	861	card~~~TEM-107~~~AY101764.1:206-1067~~~cephalosporin;monobactam;penicillin_beta-lactam TEM-107 is an extended-spectrum beta-lactamase found in Klebsiella pneumoniae.
contig_4	card~~~TEM-106~~~AY101578.1:214-1075~~~cephalosporin;monobactam;penicillin_beta-lactam	99.778	450	1	0	40504	40953	1	450	0.0	826	125021	861	card~~~TEM-106~~~AY101578.1:214-1075~~~cephalosporin;monobactam;penicillin_beta-lactam TEM-106 is an extended-spectrum beta-lactamase found in E. coli.
contig_4	card~~~TEM-105~~~AF516720.1:214-1075~~~cephalosporin;monobactam;penicillin_beta-lactam	99.778	450	1	0	40504	40953	1	450	0.0	826	125021	861	card~~~TEM-105~~~AF516720.1:214-1075~~~cephalosporin;monobactam;penicillin_beta-lactam TEM-105 is a beta-lactamase found in E. coli.
contig_4	card~~~TEM-1~~~AL513383.1:161910-162771~~~cephalosporin;monobactam;penicillin_beta-lactam	99.778	450	1	0	40504	40953	1	450	0.0	826	125021	861	card~~~TEM-1~~~AL513383.1:161910-162771~~~cephalosporin;monobactam;penicillin_beta-lactam TEM-1 is a broad-spectrum beta-lactamase found in many Gram-negative bacteria. Confers resistance to penicillins and first generation cephalosphorins.
contig_4	card~~~TEM-96~~~AY092401.1:0-861~~~cephalosporin;monobactam;penicillin_beta-lactam	99.556	450	2	0	40504	40953	1	450	0.0	821	125021	861	card~~~TEM-96~~~AY092401.1:0-861~~~cephalosporin;monobactam;penicillin_beta-lactam TEM-96 is a beta-lactamase found in E. coli.
contig_4	card~~~TEM-91~~~AB049569.1:0-861~~~cephalosporin;monobactam;penicillin_beta-lactam	99.556	450	2	0	40504	40953	1	450	0.0	821	125021	861	card~~~TEM-91~~~AB049569.1:0-861~~~cephalosporin;monobactam;penicillin_beta-lactam TEM-91 is an extended-spectrum beta-lactamase found in E. coli.
contig_4	card~~~TEM-57~~~FJ405211.1:0-861~~~cephalosporin;monobactam;penicillin_beta-lactam	99.556	450	2	0	40504	40953	1	450	0.0	821	125021	861	card~~~TEM-57~~~FJ405211.1:0-861~~~cephalosporin;monobactam;penicillin_beta-lactam TEM-57 is a broad-spectrum beta-lactamase found in E. coli.
contig_4	card~~~TEM-43~~~U95363.2:0-861~~~cephalosporin;monobactam;penicillin_beta-lactam	99.556	450	2	0	40504	40953	1	450	0.0	821	125021	861	card~~~TEM-43~~~U95363.2:0-861~~~cephalosporin;monobactam;penicillin_beta-lactam TEM-43 is an extended-spectrum beta-lactamase found in Klebsiella pneumoniae.
contig_4	card~~~TEM-32~~~NG_050261.1:100-961~~~cephalosporin;monobactam;penicillin_beta-lactam	99.556	450	2	0	40504	40953	1	450	0.0	821	125021	861	card~~~TEM-32~~~NG_050261.1:100-961~~~cephalosporin;monobactam;penicillin_beta-lactam TEM-32 is an inhibitor-resistant beta-lactamase that has been found in clinical isolates.
contig_4	card~~~TEM-254~~~PQ037600.1:0-861~~~cephalosporin;monobactam;penicillin_beta-lactam	99.556	450	2	0	40504	40953	1	450	0.0	821	125021	861	card~~~TEM-254~~~PQ037600.1:0-861~~~cephalosporin;monobactam;penicillin_beta-lactam Class A beta-lactamase TEM-254.
contig_4	card~~~TEM-251~~~OQ870701.1:861-0~~~cephalosporin;monobactam;penicillin_beta-lactam	99.556	450	2	0	40504	40953	1	450	0.0	821	125021	861	card~~~TEM-251~~~OQ870701.1:861-0~~~cephalosporin;monobactam;penicillin_beta-lactam Class A beta-lactamase TEM-251.
contig_4	card~~~TEM-246~~~OM617738.1:0-861~~~cephalosporin;monobactam;penicillin_beta-lactam	99.556	450	2	0	40504	40953	1	450	0.0	821	125021	861	card~~~TEM-246~~~OM617738.1:0-861~~~cephalosporin;monobactam;penicillin_beta-lactam TEM-246 is a class A TEM beta-lactamase found in Neisseria gonorrhoeae.
contig_4	card~~~TEM-240~~~NG_066544.1:0-861~~~cephalosporin;monobactam;penicillin_beta-lactam	99.556	450	2	0	40504	40953	1	450	0.0	821	125021	861	card~~~TEM-240~~~NG_066544.1:0-861~~~cephalosporin;monobactam;penicillin_beta-lactam TEM-240 is a beta-lactamase.
contig_4	card~~~TEM-238~~~NG_067163.1:0-861~~~cephalosporin;monobactam;penicillin_beta-lactam	99.556	450	2	0	40504	40953	1	450	0.0	821	125021	861	card~~~TEM-238~~~NG_067163.1:0-861~~~cephalosporin;monobactam;penicillin_beta-lactam TEM-238 is a beta-lactamase.
contig_4	card~~~TEM-236~~~NG_061611.1:0-861~~~cephalosporin;monobactam;penicillin_beta-lactam	99.556	450	2	0	40504	40953	1	450	0.0	821	125021	861	card~~~TEM-236~~~NG_061611.1:0-861~~~cephalosporin;monobactam;penicillin_beta-lactam TEM-236 is a beta-lactamase.
contig_4	card~~~TEM-235~~~NG_059898.1:100-961~~~cephalosporin;monobactam;penicillin_beta-lactam	99.556	450	2	0	40504	40953	1	450	0.0	821	125021	861	card~~~TEM-235~~~NG_059898.1:100-961~~~cephalosporin;monobactam;penicillin_beta-lactam TEM-235 is a beta-lactamase.
contig_4	card~~~TEM-219~~~KM114268.1:0-861~~~cephalosporin;monobactam;penicillin_beta-lactam	99.556	450	2	0	40504	40953	1	450	0.0	821	125021	861	card~~~TEM-219~~~KM114268.1:0-861~~~cephalosporin;monobactam;penicillin_beta-lactam TEM-219 is a beta-lactamase. Name originally from the historical Lahey list of beta-lactamases, some of which did not include sequence data.
contig_4	card~~~TEM-216~~~KF944358.1:0-861~~~cephalosporin;monobactam;penicillin_beta-lactam	99.556	450	2	0	40504	40953	1	450	0.0	821	125021	861	card~~~TEM-216~~~KF944358.1:0-861~~~cephalosporin;monobactam;penicillin_beta-lactam TEM-216 is a beta-lactamase. Name originally from the historical Lahey list of beta-lactamases, some of which did not include sequence data.
contig_4	card~~~TEM-210~~~NG_050243.1:100-961~~~cephalosporin;monobactam;penicillin_beta-lactam	99.556	450	2	0	40504	40953	1	450	0.0	821	125021	861	card~~~TEM-210~~~NG_050243.1:100-961~~~cephalosporin;monobactam;penicillin_beta-lactam TEM-210.
contig_4	card~~~TEM-209~~~KF240808.1:0-861~~~cephalosporin;monobactam;penicillin_beta-lactam	99.556	450	2	0	40504	40953	1	450	0.0	821	125021	861	card~~~TEM-209~~~KF240808.1:0-861~~~cephalosporin;monobactam;penicillin_beta-lactam TEM-209 is a beta-lactamase. Name originally from the historical Lahey list of beta-lactamases, some of which did not include sequence data.
contig_4	card~~~TEM-169~~~FJ873740.1:0-858~~~cephalosporin;monobactam;penicillin_beta-lactam	99.556	450	2	0	40504	40953	1	450	0.0	821	125021	858	card~~~TEM-169~~~FJ873740.1:0-858~~~cephalosporin;monobactam;penicillin_beta-lactam TEM-169 is an extended spectrum beta-lactamase.
contig_4	card~~~TEM-145~~~DQ105528.2:0-861~~~cephalosporin;monobactam;penicillin_beta-lactam	99.556	450	2	0	40504	40953	1	450	0.0	821	125021	861	card~~~TEM-145~~~DQ105528.2:0-861~~~cephalosporin;monobactam;penicillin_beta-lactam TEM-145 is an inhibitor-resistant beta-lactamase found in E. coli.
contig_4	card~~~TEM-141~~~AY956335.1:38-899~~~cephalosporin;monobactam;penicillin_beta-lactam	99.556	450	2	0	40504	40953	1	450	0.0	821	125021	861	card~~~TEM-141~~~AY956335.1:38-899~~~cephalosporin;monobactam;penicillin_beta-lactam TEM-141 is a broad-spectrum beta-lactamase found in Enterobacter cloacae.
contig_4	card~~~TEM-124~~~AY327540.1:0-858~~~cephalosporin;monobactam;penicillin_beta-lactam	99.556	450	2	0	40504	40953	1	450	0.0	821	125021	858	card~~~TEM-124~~~AY327540.1:0-858~~~cephalosporin;monobactam;penicillin_beta-lactam TEM-124 is an extended-spectrum beta-lactamase found in Morganella morganii.
contig_4	card~~~TEM-239~~~MK497256.1:0-864~~~cephalosporin;monobactam;penicillin_beta-lactam	99.338	453	0	1	40504	40953	1	453	0.0	817	125021	864	card~~~TEM-239~~~MK497256.1:0-864~~~cephalosporin;monobactam;penicillin_beta-lactam Class A beta-lactamase TEM-239.
contig_4	card~~~TEM-112~~~AY589493.1:166-1027~~~cephalosporin;monobactam;penicillin_beta-lactam	99.119	454	4	0	40504	40957	1	454	0.0	817	125021	861	card~~~TEM-112~~~AY589493.1:166-1027~~~cephalosporin;monobactam;penicillin_beta-lactam TEM-112 is an extended-spectrum beta-lactamase found in E. coli.
contig_4	card~~~TEM-93~~~AJ318093.1:0-861~~~cephalosporin;monobactam;penicillin_beta-lactam	99.333	450	3	0	40504	40953	1	450	0.0	815	125021	861	card~~~TEM-93~~~AJ318093.1:0-861~~~cephalosporin;monobactam;penicillin_beta-lactam TEM-93 is an extended-spectrum beta-lactamase found in E. coli.
contig_4	card~~~TEM-84~~~AF427130.1:208-1069~~~cephalosporin;monobactam;penicillin_beta-lactam	99.333	450	3	0	40504	40953	1	450	0.0	815	125021	861	card~~~TEM-84~~~AF427130.1:208-1069~~~cephalosporin;monobactam;penicillin_beta-lactam TEM-84 is an inhibitor-resistant beta-lactamase found in E. coli.
contig_4	card~~~TEM-73~~~AJ012256.1:208-1069~~~cephalosporin;monobactam;penicillin_beta-lactam	99.333	450	3	0	40504	40953	1	450	0.0	815	125021	861	card~~~TEM-73~~~AJ012256.1:208-1069~~~cephalosporin;monobactam;penicillin_beta-lactam TEM-73 is an inhibitor-resistant beta-lactamase that has been found in clinical isolates.
contig_4	card~~~TEM-71~~~AF203816.1:210-1071~~~cephalosporin;monobactam;penicillin_beta-lactam	99.333	450	3	0	40504	40953	1	450	0.0	815	125021	861	card~~~TEM-71~~~AF203816.1:210-1071~~~cephalosporin;monobactam;penicillin_beta-lactam TEM-71 is an extended-spectrum beta-lactamase found in Klebsiella pneumoniae.
contig_4	card~~~TEM-54~~~AF104442.1:193-1054~~~cephalosporin;monobactam;penicillin_beta-lactam	99.333	450	3	0	40504	40953	1	450	0.0	815	125021	861	card~~~TEM-54~~~AF104442.1:193-1054~~~cephalosporin;monobactam;penicillin_beta-lactam TEM-54 is an inhibitor-resistant beta-lactamase found in E. coli.
contig_4	card~~~TEM-40~~~FR717535.1:0-861~~~cephalosporin;monobactam;penicillin_beta-lactam	99.333	450	3	0	40504	40953	1	450	0.0	815	125021	861	card~~~TEM-40~~~FR717535.1:0-861~~~cephalosporin;monobactam;penicillin_beta-lactam TEM-40 is an inhibitor-resistant beta-lactamase that has been found in clinical isolates.
contig_4	card~~~TEM-237~~~NG_062250.1:100-961~~~cephalosporin;monobactam;penicillin_beta-lactam	99.333	450	3	0	40504	40953	1	450	0.0	815	125021	861	card~~~TEM-237~~~NG_062250.1:100-961~~~cephalosporin;monobactam;penicillin_beta-lactam TEM-237 is a beta-lactamase.
contig_4	card~~~TEM-231~~~NG_056418.1:0-861~~~cephalosporin;monobactam;penicillin_beta-lactam	99.333	450	3	0	40504	40953	1	450	0.0	815	125021	861	card~~~TEM-231~~~NG_056418.1:0-861~~~cephalosporin;monobactam;penicillin_beta-lactam TEM-231 is a beta-lactamase.
contig_4	card~~~TEM-225~~~NG_052651.1:0-861~~~cephalosporin;monobactam;penicillin_beta-lactam	99.333	450	3	0	40504	40953	1	450	0.0	815	125021	861	card~~~TEM-225~~~NG_052651.1:0-861~~~cephalosporin;monobactam;penicillin_beta-lactam TEM-225 is a beta-lactamase.
contig_4	card~~~TEM-20~~~Y17581.1:78-936~~~cephalosporin;monobactam;penicillin_beta-lactam	99.333	450	3	0	40504	40953	1	450	0.0	815	125021	858	card~~~TEM-20~~~Y17581.1:78-936~~~cephalosporin;monobactam;penicillin_beta-lactam TEM-20 is an extended-spectrum beta-lactamase found in several species of Gram-negative bacteria.
contig_4	card~~~TEM-191~~~KY432484.1:0-861~~~cephalosporin;monobactam;penicillin_beta-lactam	99.333	450	3	0	40504	40953	1	450	0.0	815	125021	861	card~~~TEM-191~~~KY432484.1:0-861~~~cephalosporin;monobactam;penicillin_beta-lactam TEM-191 is a beta-lactamase.
contig_4	card~~~TEM-19~~~JX042489.1:141-1002~~~cephalosporin;monobactam;penicillin_beta-lactam	99.333	450	3	0	40504	40953	1	450	0.0	815	125021	861	card~~~TEM-19~~~JX042489.1:141-1002~~~cephalosporin;monobactam;penicillin_beta-lactam TEM-19 is an extended-spectrum beta-lactamase that has been found in clinical isolates.
contig_4	card~~~TEM-183~~~HQ529916.1:110-971~~~cephalosporin;monobactam;penicillin_beta-lactam	99.333	450	3	0	40504	40953	1	450	0.0	815	125021	861	card~~~TEM-183~~~HQ529916.1:110-971~~~cephalosporin;monobactam;penicillin_beta-lactam TEM-183 is a broad-spectrum beta-lactamase.
contig_4	card~~~TEM-181~~~AM743197.2:2937-2076~~~cephalosporin;monobactam;penicillin_beta-lactam	99.333	450	3	0	40504	40953	1	450	0.0	815	125021	861	card~~~TEM-181~~~AM743197.2:2937-2076~~~cephalosporin;monobactam;penicillin_beta-lactam TEM-181 is a beta-lactamase.
contig_4	card~~~TEM-168~~~FJ919776.1:208-1069~~~cephalosporin;monobactam;penicillin_beta-lactam	99.333	450	3	0	40504	40953	1	450	0.0	815	125021	861	card~~~TEM-168~~~FJ919776.1:208-1069~~~cephalosporin;monobactam;penicillin_beta-lactam TEM-168 is an extended-spectrum beta-lactamase.
contig_4	card~~~TEM-156~~~AM941159.1:208-1069~~~cephalosporin;monobactam;penicillin_beta-lactam	99.333	450	3	0	40504	40953	1	450	0.0	815	125021	861	card~~~TEM-156~~~AM941159.1:208-1069~~~cephalosporin;monobactam;penicillin_beta-lactam TEM-156 is a TEM beta-lactamase.
contig_4	card~~~TEM-153~~~KC149518.1:0-861~~~cephalosporin;monobactam;penicillin_beta-lactam	99.333	450	3	0	40504	40953	1	450	0.0	815	125021	861	card~~~TEM-153~~~KC149518.1:0-861~~~cephalosporin;monobactam;penicillin_beta-lactam TEM-153 is a beta-lactamase found in Enterobacteriaceae.
contig_4	card~~~TEM-137~~~AM286274.1:0-861~~~cephalosporin;monobactam;penicillin_beta-lactam	99.333	450	3	0	40504	40953	1	450	0.0	815	125021	861	card~~~TEM-137~~~AM286274.1:0-861~~~cephalosporin;monobactam;penicillin_beta-lactam TEM-137 is an extended-spectrum beta-lactamase found in Shigella sonnei.
contig_4	card~~~TEM-12~~~M88143.1:367-1228~~~cephalosporin;monobactam;penicillin_beta-lactam	99.333	450	3	0	40504	40953	1	450	0.0	815	125021	861	card~~~TEM-12~~~M88143.1:367-1228~~~cephalosporin;monobactam;penicillin_beta-lactam TEM-12 is an extended-spectrum beta-lactamase found in Klebsiella oxytoca.
contig_4	card~~~TEM-109~~~AY628175.1:210-1071~~~cephalosporin;monobactam;penicillin_beta-lactam	99.333	450	3	0	40504	40953	1	450	0.0	815	125021	861	card~~~TEM-109~~~AY628175.1:210-1071~~~cephalosporin;monobactam;penicillin_beta-lactam TEM-109 is an inhibitor-resistant, extended-spectrum beta-lactamase found in E. coli.
contig_4	card~~~TEM-99~~~NG_050308.1:0-861~~~cephalosporin;monobactam;penicillin_beta-lactam	99.774	442	1	0	40512	40953	9	450	0.0	811	125021	861	card~~~TEM-99~~~NG_050308.1:0-861~~~cephalosporin;monobactam;penicillin_beta-lactam TEM-99 is a TEM beta-lactamase.
contig_4	card~~~TEM-241~~~NG_065938.1:0-861~~~cephalosporin;monobactam;penicillin_beta-lactam	98.899	454	5	0	40504	40957	1	454	0.0	811	125021	861	card~~~TEM-241~~~NG_065938.1:0-861~~~cephalosporin;monobactam;penicillin_beta-lactam TEM-241 is a beta-lactamase.
contig_4	card~~~TEM-90~~~AF351241.1:89-950~~~cephalosporin;monobactam;penicillin_beta-lactam	99.111	450	4	0	40504	40953	1	450	0.0	809	125021	861	card~~~TEM-90~~~AF351241.1:89-950~~~cephalosporin;monobactam;penicillin_beta-lactam TEM-90 is a broad-spectrum beta-lactamase found in E. coli.
contig_4	card~~~TEM-86~~~AJ277415.1:0-861~~~cephalosporin;monobactam;penicillin_beta-lactam	99.111	450	4	0	40504	40953	1	450	0.0	809	125021	861	card~~~TEM-86~~~AJ277415.1:0-861~~~cephalosporin;monobactam;penicillin_beta-lactam TEM-86 is an extended-spectrum beta-lactamase found in Klebsiella pneumoniae.
contig_4	card~~~TEM-85~~~AJ277414.1:0-861~~~cephalosporin;monobactam;penicillin_beta-lactam	99.111	450	4	0	40504	40953	1	450	0.0	809	125021	861	card~~~TEM-85~~~AJ277414.1:0-861~~~cephalosporin;monobactam;penicillin_beta-lactam TEM-85 is an extended-spectrum beta-lactamase found in Klebsiella pneumoniae.
contig_4	card~~~TEM-83~~~AF427129.1:208-1069~~~cephalosporin;monobactam;penicillin_beta-lactam	99.111	450	4	0	40504	40953	1	450	0.0	809	125021	861	card~~~TEM-83~~~AF427129.1:208-1069~~~cephalosporin;monobactam;penicillin_beta-lactam TEM-83 is an inhibitor-resistant beta-lactamase found in E. coli.
contig_4	card~~~TEM-82~~~AF427128.1:208-1069~~~cephalosporin;monobactam;penicillin_beta-lactam	99.111	450	4	0	40504	40953	1	450	0.0	809	125021	861	card~~~TEM-82~~~AF427128.1:208-1069~~~cephalosporin;monobactam;penicillin_beta-lactam TEM-82 is an inhibitor-resistant beta-lactamase found in E. coli.
contig_4	card~~~TEM-78~~~AF190693.1:208-1069~~~cephalosporin;monobactam;penicillin_beta-lactam	99.111	450	4	0	40504	40953	1	450	0.0	809	125021	861	card~~~TEM-78~~~AF190693.1:208-1069~~~cephalosporin;monobactam;penicillin_beta-lactam TEM-78 is an inhibitor-resistant beta-lactamase found in E. coli.
contig_4	card~~~TEM-72~~~AF157553.1:147-1008~~~cephalosporin;monobactam;penicillin_beta-lactam	99.111	450	4	0	40504	40953	1	450	0.0	809	125021	861	card~~~TEM-72~~~AF157553.1:147-1008~~~cephalosporin;monobactam;penicillin_beta-lactam TEM-72 is an extended-spectrum beta-lactamase found in Proteus mirabilis and Morganella morganii.
contig_4	card~~~TEM-61~~~LC542923.1:3340-2479~~~cephalosporin;monobactam;penicillin_beta-lactam	99.111	450	4	0	40504	40953	1	450	0.0	809	125021	861	card~~~TEM-61~~~LC542923.1:3340-2479~~~cephalosporin;monobactam;penicillin_beta-lactam TEM-61 is an extended-spectrum beta-lactamase that has been found in clinical isolates.
contig_4	card~~~TEM-6~~~X57972.1:339-1200~~~cephalosporin;monobactam;penicillin_beta-lactam	99.111	450	4	0	40504	40953	1	450	0.0	809	125021	861	card~~~TEM-6~~~X57972.1:339-1200~~~cephalosporin;monobactam;penicillin_beta-lactam TEM-6 is an extended-spectrum beta-lactamase found in E. coli.
contig_4	card~~~TEM-53~~~AF104441.1:193-1054~~~cephalosporin;monobactam;penicillin_beta-lactam	99.111	450	4	0	40504	40953	1	450	0.0	809	125021	861	card~~~TEM-53~~~AF104441.1:193-1054~~~cephalosporin;monobactam;penicillin_beta-lactam TEM-53 is an extended-spectrum beta-lactamase found in Klebsiella pneumoniae.
contig_4	card~~~TEM-52~~~Y13612.1:0-861~~~cephalosporin;monobactam;penicillin_beta-lactam	99.111	450	4	0	40504	40953	1	450	0.0	809	125021	861	card~~~TEM-52~~~Y13612.1:0-861~~~cephalosporin;monobactam;penicillin_beta-lactam TEM-52 is an extended-spectrum beta-lactamase found in Klebsiella pneumoniae and Salmonella enterica.
contig_4	card~~~TEM-49~~~Y10281.1:0-861~~~cephalosporin;monobactam;penicillin_beta-lactam	99.111	450	4	0	40504	40953	1	450	0.0	809	125021	861	card~~~TEM-49~~~Y10281.1:0-861~~~cephalosporin;monobactam;penicillin_beta-lactam TEM-49 extended-spectrum beta-lactamase found in E. coli.
contig_4	card~~~TEM-48~~~Y10280.1:0-861~~~cephalosporin;monobactam;penicillin_beta-lactam	99.111	450	4	0	40504	40953	1	450	0.0	809	125021	861	card~~~TEM-48~~~Y10280.1:0-861~~~cephalosporin;monobactam;penicillin_beta-lactam TEM-48 is an extended-spectrum beta-lactamase found Klebsiella pneumoniae.
contig_4	card~~~TEM-45~~~X95401.1:208-1069~~~cephalosporin;monobactam;penicillin_beta-lactam	99.111	450	4	0	40504	40953	1	450	0.0	809	125021	861	card~~~TEM-45~~~X95401.1:208-1069~~~cephalosporin;monobactam;penicillin_beta-lactam TEM-45 is an inhibitor-resistant beta-lactamase found in E. coli.
contig_4	card~~~TEM-39~~~NG_065940.1:0-861~~~cephalosporin;monobactam;penicillin_beta-lactam	99.111	450	4	0	40504	40953	1	450	0.0	809	125021	861	card~~~TEM-39~~~NG_065940.1:0-861~~~cephalosporin;monobactam;penicillin_beta-lactam TEM-39 is an inhibitor-resistant beta-lactamase that has been found in clinical isolates.
contig_4	card~~~TEM-26~~~NG_050256.1:100-961~~~cephalosporin;monobactam;penicillin_beta-lactam	99.111	450	4	0	40504	40953	1	450	0.0	809	125021	861	card~~~TEM-26~~~NG_050256.1:100-961~~~cephalosporin;monobactam;penicillin_beta-lactam TEM-26 is an extended-spectrum beta-lactamase that has been found in clinical isolates.
contig_4	card~~~TEM-250~~~OQ592371.1:0-861~~~cephalosporin;monobactam;penicillin_beta-lactam	99.111	450	4	0	40504	40953	1	450	0.0	809	125021	861	card~~~TEM-250~~~OQ592371.1:0-861~~~cephalosporin;monobactam;penicillin_beta-lactam Class A beta-lactamase TEM-250.
contig_4	card~~~TEM-248~~~OP142511.1:0-861~~~cephalosporin;monobactam;penicillin_beta-lactam	99.111	450	4	0	40504	40953	1	450	0.0	809	125021	861	card~~~TEM-248~~~OP142511.1:0-861~~~cephalosporin;monobactam;penicillin_beta-lactam Class A beta-lactamase TEM-248.
contig_4	card~~~TEM-247~~~ON651488.1:0-861~~~cephalosporin;monobactam;penicillin_beta-lactam	99.111	450	4	0	40504	40953	1	450	0.0	809	125021	861	card~~~TEM-247~~~ON651488.1:0-861~~~cephalosporin;monobactam;penicillin_beta-lactam TEM-247 is a TEM class A beta-lactamase.
contig_4	card~~~TEM-244~~~MZ026156.1:0-861~~~cephalosporin;monobactam;penicillin_beta-lactam	99.111	450	4	0	40504	40953	1	450	0.0	809	125021	861	card~~~TEM-244~~~MZ026156.1:0-861~~~cephalosporin;monobactam;penicillin_beta-lactam TEM-244 is a TEM beta-lactamase.
contig_4	card~~~TEM-229~~~NG_056416.1:0-861~~~cephalosporin;monobactam;penicillin_beta-lactam	99.111	450	4	0	40504	40953	1	450	0.0	809	125021	861	card~~~TEM-229~~~NG_056416.1:0-861~~~cephalosporin;monobactam;penicillin_beta-lactam TEM-229 is a beta-lactamase.
contig_4	card~~~TEM-212~~~NG_050245.1:0-861~~~cephalosporin;monobactam;penicillin_beta-lactam	99.111	450	4	0	40504	40953	1	450	0.0	809	125021	861	card~~~TEM-212~~~NG_050245.1:0-861~~~cephalosporin;monobactam;penicillin_beta-lactam TEM-212 is a beta-lactamase. Name originally from the historical Lahey list of beta-lactamases, some of which did not include sequence data.
contig_4	card~~~TEM-2~~~X54606.1:214-1075~~~cephalosporin;monobactam;penicillin_beta-lactam	99.111	450	4	0	40504	40953	1	450	0.0	809	125021	861	card~~~TEM-2~~~X54606.1:214-1075~~~cephalosporin;monobactam;penicillin_beta-lactam TEM-2 is a broad-spectrum beta-lactamase.
contig_4	card~~~TEM-197~~~HQ877606.1:0-861~~~cephalosporin;monobactam;penicillin_beta-lactam	99.111	450	4	0	40504	40953	1	450	0.0	809	125021	861	card~~~TEM-197~~~HQ877606.1:0-861~~~cephalosporin;monobactam;penicillin_beta-lactam TEM-197 is an extended-spectrum beta-lactamase.
contig_4	card~~~TEM-190~~~JN416112.1:0-861~~~cephalosporin;monobactam;penicillin_beta-lactam	99.111	450	4	0	40504	40953	1	450	0.0	809	125021	861	card~~~TEM-190~~~JN416112.1:0-861~~~cephalosporin;monobactam;penicillin_beta-lactam TEM-190 is a beta-lactamase.
contig_4	card~~~TEM-189~~~JN254627.1:0-861~~~cephalosporin;monobactam;penicillin_beta-lactam	99.111	450	4	0	40504	40953	1	450	0.0	809	125021	861	card~~~TEM-189~~~JN254627.1:0-861~~~cephalosporin;monobactam;penicillin_beta-lactam TEM-189 is a beta-lactamase.
contig_4	card~~~TEM-188~~~JN211012.1:213-1074~~~cephalosporin;monobactam;penicillin_beta-lactam	99.111	450	4	0	40504	40953	1	450	0.0	809	125021	861	card~~~TEM-188~~~JN211012.1:213-1074~~~cephalosporin;monobactam;penicillin_beta-lactam TEM-188 is an extended-spectrum beta-lactamase.
contig_4	card~~~TEM-187~~~HM246246.1:211-1069~~~cephalosporin;monobactam;penicillin_beta-lactam	99.111	450	4	0	40504	40953	1	450	0.0	809	125021	858	card~~~TEM-187~~~HM246246.1:211-1069~~~cephalosporin;monobactam;penicillin_beta-lactam TEM-187 is an extended-spectrum beta-lactamase found in P. mirabilis.
contig_4	card~~~TEM-185~~~JF795538.1:0-861~~~cephalosporin;monobactam;penicillin_beta-lactam	99.111	450	4	0	40504	40953	1	450	0.0	809	125021	861	card~~~TEM-185~~~JF795538.1:0-861~~~cephalosporin;monobactam;penicillin_beta-lactam TEM-185 is a beta-lactamase found in E. coli.
contig_4	card~~~TEM-171~~~GQ149347.1:5269-6130~~~cephalosporin;monobactam;penicillin_beta-lactam	99.111	450	4	0	40504	40953	1	450	0.0	809	125021	861	card~~~TEM-171~~~GQ149347.1:5269-6130~~~cephalosporin;monobactam;penicillin_beta-lactam TEM-171 is a beta-lactamase.
contig_4	card~~~TEM-155~~~DQ679961.1:114-975~~~cephalosporin;monobactam;penicillin_beta-lactam	99.111	450	4	0	40504	40953	1	450	0.0	809	125021	861	card~~~TEM-155~~~DQ679961.1:114-975~~~cephalosporin;monobactam;penicillin_beta-lactam TEM-155 is an extended-spectrum beta-lactamase.
contig_4	card~~~TEM-154~~~FJ807656.1:0-861~~~cephalosporin;monobactam;penicillin_beta-lactam	99.111	450	4	0	40504	40953	1	450	0.0	809	125021	861	card~~~TEM-154~~~FJ807656.1:0-861~~~cephalosporin;monobactam;penicillin_beta-lactam TEM-154 is a CMT-type, inhibitor-resistant, extended-spectrum beta-lactamase.
contig_4	card~~~TEM-152~~~DQ834728.1:205-1066~~~cephalosporin;monobactam;penicillin_beta-lactam	99.111	450	4	0	40504	40953	1	450	0.0	809	125021	861	card~~~TEM-152~~~DQ834728.1:205-1066~~~cephalosporin;monobactam;penicillin_beta-lactam TEM-152 is a CMT-type, inhibitor-resistant, extended-spectrum beta-lactamase found in E. coli.
contig_4	card~~~TEM-151~~~DQ834729.1:205-1066~~~cephalosporin;monobactam;penicillin_beta-lactam	99.111	450	4	0	40504	40953	1	450	0.0	809	125021	861	card~~~TEM-151~~~DQ834729.1:205-1066~~~cephalosporin;monobactam;penicillin_beta-lactam TEM-151 is a CMT-type, inhibitor-resistant, extended-spectrum beta-lactamase found in E. coli.
contig_4	card~~~TEM-150~~~AM183304.1:208-1069~~~cephalosporin;monobactam;penicillin_beta-lactam	99.111	450	4	0	40504	40953	1	450	0.0	809	125021	861	card~~~TEM-150~~~AM183304.1:208-1069~~~cephalosporin;monobactam;penicillin_beta-lactam TEM-150 is a beta-lactamase found in Enterobacter spp., E. coli, and Klebsiella pneumoniae.
contig_4	card~~~TEM-149~~~DQ369751.1:0-861~~~cephalosporin;monobactam;penicillin_beta-lactam	99.111	450	4	0	40504	40953	1	450	0.0	809	125021	861	card~~~TEM-149~~~DQ369751.1:0-861~~~cephalosporin;monobactam;penicillin_beta-lactam TEM-149 is an extended-spectrum beta-lactamase found in Klebsiella aerogenes.
contig_4	card~~~TEM-146~~~DQ105529.2:0-861~~~cephalosporin;monobactam;penicillin_beta-lactam	99.111	450	4	0	40504	40953	1	450	0.0	809	125021	861	card~~~TEM-146~~~DQ105529.2:0-861~~~cephalosporin;monobactam;penicillin_beta-lactam TEM-146 is a beta-lactamase found in E. coli.
contig_4	card~~~TEM-142~~~DQ388882.1:0-861~~~cephalosporin;monobactam;penicillin_beta-lactam	99.111	450	4	0	40504	40953	1	450	0.0	809	125021	861	card~~~TEM-142~~~DQ388882.1:0-861~~~cephalosporin;monobactam;penicillin_beta-lactam TEM-142 is an beta-lactamase found in E. coli.
contig_4	card~~~TEM-138~~~AY853593.1:214-1075~~~cephalosporin;monobactam;penicillin_beta-lactam	99.111	450	4	0	40504	40953	1	450	0.0	809	125021	861	card~~~TEM-138~~~AY853593.1:214-1075~~~cephalosporin;monobactam;penicillin_beta-lactam TEM-138 is an extended-spectrum beta-lactamase found in Salmonella enterica.
contig_4	card~~~TEM-129~~~AJ746225.1:0-861~~~cephalosporin;monobactam;penicillin_beta-lactam	99.111	450	4	0	40504	40953	1	450	0.0	809	125021	861	card~~~TEM-129~~~AJ746225.1:0-861~~~cephalosporin;monobactam;penicillin_beta-lactam TEM-129 is an extended-spectrum beta-lactamase found in Klebsiella oxytoca.
contig_4	card~~~TEM-120~~~AY243512.1:208-1069~~~cephalosporin;monobactam;penicillin_beta-lactam	99.111	450	4	0	40504	40953	1	450	0.0	809	125021	861	card~~~TEM-120~~~AY243512.1:208-1069~~~cephalosporin;monobactam;penicillin_beta-lactam TEM-120 is an extended-spectrum beta-lactamase found in Klebsiella oxytoca.
contig_4	card~~~TEM-116~~~U36911.1:1429-2290~~~cephalosporin;monobactam;penicillin_beta-lactam	99.111	450	4	0	40504	40953	1	450	0.0	809	125021	861	card~~~TEM-116~~~U36911.1:1429-2290~~~cephalosporin;monobactam;penicillin_beta-lactam TEM-116 is a broad-spectrum beta-lactamase found in many species of bacteria.
contig_4	card~~~TEM-115~~~AF535127.1:208-1069~~~cephalosporin;monobactam;penicillin_beta-lactam	99.111	450	4	0	40504	40953	1	450	0.0	809	125021	861	card~~~TEM-115~~~AF535127.1:208-1069~~~cephalosporin;monobactam;penicillin_beta-lactam TEM-115 is an extended-spectrum beta-lactamase found in Klebsiella pneumoniae.
contig_4	card~~~TEM-114~~~AY589495.1:181-1042~~~cephalosporin;monobactam;penicillin_beta-lactam	99.111	450	4	0	40504	40953	1	450	0.0	809	125021	861	card~~~TEM-114~~~AY589495.1:181-1042~~~cephalosporin;monobactam;penicillin_beta-lactam TEM-114 is an extended-spectrum beta-lactamase found in Klebsiella aerogenes.
contig_4	card~~~TEM-111~~~AF468003.1:0-861~~~cephalosporin;monobactam;penicillin_beta-lactam	99.111	450	4	0	40504	40953	1	450	0.0	809	125021	861	card~~~TEM-111~~~AF468003.1:0-861~~~cephalosporin;monobactam;penicillin_beta-lactam TEM-111 is a beta-lactamase found in E. coli and P. mirabilis.
contig_4	card~~~TEM-110~~~AY072920.1:0-861~~~cephalosporin;monobactam;penicillin_beta-lactam	99.111	450	4	0	40504	40953	1	450	0.0	809	125021	861	card~~~TEM-110~~~AY072920.1:0-861~~~cephalosporin;monobactam;penicillin_beta-lactam TEM-110 is a broad-spectrum beta-lactamase found in Klebsiella pneumoniae.
contig_4	card~~~TEM-11~~~AY874537.1:177-1038~~~cephalosporin;monobactam;penicillin_beta-lactam	99.111	450	4	0	40504	40953	1	450	0.0	809	125021	861	card~~~TEM-11~~~AY874537.1:177-1038~~~cephalosporin;monobactam;penicillin_beta-lactam TEM-11 is an extended-spectrum beta-lactamase found in Proteus mirabilis.
contig_4	card~~~TEM-102~~~AY040093.1:68-929~~~cephalosporin;monobactam;penicillin_beta-lactam	99.111	450	4	0	40504	40953	1	450	0.0	809	125021	861	card~~~TEM-102~~~AY040093.1:68-929~~~cephalosporin;monobactam;penicillin_beta-lactam TEM-102 is an extended-spectrum beta-lactamase that has been found in clinical isolates.
contig_4	card~~~TEM-101~~~AF495873.1:0-861~~~cephalosporin;monobactam;penicillin_beta-lactam	99.111	450	4	0	40504	40953	1	450	0.0	809	125021	861	card~~~TEM-101~~~AF495873.1:0-861~~~cephalosporin;monobactam;penicillin_beta-lactam TEM-101 is an extended-spectrum beta-lactamase found in E. coli.
contig_4	card~~~TEM-21~~~Y17582.1:0-858~~~cephalosporin;monobactam;penicillin_beta-lactam	98.678	454	6	0	40504	40957	1	454	0.0	806	125021	858	card~~~TEM-21~~~Y17582.1:0-858~~~cephalosporin;monobactam;penicillin_beta-lactam TEM-21 is an extended-spectrum beta-lactamase found in many species of Gram-negative bacteria.
contig_4	card~~~TEM-108~~~AF506748.1:38-899~~~cephalosporin;monobactam;penicillin_beta-lactam	99.548	442	2	0	40512	40953	9	450	0.0	806	125021	861	card~~~TEM-108~~~AF506748.1:38-899~~~cephalosporin;monobactam;penicillin_beta-lactam TEM-108 is a beta-lactamase that has been found in clinical isolates.
contig_4	card~~~TEM-94~~~AJ318094.1:0-861~~~cephalosporin;monobactam;penicillin_beta-lactam	98.889	450	5	0	40504	40953	1	450	0.0	804	125021	861	card~~~TEM-94~~~AJ318094.1:0-861~~~cephalosporin;monobactam;penicillin_beta-lactam TEM-94 is an extended-spectrum beta-lactamase found in E. coli.
contig_4	card~~~TEM-92~~~AF143804.1:0-861~~~cephalosporin;monobactam;penicillin_beta-lactam	98.889	450	5	0	40504	40953	1	450	0.0	804	125021	861	card~~~TEM-92~~~AF143804.1:0-861~~~cephalosporin;monobactam;penicillin_beta-lactam TEM-92 is an extended-spectrum beta-lactamase found in Proteus mirabilis.
contig_4	card~~~TEM-9~~~NG_056168.1:0-861~~~cephalosporin;monobactam;penicillin_beta-lactam	98.889	450	5	0	40504	40953	1	450	0.0	804	125021	861	card~~~TEM-9~~~NG_056168.1:0-861~~~cephalosporin;monobactam;penicillin_beta-lactam TEM-9 is an extended-spectrum beta-lactamase that has been found in clinical isolates.
contig_4	card~~~TEM-87~~~AF250872.1:0-861~~~cephalosporin;monobactam;penicillin_beta-lactam	98.889	450	5	0	40504	40953	1	450	0.0	804	125021	861	card~~~TEM-87~~~AF250872.1:0-861~~~cephalosporin;monobactam;penicillin_beta-lactam TEM-87 is an extended-spectrum beta-lactamase found in Proteus mirabilis.
contig_4	card~~~TEM-81~~~AF427127.1:208-1069~~~cephalosporin;monobactam;penicillin_beta-lactam	98.889	450	5	0	40504	40953	1	450	0.0	804	125021	861	card~~~TEM-81~~~AF427127.1:208-1069~~~cephalosporin;monobactam;penicillin_beta-lactam TEM-81 is an inhibitor-resistant beta-lactamase found in E. coli.
contig_4	card~~~TEM-80~~~AF347054.1:208-1069~~~cephalosporin;monobactam;penicillin_beta-lactam	98.889	450	5	0	40504	40953	1	450	0.0	804	125021	861	card~~~TEM-80~~~AF347054.1:208-1069~~~cephalosporin;monobactam;penicillin_beta-lactam TEM-80 is an inhibitor-resistant beta-lactamase found in Enterobacter cloacae.
contig_4	card~~~TEM-8~~~X65252.1:175-1036~~~cephalosporin;monobactam;penicillin_beta-lactam	98.889	450	5	0	40504	40953	1	450	0.0	804	125021	861	card~~~TEM-8~~~X65252.1:175-1036~~~cephalosporin;monobactam;penicillin_beta-lactam TEM-8 is an extended-spectrum beta-lactamase found in Klebsiella pneumoniae.
contig_4	card~~~TEM-67~~~AF091113.2:450-1311~~~cephalosporin;monobactam;penicillin_beta-lactam	98.889	450	5	0	40504	40953	1	450	0.0	804	125021	861	card~~~TEM-67~~~AF091113.2:450-1311~~~cephalosporin;monobactam;penicillin_beta-lactam TEM-67 is an inhibitor-resistant beta-lactamase found in Proteus mirabilis.
contig_4	card~~~TEM-63~~~AF332513.1:103-964~~~cephalosporin;monobactam;penicillin_beta-lactam	98.889	450	5	0	40504	40953	1	450	0.0	804	125021	861	card~~~TEM-63~~~AF332513.1:103-964~~~cephalosporin;monobactam;penicillin_beta-lactam TEM-63 is an extended-spectrum beta-lactamase found in E. coli.
contig_4	card~~~TEM-59~~~AF062386.1:31-862~~~cephalosporin;monobactam;penicillin_beta-lactam	98.889	450	5	0	40504	40953	1	450	0.0	804	125021	831	card~~~TEM-59~~~AF062386.1:31-862~~~cephalosporin;monobactam;penicillin_beta-lactam TEM-59 is an inhibitor-resistant beta-lactamase that has been found in clinical isolates.
contig_4	card~~~TEM-4~~~LK391770.1:19707-20568~~~cephalosporin;monobactam;penicillin_beta-lactam	98.889	450	5	0	40504	40953	1	450	0.0	804	125021	861	card~~~TEM-4~~~LK391770.1:19707-20568~~~cephalosporin;monobactam;penicillin_beta-lactam TEM-4 is an extended-spectrum beta-lactamase that has been found in clinical isolates.
contig_4	card~~~TEM-3~~~X64523.1:1337-476~~~cephalosporin;monobactam;penicillin_beta-lactam	98.889	450	5	0	40504	40953	1	450	0.0	804	125021	861	card~~~TEM-3~~~X64523.1:1337-476~~~cephalosporin;monobactam;penicillin_beta-lactam TEM-3 is an extended-spectrum beta-lactamase found in Klebsiella pneumoniae.
contig_4	card~~~TEM-258~~~PQ362078.1:0-861~~~cephalosporin;monobactam;penicillin_beta-lactam	98.889	450	5	0	40504	40953	1	450	0.0	804	125021	861	card~~~TEM-258~~~PQ362078.1:0-861~~~cephalosporin;monobactam;penicillin_beta-lactam Class A beta-lactamase TEM-258.
contig_4	card~~~TEM-243~~~NG_071226.1:0-861~~~cephalosporin;monobactam;penicillin_beta-lactam	98.889	450	5	0	40504	40953	1	450	0.0	804	125021	861	card~~~TEM-243~~~NG_071226.1:0-861~~~cephalosporin;monobactam;penicillin_beta-lactam TEM-243 is a beta-lactamase.
contig_4	card~~~TEM-24~~~X65253.1:175-1036~~~cephalosporin;monobactam;penicillin_beta-lactam	98.889	450	5	0	40504	40953	1	450	0.0	804	125021	861	card~~~TEM-24~~~X65253.1:175-1036~~~cephalosporin;monobactam;penicillin_beta-lactam TEM-24 is an extended-spectrum beta-lactamase found in Klebsiella pneumoniae.
contig_4	card~~~TEM-233~~~NG_057581.1:0-861~~~cephalosporin;monobactam;penicillin_beta-lactam	98.889	450	5	0	40504	40953	1	450	0.0	804	125021	861	card~~~TEM-233~~~NG_057581.1:0-861~~~cephalosporin;monobactam;penicillin_beta-lactam TEM-233 is a beta-lactamase.
contig_4	card~~~TEM-22~~~Y17583.1:213-1071~~~cephalosporin;monobactam;penicillin_beta-lactam	98.889	450	5	0	40504	40953	1	450	0.0	804	125021	858	card~~~TEM-22~~~Y17583.1:213-1071~~~cephalosporin;monobactam;penicillin_beta-lactam TEM-22 is an extended-spectrum beta-lactamase found in Klebsiella pneumoniae.
contig_4	card~~~TEM-213~~~KF663615.1:0-858~~~cephalosporin;monobactam;penicillin_beta-lactam	98.889	450	5	0	40504	40953	1	450	0.0	804	125021	858	card~~~TEM-213~~~KF663615.1:0-858~~~cephalosporin;monobactam;penicillin_beta-lactam TEM-213 is a beta-lactamase. Name originally from the historical Lahey list of beta-lactamases, some of which did not include sequence data.
contig_4	card~~~TEM-195~~~JN935137.1:0-861~~~cephalosporin;monobactam;penicillin_beta-lactam	98.889	450	5	0	40504	40953	1	450	0.0	804	125021	861	card~~~TEM-195~~~JN935137.1:0-861~~~cephalosporin;monobactam;penicillin_beta-lactam TEM-195 is a beta-lactamase.
contig_4	card~~~TEM-17~~~Y14574.2:0-861~~~cephalosporin;monobactam;penicillin_beta-lactam	98.889	450	5	0	40504	40953	1	450	0.0	804	125021	861	card~~~TEM-17~~~Y14574.2:0-861~~~cephalosporin;monobactam;penicillin_beta-lactam TEM-17 is an extended-spectrum beta-lactamase found in Capnocytophaga ochracea.
contig_4	card~~~TEM-167~~~FJ360884.1:213-1074~~~cephalosporin;monobactam;penicillin_beta-lactam	98.889	450	5	0	40504	40953	1	450	0.0	804	125021	861	card~~~TEM-167~~~FJ360884.1:213-1074~~~cephalosporin;monobactam;penicillin_beta-lactam TEM-167 is an extended-spectrum beta-lactamase found in E. coli.
contig_4	card~~~TEM-160~~~EF136377.1:0-861~~~cephalosporin;monobactam;penicillin_beta-lactam	98.889	450	5	0	40504	40953	1	450	0.0	804	125021	861	card~~~TEM-160~~~EF136377.1:0-861~~~cephalosporin;monobactam;penicillin_beta-lactam TEM-160 is an inhibitor-resistant beta-lactamase found in Proteus mirabilis.
contig_4	card~~~TEM-16~~~X65254.1:175-1036~~~cephalosporin;monobactam;penicillin_beta-lactam	98.889	450	5	0	40504	40953	1	450	0.0	804	125021	861	card~~~TEM-16~~~X65254.1:175-1036~~~cephalosporin;monobactam;penicillin_beta-lactam TEM-16 is an extended-spectrum beta-lactamase found in Klebsiella pneumoniae.
contig_4	card~~~TEM-159~~~EF136376.1:0-861~~~cephalosporin;monobactam;penicillin_beta-lactam	98.889	450	5	0	40504	40953	1	450	0.0	804	125021	861	card~~~TEM-159~~~EF136376.1:0-861~~~cephalosporin;monobactam;penicillin_beta-lactam TEM-159 is an inhibitor-resistant beta-lactamase found in Proteus mirabilis.
contig_4	card~~~TEM-139~~~DQ072853.1:0-861~~~cephalosporin;monobactam;penicillin_beta-lactam	98.889	450	5	0	40504	40953	1	450	0.0	804	125021	861	card~~~TEM-139~~~DQ072853.1:0-861~~~cephalosporin;monobactam;penicillin_beta-lactam TEM-139 is an extended-spectrum beta-lactamase found in Klebsiella pneumoniae.
contig_4	card~~~TEM-134~~~AY574271.1:0-861~~~cephalosporin;monobactam;penicillin_beta-lactam	98.889	450	5	0	40504	40953	1	450	0.0	804	125021	861	card~~~TEM-134~~~AY574271.1:0-861~~~cephalosporin;monobactam;penicillin_beta-lactam TEM-134 is an extended-spectrum beta-lactamase found in Citrobacter koseri.
contig_4	card~~~TEM-133~~~AY528425.1:0-861~~~cephalosporin;monobactam;penicillin_beta-lactam	98.889	450	5	0	40504	40953	1	450	0.0	804	125021	861	card~~~TEM-133~~~AY528425.1:0-861~~~cephalosporin;monobactam;penicillin_beta-lactam TEM-133 is an extended-spectrum beta-lactamase found in Klebsiella pneumoniae.
contig_4	card~~~TEM-123~~~AY327539.1:0-858~~~cephalosporin;monobactam;penicillin_beta-lactam	98.889	450	5	0	40504	40953	1	450	0.0	804	125021	858	card~~~TEM-123~~~AY327539.1:0-858~~~cephalosporin;monobactam;penicillin_beta-lactam TEM-123 is an extended-spectrum beta-lactamase found in Proteus mirabilis.
contig_4	card~~~TEM-121~~~AY271267.1:0-861~~~cephalosporin;monobactam;penicillin_beta-lactam	98.889	450	5	0	40504	40953	1	450	0.0	804	125021	861	card~~~TEM-121~~~AY271267.1:0-861~~~cephalosporin;monobactam;penicillin_beta-lactam TEM-121 is an inhibitor-resistant, extended-spectrum beta-lactamase found in E. coli and Klebsiella aerogenes.
contig_4	card~~~TEM-113~~~AY589494.1:193-1054~~~cephalosporin;monobactam;penicillin_beta-lactam	98.889	450	5	0	40504	40953	1	450	0.0	804	125021	861	card~~~TEM-113~~~AY589494.1:193-1054~~~cephalosporin;monobactam;penicillin_beta-lactam TEM-113 is an extended-spectrum beta-lactamase found in Proteus mirabilis.
contig_4	card~~~TEM-98~~~NG_050307.1:0-861~~~cephalosporin;monobactam;penicillin_beta-lactam	99.321	442	3	0	40512	40953	9	450	0.0	800	125021	861	card~~~TEM-98~~~NG_050307.1:0-861~~~cephalosporin;monobactam;penicillin_beta-lactam TEM-98 is a TEM beta-lactamase.
contig_7	card~~~cmlA1~~~M64556.1:600-1860~~~phenicol	99.921	1260	1	0	26103	27362	1	1260	0.0	2322	41154	1260	card~~~cmlA1~~~M64556.1:600-1860~~~phenicol cmlA1 is a plasmid or transposon-encoded chloramphenicol exporter that is found in Pseudomonas aeruginosa and Klebsiella pneumoniae.
contig_7	card~~~cmlA6~~~AF294653.1:2749-4009~~~phenicol	99.841	1260	2	0	26103	27362	1	1260	0.0	2316	41154	1260	card~~~cmlA6~~~AF294653.1:2749-4009~~~phenicol cmlA6 is a plasmid-encoded chloramphenicol exporter that is found in Pseudomonas aeruginosa.
contig_7	card~~~cmlA5~~~AY115475.1:3337-4597~~~phenicol	99.762	1260	3	0	26103	27362	1	1260	0.0	2311	41154	1260	card~~~cmlA5~~~AY115475.1:3337-4597~~~phenicol cmlA5 is a plasmid or transposon-encoded chloramphenicol exporter that is found in Escherichia coli.
contig_7	card~~~cmlA4~~~AF156486.1:3648-4908~~~phenicol	98.016	1260	25	0	26103	27362	1	1260	0.0	2189	41154	1260	card~~~cmlA4~~~AF156486.1:3648-4908~~~phenicol cmlA4 is a plasmid-encoded chloramphenicol exporter that is found in Klebsiella pneumoniae.
contig_7	card~~~Salmonella_enterica_cmlA~~~AJ487033.2:1685-2858~~~phenicol	99.744	1173	3	0	26190	27362	1	1173	0.0	2150	41154	1173	card~~~Salmonella_enterica_cmlA~~~AJ487033.2:1685-2858~~~phenicol cmlA is a plasmid-encoded chloramphenicol exporter that is found in Salmonella typhimurium.
contig_7	card~~~cmlA8~~~EU182575.1:1685-2945~~~phenicol	96.032	1260	50	0	26103	27362	1	1260	0.0	2050	41154	1260	card~~~cmlA8~~~EU182575.1:1685-2945~~~phenicol cmlA8 is a plasmid that confers resistance to chloramphenicol.
contig_7	card~~~APH(4)-Ia~~~V01499.1:230-1256~~~aminoglycoside	100.000	1026	0	0	34615	35640	1	1026	0.0	1895	41154	1026	card~~~APH(4)-Ia~~~V01499.1:230-1256~~~aminoglycoside APH(4)-Ia is a plasmid-encoded aminoglycoside phosphotransferase in E. coli.
contig_7	card~~~sul3~~~FJ196385.1:9323-8531~~~sulfonamide	100.000	792	0	0	29928	30719	792	1	0.0	1463	41154	792	card~~~sul3~~~FJ196385.1:9323-8531~~~sulfonamide Sul3 is a sulfonamide resistant dihydropteroate synthase similar to Sul1 and Sul2. Its resistance gene was found encoded in E. coli plasmid DNA of sulfonamide resistant isolates.
contig_7	card~~~aadA~~~AF550679.1:81768-80976~~~aminoglycoside	99.747	792	2	0	27455	28246	1	792	0.0	1452	41154	792	card~~~aadA~~~AF550679.1:81768-80976~~~aminoglycoside ANT(3'')-Ia is an aminoglycoside nucleotidyltransferase gene encoded by plasmids, transposons, integrons in Enterobacteriaceae, A. baumannii, P. aeruginosa and Vibrio cholerae.
contig_7	card~~~aadA~~~AF550679.1:81768-80976~~~aminoglycoside	89.494	790	83	0	25050	25839	1	790	0.0	1000	41154	792	card~~~aadA~~~AF550679.1:81768-80976~~~aminoglycoside ANT(3'')-Ia is an aminoglycoside nucleotidyltransferase gene encoded by plasmids, transposons, integrons in Enterobacteriaceae, A. baumannii, P. aeruginosa and Vibrio cholerae.
contig_7	card~~~aadA2~~~AF156486.1:5012-5792~~~aminoglycoside	100.000	780	0	0	25062	25841	1	780	0.0	1441	41154	780	card~~~aadA2~~~AF156486.1:5012-5792~~~aminoglycoside aadA2 is an aminoglycoside nucleotidyltransferase gene encoded by plasmids and integrons in K. pneumoniae, Salmonella spp., Corynebacterium glutamicum, C. freundii and Aeromonas spp.
contig_7	card~~~aadA2~~~AF156486.1:5012-5792~~~aminoglycoside	89.870	770	78	0	27475	28244	9	778	0.0	990	41154	780	card~~~aadA2~~~AF156486.1:5012-5792~~~aminoglycoside aadA2 is an aminoglycoside nucleotidyltransferase gene encoded by plasmids and integrons in K. pneumoniae, Salmonella spp., Corynebacterium glutamicum, C. freundii and Aeromonas spp.
contig_7	card~~~AAC(3)-IVa~~~DQ241380.1:0-777~~~aminoglycoside	100.000	777	0	0	33610	34386	1	777	0.0	1435	41154	777	card~~~AAC(3)-IVa~~~DQ241380.1:0-777~~~aminoglycoside AAC(3)-IV is a plasmid-encoded aminoglycoside acetyltransferase in E. coli, C. jejuni and P. stutzeri.
contig_7	card~~~aadA3~~~AF047479.2:1295-2087~~~aminoglycoside	98.987	790	8	0	25050	25839	1	790	0.0	1415	41154	792	card~~~aadA3~~~AF047479.2:1295-2087~~~aminoglycoside aadA3 is an aminoglycoside nucleotidyltransferase gene encoded by plasmids, transposons and integrons in E. coli.
contig_7	card~~~aadA3~~~AF047479.2:1295-2087~~~aminoglycoside	90.657	792	74	0	27455	28246	1	792	0.0	1053	41154	792	card~~~aadA3~~~AF047479.2:1295-2087~~~aminoglycoside aadA3 is an aminoglycoside nucleotidyltransferase gene encoded by plasmids, transposons and integrons in E. coli.
contig_7	card~~~aadA24~~~DQ677333.1:0-780~~~aminoglycoside	98.834	772	9	0	27475	28246	9	780	0.0	1376	41154	780	card~~~aadA24~~~DQ677333.1:0-780~~~aminoglycoside aadA24 is an integron-encoded aminoglycoside nucleotidyltransferase gene in Salmonella spp.
contig_7	card~~~aadA24~~~DQ677333.1:0-780~~~aminoglycoside	91.131	778	69	0	25062	25839	1	778	0.0	1055	41154	780	card~~~aadA24~~~DQ677333.1:0-780~~~aminoglycoside aadA24 is an integron-encoded aminoglycoside nucleotidyltransferase gene in Salmonella spp.
contig_7	card~~~aadA22~~~AM261837.1:73-865~~~aminoglycoside	97.222	792	22	0	27455	28246	1	792	0.0	1341	41154	792	card~~~aadA22~~~AM261837.1:73-865~~~aminoglycoside aadA22 is an aminoglycoside nucleotidyltransferase gene encoded by plasmids and integrons in S. enterica and E. coli.
contig_7	card~~~aadA22~~~AM261837.1:73-865~~~aminoglycoside	92.278	777	60	0	25050	25826	1	777	0.0	1103	41154	792	card~~~aadA22~~~AM261837.1:73-865~~~aminoglycoside aadA22 is an aminoglycoside nucleotidyltransferase gene encoded by plasmids and integrons in S. enterica and E. coli.
contig_7	card~~~aadA21~~~AY171244.1:46-838~~~aminoglycoside	97.096	792	23	0	27455	28246	1	792	0.0	1336	41154	792	card~~~aadA21~~~AY171244.1:46-838~~~aminoglycoside aadA21 is an integron-encoded aminoglycoside nucleotidyltransferase gene in Salmonella spp.
contig_7	card~~~aadA21~~~AY171244.1:46-838~~~aminoglycoside	91.646	790	66	0	25050	25839	1	790	0.0	1094	41154	792	card~~~aadA21~~~AY171244.1:46-838~~~aminoglycoside aadA21 is an integron-encoded aminoglycoside nucleotidyltransferase gene in Salmonella spp.
contig_7	card~~~aadA8~~~AY139603.1:106-898~~~aminoglycoside	96.962	790	24	0	25050	25839	1	790	0.0	1327	41154	792	card~~~aadA8~~~AY139603.1:106-898~~~aminoglycoside aadA8 is an aminoglycoside nucleotidyltransferase gene encoded by plasmids and integrons in V. cholerae, K. pneumoniae and Bacillus endophyticus.
contig_7	card~~~aadA8~~~AY139603.1:106-898~~~aminoglycoside	92.551	792	59	0	27455	28246	1	792	0.0	1136	41154	792	card~~~aadA8~~~AY139603.1:106-898~~~aminoglycoside aadA8 is an aminoglycoside nucleotidyltransferase gene encoded by plasmids and integrons in V. cholerae, K. pneumoniae and Bacillus endophyticus.
contig_7	card~~~aadA23~~~AJ809407.1:118-898~~~aminoglycoside	97.668	772	18	0	27475	28246	9	780	0.0	1327	41154	780	card~~~aadA23~~~AJ809407.1:118-898~~~aminoglycoside aadA23 is an integron-encoded aminoglycoside nucleotidyltransferase gene in S. enterica.
contig_7	card~~~aadA23~~~AJ809407.1:118-898~~~aminoglycoside	91.645	778	65	0	25062	25839	1	778	0.0	1077	41154	780	card~~~aadA23~~~AJ809407.1:118-898~~~aminoglycoside aadA23 is an integron-encoded aminoglycoside nucleotidyltransferase gene in S. enterica.
contig_7	card~~~aadA8b~~~AM040708.1:1173-1965~~~aminoglycoside	96.709	790	26	0	25050	25839	1	790	0.0	1315	41154	792	card~~~aadA8b~~~AM040708.1:1173-1965~~~aminoglycoside aadA8b is an aminoglycoside nucleotidyltransferase gene encoded by plasmids in E. coli; can be created by a recombination event  between aadA1 and aadA2.
contig_7	card~~~aadA8b~~~AM040708.1:1173-1965~~~aminoglycoside	92.298	792	61	0	27455	28246	1	792	0.0	1125	41154	792	card~~~aadA8b~~~AM040708.1:1173-1965~~~aminoglycoside aadA8b is an aminoglycoside nucleotidyltransferase gene encoded by plasmids in E. coli; can be created by a recombination event  between aadA1 and aadA2.
contig_7	card~~~aadA15~~~DQ393783.1:1799-2591~~~aminoglycoside	96.709	790	26	0	27455	28244	1	790	0.0	1315	41154	792	card~~~aadA15~~~DQ393783.1:1799-2591~~~aminoglycoside aadA15 is an integron-encoded aminoglycoside nucleotidyltransferase gene in P. aeruginosa.
contig_7	card~~~aadA15~~~DQ393783.1:1799-2591~~~aminoglycoside	92.803	792	57	0	25050	25841	1	792	0.0	1147	41154	792	card~~~aadA15~~~DQ393783.1:1799-2591~~~aminoglycoside aadA15 is an integron-encoded aminoglycoside nucleotidyltransferase gene in P. aeruginosa.
contig_7	card~~~aadA17~~~FJ460181.2:1790-2582~~~aminoglycoside	96.086	792	31	0	25050	25841	1	792	0.0	1291	41154	792	card~~~aadA17~~~FJ460181.2:1790-2582~~~aminoglycoside aadA17 is an integron-encoded aminoglycoside nucleotidyltransferase gene in Aeromonas media.
contig_7	card~~~aadA17~~~FJ460181.2:1790-2582~~~aminoglycoside	93.544	790	51	0	27455	28244	1	790	0.0	1177	41154	792	card~~~aadA17~~~FJ460181.2:1790-2582~~~aminoglycoside aadA17 is an integron-encoded aminoglycoside nucleotidyltransferase gene in Aeromonas media.
contig_7	card~~~aadA25~~~CP003022.1:336788-337580~~~aminoglycoside	95.696	790	34	0	25050	25839	1	790	0.0	1271	41154	792	card~~~aadA25~~~CP003022.1:336788-337580~~~aminoglycoside Streptomycin/spectinomycin resistance gene found in Pasteurella multocida isolated from bovine respiratory tract.
contig_7	card~~~aadA25~~~CP003022.1:336788-337580~~~aminoglycoside	93.561	792	51	0	27455	28246	1	792	0.0	1181	41154	792	card~~~aadA25~~~CP003022.1:336788-337580~~~aminoglycoside Streptomycin/spectinomycin resistance gene found in Pasteurella multocida isolated from bovine respiratory tract.
contig_7	card~~~aadA12~~~FJ381668.1:56-848~~~aminoglycoside	95.076	792	39	0	25050	25841	1	792	0.0	1247	41154	792	card~~~aadA12~~~FJ381668.1:56-848~~~aminoglycoside aadA12 is an integron-encoded aminoglycoside nucleotidyltransferase gene in E. coli, Yersinia enterocolitica and S. enterica.
contig_7	card~~~aadA12~~~FJ381668.1:56-848~~~aminoglycoside	94.557	790	43	0	27455	28244	1	790	0.0	1221	41154	792	card~~~aadA12~~~FJ381668.1:56-848~~~aminoglycoside aadA12 is an integron-encoded aminoglycoside nucleotidyltransferase gene in E. coli, Yersinia enterocolitica and S. enterica.
contig_7	card~~~cmlB~~~AF034958.3:2641-3871~~~phenicol	84.180	1220	187	6	26103	27319	1	1217	0.0	1179	41154	1230	card~~~cmlB~~~AF034958.3:2641-3871~~~phenicol cmlB is a plasmid-encoded chloramphenicol exporter that is found in Klebsiella aerogenes.
contig_7	card~~~aadA13~~~EU746499.1:639-1437~~~aminoglycoside	89.612	799	82	1	27455	28253	1	798	0.0	1014	41154	798	card~~~aadA13~~~EU746499.1:639-1437~~~aminoglycoside aadA13 is an aminoglycoside nucleotidyltransferase gene encoded by plasmids and integrons in Pseudomonas rettgeri, P. aeruginosa, Y. enterocolitica and E. coli.
contig_7	card~~~aadA13~~~EU746499.1:639-1437~~~aminoglycoside	87.359	799	100	1	25050	25848	1	798	0.0	915	41154	798	card~~~aadA13~~~EU746499.1:639-1437~~~aminoglycoside aadA13 is an aminoglycoside nucleotidyltransferase gene encoded by plasmids and integrons in Pseudomonas rettgeri, P. aeruginosa, Y. enterocolitica and E. coli.
contig_7	card~~~aadA11~~~AY758206.1:2743-3589~~~aminoglycoside	77.899	828	172	7	25070	25888	21	846	1.86e-141	505	41154	846	card~~~aadA11~~~AY758206.1:2743-3589~~~aminoglycoside aadA11 is an integron-encoded aminoglycoside nucleotidyltransferase gene in E. coli and P. aeruginosa.
contig_7	card~~~aadA6/aadA10~~~AM087405.1:1748-2582~~~aminoglycoside	79.167	720	148	2	25070	25788	21	739	3.12e-139	497	41154	834	card~~~aadA6/aadA10~~~AM087405.1:1748-2582~~~aminoglycoside aadA6/aadA10 is an integron-encoded aminoglycoside nucleotidyltransferase gene cassette in P. aeruginosa.
contig_7	card~~~ANT(3'')-II-AAC(6')-IId_bifunctional_protein~~~AF453998.2:3554-4946~~~aminoglycoside	79.167	720	148	2	25070	25788	21	739	3.12e-139	497	41154	1392	card~~~ANT(3'')-II-AAC(6')-IId_bifunctional_protein~~~AF453998.2:3554-4946~~~aminoglycoside ANT(3'')-II-AAC(6')-IId is an integron-encoded aminoglycoside acetyltransferase in S. marcescens.
contig_7	card~~~aadA6~~~AM087411.1:1611-2457~~~aminoglycoside	77.630	827	176	6	25070	25888	21	846	4.04e-138	494	41154	846	card~~~aadA6~~~AM087411.1:1611-2457~~~aminoglycoside aadA6 is an integron-encoded aminoglycoside nucleotidyltransferase gene in P. aeruginosa.
contig_7	card~~~mef(B)~~~FJ196385.1:12313-11083~~~macrolide	99.620	263	1	0	32480	32742	1230	968	3.14e-134	481	41154	1230	card~~~mef(B)~~~FJ196385.1:12313-11083~~~macrolide mef(B) is a macrolide efflux gene located in the vicinity of sul3 in Escherichia coli. There is also a mefB found in Streptococcus agalactiae that confers resistance to macrolides.
contig_7	card~~~qacL~~~DQ149925.1:188-521~~~disinfecting_agents_and_antiseptics	91.592	333	28	0	28416	28748	1	333	4.09e-128	460	41154	333	card~~~qacL~~~DQ149925.1:188-521~~~disinfecting_agents_and_antiseptics A subunit of the qac multidrug efflux pump in Vibrio cholerae.
contig_7	card~~~aadA16~~~EU675686.2:3196-4042~~~aminoglycoside	76.895	831	175	13	25070	25888	21	846	1.90e-126	455	41154	846	card~~~aadA16~~~EU675686.2:3196-4042~~~aminoglycoside aadA16 is an aminoglycoside nucleotidyltransferase gene encoded by plasmids and integrons in E. coli, V. cholerae and K. pneumoniae.
contig_7	card~~~aadA7~~~AB114632.1:655-1453~~~aminoglycoside	77.298	718	155	8	25070	25783	21	734	8.99e-115	416	41154	798	card~~~aadA7~~~AB114632.1:655-1453~~~aminoglycoside aadA7 is an integron-encoded aminoglycoside nucleotidyltransferase gene in V. fluvialis, P. aeruginosa, E. coli, V. cholerae and S. enterica.
contig_7	card~~~AAC(6')-Ib7~~~KR091911.1:75350-74564~~~aminoglycoside	99.522	209	1	0	23209	23417	1	209	3.28e-104	381	41154	786	card~~~AAC(6')-Ib7~~~KR091911.1:75350-74564~~~aminoglycoside AAC(6')-Ib7 is a plasmid-encoded aminoglycoside acetyltransferase in E. cloacae and C. freundii.
contig_7	card~~~APH(4)-Ib~~~X74325.1:645-1908~~~aminoglycoside	83.290	389	41	13	34817	35196	734	1107	7.20e-91	337	41154	1263	card~~~APH(4)-Ib~~~X74325.1:645-1908~~~aminoglycoside APH(4)-Ib is a chromosomal-encoded aminoglycoside phosphotransferase in Pseudomonas pseudomallei.
contig_7	card~~~aadA9~~~DQ390458.1:3995-3095~~~aminoglycoside	100.000	56	0	0	23362	23417	1	56	7.95e-21	104	41154	900	card~~~aadA9~~~DQ390458.1:3995-3095~~~aminoglycoside aadA9 is a plasmid-encoded aminoglycoside nucleotidyltransferase gene in C. glutamicum.
contig_7	card~~~CARB-58~~~MT990446.1:54-1044~~~penicillin_beta-lactam	100.000	56	0	0	23362	23417	1	56	7.95e-21	104	41154	990	card~~~CARB-58~~~MT990446.1:54-1044~~~penicillin_beta-lactam CARB-58 is a PSE family class A carbenicillin-hydrolyzing CARB-like beta-lactamase.
contig_7	card~~~AAC(3)-Ib~~~L06157.1:554-1085~~~aminoglycoside	100.000	56	0	0	23362	23417	1	56	7.95e-21	104	41154	531	card~~~AAC(3)-Ib~~~L06157.1:554-1085~~~aminoglycoside AAC(3)-Ib is an integron-encoded aminoglycoside acetyltransferase in P. aeruginosa.
contig_8	card~~~Mrx~~~AY522923.1:8983-7744~~~macrolide	100.000	1239	0	0	114718	115956	1	1239	0.0	2289	214836	1239	card~~~Mrx~~~AY522923.1:8983-7744~~~macrolide Mrx is part of the macrolide inactivation gene cluster in Aeromonas hydrophila.
contig_8	card~~~mphA~~~D16251.1:2531-1625~~~macrolide	100.000	906	0	0	113816	114721	1	906	0.0	1674	214836	906	card~~~mphA~~~D16251.1:2531-1625~~~macrolide The mphA gene encodes for resistance enzyme MPH(2')-I which preferentially inactivate 14-membered macrolides (e.g.erythromycin, telithromycin, roxithromycin) over 16-membered macrolides (e.g.tylosin, spiramycin). It phosphorylates macrolides at 2'-OH hydroxyl of desosamine sugar of macrolides in a GTP-dependent manner.
contig_8	card~~~sul1~~~JF969163.1:1053-1893~~~sulfonamide	100.000	840	0	0	121359	122198	840	1	0.0	1552	214836	840	card~~~sul1~~~JF969163.1:1053-1893~~~sulfonamide Sul1 is a sulfonamide resistant dihydropteroate synthase of Gram-negative bacteria. It is linked to other resistance genes of class 1 integrons.
contig_8	card~~~APH(3')-Ia~~~BX664015.1:103833-103017~~~aminoglycoside	99.386	814	5	0	112026	112839	814	1	0.0	1476	214836	816	card~~~APH(3')-Ia~~~BX664015.1:103833-103017~~~aminoglycoside APH(3')-Ia is a transposon-encoded aminoglycoside phosphotransferase in E. coli and S. enterica. It is identical at the protein sequence to APH(3')-Ic, an aminoglycoside phosphotransferase encoded by plasmids, transposons and genomic islands in K. pneumoniae, A. baumannii, S. marcescens, Corynebacterium spp., Photobacterium spp. and Citrobacter spp.
contig_8	card~~~aadA2~~~AF156486.1:5012-5792~~~aminoglycoside	99.872	780	1	0	122703	123482	780	1	0.0	1435	214836	780	card~~~aadA2~~~AF156486.1:5012-5792~~~aminoglycoside aadA2 is an aminoglycoside nucleotidyltransferase gene encoded by plasmids and integrons in K. pneumoniae, Salmonella spp., Corynebacterium glutamicum, C. freundii and Aeromonas spp.
contig_8	card~~~aadA3~~~AF047479.2:1295-2087~~~aminoglycoside	98.734	790	10	0	122705	123494	790	1	0.0	1404	214836	792	card~~~aadA3~~~AF047479.2:1295-2087~~~aminoglycoside aadA3 is an aminoglycoside nucleotidyltransferase gene encoded by plasmids, transposons and integrons in E. coli.
contig_8	card~~~aadA8b~~~AM040708.1:1173-1965~~~aminoglycoside	96.962	790	24	0	122705	123494	790	1	0.0	1327	214836	792	card~~~aadA8b~~~AM040708.1:1173-1965~~~aminoglycoside aadA8b is an aminoglycoside nucleotidyltransferase gene encoded by plasmids in E. coli; can be created by a recombination event  between aadA1 and aadA2.
contig_8	card~~~aadA8~~~AY139603.1:106-898~~~aminoglycoside	96.709	790	26	0	122705	123494	790	1	0.0	1315	214836	792	card~~~aadA8~~~AY139603.1:106-898~~~aminoglycoside aadA8 is an aminoglycoside nucleotidyltransferase gene encoded by plasmids and integrons in V. cholerae, K. pneumoniae and Bacillus endophyticus.
contig_8	card~~~aadA25~~~CP003022.1:336788-337580~~~aminoglycoside	95.949	790	32	0	122705	123494	790	1	0.0	1282	214836	792	card~~~aadA25~~~CP003022.1:336788-337580~~~aminoglycoside Streptomycin/spectinomycin resistance gene found in Pasteurella multocida isolated from bovine respiratory tract.
contig_8	card~~~aadA17~~~FJ460181.2:1790-2582~~~aminoglycoside	95.833	792	33	0	122703	123494	792	1	0.0	1280	214836	792	card~~~aadA17~~~FJ460181.2:1790-2582~~~aminoglycoside aadA17 is an integron-encoded aminoglycoside nucleotidyltransferase gene in Aeromonas media.
contig_8	card~~~aadA12~~~FJ381668.1:56-848~~~aminoglycoside	94.823	792	41	0	122703	123494	792	1	0.0	1236	214836	792	card~~~aadA12~~~FJ381668.1:56-848~~~aminoglycoside aadA12 is an integron-encoded aminoglycoside nucleotidyltransferase gene in E. coli, Yersinia enterocolitica and S. enterica.
contig_8	card~~~catA1~~~V00622.1:243-903~~~phenicol	99.848	660	1	0	131737	132396	660	1	0.0	1214	214836	660	card~~~catA1~~~V00622.1:243-903~~~phenicol catA1 (formerly in CARD as catI) is a chromosome and transposon-encoded variant of the cat gene found in Escherichia coli and Acinetobacter baumannii.
contig_8	card~~~Plasmid-encoded_cat_(pp-cat)~~~D16171.1:382-1042~~~phenicol	98.636	660	9	0	131737	132396	660	1	0.0	1170	214836	660	card~~~Plasmid-encoded_cat_(pp-cat)~~~D16171.1:382-1042~~~phenicol Plasmid-encoded cat, or pp-cat, is a plasmid-encoded variant of the cat gene found in Photobacterium damselae subsp. piscicida.
contig_8	card~~~aadA15~~~DQ393783.1:1799-2591~~~aminoglycoside	92.803	792	57	0	122703	123494	792	1	0.0	1147	214836	792	card~~~aadA15~~~DQ393783.1:1799-2591~~~aminoglycoside aadA15 is an integron-encoded aminoglycoside nucleotidyltransferase gene in P. aeruginosa.
contig_8	card~~~aadA22~~~AM261837.1:73-865~~~aminoglycoside	92.021	777	62	0	122718	123494	777	1	0.0	1092	214836	792	card~~~aadA22~~~AM261837.1:73-865~~~aminoglycoside aadA22 is an aminoglycoside nucleotidyltransferase gene encoded by plasmids and integrons in S. enterica and E. coli.
contig_8	card~~~aadA21~~~AY171244.1:46-838~~~aminoglycoside	91.392	790	68	0	122705	123494	790	1	0.0	1083	214836	792	card~~~aadA21~~~AY171244.1:46-838~~~aminoglycoside aadA21 is an integron-encoded aminoglycoside nucleotidyltransferase gene in Salmonella spp.
contig_8	card~~~aadA23~~~AJ809407.1:118-898~~~aminoglycoside	91.517	778	66	0	122705	123482	778	1	0.0	1072	214836	780	card~~~aadA23~~~AJ809407.1:118-898~~~aminoglycoside aadA23 is an integron-encoded aminoglycoside nucleotidyltransferase gene in S. enterica.
contig_8	card~~~aadA24~~~DQ677333.1:0-780~~~aminoglycoside	91.003	778	70	0	122705	123482	778	1	0.0	1050	214836	780	card~~~aadA24~~~DQ677333.1:0-780~~~aminoglycoside aadA24 is an integron-encoded aminoglycoside nucleotidyltransferase gene in Salmonella spp.
contig_8	card~~~aadA~~~AF550679.1:81768-80976~~~aminoglycoside	89.494	790	83	0	122705	123494	790	1	0.0	1000	214836	792	card~~~aadA~~~AF550679.1:81768-80976~~~aminoglycoside ANT(3'')-Ia is an aminoglycoside nucleotidyltransferase gene encoded by plasmids, transposons, integrons in Enterobacteriaceae, A. baumannii, P. aeruginosa and Vibrio cholerae.
contig_8	card~~~aadA13~~~EU746499.1:639-1437~~~aminoglycoside	87.610	799	98	1	122696	123494	798	1	0.0	926	214836	798	card~~~aadA13~~~EU746499.1:639-1437~~~aminoglycoside aadA13 is an aminoglycoside nucleotidyltransferase gene encoded by plasmids and integrons in Pseudomonas rettgeri, P. aeruginosa, Y. enterocolitica and E. coli.
contig_8	card~~~dfrA12~~~GU585907.1:22103-21605~~~diaminopyrimidine	100.000	498	0	0	123902	124399	498	1	0.0	920	214836	498	card~~~dfrA12~~~GU585907.1:22103-21605~~~diaminopyrimidine dfrA12 is an integron-encoded dihydrofolate reductase found in Vibrio cholerae.
contig_8	card~~~qacEdelta1~~~U49101.1:1490-1838~~~disinfecting_agents_and_antiseptics	100.000	348	0	0	122192	122539	348	1	0.0	643	214836	348	card~~~qacEdelta1~~~U49101.1:1490-1838~~~disinfecting_agents_and_antiseptics QacEdelta1 is a resistance gene conferring resistance to antiseptics. It is different from QacE only at the 3'-terminus.
contig_8	card~~~qacE~~~HQ730118.1:5174-5507~~~disinfecting_agents_and_antiseptics	99.291	282	2	0	122258	122539	282	1	2.09e-142	510	214836	333	card~~~qacE~~~HQ730118.1:5174-5507~~~disinfecting_agents_and_antiseptics QacE is a resistance gene conferring resistance to antiseptics.
contig_8	card~~~aadA11~~~AY758206.1:2743-3589~~~aminoglycoside	78.019	828	171	7	122656	123474	846	21	2.09e-142	510	214836	846	card~~~aadA11~~~AY758206.1:2743-3589~~~aminoglycoside aadA11 is an integron-encoded aminoglycoside nucleotidyltransferase gene in E. coli and P. aeruginosa.
contig_8	card~~~aadA6/aadA10~~~AM087405.1:1748-2582~~~aminoglycoside	79.306	720	147	2	122756	123474	739	21	3.50e-140	503	214836	834	card~~~aadA6/aadA10~~~AM087405.1:1748-2582~~~aminoglycoside aadA6/aadA10 is an integron-encoded aminoglycoside nucleotidyltransferase gene cassette in P. aeruginosa.
contig_8	card~~~ANT(3'')-II-AAC(6')-IId_bifunctional_protein~~~AF453998.2:3554-4946~~~aminoglycoside	79.306	720	147	2	122756	123474	739	21	3.50e-140	503	214836	1392	card~~~ANT(3'')-II-AAC(6')-IId_bifunctional_protein~~~AF453998.2:3554-4946~~~aminoglycoside ANT(3'')-II-AAC(6')-IId is an integron-encoded aminoglycoside acetyltransferase in S. marcescens.
contig_8	card~~~aadA6~~~AM087411.1:1611-2457~~~aminoglycoside	77.751	827	175	6	122656	123474	846	21	4.52e-139	499	214836	846	card~~~aadA6~~~AM087411.1:1611-2457~~~aminoglycoside aadA6 is an integron-encoded aminoglycoside nucleotidyltransferase gene in P. aeruginosa.
contig_8	card~~~dfr22~~~AJ628423.2:324-822~~~diaminopyrimidine	83.735	498	81	0	123902	124399	498	1	9.86e-131	472	214836	498	card~~~dfr22~~~AJ628423.2:324-822~~~diaminopyrimidine Dfr22 is a dihydrofolate reductase that confers resistant to Trimethoprim. Originally detected by Grape et al., (2005) and isolated from Escherichia coli.
contig_8	card~~~dfrA22~~~KF525301.1:105-603~~~diaminopyrimidine	83.534	498	82	0	123902	124399	498	1	4.59e-129	466	214836	498	card~~~dfrA22~~~KF525301.1:105-603~~~diaminopyrimidine dfrA22 is an integron-encoded dihydrofolate reductase found in Salmonella enterica.
contig_8	card~~~aadA16~~~EU675686.2:3196-4042~~~aminoglycoside	77.016	831	174	13	122656	123474	846	21	2.13e-127	460	214836	846	card~~~aadA16~~~EU675686.2:3196-4042~~~aminoglycoside aadA16 is an aminoglycoside nucleotidyltransferase gene encoded by plasmids and integrons in E. coli, V. cholerae and K. pneumoniae.
contig_8	card~~~aadA7~~~AB114632.1:655-1453~~~aminoglycoside	77.437	718	154	8	122761	123474	734	21	1.01e-115	422	214836	798	card~~~aadA7~~~AB114632.1:655-1453~~~aminoglycoside aadA7 is an integron-encoded aminoglycoside nucleotidyltransferase gene in V. fluvialis, P. aeruginosa, E. coli, V. cholerae and S. enterica.
contig_8	card~~~AAC(6')-Ib7~~~KR091911.1:75350-74564~~~aminoglycoside	99.535	215	1	0	124400	124614	215	1	7.89e-107	392	214836	786	card~~~AAC(6')-Ib7~~~KR091911.1:75350-74564~~~aminoglycoside AAC(6')-Ib7 is a plasmid-encoded aminoglycoside acetyltransferase in E. cloacae and C. freundii.
contig_8	card~~~CARB-58~~~MT990446.1:54-1044~~~penicillin_beta-lactam	100.000	64	0	0	124398	124461	64	1	1.48e-24	119	214836	990	card~~~CARB-58~~~MT990446.1:54-1044~~~penicillin_beta-lactam CARB-58 is a PSE family class A carbenicillin-hydrolyzing CARB-like beta-lactamase.
contig_8	card~~~aadA9~~~DQ390458.1:3995-3095~~~aminoglycoside	97.015	67	1	1	124396	124461	67	1	2.48e-22	111	214836	900	card~~~aadA9~~~DQ390458.1:3995-3095~~~aminoglycoside aadA9 is a plasmid-encoded aminoglycoside nucleotidyltransferase gene in C. glutamicum.
contig_8	card~~~AAC(3)-Ib~~~L06157.1:554-1085~~~aminoglycoside	100.000	58	0	0	124404	124461	58	1	3.20e-21	108	214836	531	card~~~AAC(3)-Ib~~~L06157.1:554-1085~~~aminoglycoside AAC(3)-Ib is an integron-encoded aminoglycoside acetyltransferase in P. aeruginosa.
contig_9	card~~~KPC-3~~~AF395881.1:0-882~~~carbapenem;cephalosporin;monobactam;penicillin_beta-lactam	100.000	882	0	0	76689	77570	1	882	0.0	1629	79498	882	card~~~KPC-3~~~AF395881.1:0-882~~~carbapenem;cephalosporin;monobactam;penicillin_beta-lactam KPC-3 is a beta-lactamase found in Klebsiella pneumoniae.
contig_9	card~~~KPC-98~~~MZ893466.1:0-882~~~carbapenem;cephalosporin;monobactam;penicillin_beta-lactam	99.887	882	1	0	76689	77570	1	882	0.0	1624	79498	882	card~~~KPC-98~~~MZ893466.1:0-882~~~carbapenem;cephalosporin;monobactam;penicillin_beta-lactam KPC-98 is a KPC beta-lactamase.
contig_9	card~~~KPC-91~~~MZ404505.1:0-882~~~carbapenem;cephalosporin;monobactam;penicillin_beta-lactam	99.887	882	1	0	76689	77570	1	882	0.0	1624	79498	882	card~~~KPC-91~~~MZ404505.1:0-882~~~carbapenem;cephalosporin;monobactam;penicillin_beta-lactam Carbapenem-hydrolyzing class A beta-lactamase KPC-91.
contig_9	card~~~KPC-89~~~MZ401141.1:0-882~~~carbapenem;cephalosporin;monobactam;penicillin_beta-lactam	99.887	882	1	0	76689	77570	1	882	0.0	1624	79498	882	card~~~KPC-89~~~MZ401141.1:0-882~~~carbapenem;cephalosporin;monobactam;penicillin_beta-lactam Carbapenem-hydrolyzing class A beta-lactamase KPC-89.
contig_9	card~~~KPC-85~~~MW896839.1:0-882~~~carbapenem;cephalosporin;monobactam;penicillin_beta-lactam	99.887	882	1	0	76689	77570	1	882	0.0	1624	79498	882	card~~~KPC-85~~~MW896839.1:0-882~~~carbapenem;cephalosporin;monobactam;penicillin_beta-lactam Carbapenem-hydrolyzing class A beta-lactamase KPC-85.
contig_9	card~~~KPC-8~~~FJ234412.1:0-882~~~carbapenem;cephalosporin;monobactam;penicillin_beta-lactam	99.887	882	1	0	76689	77570	1	882	0.0	1624	79498	882	card~~~KPC-8~~~FJ234412.1:0-882~~~carbapenem;cephalosporin;monobactam;penicillin_beta-lactam KPC-8 is a beta-lactamase found in Klebsiella pneumoniae.
contig_9	card~~~KPC-7~~~EU729727.1:0-882~~~carbapenem;cephalosporin;monobactam;penicillin_beta-lactam	99.887	882	1	0	76689	77570	1	882	0.0	1624	79498	882	card~~~KPC-7~~~EU729727.1:0-882~~~carbapenem;cephalosporin;monobactam;penicillin_beta-lactam KPC-7 is a beta-lactamase found in Klebsiella pneumoniae.
contig_9	card~~~KPC-63~~~NG_073466.1:0-882~~~carbapenem;cephalosporin;monobactam;penicillin_beta-lactam	99.887	882	1	0	76689	77570	1	882	0.0	1624	79498	882	card~~~KPC-63~~~NG_073466.1:0-882~~~carbapenem;cephalosporin;monobactam;penicillin_beta-lactam KPC-63 is a KPC beta-lactamase.
contig_9	card~~~KPC-62~~~NG_073465.1:0-882~~~carbapenem;cephalosporin;monobactam;penicillin_beta-lactam	99.887	882	1	0	76689	77570	1	882	0.0	1624	79498	882	card~~~KPC-62~~~NG_073465.1:0-882~~~carbapenem;cephalosporin;monobactam;penicillin_beta-lactam KPC-62 is a KPC beta-lactamase.
contig_9	card~~~KPC-61~~~NG_070180.1:0-882~~~carbapenem;cephalosporin;monobactam;penicillin_beta-lactam	99.887	882	1	0	76689	77570	1	882	0.0	1624	79498	882	card~~~KPC-61~~~NG_070180.1:0-882~~~carbapenem;cephalosporin;monobactam;penicillin_beta-lactam KPC-61 is a KPC beta-lactamase.
contig_9	card~~~KPC-56~~~MT040751.1:0-882~~~carbapenem;cephalosporin;monobactam;penicillin_beta-lactam	99.887	882	1	0	76689	77570	1	882	0.0	1624	79498	882	card~~~KPC-56~~~MT040751.1:0-882~~~carbapenem;cephalosporin;monobactam;penicillin_beta-lactam Carbapenem-hydrolyzing class A beta-lactamase kpc-56 [Klebsiella pneumoniae] Accession: WP_087744800.1.
contig_9	card~~~KPC-49~~~MN619655.1:0-882~~~carbapenem;cephalosporin;monobactam;penicillin_beta-lactam	99.887	882	1	0	76689	77570	1	882	0.0	1624	79498	882	card~~~KPC-49~~~MN619655.1:0-882~~~carbapenem;cephalosporin;monobactam;penicillin_beta-lactam Carbapenem-hydrolyzing class A beta-lactamase kpc-49 [Escherichia coli] Accession: WP_197749402.1.
contig_9	card~~~KPC-46~~~MN267701.1:0-882~~~carbapenem;cephalosporin;monobactam;penicillin_beta-lactam	99.887	882	1	0	76689	77570	1	882	0.0	1624	79498	882	card~~~KPC-46~~~MN267701.1:0-882~~~carbapenem;cephalosporin;monobactam;penicillin_beta-lactam Inhibitor-resistant class A extended-spectrum beta-lactamase kpc-46 [Klebsiella pneumoniae] Accession: WP_148044421.1.
contig_9	card~~~KPC-39~~~MK118771.1:0-882~~~carbapenem;cephalosporin;monobactam;penicillin_beta-lactam	99.887	882	1	0	76689	77570	1	882	0.0	1624	79498	882	card~~~KPC-39~~~MK118771.1:0-882~~~carbapenem;cephalosporin;monobactam;penicillin_beta-lactam Carbapenem-hydrolyzing class A beta-lactamase kpc-39 [Klebsiella pneumoniae] Accession: WP_128268237.1.
contig_9	card~~~KPC-38~~~MK098861.1:0-882~~~carbapenem;cephalosporin;monobactam;penicillin_beta-lactam	99.887	882	1	0	76689	77570	1	882	0.0	1624	79498	882	card~~~KPC-38~~~MK098861.1:0-882~~~carbapenem;cephalosporin;monobactam;penicillin_beta-lactam Carbapenem-hydrolyzing class A beta-lactamase kpc-38 [Klebsiella pneumoniae] Accession: WP_123002101.1.
contig_9	card~~~KPC-36~~~MH593787.1:0-882~~~carbapenem;cephalosporin;monobactam;penicillin_beta-lactam	99.887	882	1	0	76689	77570	1	882	0.0	1624	79498	882	card~~~KPC-36~~~MH593787.1:0-882~~~carbapenem;cephalosporin;monobactam;penicillin_beta-lactam Carbapenem-hydrolyzing class A beta-lactamase kpc-36 [Klebsiella pneumoniae] Accession: WP_114699267.1.
contig_9	card~~~KPC-31~~~MAPH01000113.1:8511-9393~~~carbapenem;cephalosporin;monobactam;penicillin_beta-lactam	99.887	882	1	0	76689	77570	1	882	0.0	1624	79498	882	card~~~KPC-31~~~MAPH01000113.1:8511-9393~~~carbapenem;cephalosporin;monobactam;penicillin_beta-lactam Inhibitor-resistant carbapenem-hydrolyzing class A beta-lactamase kpc-31 [Klebsiella] Accession: WP_073668892.1.
contig_9	card~~~KPC-27~~~KX828722.1:0-882~~~carbapenem;cephalosporin;monobactam;penicillin_beta-lactam	99.887	882	1	0	76689	77570	1	882	0.0	1624	79498	882	card~~~KPC-27~~~KX828722.1:0-882~~~carbapenem;cephalosporin;monobactam;penicillin_beta-lactam Carbapenem-hydrolyzing class A beta-lactamase kpc-27 [Klebsiella pneumoniae] Accession: WP_077064886.1.
contig_9	card~~~KPC-232~~~PQ117762.1:0-882~~~carbapenem;cephalosporin;monobactam;penicillin_beta-lactam	99.887	882	1	0	76689	77570	1	882	0.0	1624	79498	882	card~~~KPC-232~~~PQ117762.1:0-882~~~carbapenem;cephalosporin;monobactam;penicillin_beta-lactam Carbapenem-hydrolyzing class A beta-lactamase KPC-232.
contig_9	card~~~KPC-231~~~PQ117760.1:0-882~~~carbapenem;cephalosporin;monobactam;penicillin_beta-lactam	99.887	882	1	0	76689	77570	1	882	0.0	1624	79498	882	card~~~KPC-231~~~PQ117760.1:0-882~~~carbapenem;cephalosporin;monobactam;penicillin_beta-lactam Carbapenem-hydrolyzing class A beta-lactamase KPC-231.
contig_9	card~~~KPC-23~~~MH450213.1:0-882~~~carbapenem;cephalosporin;monobactam;penicillin_beta-lactam	99.887	882	1	0	76689	77570	1	882	0.0	1624	79498	882	card~~~KPC-23~~~MH450213.1:0-882~~~carbapenem;cephalosporin;monobactam;penicillin_beta-lactam Carbapenem-hydrolyzing class A beta-lactamase kpc-23 [Klebsiella pneumoniae] Accession: WP_111672911.1.
contig_9	card~~~KPC-2~~~AY034847.1:5-887~~~carbapenem;cephalosporin;monobactam;penicillin_beta-lactam	99.887	882	1	0	76689	77570	1	882	0.0	1624	79498	882	card~~~KPC-2~~~AY034847.1:5-887~~~carbapenem;cephalosporin;monobactam;penicillin_beta-lactam KPC-2 is a beta-lactamase found in Klebsiella pneumoniae and Pseudomonas aeruginosa.
contig_9	card~~~KPC-184~~~OR282801.1:0-882~~~carbapenem;cephalosporin;monobactam;penicillin_beta-lactam	99.887	882	1	0	76689	77570	1	882	0.0	1624	79498	882	card~~~KPC-184~~~OR282801.1:0-882~~~carbapenem;cephalosporin;monobactam;penicillin_beta-lactam Carbapenem-hydrolyzing class A beta-lactamase KPC-184.
contig_9	card~~~KPC-178~~~OQ926587.1:0-882~~~carbapenem;cephalosporin;monobactam;penicillin_beta-lactam	99.887	882	1	0	76689	77570	1	882	0.0	1624	79498	882	card~~~KPC-178~~~OQ926587.1:0-882~~~carbapenem;cephalosporin;monobactam;penicillin_beta-lactam Inhibitor-resistant class A beta-lactamase KPC-178.
contig_9	card~~~KPC-149~~~OP778041.1:0-882~~~carbapenem;cephalosporin;monobactam;penicillin_beta-lactam	99.887	882	1	0	76689	77570	1	882	0.0	1624	79498	882	card~~~KPC-149~~~OP778041.1:0-882~~~carbapenem;cephalosporin;monobactam;penicillin_beta-lactam Carbapenem-hydrolyzing class A beta-lactamase KPC-149.
contig_9	card~~~KPC-130~~~ON794466.1:0-882~~~carbapenem;cephalosporin;monobactam;penicillin_beta-lactam	99.887	882	1	0	76689	77570	1	882	0.0	1624	79498	882	card~~~KPC-130~~~ON794466.1:0-882~~~carbapenem;cephalosporin;monobactam;penicillin_beta-lactam Class A beta-lactamase KPC-130.
contig_9	card~~~KPC-125~~~NG_080778.1:100-982~~~carbapenem;cephalosporin;monobactam;penicillin_beta-lactam	99.887	882	1	0	76689	77570	1	882	0.0	1624	79498	882	card~~~KPC-125~~~NG_080778.1:100-982~~~carbapenem;cephalosporin;monobactam;penicillin_beta-lactam KPC-125 is a KPC-type class A beta-lactamase. KPC-125 is a variant of KPC-3, differing by a D179A polymorphism within the omega-loop region.
contig_9	card~~~KPC-122~~~OM933720.1:0-882~~~carbapenem;cephalosporin;monobactam;penicillin_beta-lactam	99.887	882	1	0	76689	77570	1	882	0.0	1624	79498	882	card~~~KPC-122~~~OM933720.1:0-882~~~carbapenem;cephalosporin;monobactam;penicillin_beta-lactam Carbapenem-hydrolyzing class A beta-lactamase KPC-122.
contig_9	card~~~KPC-10~~~GQ140348.1:0-882~~~carbapenem;cephalosporin;monobactam;penicillin_beta-lactam	99.887	882	1	0	76689	77570	1	882	0.0	1624	79498	882	card~~~KPC-10~~~GQ140348.1:0-882~~~carbapenem;cephalosporin;monobactam;penicillin_beta-lactam KPC-10 is a beta-lactamase found in Klebsiella pneumoniae.
contig_9	card~~~KPC-99~~~OK086803.1:0-882~~~carbapenem;cephalosporin;monobactam;penicillin_beta-lactam	99.773	882	2	0	76689	77570	1	882	0.0	1618	79498	882	card~~~KPC-99~~~OK086803.1:0-882~~~carbapenem;cephalosporin;monobactam;penicillin_beta-lactam KPC-99 is a KPC class A beta-lactamase.
contig_9	card~~~KPC-96~~~OK086970.1:0-882~~~carbapenem;cephalosporin;monobactam;penicillin_beta-lactam	99.773	882	2	0	76689	77570	1	882	0.0	1618	79498	882	card~~~KPC-96~~~OK086970.1:0-882~~~carbapenem;cephalosporin;monobactam;penicillin_beta-lactam KPC-96 is a KPC beta-lactamase.
contig_9	card~~~KPC-95~~~MZ646141.1:0-882~~~carbapenem;cephalosporin;monobactam;penicillin_beta-lactam	99.773	882	2	0	76689	77570	1	882	0.0	1618	79498	882	card~~~KPC-95~~~MZ646141.1:0-882~~~carbapenem;cephalosporin;monobactam;penicillin_beta-lactam KPC-95 is a chromosome-encoded carbapenemase found in Klebsiella pneumonia.
contig_9	card~~~KPC-88~~~MZ067231.1:0-882~~~carbapenem;cephalosporin;monobactam;penicillin_beta-lactam	99.773	882	2	0	76689	77570	1	882	0.0	1618	79498	882	card~~~KPC-88~~~MZ067231.1:0-882~~~carbapenem;cephalosporin;monobactam;penicillin_beta-lactam Inhibitor-resistant extended-spectrum class A beta-lactamase KPC-88.
contig_9	card~~~KPC-86~~~MZ067229.1:0-882~~~carbapenem;cephalosporin;monobactam;penicillin_beta-lactam	99.773	882	2	0	76689	77570	1	882	0.0	1618	79498	882	card~~~KPC-86~~~MZ067229.1:0-882~~~carbapenem;cephalosporin;monobactam;penicillin_beta-lactam KPC-86 is a chromosome-encoded carbapenemase found in Klebsiella pneumonia.
contig_9	card~~~KPC-84~~~MW657985.1:0-882~~~carbapenem;cephalosporin;monobactam;penicillin_beta-lactam	99.773	882	2	0	76689	77570	1	882	0.0	1618	79498	882	card~~~KPC-84~~~MW657985.1:0-882~~~carbapenem;cephalosporin;monobactam;penicillin_beta-lactam Inhibitor-resistant carbapenem-hydrolyzing class A beta-lactamase KPC-84.
contig_9	card~~~KPC-83~~~MW581775.1:0-882~~~carbapenem;cephalosporin;monobactam;penicillin_beta-lactam	99.773	882	2	0	76689	77570	1	882	0.0	1618	79498	882	card~~~KPC-83~~~MW581775.1:0-882~~~carbapenem;cephalosporin;monobactam;penicillin_beta-lactam KPC-83 is a KPC beta-lactamase.
contig_9	card~~~KPC-78~~~NG_071204.1:0-882~~~carbapenem;cephalosporin;monobactam;penicillin_beta-lactam	99.773	882	2	0	76689	77570	1	882	0.0	1618	79498	882	card~~~KPC-78~~~NG_071204.1:0-882~~~carbapenem;cephalosporin;monobactam;penicillin_beta-lactam KPC-78 is a KPC beta-lactamase.
contig_9	card~~~KPC-77~~~NG_070897.1:0-882~~~carbapenem;cephalosporin;monobactam;penicillin_beta-lactam	99.773	882	2	0	76689	77570	1	882	0.0	1618	79498	882	card~~~KPC-77~~~NG_070897.1:0-882~~~carbapenem;cephalosporin;monobactam;penicillin_beta-lactam KPC-77 is a KPC beta-lactamase.
contig_9	card~~~KPC-75~~~NG_070743.1:0-882~~~carbapenem;cephalosporin;monobactam;penicillin_beta-lactam	99.773	882	2	0	76689	77570	1	882	0.0	1618	79498	882	card~~~KPC-75~~~NG_070743.1:0-882~~~carbapenem;cephalosporin;monobactam;penicillin_beta-lactam KPC-75 is a KPC beta-lactamase.
contig_9	card~~~KPC-72~~~NG_070740.1:0-882~~~carbapenem;cephalosporin;monobactam;penicillin_beta-lactam	99.773	882	2	0	76689	77570	1	882	0.0	1618	79498	882	card~~~KPC-72~~~NG_070740.1:0-882~~~carbapenem;cephalosporin;monobactam;penicillin_beta-lactam KPC-72 is a KPC beta-lactamase.
contig_9	card~~~KPC-70~~~MT809701.1:38090-37208~~~carbapenem;cephalosporin;monobactam;penicillin_beta-lactam	99.773	882	2	0	76689	77570	1	882	0.0	1618	79498	882	card~~~KPC-70~~~MT809701.1:38090-37208~~~carbapenem;cephalosporin;monobactam;penicillin_beta-lactam Inhibitor-resistant extended-spectrum class A beta-lactamase KPC-70.
contig_9	card~~~KPC-60~~~NG_070179.1:0-882~~~carbapenem;cephalosporin;monobactam;penicillin_beta-lactam	99.773	882	2	0	76689	77570	1	882	0.0	1618	79498	882	card~~~KPC-60~~~NG_070179.1:0-882~~~carbapenem;cephalosporin;monobactam;penicillin_beta-lactam KPC-60 is a KPC beta-lactamase.
contig_9	card~~~KPC-6~~~EU555534.1:0-882~~~carbapenem;cephalosporin;monobactam;penicillin_beta-lactam	99.773	882	2	0	76689	77570	1	882	0.0	1618	79498	882	card~~~KPC-6~~~EU555534.1:0-882~~~carbapenem;cephalosporin;monobactam;penicillin_beta-lactam KPC-6 is a beta-lactamase found in Klebsiella pneumoniae.
contig_9	card~~~KPC-59~~~NG_070178.1:0-882~~~carbapenem;cephalosporin;monobactam;penicillin_beta-lactam	99.773	882	2	0	76689	77570	1	882	0.0	1618	79498	882	card~~~KPC-59~~~NG_070178.1:0-882~~~carbapenem;cephalosporin;monobactam;penicillin_beta-lactam KPC-59 is a KPC beta-lactamase.
contig_9	card~~~KPC-57~~~MT358626.1:0-882~~~carbapenem;cephalosporin;monobactam;penicillin_beta-lactam	99.773	882	2	0	76689	77570	1	882	0.0	1618	79498	882	card~~~KPC-57~~~MT358626.1:0-882~~~carbapenem;cephalosporin;monobactam;penicillin_beta-lactam Inhibitor-resistant carbapenem-hydrolyzing class A beta-lactamase kpc-57 [Klebsiella pneumoniae] Accession: WP_171476789.1.
contig_9	card~~~KPC-55~~~MT028409.1:14912-15794~~~carbapenem;cephalosporin;monobactam;penicillin_beta-lactam	99.773	882	2	0	76689	77570	1	882	0.0	1618	79498	882	card~~~KPC-55~~~MT028409.1:14912-15794~~~carbapenem;cephalosporin;monobactam;penicillin_beta-lactam Carbapenem-hydrolyzing class A beta-lactamase kpc-55 [Klebsiella pneumoniae] Accession: WP_168247883.1.
contig_9	card~~~KPC-54~~~MN854706.1:0-882~~~carbapenem;cephalosporin;monobactam;penicillin_beta-lactam	99.773	882	2	0	76689	77570	1	882	0.0	1618	79498	882	card~~~KPC-54~~~MN854706.1:0-882~~~carbapenem;cephalosporin;monobactam;penicillin_beta-lactam Carbapenem-hydrolyzing class A beta-lactamase kpc-54 [Klebsiella pneumoniae] Accession: WP_160164839.1.
contig_9	card~~~KPC-5~~~EU400222.2:2159-3041~~~carbapenem;cephalosporin;monobactam;penicillin_beta-lactam	99.773	882	2	0	76689	77570	1	882	0.0	1618	79498	882	card~~~KPC-5~~~EU400222.2:2159-3041~~~carbapenem;cephalosporin;monobactam;penicillin_beta-lactam KPC-5 is a beta-lactamase found in Klebsiella pneumoniae and Pseudomonas aeruginosa.
contig_9	card~~~KPC-48~~~MN422013.1:0-882~~~carbapenem;cephalosporin;monobactam;penicillin_beta-lactam	99.773	882	2	0	76689	77570	1	882	0.0	1618	79498	882	card~~~KPC-48~~~MN422013.1:0-882~~~carbapenem;cephalosporin;monobactam;penicillin_beta-lactam Inhibitor-resistant extended-spectrum class A beta-lactamase KPC-48.
contig_9	card~~~KPC-47~~~MN422012.1:0-882~~~carbapenem;cephalosporin;monobactam;penicillin_beta-lactam	99.773	882	2	0	76689	77570	1	882	0.0	1618	79498	882	card~~~KPC-47~~~MN422012.1:0-882~~~carbapenem;cephalosporin;monobactam;penicillin_beta-lactam Inhibitor-resistant extended-spectrum class A beta-lactamase KPC-47.
contig_9	card~~~KPC-45~~~MN104596.1:0-882~~~carbapenem;cephalosporin;monobactam;penicillin_beta-lactam	99.773	882	2	0	76689	77570	1	882	0.0	1618	79498	882	card~~~KPC-45~~~MN104596.1:0-882~~~carbapenem;cephalosporin;monobactam;penicillin_beta-lactam Carbapenem-hydrolyzing class A beta-lactamase kpc-45 [Enterobacter cloacae] Accession: WP_148044420.1.
contig_9	card~~~KPC-43~~~MK628511.1:0-882~~~carbapenem;cephalosporin;monobactam;penicillin_beta-lactam	99.773	882	2	0	76689	77570	1	882	0.0	1618	79498	882	card~~~KPC-43~~~MK628511.1:0-882~~~carbapenem;cephalosporin;monobactam;penicillin_beta-lactam Carbapenem-hydrolyzing class A beta-lactamase kpc-43 [Klebsiella pneumoniae] Accession: WP_136512071.1.
contig_9	card~~~KPC-42~~~MK467612.1:0-882~~~carbapenem;cephalosporin;monobactam;penicillin_beta-lactam	99.773	882	2	0	76689	77570	1	882	0.0	1618	79498	882	card~~~KPC-42~~~MK467612.1:0-882~~~carbapenem;cephalosporin;monobactam;penicillin_beta-lactam Carbapenem-hydrolyzing class A beta-lactamase kpc-42 [Klebsiella pneumoniae] Accession: WP_136512070.1.
contig_9	card~~~KPC-35~~~MH404098.1:0-882~~~carbapenem;cephalosporin;monobactam;penicillin_beta-lactam	99.773	882	2	0	76689	77570	1	882	0.0	1618	79498	882	card~~~KPC-35~~~MH404098.1:0-882~~~carbapenem;cephalosporin;monobactam;penicillin_beta-lactam Carbapenem-hydrolyzing class A beta-lactamase kpc-35 [Klebsiella pneumoniae] Accession: WP_111273852.1.
contig_9	card~~~KPC-33~~~CP025144.1:87792-88674~~~carbapenem;cephalosporin;monobactam;penicillin_beta-lactam	99.773	882	2	0	76689	77570	1	882	0.0	1618	79498	882	card~~~KPC-33~~~CP025144.1:87792-88674~~~carbapenem;cephalosporin;monobactam;penicillin_beta-lactam Inhibitor-resistant class A extended-spectrum beta-lactamase kpc-33 [Klebsiella pneumoniae] Accession: WP_101140102.1.
contig_9	card~~~KPC-32~~~MAPO01000050.1:8511-9393~~~carbapenem;cephalosporin;monobactam;penicillin_beta-lactam	99.773	882	2	0	76689	77570	1	882	0.0	1618	79498	882	card~~~KPC-32~~~MAPO01000050.1:8511-9393~~~carbapenem;cephalosporin;monobactam;penicillin_beta-lactam Inhibitor-resistant carbapenem-hydrolyzing class A beta-lactamase kpc-32 [Klebsiella pneumoniae] Accession: WP_073800284.1.
contig_9	card~~~KPC-30~~~KY646302.1:0-882~~~carbapenem;cephalosporin;monobactam;penicillin_beta-lactam	99.773	882	2	0	76689	77570	1	882	0.0	1618	79498	882	card~~~KPC-30~~~KY646302.1:0-882~~~carbapenem;cephalosporin;monobactam;penicillin_beta-lactam Inhibitor-resistant carbapenem-hydrolyzing class A beta-lactamase kpc-30 [Klebsiella pneumoniae] Accession: WP_085562399.1.
contig_9	card~~~KPC-26~~~KX619622.1:0-882~~~carbapenem;cephalosporin;monobactam;penicillin_beta-lactam	99.773	882	2	0	76689	77570	1	882	0.0	1618	79498	882	card~~~KPC-26~~~KX619622.1:0-882~~~carbapenem;cephalosporin;monobactam;penicillin_beta-lactam Carbapenem-hydrolyzing class A beta-lactamase kpc-26 [Klebsiella pneumoniae] Accession: WP_068981634.1.
contig_9	card~~~KPC-24~~~KR052099.1:5211-6093~~~carbapenem;cephalosporin;monobactam;penicillin_beta-lactam	99.773	882	2	0	76689	77570	1	882	0.0	1618	79498	882	card~~~KPC-24~~~KR052099.1:5211-6093~~~carbapenem;cephalosporin;monobactam;penicillin_beta-lactam A KPC class A beta-lactamase and carbapenemase identified from Chilean isolates of Klebsiella pneumoniae.
contig_9	card~~~KPC-236~~~PQ394549.1:0-882~~~carbapenem;cephalosporin;monobactam;penicillin_beta-lactam	99.773	882	2	0	76689	77570	1	882	0.0	1618	79498	882	card~~~KPC-236~~~PQ394549.1:0-882~~~carbapenem;cephalosporin;monobactam;penicillin_beta-lactam Carbapenem-hydrolyzing class A beta-lactamase KPC-236.
contig_9	card~~~KPC-224~~~PP728767.1:0-882~~~carbapenem;cephalosporin;monobactam;penicillin_beta-lactam	99.773	882	2	0	76689	77570	1	882	0.0	1618	79498	882	card~~~KPC-224~~~PP728767.1:0-882~~~carbapenem;cephalosporin;monobactam;penicillin_beta-lactam Inhibitor-resistant carbapenem-hydrolyzing class A beta-lactamase KPC-224.
contig_9	card~~~KPC-223~~~PP701811.1:0-882~~~carbapenem;cephalosporin;monobactam;penicillin_beta-lactam	99.773	882	2	0	76689	77570	1	882	0.0	1618	79498	882	card~~~KPC-223~~~PP701811.1:0-882~~~carbapenem;cephalosporin;monobactam;penicillin_beta-lactam Carbapenem-hydrolyzing class A beta-lactamase KPC-223.
contig_9	card~~~KPC-215~~~PP194263.1:0-882~~~carbapenem;cephalosporin;monobactam;penicillin_beta-lactam	99.773	882	2	0	76689	77570	1	882	0.0	1618	79498	882	card~~~KPC-215~~~PP194263.1:0-882~~~carbapenem;cephalosporin;monobactam;penicillin_beta-lactam Inhibitor-resistant carbapenem-hydrolyzing class A beta-lactamase KPC-215.
contig_9	card~~~KPC-214~~~PP194261.1:0-882~~~carbapenem;cephalosporin;monobactam;penicillin_beta-lactam	99.773	882	2	0	76689	77570	1	882	0.0	1618	79498	882	card~~~KPC-214~~~PP194261.1:0-882~~~carbapenem;cephalosporin;monobactam;penicillin_beta-lactam Inhibitor-resistant carbapenem-hydrolyzing class A beta-lactamase KPC-214.
contig_9	card~~~KPC-213~~~PP194260.1:0-882~~~carbapenem;cephalosporin;monobactam;penicillin_beta-lactam	99.773	882	2	0	76689	77570	1	882	0.0	1618	79498	882	card~~~KPC-213~~~PP194260.1:0-882~~~carbapenem;cephalosporin;monobactam;penicillin_beta-lactam Inhibitor-resistant carbapenem-hydrolyzing class A beta-lactamase KPC-213.
contig_9	card~~~KPC-212~~~PP194259.1:0-882~~~carbapenem;cephalosporin;monobactam;penicillin_beta-lactam	99.773	882	2	0	76689	77570	1	882	0.0	1618	79498	882	card~~~KPC-212~~~PP194259.1:0-882~~~carbapenem;cephalosporin;monobactam;penicillin_beta-lactam Carbapenem-hydrolyzing class A beta-lactamase KPC-212.
contig_9	card~~~KPC-21~~~NG_049254.1:0-882~~~carbapenem;cephalosporin;monobactam;penicillin_beta-lactam	99.773	882	2	0	76689	77570	1	882	0.0	1618	79498	882	card~~~KPC-21~~~NG_049254.1:0-882~~~carbapenem;cephalosporin;monobactam;penicillin_beta-lactam KPC-21 is a beta-lactamase. Name originally from the historical Lahey list of beta-lactamases, some of which did not include sequence data.
contig_9	card~~~KPC-195~~~OR590804.1:0-882~~~carbapenem;cephalosporin;monobactam;penicillin_beta-lactam	99.773	882	2	0	76689	77570	1	882	0.0	1618	79498	882	card~~~KPC-195~~~OR590804.1:0-882~~~carbapenem;cephalosporin;monobactam;penicillin_beta-lactam Carbapenem-hydrolyzing class A beta-lactamase KPC-195.
contig_9	card~~~KPC-19~~~KJ775801.1:0-882~~~carbapenem;cephalosporin;monobactam;penicillin_beta-lactam	99.773	882	2	0	76689	77570	1	882	0.0	1618	79498	882	card~~~KPC-19~~~KJ775801.1:0-882~~~carbapenem;cephalosporin;monobactam;penicillin_beta-lactam KPC-19 is a beta-lactamase. Name originally from the historical Lahey list of beta-lactamases, some of which did not include sequence data.
contig_9	card~~~KPC-182~~~OR282796.1:0-882~~~carbapenem;cephalosporin;monobactam;penicillin_beta-lactam	99.773	882	2	0	76689	77570	1	882	0.0	1618	79498	882	card~~~KPC-182~~~OR282796.1:0-882~~~carbapenem;cephalosporin;monobactam;penicillin_beta-lactam Carbapenem-hydrolyzing class A beta-lactamase KPC-182.
contig_9	card~~~KPC-181~~~OR282795.1:0-882~~~carbapenem;cephalosporin;monobactam;penicillin_beta-lactam	99.773	882	2	0	76689	77570	1	882	0.0	1618	79498	882	card~~~KPC-181~~~OR282795.1:0-882~~~carbapenem;cephalosporin;monobactam;penicillin_beta-lactam Carbapenem-hydrolyzing class A beta-lactamase KPC-181.
contig_9	card~~~KPC-180~~~OR206047.1:1-883~~~carbapenem;cephalosporin;monobactam;penicillin_beta-lactam	99.773	882	2	0	76689	77570	1	882	0.0	1618	79498	882	card~~~KPC-180~~~OR206047.1:1-883~~~carbapenem;cephalosporin;monobactam;penicillin_beta-lactam Inhibitor-resistant carbapenem-hydrolyzing class A beta-lactamase KPC-180.
contig_9	card~~~KPC-18~~~KP681699.1:0-882~~~carbapenem;cephalosporin;monobactam;penicillin_beta-lactam	99.773	882	2	0	76689	77570	1	882	0.0	1618	79498	882	card~~~KPC-18~~~KP681699.1:0-882~~~carbapenem;cephalosporin;monobactam;penicillin_beta-lactam KPC-18 is a beta-lactamase. Name originally from the historical Lahey list of beta-lactamases, some of which did not include sequence data.
contig_9	card~~~KPC-176~~~OR687591.1:0-882~~~carbapenem;cephalosporin;monobactam;penicillin_beta-lactam	99.773	882	2	0	76689	77570	1	882	0.0	1618	79498	882	card~~~KPC-176~~~OR687591.1:0-882~~~carbapenem;cephalosporin;monobactam;penicillin_beta-lactam Inhibitor-resistant carbapenem-hydrolyzing class A beta-lactamase KPC-176.
contig_9	card~~~KPC-172~~~OQ856771.1:0-882~~~carbapenem;cephalosporin;monobactam;penicillin_beta-lactam	99.773	882	2	0	76689	77570	1	882	0.0	1618	79498	882	card~~~KPC-172~~~OQ856771.1:0-882~~~carbapenem;cephalosporin;monobactam;penicillin_beta-lactam Inhibitor-resistant extended-spectrum class A beta-lactamase KPC-172.
contig_9	card~~~KPC-170~~~OR449906.1:0-882~~~carbapenem;cephalosporin;monobactam;penicillin_beta-lactam	99.773	882	2	0	76689	77570	1	882	0.0	1618	79498	882	card~~~KPC-170~~~OR449906.1:0-882~~~carbapenem;cephalosporin;monobactam;penicillin_beta-lactam Inhibitor-resistant extended-spectrum class A beta-lactamase KPC-170.
contig_9	card~~~KPC-17~~~KC465200.1:0-882~~~carbapenem;cephalosporin;monobactam;penicillin_beta-lactam	99.773	882	2	0	76689	77570	1	882	0.0	1618	79498	882	card~~~KPC-17~~~KC465200.1:0-882~~~carbapenem;cephalosporin;monobactam;penicillin_beta-lactam KPC-17 is a beta-lactamase. Name originally from the historical Lahey list of beta-lactamases, some of which did not include sequence data.
contig_9	card~~~KPC-168~~~OR568564.1:0-882~~~carbapenem;cephalosporin;monobactam;penicillin_beta-lactam	99.773	882	2	0	76689	77570	1	882	0.0	1618	79498	882	card~~~KPC-168~~~OR568564.1:0-882~~~carbapenem;cephalosporin;monobactam;penicillin_beta-lactam Inhibitor-resistant carbapenem-hydrolyzing class A beta-lactamase KPC-168.
contig_9	card~~~KPC-165~~~OQ579141.1:0-882~~~carbapenem;cephalosporin;monobactam;penicillin_beta-lactam	99.773	882	2	0	76689	77570	1	882	0.0	1618	79498	882	card~~~KPC-165~~~OQ579141.1:0-882~~~carbapenem;cephalosporin;monobactam;penicillin_beta-lactam Carbapenem-hydrolyzing class A beta-lactamase KPC-165.
contig_9	card~~~KPC-158~~~OQ305823.1:0-882~~~carbapenem;cephalosporin;monobactam;penicillin_beta-lactam	99.773	882	2	0	76689	77570	1	882	0.0	1618	79498	882	card~~~KPC-158~~~OQ305823.1:0-882~~~carbapenem;cephalosporin;monobactam;penicillin_beta-lactam Inhibitor-resistant carbapenem-hydrolyzing class A beta-lactamase KPC-158.
contig_9	card~~~KPC-157~~~JAPQEX020000004.1:57056-57938~~~carbapenem;cephalosporin;monobactam;penicillin_beta-lactam	99.773	882	2	0	76689	77570	1	882	0.0	1618	79498	882	card~~~KPC-157~~~JAPQEX020000004.1:57056-57938~~~carbapenem;cephalosporin;monobactam;penicillin_beta-lactam Carbapenem-hydrolyzing class A beta-lactamase KPC-157.
contig_9	card~~~KPC-156~~~OQ390084.1:286-1168~~~carbapenem;cephalosporin;monobactam;penicillin_beta-lactam	99.773	882	2	0	76689	77570	1	882	0.0	1618	79498	882	card~~~KPC-156~~~OQ390084.1:286-1168~~~carbapenem;cephalosporin;monobactam;penicillin_beta-lactam Carbapenem-hydrolyzing class A beta-lactamase KPC-156.
contig_9	card~~~KPC-147~~~OP696904.1:0-882~~~carbapenem;cephalosporin;monobactam;penicillin_beta-lactam	99.773	882	2	0	76689	77570	1	882	0.0	1618	79498	882	card~~~KPC-147~~~OP696904.1:0-882~~~carbapenem;cephalosporin;monobactam;penicillin_beta-lactam Carbapenem-hydrolyzing class A beta-lactamase KPC-147.
contig_9	card~~~KPC-146~~~OP696903.1:0-882~~~carbapenem;cephalosporin;monobactam;penicillin_beta-lactam	99.773	882	2	0	76689	77570	1	882	0.0	1618	79498	882	card~~~KPC-146~~~OP696903.1:0-882~~~carbapenem;cephalosporin;monobactam;penicillin_beta-lactam Carbapenem-hydrolyzing class A beta-lactamase KPC-146.
contig_9	card~~~KPC-144~~~OP559533.1:0-882~~~carbapenem;cephalosporin;monobactam;penicillin_beta-lactam	99.773	882	2	0	76689	77570	1	882	0.0	1618	79498	882	card~~~KPC-144~~~OP559533.1:0-882~~~carbapenem;cephalosporin;monobactam;penicillin_beta-lactam Inhibitor-resistant carbapenem-hydrolyzing class A beta-lactamase KPC-144.
contig_9	card~~~KPC-136~~~OQ579152.1:0-882~~~carbapenem;cephalosporin;monobactam;penicillin_beta-lactam	99.773	882	2	0	76689	77570	1	882	0.0	1618	79498	882	card~~~KPC-136~~~OQ579152.1:0-882~~~carbapenem;cephalosporin;monobactam;penicillin_beta-lactam Carbapenem-hydrolyzing class A beta-lactamase KPC-136.
contig_9	card~~~KPC-131~~~ON823194.1:2214-1332~~~carbapenem;cephalosporin;monobactam;penicillin_beta-lactam	99.773	882	2	0	76689	77570	1	882	0.0	1618	79498	882	card~~~KPC-131~~~ON823194.1:2214-1332~~~carbapenem;cephalosporin;monobactam;penicillin_beta-lactam Carbapenem-hydrolyzing class A beta-lactamase KPC-131.
contig_9	card~~~KPC-13~~~HQ342889.1:0-882~~~carbapenem;cephalosporin;monobactam;penicillin_beta-lactam	99.773	882	2	0	76689	77570	1	882	0.0	1618	79498	882	card~~~KPC-13~~~HQ342889.1:0-882~~~carbapenem;cephalosporin;monobactam;penicillin_beta-lactam KPC-13 is a beta-lactamase. Name originally from the historical Lahey list of beta-lactamases, some of which did not include sequence data.
contig_9	card~~~KPC-126~~~OM830488.1:882-0~~~carbapenem;cephalosporin;monobactam;penicillin_beta-lactam	99.773	882	2	0	76689	77570	1	882	0.0	1618	79498	882	card~~~KPC-126~~~OM830488.1:882-0~~~carbapenem;cephalosporin;monobactam;penicillin_beta-lactam Carbapenem-hydrolyzing class A beta-lactamase KPC-126.
contig_9	card~~~KPC-12~~~HQ641421.1:0-882~~~carbapenem;cephalosporin;monobactam;penicillin_beta-lactam	99.773	882	2	0	76689	77570	1	882	0.0	1618	79498	882	card~~~KPC-12~~~HQ641421.1:0-882~~~carbapenem;cephalosporin;monobactam;penicillin_beta-lactam KPC-12 is a beta-lactamase. Name originally from the historical Lahey list of beta-lactamases, some of which did not include sequence data.
contig_9	card~~~KPC-119~~~OM933713.1:882-0~~~carbapenem;cephalosporin;monobactam;penicillin_beta-lactam	99.773	882	2	0	76689	77570	1	882	0.0	1618	79498	882	card~~~KPC-119~~~OM933713.1:882-0~~~carbapenem;cephalosporin;monobactam;penicillin_beta-lactam Carbapenem-hydrolyzing class A beta-lactamase KPC-119.
contig_9	card~~~KPC-118~~~OM933712.1:882-0~~~carbapenem;cephalosporin;monobactam;penicillin_beta-lactam	99.773	882	2	0	76689	77570	1	882	0.0	1618	79498	882	card~~~KPC-118~~~OM933712.1:882-0~~~carbapenem;cephalosporin;monobactam;penicillin_beta-lactam Carbapenem-hydrolyzing class A beta-lactamase KPC-118.
contig_9	card~~~KPC-116~~~OM729575.1:882-0~~~carbapenem;cephalosporin;monobactam;penicillin_beta-lactam	99.773	882	2	0	76689	77570	1	882	0.0	1618	79498	882	card~~~KPC-116~~~OM729575.1:882-0~~~carbapenem;cephalosporin;monobactam;penicillin_beta-lactam Carbapenem-hydrolyzing class A beta-lactamase KPC-116.
contig_9	card~~~KPC-111~~~OL744330.1:12172-13054~~~carbapenem;cephalosporin;monobactam;penicillin_beta-lactam	99.773	882	2	0	76689	77570	1	882	0.0	1618	79498	882	card~~~KPC-111~~~OL744330.1:12172-13054~~~carbapenem;cephalosporin;monobactam;penicillin_beta-lactam Inhibitor-resistant class A beta-lactamase KPC-111.
contig_9	card~~~KPC-110~~~CP100313.1:38092-37210~~~carbapenem;cephalosporin;monobactam;penicillin_beta-lactam	99.773	882	2	0	76689	77570	1	882	0.0	1618	79498	882	card~~~KPC-110~~~CP100313.1:38092-37210~~~carbapenem;cephalosporin;monobactam;penicillin_beta-lactam Inhibitor-resistant class A beta-lactamase KPC-110.
contig_9	card~~~KPC-11~~~HM066995.1:0-882~~~carbapenem;cephalosporin;monobactam;penicillin_beta-lactam	99.773	882	2	0	76689	77570	1	882	0.0	1618	79498	882	card~~~KPC-11~~~HM066995.1:0-882~~~carbapenem;cephalosporin;monobactam;penicillin_beta-lactam KPC-11 is a beta-lactamase found in Klebsiella pneumoniae.
contig_9	card~~~KPC-100~~~ON521726.1:913-31~~~carbapenem;cephalosporin;monobactam;penicillin_beta-lactam	99.773	882	2	0	76689	77570	1	882	0.0	1618	79498	882	card~~~KPC-100~~~ON521726.1:913-31~~~carbapenem;cephalosporin;monobactam;penicillin_beta-lactam KPC-100 is an inhibitor-resistant carbapenem-hydrolyzing KPC beta-lactamase.
contig_9	card~~~KPC-216~~~PP379169.1:0-885~~~carbapenem;cephalosporin;monobactam;penicillin_beta-lactam	99.661	885	0	1	76689	77570	1	885	0.0	1615	79498	885	card~~~KPC-216~~~PP379169.1:0-885~~~carbapenem;cephalosporin;monobactam;penicillin_beta-lactam Inhibitor-resistant carbapenem-hydrolyzing class A beta-lactamase KPC-216.
contig_9	card~~~KPC-121~~~OM933717.1:0-885~~~carbapenem;cephalosporin;monobactam;penicillin_beta-lactam	99.661	885	0	1	76689	77570	1	885	0.0	1615	79498	885	card~~~KPC-121~~~OM933717.1:0-885~~~carbapenem;cephalosporin;monobactam;penicillin_beta-lactam Carbapenem-hydrolyzing class A beta-lactamase KPC-121.
contig_9	card~~~KPC-51~~~MN725731.1:0-882~~~carbapenem;cephalosporin;monobactam;penicillin_beta-lactam	99.660	882	3	0	76689	77570	1	882	0.0	1613	79498	882	card~~~KPC-51~~~MN725731.1:0-882~~~carbapenem;cephalosporin;monobactam;penicillin_beta-lactam Inhibitor-resistant class A extended-spectrum beta-lactamase kpc-51 [Klebsiella pneumoniae] Accession: WP_158208923.1.
contig_9	card~~~KPC-4~~~EU447304.1:14-896~~~carbapenem;cephalosporin;monobactam;penicillin_beta-lactam	99.660	882	3	0	76689	77570	1	882	0.0	1613	79498	882	card~~~KPC-4~~~EU447304.1:14-896~~~carbapenem;cephalosporin;monobactam;penicillin_beta-lactam KPC-4 is a beta-lactamase found in Klebsiella pneumoniae.
contig_9	card~~~KPC-37~~~MH718730.1:0-882~~~carbapenem;cephalosporin;monobactam;penicillin_beta-lactam	99.660	882	3	0	76689	77570	1	882	0.0	1613	79498	882	card~~~KPC-37~~~MH718730.1:0-882~~~carbapenem;cephalosporin;monobactam;penicillin_beta-lactam Carbapenem-hydrolyzing class A beta-lactamase kpc-37 [Klebsiella pneumoniae] Accession: WP_116786832.1.
contig_9	card~~~KPC-234~~~PQ311675.1:0-882~~~carbapenem;cephalosporin;monobactam;penicillin_beta-lactam	99.660	882	3	0	76689	77570	1	882	0.0	1613	79498	882	card~~~KPC-234~~~PQ311675.1:0-882~~~carbapenem;cephalosporin;monobactam;penicillin_beta-lactam Inhibitor-resistant carbapenem-hydrolyzing class A beta-lactamase KPC-234.
contig_9	card~~~KPC-22~~~KM379100.1:0-882~~~carbapenem;cephalosporin;monobactam;penicillin_beta-lactam	99.660	882	3	0	76689	77570	1	882	0.0	1613	79498	882	card~~~KPC-22~~~KM379100.1:0-882~~~carbapenem;cephalosporin;monobactam;penicillin_beta-lactam KPC-22 is a beta-lactamase. Name originally from the historical Lahey list of beta-lactamases, some of which did not include sequence data.
contig_9	card~~~KPC-208~~~PP125176.1:0-882~~~carbapenem;cephalosporin;monobactam;penicillin_beta-lactam	99.660	882	3	0	76689	77570	1	882	0.0	1613	79498	882	card~~~KPC-208~~~PP125176.1:0-882~~~carbapenem;cephalosporin;monobactam;penicillin_beta-lactam Inhibitor-resistant extended-spectrum class A beta-lactamase KPC-208.
contig_9	card~~~KPC-194~~~OR578928.1:0-882~~~carbapenem;cephalosporin;monobactam;penicillin_beta-lactam	99.660	882	3	0	76689	77570	1	882	0.0	1613	79498	882	card~~~KPC-194~~~OR578928.1:0-882~~~carbapenem;cephalosporin;monobactam;penicillin_beta-lactam Inhibitor-resistant extended-spectrum class A beta-lactamase KPC-194.
contig_9	card~~~KPC-190~~~OR499110.1:0-882~~~carbapenem;cephalosporin;monobactam;penicillin_beta-lactam	99.660	882	3	0	76689	77570	1	882	0.0	1613	79498	882	card~~~KPC-190~~~OR499110.1:0-882~~~carbapenem;cephalosporin;monobactam;penicillin_beta-lactam Inhibitor-resistant class A beta-lactamase KPC-190.
contig_9	card~~~KPC-189~~~OR501577.1:0-882~~~carbapenem;cephalosporin;monobactam;penicillin_beta-lactam	99.660	882	3	0	76689	77570	1	882	0.0	1613	79498	882	card~~~KPC-189~~~OR501577.1:0-882~~~carbapenem;cephalosporin;monobactam;penicillin_beta-lactam Extended-spectrum class A beta-lactamase KPC-189.
contig_9	card~~~KPC-187~~~OR466751.1:0-882~~~carbapenem;cephalosporin;monobactam;penicillin_beta-lactam	99.660	882	3	0	76689	77570	1	882	0.0	1613	79498	882	card~~~KPC-187~~~OR466751.1:0-882~~~carbapenem;cephalosporin;monobactam;penicillin_beta-lactam Inhibitor-resistant class A beta-lactamase KPC-187.
contig_9	card~~~KPC-145~~~OP626310.1:0-882~~~carbapenem;cephalosporin;monobactam;penicillin_beta-lactam	99.660	882	3	0	76689	77570	1	882	0.0	1613	79498	882	card~~~KPC-145~~~OP626310.1:0-882~~~carbapenem;cephalosporin;monobactam;penicillin_beta-lactam Inhibitor-resistant extended-spectrum class A beta-lactamase KPC-145.
contig_9	card~~~KPC-143~~~OP503891.1:0-882~~~carbapenem;cephalosporin;monobactam;penicillin_beta-lactam	99.660	882	3	0	76689	77570	1	882	0.0	1613	79498	882	card~~~KPC-143~~~OP503891.1:0-882~~~carbapenem;cephalosporin;monobactam;penicillin_beta-lactam Inhibitor-resistant carbapenem-hydrolyzing class A beta-lactamase KPC-143.
contig_9	card~~~KPC-137~~~OR596987.1:0-882~~~carbapenem;cephalosporin;monobactam;penicillin_beta-lactam	99.660	882	3	0	76689	77570	1	882	0.0	1613	79498	882	card~~~KPC-137~~~OR596987.1:0-882~~~carbapenem;cephalosporin;monobactam;penicillin_beta-lactam Inhibitor-resistant class A beta-lactamase KPC-137.
contig_9	card~~~KPC-128~~~ON521727.1:5-887~~~carbapenem;cephalosporin;monobactam;penicillin_beta-lactam	99.660	882	3	0	76689	77570	1	882	0.0	1613	79498	882	card~~~KPC-128~~~ON521727.1:5-887~~~carbapenem;cephalosporin;monobactam;penicillin_beta-lactam Carbapenem-hydrolyzing class A beta-lactamase KPC-128.
contig_9	card~~~KPC-120~~~OM933715.1:0-882~~~carbapenem;cephalosporin;monobactam;penicillin_beta-lactam	99.660	882	3	0	76689	77570	1	882	0.0	1613	79498	882	card~~~KPC-120~~~OM933715.1:0-882~~~carbapenem;cephalosporin;monobactam;penicillin_beta-lactam Carbapenem-hydrolyzing class A beta-lactamase KPC-120.
contig_9	card~~~KPC-102~~~OK652013.1:0-882~~~carbapenem;cephalosporin;monobactam;penicillin_beta-lactam	99.660	882	3	0	76689	77570	1	882	0.0	1613	79498	882	card~~~KPC-102~~~OK652013.1:0-882~~~carbapenem;cephalosporin;monobactam;penicillin_beta-lactam Carbapenem-hydrolyzing class A beta-lactamase KPC-102.
contig_9	card~~~KPC-94~~~MZ646140.1:0-879~~~carbapenem;cephalosporin;monobactam;penicillin_beta-lactam	99.660	882	0	1	76689	77570	1	879	0.0	1609	79498	879	card~~~KPC-94~~~MZ646140.1:0-879~~~carbapenem;cephalosporin;monobactam;penicillin_beta-lactam KPC-94 is a mutated carbapenemase allele found in Klebsiella pneumoniae.
contig_9	card~~~KPC-71~~~NG_070895.1:0-885~~~carbapenem;cephalosporin;monobactam;penicillin_beta-lactam	99.548	885	1	1	76689	77570	1	885	0.0	1609	79498	885	card~~~KPC-71~~~NG_070895.1:0-885~~~carbapenem;cephalosporin;monobactam;penicillin_beta-lactam KPC-71 is a KPC beta-lactamase.
contig_9	card~~~KPC-239~~~PQ394552.1:0-879~~~carbapenem;cephalosporin;monobactam;penicillin_beta-lactam	99.660	882	0	1	76689	77570	1	879	0.0	1609	79498	879	card~~~KPC-239~~~PQ394552.1:0-879~~~carbapenem;cephalosporin;monobactam;penicillin_beta-lactam Carbapenem-hydrolyzing class A beta-lactamase KPC-239.
contig_9	card~~~KPC-175~~~OQ856774.1:0-885~~~carbapenem;cephalosporin;monobactam;penicillin_beta-lactam	99.548	885	1	1	76689	77570	1	885	0.0	1609	79498	885	card~~~KPC-175~~~OQ856774.1:0-885~~~carbapenem;cephalosporin;monobactam;penicillin_beta-lactam Inhibitor-resistant extended-spectrum class A beta-lactamase KPC-175.
contig_9	card~~~KPC-113~~~OM728506.1:0-885~~~carbapenem;cephalosporin;monobactam;penicillin_beta-lactam	99.548	885	1	1	76689	77570	1	885	0.0	1609	79498	885	card~~~KPC-113~~~OM728506.1:0-885~~~carbapenem;cephalosporin;monobactam;penicillin_beta-lactam Inhibitor-resistant carbapenem-hydrolyzing class A beta-lactamase KPC-113.
contig_9	card~~~KPC-218~~~PP693363.1:0-882~~~carbapenem;cephalosporin;monobactam;penicillin_beta-lactam	99.546	882	4	0	76689	77570	1	882	0.0	1607	79498	882	card~~~KPC-218~~~PP693363.1:0-882~~~carbapenem;cephalosporin;monobactam;penicillin_beta-lactam Inhibitor-resistant class A beta-lactamase KPC-218.
contig_9	card~~~KPC-217~~~PP693362.1:0-882~~~carbapenem;cephalosporin;monobactam;penicillin_beta-lactam	99.546	882	4	0	76689	77570	1	882	0.0	1607	79498	882	card~~~KPC-217~~~PP693362.1:0-882~~~carbapenem;cephalosporin;monobactam;penicillin_beta-lactam Inhibitor-resistant class A beta-lactamase KPC-217.
contig_9	card~~~KPC-16~~~KC465199.1:0-882~~~carbapenem;cephalosporin;monobactam;penicillin_beta-lactam	99.546	882	4	0	76689	77570	1	882	0.0	1607	79498	882	card~~~KPC-16~~~KC465199.1:0-882~~~carbapenem;cephalosporin;monobactam;penicillin_beta-lactam KPC-16 is a beta-lactamase. Name originally from the historical Lahey list of beta-lactamases, some of which did not include sequence data.
contig_9	card~~~KPC-87~~~MZ067230.1:0-879~~~carbapenem;cephalosporin;monobactam;penicillin_beta-lactam	99.546	882	1	1	76689	77570	1	879	0.0	1604	79498	879	card~~~KPC-87~~~MZ067230.1:0-879~~~carbapenem;cephalosporin;monobactam;penicillin_beta-lactam KPC-87 is a chromosome-encoded carbapenemase found in Klebsiella pneumonia.
contig_9	card~~~KPC-81~~~NG_073470.1:0-879~~~carbapenem;cephalosporin;monobactam;penicillin_beta-lactam	99.546	882	1	1	76689	77570	1	879	0.0	1604	79498	879	card~~~KPC-81~~~NG_073470.1:0-879~~~carbapenem;cephalosporin;monobactam;penicillin_beta-lactam KPC-81 is a KPC beta-lactamase.
contig_9	card~~~KPC-64~~~NG_073467.1:0-885~~~carbapenem;cephalosporin;monobactam;penicillin_beta-lactam	99.435	885	2	1	76689	77570	1	885	0.0	1604	79498	885	card~~~KPC-64~~~NG_073467.1:0-885~~~carbapenem;cephalosporin;monobactam;penicillin_beta-lactam KPC-64 is a KPC beta-lactamase.
contig_9	card~~~KPC-52~~~MN725732.1:0-885~~~carbapenem;cephalosporin;monobactam;penicillin_beta-lactam	99.435	885	2	1	76689	77570	1	885	0.0	1604	79498	885	card~~~KPC-52~~~MN725732.1:0-885~~~carbapenem;cephalosporin;monobactam;penicillin_beta-lactam Inhibitor-resistant class A extended-spectrum beta-lactamase kpc-52 [Klebsiella pneumoniae] Accession: WP_158208806.1.
contig_9	card~~~KPC-237~~~PQ394550.1:0-879~~~carbapenem;cephalosporin;monobactam;penicillin_beta-lactam	99.546	882	1	1	76689	77570	1	879	0.0	1604	79498	879	card~~~KPC-237~~~PQ394550.1:0-879~~~carbapenem;cephalosporin;monobactam;penicillin_beta-lactam Carbapenem-hydrolyzing class A beta-lactamase KPC-237.
contig_9	card~~~KPC-207~~~PP125175.1:0-885~~~carbapenem;cephalosporin;monobactam;penicillin_beta-lactam	99.435	885	2	1	76689	77570	1	885	0.0	1604	79498	885	card~~~KPC-207~~~PP125175.1:0-885~~~carbapenem;cephalosporin;monobactam;penicillin_beta-lactam Inhibitor-resistant extended-spectrum class A beta-lactamase KPC-207.
contig_9	card~~~KPC-191~~~OR499111.1:0-879~~~carbapenem;cephalosporin;monobactam;penicillin_beta-lactam	99.546	882	1	2	76689	77570	1	879	0.0	1604	79498	879	card~~~KPC-191~~~OR499111.1:0-879~~~carbapenem;cephalosporin;monobactam;penicillin_beta-lactam Inhibitor-resistant class A beta-lactamase KPC-191.
contig_9	card~~~KPC-179~~~OR115556.1:0-885~~~carbapenem;cephalosporin;monobactam;penicillin_beta-lactam	99.435	885	2	1	76689	77570	1	885	0.0	1604	79498	885	card~~~KPC-179~~~OR115556.1:0-885~~~carbapenem;cephalosporin;monobactam;penicillin_beta-lactam Class A beta-lactamase KPC-179.
contig_9	card~~~KPC-174~~~OQ856773.1:0-879~~~carbapenem;cephalosporin;monobactam;penicillin_beta-lactam	99.546	882	1	1	76689	77570	1	879	0.0	1604	79498	879	card~~~KPC-174~~~OQ856773.1:0-879~~~carbapenem;cephalosporin;monobactam;penicillin_beta-lactam Inhibitor-resistant carbapenem-hydrolyzing class A beta-lactamase KPC-174.
contig_9	card~~~KPC-166~~~OQ592369.1:961-82~~~carbapenem;cephalosporin;monobactam;penicillin_beta-lactam	99.546	882	1	1	76689	77570	1	879	0.0	1604	79498	879	card~~~KPC-166~~~OQ592369.1:961-82~~~carbapenem;cephalosporin;monobactam;penicillin_beta-lactam Carbapenem-hydrolyzing class A beta-lactamase KPC-166.
contig_9	card~~~KPC-141~~~OP503889.1:0-885~~~carbapenem;cephalosporin;monobactam;penicillin_beta-lactam	99.435	885	2	1	76689	77570	1	885	0.0	1604	79498	885	card~~~KPC-141~~~OP503889.1:0-885~~~carbapenem;cephalosporin;monobactam;penicillin_beta-lactam Inhibitor-resistant carbapenem-hydrolyzing class A beta-lactamase KPC-141.
contig_9	card~~~KPC-69~~~MT809700.1:38112-37224~~~carbapenem;cephalosporin;monobactam;penicillin_beta-lactam	99.324	888	0	1	76689	77570	1	888	0.0	1602	79498	888	card~~~KPC-69~~~MT809700.1:38112-37224~~~carbapenem;cephalosporin;monobactam;penicillin_beta-lactam Inhibitor-resistant extended-spectrum class A beta-lactamase KPC-69.
contig_9	card~~~KPC-68~~~MT809698.1:12172-13060~~~carbapenem;cephalosporin;monobactam;penicillin_beta-lactam	99.324	888	0	1	76689	77570	1	888	0.0	1602	79498	888	card~~~KPC-68~~~MT809698.1:12172-13060~~~carbapenem;cephalosporin;monobactam;penicillin_beta-lactam Inhibitor-resistant extended-spectrum class A beta-lactamase KPC-68.
contig_9	card~~~KPC-65~~~NG_073468.1:0-888~~~carbapenem;cephalosporin;monobactam;penicillin_beta-lactam	99.324	888	0	1	76689	77570	1	888	0.0	1602	79498	888	card~~~KPC-65~~~NG_073468.1:0-888~~~carbapenem;cephalosporin;monobactam;penicillin_beta-lactam KPC-65 is a KPC beta-lactamase.
contig_9	card~~~KPC-53~~~CP058327.1:65773-64885~~~carbapenem;cephalosporin;monobactam;penicillin_beta-lactam	99.324	888	0	1	76689	77570	1	888	0.0	1602	79498	888	card~~~KPC-53~~~CP058327.1:65773-64885~~~carbapenem;cephalosporin;monobactam;penicillin_beta-lactam Inhibitor-resistant extended-spectrum class A beta-lactamase KPC-53.
contig_9	card~~~KPC-185~~~OR359279.1:0-879~~~carbapenem;cephalosporin;monobactam;penicillin_beta-lactam	99.433	882	2	1	76689	77570	1	879	0.0	1598	79498	879	card~~~KPC-185~~~OR359279.1:0-879~~~carbapenem;cephalosporin;monobactam;penicillin_beta-lactam Inhibitor-resistant extended-spectrum class A beta-lactamase KPC-185.
contig_9	card~~~KPC-155~~~OQ139542.1:0-879~~~carbapenem;cephalosporin;monobactam;penicillin_beta-lactam	99.433	882	2	1	76689	77570	1	879	0.0	1598	79498	879	card~~~KPC-155~~~OQ139542.1:0-879~~~carbapenem;cephalosporin;monobactam;penicillin_beta-lactam Inhibitor-resistant class A beta-lactamase KPC-155.
contig_9	card~~~KPC-90~~~MZ570431.1:0-888~~~carbapenem;cephalosporin;monobactam;penicillin_beta-lactam	99.212	888	1	1	76689	77570	1	888	0.0	1596	79498	888	card~~~KPC-90~~~MZ570431.1:0-888~~~carbapenem;cephalosporin;monobactam;penicillin_beta-lactam KPC-90 is a KPC beta-lactamase.
contig_9	card~~~KPC-82~~~NG_073471.1:0-888~~~carbapenem;cephalosporin;monobactam;penicillin_beta-lactam	99.212	888	1	1	76689	77570	1	888	0.0	1596	79498	888	card~~~KPC-82~~~NG_073471.1:0-888~~~carbapenem;cephalosporin;monobactam;penicillin_beta-lactam KPC-82 is a KPC beta-lactamase.
contig_9	card~~~KPC-40~~~QRBR01000058.1:6221-7109~~~carbapenem;cephalosporin;monobactam;penicillin_beta-lactam	99.212	888	1	1	76689	77570	1	888	0.0	1596	79498	888	card~~~KPC-40~~~QRBR01000058.1:6221-7109~~~carbapenem;cephalosporin;monobactam;penicillin_beta-lactam Inhibitor-resistant carbapenem-hydrolyzing class A beta-lactamase kpc-40 [Enterobacter hormaechei] Accession: WP_115470049.1.
contig_9	card~~~KPC-25~~~NG_051167.1:0-888~~~carbapenem;cephalosporin;monobactam;penicillin_beta-lactam	99.212	888	1	1	76689	77570	1	888	0.0	1596	79498	888	card~~~KPC-25~~~NG_051167.1:0-888~~~carbapenem;cephalosporin;monobactam;penicillin_beta-lactam Carbapenem-hydrolyzing class A beta-lactamase kpc-25 [Klebsiella pneumoniae] Accession: WP_065419571.1.
contig_9	card~~~KPC-206~~~PP051499.1:0-888~~~carbapenem;cephalosporin;monobactam;penicillin_beta-lactam	99.212	888	1	1	76689	77570	1	888	0.0	1596	79498	888	card~~~KPC-206~~~PP051499.1:0-888~~~carbapenem;cephalosporin;monobactam;penicillin_beta-lactam Inhibitor-resistant extended-spectrum class A beta-lactamase KPC-206.
contig_9	card~~~KPC-173~~~OQ856772.1:0-888~~~carbapenem;cephalosporin;monobactam;penicillin_beta-lactam	99.212	888	1	1	76689	77570	1	888	0.0	1596	79498	888	card~~~KPC-173~~~OQ856772.1:0-888~~~carbapenem;cephalosporin;monobactam;penicillin_beta-lactam Inhibitor-resistant extended-spectrum class A beta-lactamase KPC-173.
contig_9	card~~~KPC-153~~~OP884096.1:0-888~~~carbapenem;cephalosporin;monobactam;penicillin_beta-lactam	99.212	888	1	1	76689	77570	1	888	0.0	1596	79498	888	card~~~KPC-153~~~OP884096.1:0-888~~~carbapenem;cephalosporin;monobactam;penicillin_beta-lactam Inhibitor-resistant extended-spectrum class A beta-lactamase KPC-153.
contig_9	card~~~KPC-114~~~OM728507.1:0-888~~~carbapenem;cephalosporin;monobactam;penicillin_beta-lactam	99.212	888	1	1	76689	77570	1	888	0.0	1596	79498	888	card~~~KPC-114~~~OM728507.1:0-888~~~carbapenem;cephalosporin;monobactam;penicillin_beta-lactam Inhibitor-resistant carbapenem-hydrolyzing class A beta-lactamase KPC-114.
contig_9	card~~~KPC-101~~~OK086805.1:0-888~~~carbapenem;cephalosporin;monobactam;penicillin_beta-lactam	99.212	888	1	1	76689	77570	1	888	0.0	1596	79498	888	card~~~KPC-101~~~OK086805.1:0-888~~~carbapenem;cephalosporin;monobactam;penicillin_beta-lactam Inhibitor-resistant carbapenem-hydrolyzing class A beta-lactamase KPC-101.
contig_9	card~~~KPC-117~~~OM933711.1:894-0~~~carbapenem;cephalosporin;monobactam;penicillin_beta-lactam	99.884	865	1	0	76706	77570	30	894	0.0	1592	79498	894	card~~~KPC-117~~~OM933711.1:894-0~~~carbapenem;cephalosporin;monobactam;penicillin_beta-lactam Inhibitor-resistant carbapenem-hydrolyzing class A beta-lactamase KPC-117.
contig_9	card~~~KPC-92~~~MZ461464.1:0-876~~~carbapenem;cephalosporin;monobactam;penicillin_beta-lactam	99.320	882	0	1	76689	77570	1	876	0.0	1591	79498	876	card~~~KPC-92~~~MZ461464.1:0-876~~~carbapenem;cephalosporin;monobactam;penicillin_beta-lactam Inhibitor-resistant extended-spectrum class A beta-lactamase KPC-92.
contig_9	card~~~KPC-66~~~NG_070739.1:0-876~~~carbapenem;cephalosporin;monobactam;penicillin_beta-lactam	99.320	882	0	1	76689	77570	1	876	0.0	1591	79498	876	card~~~KPC-66~~~NG_070739.1:0-876~~~carbapenem;cephalosporin;monobactam;penicillin_beta-lactam KPC-66 is a KPC beta-lactamase.
contig_9	card~~~KPC-28~~~KY282958.1:0-876~~~carbapenem;cephalosporin;monobactam;penicillin_beta-lactam	99.320	882	0	1	76689	77570	1	876	0.0	1591	79498	876	card~~~KPC-28~~~KY282958.1:0-876~~~carbapenem;cephalosporin;monobactam;penicillin_beta-lactam Inhibitor-resistant class A extended-spectrum beta-lactamase kpc-28 [Escherichia coli] Accession: WP_072081992.1.
contig_9	card~~~KPC-196~~~OR612035.1:0-888~~~carbapenem;cephalosporin;monobactam;penicillin_beta-lactam	99.099	888	2	1	76689	77570	1	888	0.0	1591	79498	888	card~~~KPC-196~~~OR612035.1:0-888~~~carbapenem;cephalosporin;monobactam;penicillin_beta-lactam Inhibitor-resistant carbapenem-hydrolyzing class A beta-lactamase KPC-196.
contig_9	card~~~KPC-127~~~ON521725.1:919-31~~~carbapenem;cephalosporin;monobactam;penicillin_beta-lactam	99.099	888	2	1	76689	77570	1	888	0.0	1591	79498	888	card~~~KPC-127~~~ON521725.1:919-31~~~carbapenem;cephalosporin;monobactam;penicillin_beta-lactam Carbapenem-hydrolyzing class A beta-lactamase KPC-127.
contig_9	card~~~KPC-115~~~OM714909.1:0-876~~~carbapenem;cephalosporin;monobactam;penicillin_beta-lactam	99.320	882	0	1	76689	77570	1	876	0.0	1591	79498	876	card~~~KPC-115~~~OM714909.1:0-876~~~carbapenem;cephalosporin;monobactam;penicillin_beta-lactam Inhibitor-resistant class A beta-lactamase KPC-115.
contig_9	card~~~KPC-50~~~MN654342.1:0-891~~~carbapenem;cephalosporin;monobactam;penicillin_beta-lactam	98.990	891	0	1	76689	77570	1	891	0.0	1587	79498	891	card~~~KPC-50~~~MN654342.1:0-891~~~carbapenem;cephalosporin;monobactam;penicillin_beta-lactam Inhibitor-resistant class A beta-lactamase kpc-50 [Klebsiella pneumoniae] Accession: WP_171476788.1.
contig_9	card~~~KPC-29~~~KY563764.1:0-891~~~carbapenem;cephalosporin;monobactam;penicillin_beta-lactam	98.990	891	0	1	76689	77570	1	891	0.0	1587	79498	891	card~~~KPC-29~~~KY563764.1:0-891~~~carbapenem;cephalosporin;monobactam;penicillin_beta-lactam Carbapenem-hydrolyzing class A beta-lactamase kpc-29 [Klebsiella pneumoniae] Accession: WP_096807439.1.
contig_9	card~~~KPC-204~~~OR979533.1:0-891~~~carbapenem;cephalosporin;monobactam;penicillin_beta-lactam	98.990	891	0	2	76689	77570	1	891	0.0	1587	79498	891	card~~~KPC-204~~~OR979533.1:0-891~~~carbapenem;cephalosporin;monobactam;penicillin_beta-lactam Inhibitor-resistant carbapenem-hydrolyzing class A beta-lactamase KPC-204.
contig_9	card~~~TEM-90~~~AF351241.1:89-950~~~cephalosporin;monobactam;penicillin_beta-lactam	99.884	861	1	0	63778	64638	861	1	0.0	1585	79498	861	card~~~TEM-90~~~AF351241.1:89-950~~~cephalosporin;monobactam;penicillin_beta-lactam TEM-90 is a broad-spectrum beta-lactamase found in E. coli.
contig_9	card~~~TEM-54~~~AF104442.1:193-1054~~~cephalosporin;monobactam;penicillin_beta-lactam	99.884	861	1	0	63778	64638	861	1	0.0	1585	79498	861	card~~~TEM-54~~~AF104442.1:193-1054~~~cephalosporin;monobactam;penicillin_beta-lactam TEM-54 is an inhibitor-resistant beta-lactamase found in E. coli.
contig_9	card~~~TEM-248~~~OP142511.1:0-861~~~cephalosporin;monobactam;penicillin_beta-lactam	99.884	861	1	0	63778	64638	861	1	0.0	1585	79498	861	card~~~TEM-248~~~OP142511.1:0-861~~~cephalosporin;monobactam;penicillin_beta-lactam Class A beta-lactamase TEM-248.
contig_9	card~~~TEM-244~~~MZ026156.1:0-861~~~cephalosporin;monobactam;penicillin_beta-lactam	99.884	861	1	0	63778	64638	861	1	0.0	1585	79498	861	card~~~TEM-244~~~MZ026156.1:0-861~~~cephalosporin;monobactam;penicillin_beta-lactam TEM-244 is a TEM beta-lactamase.
contig_9	card~~~TEM-237~~~NG_062250.1:100-961~~~cephalosporin;monobactam;penicillin_beta-lactam	99.884	861	1	0	63778	64638	861	1	0.0	1585	79498	861	card~~~TEM-237~~~NG_062250.1:100-961~~~cephalosporin;monobactam;penicillin_beta-lactam TEM-237 is a beta-lactamase.
contig_9	card~~~TEM-231~~~NG_056418.1:0-861~~~cephalosporin;monobactam;penicillin_beta-lactam	99.884	861	1	0	63778	64638	861	1	0.0	1585	79498	861	card~~~TEM-231~~~NG_056418.1:0-861~~~cephalosporin;monobactam;penicillin_beta-lactam TEM-231 is a beta-lactamase.
contig_9	card~~~TEM-183~~~HQ529916.1:110-971~~~cephalosporin;monobactam;penicillin_beta-lactam	99.884	861	1	0	63778	64638	861	1	0.0	1585	79498	861	card~~~TEM-183~~~HQ529916.1:110-971~~~cephalosporin;monobactam;penicillin_beta-lactam TEM-183 is a broad-spectrum beta-lactamase.
contig_9	card~~~TEM-181~~~AM743197.2:2937-2076~~~cephalosporin;monobactam;penicillin_beta-lactam	99.884	861	1	0	63778	64638	861	1	0.0	1585	79498	861	card~~~TEM-181~~~AM743197.2:2937-2076~~~cephalosporin;monobactam;penicillin_beta-lactam TEM-181 is a beta-lactamase.
contig_9	card~~~TEM-171~~~GQ149347.1:5269-6130~~~cephalosporin;monobactam;penicillin_beta-lactam	99.884	861	1	0	63778	64638	861	1	0.0	1585	79498	861	card~~~TEM-171~~~GQ149347.1:5269-6130~~~cephalosporin;monobactam;penicillin_beta-lactam TEM-171 is a beta-lactamase.
contig_9	card~~~TEM-168~~~FJ919776.1:208-1069~~~cephalosporin;monobactam;penicillin_beta-lactam	99.884	861	1	0	63778	64638	861	1	0.0	1585	79498	861	card~~~TEM-168~~~FJ919776.1:208-1069~~~cephalosporin;monobactam;penicillin_beta-lactam TEM-168 is an extended-spectrum beta-lactamase.
contig_9	card~~~TEM-156~~~AM941159.1:208-1069~~~cephalosporin;monobactam;penicillin_beta-lactam	99.884	861	1	0	63778	64638	861	1	0.0	1585	79498	861	card~~~TEM-156~~~AM941159.1:208-1069~~~cephalosporin;monobactam;penicillin_beta-lactam TEM-156 is a TEM beta-lactamase.
contig_9	card~~~TEM-150~~~AM183304.1:208-1069~~~cephalosporin;monobactam;penicillin_beta-lactam	99.884	861	1	0	63778	64638	861	1	0.0	1585	79498	861	card~~~TEM-150~~~AM183304.1:208-1069~~~cephalosporin;monobactam;penicillin_beta-lactam TEM-150 is a beta-lactamase found in Enterobacter spp., E. coli, and Klebsiella pneumoniae.
contig_9	card~~~KPC-74~~~NG_070742.1:0-876~~~carbapenem;cephalosporin;monobactam;penicillin_beta-lactam	99.206	882	1	1	76689	77570	1	876	0.0	1585	79498	876	card~~~KPC-74~~~NG_070742.1:0-876~~~carbapenem;cephalosporin;monobactam;penicillin_beta-lactam KPC-74 is a KPC beta-lactamase.
contig_9	card~~~KPC-238~~~PQ394551.1:0-876~~~carbapenem;cephalosporin;monobactam;penicillin_beta-lactam	99.206	882	1	1	76689	77570	1	876	0.0	1585	79498	876	card~~~KPC-238~~~PQ394551.1:0-876~~~carbapenem;cephalosporin;monobactam;penicillin_beta-lactam Carbapenem-hydrolyzing class A beta-lactamase KPC-238.
contig_9	card~~~KPC-226~~~PP770481.1:0-876~~~carbapenem;cephalosporin;monobactam;penicillin_beta-lactam	99.206	882	1	1	76689	77570	1	876	0.0	1585	79498	876	card~~~KPC-226~~~PP770481.1:0-876~~~carbapenem;cephalosporin;monobactam;penicillin_beta-lactam Inhibitor-resistant extended-spectrum class A beta-lactamase KPC-226.
contig_9	card~~~KPC-186~~~OR466746.1:0-876~~~carbapenem;cephalosporin;monobactam;penicillin_beta-lactam	99.206	882	1	1	76689	77570	1	876	0.0	1585	79498	876	card~~~KPC-186~~~OR466746.1:0-876~~~carbapenem;cephalosporin;monobactam;penicillin_beta-lactam Inhibitor-resistant extended-spectrum class A beta-lactamase KPC-186.
contig_9	card~~~KPC-160~~~OQ579136.1:0-876~~~carbapenem;cephalosporin;monobactam;penicillin_beta-lactam	99.206	882	1	1	76689	77570	1	876	0.0	1585	79498	876	card~~~KPC-160~~~OQ579136.1:0-876~~~carbapenem;cephalosporin;monobactam;penicillin_beta-lactam Carbapenem-hydrolyzing class A beta-lactamase KPC-160.
contig_9	card~~~KPC-151~~~OP823148.1:0-876~~~carbapenem;cephalosporin;monobactam;penicillin_beta-lactam	99.206	882	1	1	76689	77570	1	876	0.0	1585	79498	876	card~~~KPC-151~~~OP823148.1:0-876~~~carbapenem;cephalosporin;monobactam;penicillin_beta-lactam Inhibitor-resistant extended-spectrum class A beta-lactamase KPC-151.
contig_9	card~~~KPC-15~~~KC433553.1:0-882~~~carbapenem;cephalosporin;monobactam;penicillin_beta-lactam	99.093	882	8	0	76689	77570	1	882	0.0	1585	79498	882	card~~~KPC-15~~~KC433553.1:0-882~~~carbapenem;cephalosporin;monobactam;penicillin_beta-lactam KPC-15 is a beta-lactamase. Name originally from the historical Lahey list of beta-lactamases, some of which did not include sequence data.
contig_9	card~~~KPC-14~~~JX524191.1:395-1271~~~carbapenem;cephalosporin;monobactam;penicillin_beta-lactam	99.206	882	1	1	76689	77570	1	876	0.0	1585	79498	876	card~~~KPC-14~~~JX524191.1:395-1271~~~carbapenem;cephalosporin;monobactam;penicillin_beta-lactam KPC-14 is a beta-lactamase. Name originally from the historical Lahey list of beta-lactamases, some of which did not include sequence data.
contig_9	card~~~KPC-124~~~ON221403.1:0-876~~~carbapenem;cephalosporin;monobactam;penicillin_beta-lactam	99.206	882	1	1	76689	77570	1	876	0.0	1585	79498	876	card~~~KPC-124~~~ON221403.1:0-876~~~carbapenem;cephalosporin;monobactam;penicillin_beta-lactam Inhibitor-resistant carbapenem-hydrolyzing class A beta-lactamase KPC-124.
contig_9	card~~~KPC-41~~~MK497255.1:0-891~~~carbapenem;cephalosporin;monobactam;penicillin_beta-lactam	98.878	891	1	1	76689	77570	1	891	0.0	1583	79498	891	card~~~KPC-41~~~MK497255.1:0-891~~~carbapenem;cephalosporin;monobactam;penicillin_beta-lactam Inhibitor-resistant carbapenem-hydrolyzing class A beta-lactamase kpc-41 [Klebsiella pneumoniae] Accession: WP_148044419.1.
contig_9	card~~~KPC-80~~~NG_073469.1:0-891~~~carbapenem;cephalosporin;monobactam;penicillin_beta-lactam	98.878	891	1	1	76689	77570	1	891	0.0	1581	79498	891	card~~~KPC-80~~~NG_073469.1:0-891~~~carbapenem;cephalosporin;monobactam;penicillin_beta-lactam KPC-80 is a KPC beta-lactamase.
contig_9	card~~~KPC-227~~~PP770482.1:0-891~~~carbapenem;cephalosporin;monobactam;penicillin_beta-lactam	98.878	891	1	2	76689	77570	1	891	0.0	1581	79498	891	card~~~KPC-227~~~PP770482.1:0-891~~~carbapenem;cephalosporin;monobactam;penicillin_beta-lactam Inhibitor-resistant carbapenem-hydrolyzing class A beta-lactamase KPC-227.
contig_9	card~~~KPC-193~~~OR568565.1:0-891~~~carbapenem;cephalosporin;monobactam;penicillin_beta-lactam	98.878	891	1	1	76689	77570	1	891	0.0	1581	79498	891	card~~~KPC-193~~~OR568565.1:0-891~~~carbapenem;cephalosporin;monobactam;penicillin_beta-lactam Class A beta-lactamase KPC-193.
contig_9	card~~~KPC-164~~~OQ579140.1:0-891~~~carbapenem;cephalosporin;monobactam;penicillin_beta-lactam	98.878	891	1	1	76689	77570	1	891	0.0	1581	79498	891	card~~~KPC-164~~~OQ579140.1:0-891~~~carbapenem;cephalosporin;monobactam;penicillin_beta-lactam Carbapenem-hydrolyzing class A beta-lactamase KPC-164.
contig_9	card~~~TEM-82~~~AF427128.1:208-1069~~~cephalosporin;monobactam;penicillin_beta-lactam	99.768	861	2	0	63778	64638	861	1	0.0	1580	79498	861	card~~~TEM-82~~~AF427128.1:208-1069~~~cephalosporin;monobactam;penicillin_beta-lactam TEM-82 is an inhibitor-resistant beta-lactamase found in E. coli.
contig_9	card~~~TEM-81~~~AF427127.1:208-1069~~~cephalosporin;monobactam;penicillin_beta-lactam	99.768	861	2	0	63778	64638	861	1	0.0	1580	79498	861	card~~~TEM-81~~~AF427127.1:208-1069~~~cephalosporin;monobactam;penicillin_beta-lactam TEM-81 is an inhibitor-resistant beta-lactamase found in E. coli.
contig_9	card~~~TEM-6~~~X57972.1:339-1200~~~cephalosporin;monobactam;penicillin_beta-lactam	99.768	861	2	0	63778	64638	861	1	0.0	1580	79498	861	card~~~TEM-6~~~X57972.1:339-1200~~~cephalosporin;monobactam;penicillin_beta-lactam TEM-6 is an extended-spectrum beta-lactamase found in E. coli.
contig_9	card~~~TEM-40~~~FR717535.1:0-861~~~cephalosporin;monobactam;penicillin_beta-lactam	99.768	861	2	0	63778	64638	861	1	0.0	1580	79498	861	card~~~TEM-40~~~FR717535.1:0-861~~~cephalosporin;monobactam;penicillin_beta-lactam TEM-40 is an inhibitor-resistant beta-lactamase that has been found in clinical isolates.
contig_9	card~~~TEM-26~~~NG_050256.1:100-961~~~cephalosporin;monobactam;penicillin_beta-lactam	99.768	861	2	0	63778	64638	861	1	0.0	1580	79498	861	card~~~TEM-26~~~NG_050256.1:100-961~~~cephalosporin;monobactam;penicillin_beta-lactam TEM-26 is an extended-spectrum beta-lactamase that has been found in clinical isolates.
contig_9	card~~~TEM-235~~~NG_059898.1:100-961~~~cephalosporin;monobactam;penicillin_beta-lactam	99.768	861	2	0	63778	64638	861	1	0.0	1580	79498	861	card~~~TEM-235~~~NG_059898.1:100-961~~~cephalosporin;monobactam;penicillin_beta-lactam TEM-235 is a beta-lactamase.
contig_9	card~~~TEM-219~~~KM114268.1:0-861~~~cephalosporin;monobactam;penicillin_beta-lactam	99.768	861	2	0	63778	64638	861	1	0.0	1580	79498	861	card~~~TEM-219~~~KM114268.1:0-861~~~cephalosporin;monobactam;penicillin_beta-lactam TEM-219 is a beta-lactamase. Name originally from the historical Lahey list of beta-lactamases, some of which did not include sequence data.
contig_9	card~~~TEM-189~~~JN254627.1:0-861~~~cephalosporin;monobactam;penicillin_beta-lactam	99.768	861	2	0	63778	64638	861	1	0.0	1580	79498	861	card~~~TEM-189~~~JN254627.1:0-861~~~cephalosporin;monobactam;penicillin_beta-lactam TEM-189 is a beta-lactamase.
contig_9	card~~~TEM-154~~~FJ807656.1:0-861~~~cephalosporin;monobactam;penicillin_beta-lactam	99.768	861	2	0	63778	64638	861	1	0.0	1580	79498	861	card~~~TEM-154~~~FJ807656.1:0-861~~~cephalosporin;monobactam;penicillin_beta-lactam TEM-154 is a CMT-type, inhibitor-resistant, extended-spectrum beta-lactamase.
contig_9	card~~~TEM-146~~~DQ105529.2:0-861~~~cephalosporin;monobactam;penicillin_beta-lactam	99.768	861	2	0	63778	64638	861	1	0.0	1580	79498	861	card~~~TEM-146~~~DQ105529.2:0-861~~~cephalosporin;monobactam;penicillin_beta-lactam TEM-146 is a beta-lactamase found in E. coli.
contig_9	card~~~TEM-116~~~U36911.1:1429-2290~~~cephalosporin;monobactam;penicillin_beta-lactam	99.768	861	2	0	63778	64638	861	1	0.0	1580	79498	861	card~~~TEM-116~~~U36911.1:1429-2290~~~cephalosporin;monobactam;penicillin_beta-lactam TEM-116 is a broad-spectrum beta-lactamase found in many species of bacteria.
contig_9	card~~~TEM-112~~~AY589493.1:166-1027~~~cephalosporin;monobactam;penicillin_beta-lactam	99.768	861	2	0	63778	64638	861	1	0.0	1580	79498	861	card~~~TEM-112~~~AY589493.1:166-1027~~~cephalosporin;monobactam;penicillin_beta-lactam TEM-112 is an extended-spectrum beta-lactamase found in E. coli.
contig_9	card~~~TEM-1~~~AL513383.1:161910-162771~~~cephalosporin;monobactam;penicillin_beta-lactam	99.768	861	2	0	63778	64638	861	1	0.0	1580	79498	861	card~~~TEM-1~~~AL513383.1:161910-162771~~~cephalosporin;monobactam;penicillin_beta-lactam TEM-1 is a broad-spectrum beta-lactamase found in many Gram-negative bacteria. Confers resistance to penicillins and first generation cephalosphorins.
contig_9	card~~~KPC-159~~~OQ450354.1:0-876~~~carbapenem;cephalosporin;monobactam;penicillin_beta-lactam	99.093	882	2	1	76689	77570	1	876	0.0	1580	79498	876	card~~~KPC-159~~~OQ450354.1:0-876~~~carbapenem;cephalosporin;monobactam;penicillin_beta-lactam Inhibitor-resistant extended-spectrum class A beta-lactamase KPC-159.
contig_9	card~~~TEM-96~~~AY092401.1:0-861~~~cephalosporin;monobactam;penicillin_beta-lactam	99.652	861	3	0	63778	64638	861	1	0.0	1574	79498	861	card~~~TEM-96~~~AY092401.1:0-861~~~cephalosporin;monobactam;penicillin_beta-lactam TEM-96 is a beta-lactamase found in E. coli.
contig_9	card~~~TEM-93~~~AJ318093.1:0-861~~~cephalosporin;monobactam;penicillin_beta-lactam	99.652	861	3	0	63778	64638	861	1	0.0	1574	79498	861	card~~~TEM-93~~~AJ318093.1:0-861~~~cephalosporin;monobactam;penicillin_beta-lactam TEM-93 is an extended-spectrum beta-lactamase found in E. coli.
contig_9	card~~~TEM-80~~~AF347054.1:208-1069~~~cephalosporin;monobactam;penicillin_beta-lactam	99.652	861	3	0	63778	64638	861	1	0.0	1574	79498	861	card~~~TEM-80~~~AF347054.1:208-1069~~~cephalosporin;monobactam;penicillin_beta-lactam TEM-80 is an inhibitor-resistant beta-lactamase found in Enterobacter cloacae.
contig_9	card~~~TEM-79~~~AF190692.1:208-1069~~~cephalosporin;monobactam;penicillin_beta-lactam	99.652	861	3	0	63778	64638	861	1	0.0	1574	79498	861	card~~~TEM-79~~~AF190692.1:208-1069~~~cephalosporin;monobactam;penicillin_beta-lactam TEM-79 is an inhibitor-resistant beta-lactamase found in E. coli.
contig_9	card~~~TEM-73~~~AJ012256.1:208-1069~~~cephalosporin;monobactam;penicillin_beta-lactam	99.652	861	3	0	63778	64638	861	1	0.0	1574	79498	861	card~~~TEM-73~~~AJ012256.1:208-1069~~~cephalosporin;monobactam;penicillin_beta-lactam TEM-73 is an inhibitor-resistant beta-lactamase that has been found in clinical isolates.
contig_9	card~~~TEM-57~~~FJ405211.1:0-861~~~cephalosporin;monobactam;penicillin_beta-lactam	99.652	861	3	0	63778	64638	861	1	0.0	1574	79498	861	card~~~TEM-57~~~FJ405211.1:0-861~~~cephalosporin;monobactam;penicillin_beta-lactam TEM-57 is a broad-spectrum beta-lactamase found in E. coli.
contig_9	card~~~TEM-55~~~DQ286729.1:0-861~~~cephalosporin;monobactam;penicillin_beta-lactam	99.652	861	3	0	63778	64638	861	1	0.0	1574	79498	861	card~~~TEM-55~~~DQ286729.1:0-861~~~cephalosporin;monobactam;penicillin_beta-lactam TEM-55 is a broad-spectrum beta-lactamase found in E. coli.
contig_9	card~~~TEM-52~~~Y13612.1:0-861~~~cephalosporin;monobactam;penicillin_beta-lactam	99.652	861	3	0	63778	64638	861	1	0.0	1574	79498	861	card~~~TEM-52~~~Y13612.1:0-861~~~cephalosporin;monobactam;penicillin_beta-lactam TEM-52 is an extended-spectrum beta-lactamase found in Klebsiella pneumoniae and Salmonella enterica.
contig_9	card~~~TEM-240~~~NG_066544.1:0-861~~~cephalosporin;monobactam;penicillin_beta-lactam	99.652	861	3	0	63778	64638	861	1	0.0	1574	79498	861	card~~~TEM-240~~~NG_066544.1:0-861~~~cephalosporin;monobactam;penicillin_beta-lactam TEM-240 is a beta-lactamase.
contig_9	card~~~TEM-229~~~NG_056416.1:0-861~~~cephalosporin;monobactam;penicillin_beta-lactam	99.652	861	3	0	63778	64638	861	1	0.0	1574	79498	861	card~~~TEM-229~~~NG_056416.1:0-861~~~cephalosporin;monobactam;penicillin_beta-lactam TEM-229 is a beta-lactamase.
contig_9	card~~~TEM-209~~~KF240808.1:0-861~~~cephalosporin;monobactam;penicillin_beta-lactam	99.652	861	3	0	63778	64638	861	1	0.0	1574	79498	861	card~~~TEM-209~~~KF240808.1:0-861~~~cephalosporin;monobactam;penicillin_beta-lactam TEM-209 is a beta-lactamase. Name originally from the historical Lahey list of beta-lactamases, some of which did not include sequence data.
contig_9	card~~~TEM-197~~~HQ877606.1:0-861~~~cephalosporin;monobactam;penicillin_beta-lactam	99.652	861	3	0	63778	64638	861	1	0.0	1574	79498	861	card~~~TEM-197~~~HQ877606.1:0-861~~~cephalosporin;monobactam;penicillin_beta-lactam TEM-197 is an extended-spectrum beta-lactamase.
contig_9	card~~~TEM-141~~~AY956335.1:38-899~~~cephalosporin;monobactam;penicillin_beta-lactam	99.652	861	3	0	63778	64638	861	1	0.0	1574	79498	861	card~~~TEM-141~~~AY956335.1:38-899~~~cephalosporin;monobactam;penicillin_beta-lactam TEM-141 is a broad-spectrum beta-lactamase found in Enterobacter cloacae.
contig_9	card~~~TEM-122~~~AY307100.1:0-861~~~cephalosporin;monobactam;penicillin_beta-lactam	99.652	861	3	0	63778	64638	861	1	0.0	1574	79498	861	card~~~TEM-122~~~AY307100.1:0-861~~~cephalosporin;monobactam;penicillin_beta-lactam TEM-122 is an inhibitor-resistant beta-lactamase found in E. coli.
contig_9	card~~~TEM-98~~~NG_050307.1:0-861~~~cephalosporin;monobactam;penicillin_beta-lactam	99.883	853	1	0	63778	64630	861	9	0.0	1570	79498	861	card~~~TEM-98~~~NG_050307.1:0-861~~~cephalosporin;monobactam;penicillin_beta-lactam TEM-98 is a TEM beta-lactamase.
contig_9	card~~~KPC-201~~~ON297687.1:9-882~~~carbapenem;cephalosporin;monobactam;penicillin_beta-lactam	98.980	882	0	1	76689	77570	1	873	0.0	1570	79498	873	card~~~KPC-201~~~ON297687.1:9-882~~~carbapenem;cephalosporin;monobactam;penicillin_beta-lactam Inhibitor-resistant extended-spectrum class A beta-lactamase KPC-201.
contig_9	card~~~KPC-150~~~OP787490.1:0-873~~~carbapenem;cephalosporin;monobactam;penicillin_beta-lactam	98.980	882	0	1	76689	77570	1	873	0.0	1570	79498	873	card~~~KPC-150~~~OP787490.1:0-873~~~carbapenem;cephalosporin;monobactam;penicillin_beta-lactam Inhibitor-resistant class A beta-lactamase KPC-150.
contig_9	card~~~TEM-95~~~AJ308558.1:181-1042~~~cephalosporin;monobactam;penicillin_beta-lactam	99.535	861	4	0	63778	64638	861	1	0.0	1568	79498	861	card~~~TEM-95~~~AJ308558.1:181-1042~~~cephalosporin;monobactam;penicillin_beta-lactam TEM-95 is a broad-spectrum beta-lactamase found in E. coli.
contig_9	card~~~TEM-91~~~AB049569.1:0-861~~~cephalosporin;monobactam;penicillin_beta-lactam	99.535	861	4	0	63778	64638	861	1	0.0	1568	79498	861	card~~~TEM-91~~~AB049569.1:0-861~~~cephalosporin;monobactam;penicillin_beta-lactam TEM-91 is an extended-spectrum beta-lactamase found in E. coli.
contig_9	card~~~TEM-76~~~AF190694.1:208-1069~~~cephalosporin;monobactam;penicillin_beta-lactam	99.535	861	4	0	63778	64638	861	1	0.0	1568	79498	861	card~~~TEM-76~~~AF190694.1:208-1069~~~cephalosporin;monobactam;penicillin_beta-lactam TEM-76 is an inhibitor-resistant beta-lactamase found in E. coli.
contig_9	card~~~TEM-70~~~AF188199.1:214-1075~~~cephalosporin;monobactam;penicillin_beta-lactam	99.535	861	4	0	63778	64638	861	1	0.0	1568	79498	861	card~~~TEM-70~~~AF188199.1:214-1075~~~cephalosporin;monobactam;penicillin_beta-lactam TEM-70 is a beta-lactamase found in E. coli.
contig_9	card~~~TEM-34~~~KC292503.1:4334-5195~~~cephalosporin;monobactam;penicillin_beta-lactam	99.535	861	4	0	63778	64638	861	1	0.0	1568	79498	861	card~~~TEM-34~~~KC292503.1:4334-5195~~~cephalosporin;monobactam;penicillin_beta-lactam TEM-34 is an inhibitor-resistant beta-lactamase that has been found in clinical isolates.
contig_9	card~~~TEM-33~~~GU371926.1:51165-50304~~~cephalosporin;monobactam;penicillin_beta-lactam	99.535	861	4	0	63778	64638	861	1	0.0	1568	79498	861	card~~~TEM-33~~~GU371926.1:51165-50304~~~cephalosporin;monobactam;penicillin_beta-lactam TEM-33 is an inhibitor-resistant beta-lactamase that has been found in clinical isolates.
contig_9	card~~~TEM-32~~~NG_050261.1:100-961~~~cephalosporin;monobactam;penicillin_beta-lactam	99.535	861	4	0	63778	64638	861	1	0.0	1568	79498	861	card~~~TEM-32~~~NG_050261.1:100-961~~~cephalosporin;monobactam;penicillin_beta-lactam TEM-32 is an inhibitor-resistant beta-lactamase that has been found in clinical isolates.
contig_9	card~~~TEM-31~~~NG_068213.1:100-961~~~cephalosporin;monobactam;penicillin_beta-lactam	99.535	861	4	0	63778	64638	861	1	0.0	1568	79498	861	card~~~TEM-31~~~NG_068213.1:100-961~~~cephalosporin;monobactam;penicillin_beta-lactam TEM-31 is an inhibitor-resistant beta-lactamase that has been found in clinical isolates.
contig_9	card~~~TEM-30~~~AJ437107.1:208-1069~~~cephalosporin;monobactam;penicillin_beta-lactam	99.535	861	4	0	63778	64638	861	1	0.0	1568	79498	861	card~~~TEM-30~~~AJ437107.1:208-1069~~~cephalosporin;monobactam;penicillin_beta-lactam TEM-30 is an inhibitor-resistant beta-lactamase found in E. coli. Confers resistance to amoxycilllin-clavulanic acid, ticarcillin-clavulanic acid, kanamycin, neomycin, and intermediate resistance to mezlocillin and piperacillin.
contig_9	card~~~TEM-29~~~Y17584.1:0-858~~~cephalosporin;monobactam;penicillin_beta-lactam	99.650	858	3	0	63781	64638	858	1	0.0	1568	79498	858	card~~~TEM-29~~~Y17584.1:0-858~~~cephalosporin;monobactam;penicillin_beta-lactam TEM-29 is an extended-spectrum beta-lactamase that has been found in clinical isolates.
contig_9	card~~~TEM-257~~~PQ284153.1:0-861~~~cephalosporin;monobactam;penicillin_beta-lactam	99.535	861	4	0	63778	64638	861	1	0.0	1568	79498	861	card~~~TEM-257~~~PQ284153.1:0-861~~~cephalosporin;monobactam;penicillin_beta-lactam Class A beta-lactamase TEM-257.
contig_9	card~~~TEM-256~~~PQ284152.1:700-1561~~~cephalosporin;monobactam;penicillin_beta-lactam	99.535	861	4	0	63778	64638	861	1	0.0	1568	79498	861	card~~~TEM-256~~~PQ284152.1:700-1561~~~cephalosporin;monobactam;penicillin_beta-lactam Class A beta-lactamase TEM-256.
contig_9	card~~~TEM-255~~~PQ284151.1:1410-549~~~cephalosporin;monobactam;penicillin_beta-lactam	99.535	861	4	0	63778	64638	861	1	0.0	1568	79498	861	card~~~TEM-255~~~PQ284151.1:1410-549~~~cephalosporin;monobactam;penicillin_beta-lactam Class A beta-lactamase TEM-255.
contig_9	card~~~TEM-245~~~OM617737.1:0-861~~~cephalosporin;monobactam;penicillin_beta-lactam	99.535	861	4	0	63778	64638	861	1	0.0	1568	79498	861	card~~~TEM-245~~~OM617737.1:0-861~~~cephalosporin;monobactam;penicillin_beta-lactam TEM-245 is a TEM class A beta-lactamase.
contig_9	card~~~TEM-236~~~NG_061611.1:0-861~~~cephalosporin;monobactam;penicillin_beta-lactam	99.535	861	4	0	63778	64638	861	1	0.0	1568	79498	861	card~~~TEM-236~~~NG_061611.1:0-861~~~cephalosporin;monobactam;penicillin_beta-lactam TEM-236 is a beta-lactamase.
contig_9	card~~~TEM-234~~~NG_057609.1:0-861~~~cephalosporin;monobactam;penicillin_beta-lactam	99.535	861	4	0	63778	64638	861	1	0.0	1568	79498	861	card~~~TEM-234~~~NG_057609.1:0-861~~~cephalosporin;monobactam;penicillin_beta-lactam TEM-234 is a beta-lactamase.
contig_9	card~~~TEM-228~~~NG_068038.1:0-861~~~cephalosporin;monobactam;penicillin_beta-lactam	99.535	861	4	0	63778	64638	861	1	0.0	1568	79498	861	card~~~TEM-228~~~NG_068038.1:0-861~~~cephalosporin;monobactam;penicillin_beta-lactam TEM-228 is a beta lactamase.
contig_9	card~~~TEM-217~~~HG934763.1:0-861~~~cephalosporin;monobactam;penicillin_beta-lactam	99.535	861	4	0	63778	64638	861	1	0.0	1568	79498	861	card~~~TEM-217~~~HG934763.1:0-861~~~cephalosporin;monobactam;penicillin_beta-lactam TEM-217 is a beta-lactamase. Name originally from the historical Lahey list of beta-lactamases, some of which did not include sequence data.
contig_9	card~~~TEM-215~~~KP050492.1:0-861~~~cephalosporin;monobactam;penicillin_beta-lactam	99.535	861	4	0	63778	64638	861	1	0.0	1568	79498	861	card~~~TEM-215~~~KP050492.1:0-861~~~cephalosporin;monobactam;penicillin_beta-lactam TEM-215 is a beta-lactamase. Name originally from the historical Lahey list of beta-lactamases, some of which did not include sequence data.
contig_9	card~~~TEM-214~~~KP050491.1:0-861~~~cephalosporin;monobactam;penicillin_beta-lactam	99.535	861	4	0	63778	64638	861	1	0.0	1568	79498	861	card~~~TEM-214~~~KP050491.1:0-861~~~cephalosporin;monobactam;penicillin_beta-lactam TEM-214 is a beta-lactamase. Name originally from the historical Lahey list of beta-lactamases, some of which did not include sequence data.
contig_9	card~~~TEM-213~~~KF663615.1:0-858~~~cephalosporin;monobactam;penicillin_beta-lactam	99.650	858	3	0	63781	64638	858	1	0.0	1568	79498	858	card~~~TEM-213~~~KF663615.1:0-858~~~cephalosporin;monobactam;penicillin_beta-lactam TEM-213 is a beta-lactamase. Name originally from the historical Lahey list of beta-lactamases, some of which did not include sequence data.
contig_9	card~~~TEM-208~~~KC865667.1:183-1044~~~cephalosporin;monobactam;penicillin_beta-lactam	99.535	861	4	0	63778	64638	861	1	0.0	1568	79498	861	card~~~TEM-208~~~KC865667.1:183-1044~~~cephalosporin;monobactam;penicillin_beta-lactam TEM-208 is a beta-lactamase. Name originally from the historical Lahey list of beta-lactamases, some of which did not include sequence data.
contig_9	card~~~TEM-207~~~KC818234.1:0-861~~~cephalosporin;monobactam;penicillin_beta-lactam	99.535	861	4	0	63778	64638	861	1	0.0	1568	79498	861	card~~~TEM-207~~~KC818234.1:0-861~~~cephalosporin;monobactam;penicillin_beta-lactam TEM-207 is a beta-lactamase. Name originally from the historical Lahey list of beta-lactamases, some of which did not include sequence data.
contig_9	card~~~TEM-206~~~KC783461.1:0-861~~~cephalosporin;monobactam;penicillin_beta-lactam	99.535	861	4	0	63778	64638	861	1	0.0	1568	79498	861	card~~~TEM-206~~~KC783461.1:0-861~~~cephalosporin;monobactam;penicillin_beta-lactam TEM-206 is a beta-lactamase. Name originally from the historical Lahey list of beta-lactamases, some of which did not include sequence data.
contig_9	card~~~TEM-198~~~AB700703.1:161-1022~~~cephalosporin;monobactam;penicillin_beta-lactam	99.535	861	4	0	63778	64638	861	1	0.0	1568	79498	861	card~~~TEM-198~~~AB700703.1:161-1022~~~cephalosporin;monobactam;penicillin_beta-lactam TEM-198 is a beta-lactamase.
contig_9	card~~~TEM-186~~~JN227084.1:308-1169~~~cephalosporin;monobactam;penicillin_beta-lactam	99.535	861	4	0	63778	64638	861	1	0.0	1568	79498	861	card~~~TEM-186~~~JN227084.1:308-1169~~~cephalosporin;monobactam;penicillin_beta-lactam TEM-186 is a beta-lactamase.
contig_9	card~~~TEM-176~~~GU550123.1:144-1005~~~cephalosporin;monobactam;penicillin_beta-lactam	99.535	861	4	0	63778	64638	861	1	0.0	1568	79498	861	card~~~TEM-176~~~GU550123.1:144-1005~~~cephalosporin;monobactam;penicillin_beta-lactam TEM-176 is a beta-lactamase.
contig_9	card~~~TEM-166~~~FJ197316.1:0-861~~~cephalosporin;monobactam;penicillin_beta-lactam	99.535	861	4	0	63778	64638	861	1	0.0	1568	79498	861	card~~~TEM-166~~~FJ197316.1:0-861~~~cephalosporin;monobactam;penicillin_beta-lactam TEM-166 is a beta-lactamase found in E. coli.
contig_9	card~~~TEM-163~~~EU815939.1:0-861~~~cephalosporin;monobactam;penicillin_beta-lactam	99.535	861	4	0	63778	64638	861	1	0.0	1568	79498	861	card~~~TEM-163~~~EU815939.1:0-861~~~cephalosporin;monobactam;penicillin_beta-lactam TEM-163 is an inhibitor resistant beta-lactamase found in E. coli.
contig_9	card~~~TEM-157~~~DQ909059.1:0-861~~~cephalosporin;monobactam;penicillin_beta-lactam	99.535	861	4	0	63778	64638	861	1	0.0	1568	79498	861	card~~~TEM-157~~~DQ909059.1:0-861~~~cephalosporin;monobactam;penicillin_beta-lactam TEM-157 is an extended-spectrum beta-lactamase found in Enterobacter cloacae.
contig_9	card~~~TEM-153~~~KC149518.1:0-861~~~cephalosporin;monobactam;penicillin_beta-lactam	99.535	861	4	0	63778	64638	861	1	0.0	1568	79498	861	card~~~TEM-153~~~KC149518.1:0-861~~~cephalosporin;monobactam;penicillin_beta-lactam TEM-153 is a beta-lactamase found in Enterobacteriaceae.
contig_9	card~~~TEM-148~~~AM087454.1:208-1069~~~cephalosporin;monobactam;penicillin_beta-lactam	99.535	861	4	0	63778	64638	861	1	0.0	1568	79498	861	card~~~TEM-148~~~AM087454.1:208-1069~~~cephalosporin;monobactam;penicillin_beta-lactam TEM-148 is a TEM beta-lactamase.
contig_9	card~~~TEM-147~~~DQ279850.1:0-861~~~cephalosporin;monobactam;penicillin_beta-lactam	99.535	861	4	0	63778	64638	861	1	0.0	1568	79498	861	card~~~TEM-147~~~DQ279850.1:0-861~~~cephalosporin;monobactam;penicillin_beta-lactam TEM-147 is an extended-spectrum beta-lactamase found in Pseudomonas aeruginosa.
contig_9	card~~~TEM-143~~~DQ075245.1:217-1078~~~cephalosporin;monobactam;penicillin_beta-lactam	99.535	861	4	0	63778	64638	861	1	0.0	1568	79498	861	card~~~TEM-143~~~DQ075245.1:217-1078~~~cephalosporin;monobactam;penicillin_beta-lactam TEM-143 is an extended-spectrum beta-lactamase found in E. coli.
contig_9	card~~~TEM-135~~~AJ634602.1:8700-7839~~~cephalosporin;monobactam;penicillin_beta-lactam	99.535	861	4	0	63778	64638	861	1	0.0	1568	79498	861	card~~~TEM-135~~~AJ634602.1:8700-7839~~~cephalosporin;monobactam;penicillin_beta-lactam TEM-135 is a broad-spectrum beta-lactamase found in Salmonella enterica.
contig_9	card~~~TEM-128~~~AY368237.1:0-861~~~cephalosporin;monobactam;penicillin_beta-lactam	99.535	861	4	0	63778	64638	861	1	0.0	1568	79498	861	card~~~TEM-128~~~AY368237.1:0-861~~~cephalosporin;monobactam;penicillin_beta-lactam TEM-128 is a broad-spectrum beta-lactamase found in E. coli.
contig_9	card~~~TEM-127~~~AY368236.1:0-861~~~cephalosporin;monobactam;penicillin_beta-lactam	99.535	861	4	0	63778	64638	861	1	0.0	1568	79498	861	card~~~TEM-127~~~AY368236.1:0-861~~~cephalosporin;monobactam;penicillin_beta-lactam TEM-127 is a broad-spectrum beta-lactamase found in E. coli.
contig_9	card~~~TEM-105~~~AF516720.1:214-1075~~~cephalosporin;monobactam;penicillin_beta-lactam	99.535	861	4	0	63778	64638	861	1	0.0	1568	79498	861	card~~~TEM-105~~~AF516720.1:214-1075~~~cephalosporin;monobactam;penicillin_beta-lactam TEM-105 is a beta-lactamase found in E. coli.
contig_9	card~~~TEM-103~~~AAAGNS010000063.1:1005-144~~~cephalosporin;monobactam;penicillin_beta-lactam	99.535	861	4	0	63778	64638	861	1	0.0	1568	79498	861	card~~~TEM-103~~~AAAGNS010000063.1:1005-144~~~cephalosporin;monobactam;penicillin_beta-lactam TEM-103 is an inhibitor-resistant beta-lactamase that has been found in E. coli.
contig_9	card~~~KPC-9~~~FJ624872.1:2-854~~~carbapenem;cephalosporin;monobactam;penicillin_beta-lactam	99.883	852	1	0	76704	77555	1	852	0.0	1568	79498	852	card~~~KPC-9~~~FJ624872.1:2-854~~~carbapenem;cephalosporin;monobactam;penicillin_beta-lactam KPC-9 is a beta-lactamase found in Klebsiella pneumoniae.
contig_9	card~~~TEM-249~~~OP142512.1:0-861~~~cephalosporin;monobactam;penicillin_beta-lactam	99.419	861	5	0	63778	64638	861	1	0.0	1565	79498	861	card~~~TEM-249~~~OP142512.1:0-861~~~cephalosporin;monobactam;penicillin_beta-lactam Class A beta-lactamase TEM-249.
contig_9	card~~~KPC-241~~~PQ394554.1:0-873~~~carbapenem;cephalosporin;monobactam;penicillin_beta-lactam	98.866	882	1	1	76689	77570	1	873	0.0	1565	79498	873	card~~~KPC-241~~~PQ394554.1:0-873~~~carbapenem;cephalosporin;monobactam;penicillin_beta-lactam Carbapenem-hydrolyzing class A beta-lactamase KPC-241.
contig_9	card~~~KPC-169~~~OQ856767.1:0-873~~~carbapenem;cephalosporin;monobactam;penicillin_beta-lactam	98.866	882	1	1	76689	77570	1	873	0.0	1565	79498	873	card~~~KPC-169~~~OQ856767.1:0-873~~~carbapenem;cephalosporin;monobactam;penicillin_beta-lactam Inhibitor-resistant extended-spectrum class A beta-lactamase KPC-169.
contig_9	card~~~TEM-84~~~AF427130.1:208-1069~~~cephalosporin;monobactam;penicillin_beta-lactam	99.419	861	5	0	63778	64638	861	1	0.0	1563	79498	861	card~~~TEM-84~~~AF427130.1:208-1069~~~cephalosporin;monobactam;penicillin_beta-lactam TEM-84 is an inhibitor-resistant beta-lactamase found in E. coli.
contig_9	card~~~TEM-43~~~U95363.2:0-861~~~cephalosporin;monobactam;penicillin_beta-lactam	99.419	861	5	0	63778	64638	861	1	0.0	1563	79498	861	card~~~TEM-43~~~U95363.2:0-861~~~cephalosporin;monobactam;penicillin_beta-lactam TEM-43 is an extended-spectrum beta-lactamase found in Klebsiella pneumoniae.
contig_9	card~~~TEM-37~~~NG_068214.1:100-961~~~cephalosporin;monobactam;penicillin_beta-lactam	99.419	861	5	0	63778	64638	861	1	0.0	1563	79498	861	card~~~TEM-37~~~NG_068214.1:100-961~~~cephalosporin;monobactam;penicillin_beta-lactam TEM-37 is an inhibitor-resistant beta-lactamase that has been found in clinical isolates.
contig_9	card~~~TEM-36~~~NG_052650.1:0-861~~~cephalosporin;monobactam;penicillin_beta-lactam	99.419	861	5	0	63778	64638	861	1	0.0	1563	79498	861	card~~~TEM-36~~~NG_052650.1:0-861~~~cephalosporin;monobactam;penicillin_beta-lactam TEM-36 is an inhibitor-resistant beta-lactamase that has been found in clinical isolates.
contig_9	card~~~TEM-35~~~NG_050264.1:13-874~~~cephalosporin;monobactam;penicillin_beta-lactam	99.419	861	5	0	63778	64638	861	1	0.0	1563	79498	861	card~~~TEM-35~~~NG_050264.1:13-874~~~cephalosporin;monobactam;penicillin_beta-lactam TEM-35 is an inhibitor-resistant beta-lactamase that has been found in clinical isolates.
contig_9	card~~~TEM-28~~~U37195.1:75-936~~~cephalosporin;monobactam;penicillin_beta-lactam	99.419	861	5	0	63778	64638	861	1	0.0	1563	79498	861	card~~~TEM-28~~~U37195.1:75-936~~~cephalosporin;monobactam;penicillin_beta-lactam TEM-28 is an extended-spectrum beta-lactamase found in E. coli.
contig_9	card~~~TEM-253~~~PQ037599.1:0-861~~~cephalosporin;monobactam;penicillin_beta-lactam	99.419	861	5	0	63778	64638	861	1	0.0	1563	79498	861	card~~~TEM-253~~~PQ037599.1:0-861~~~cephalosporin;monobactam;penicillin_beta-lactam Class A beta-lactamase TEM-253.
contig_9	card~~~TEM-251~~~OQ870701.1:861-0~~~cephalosporin;monobactam;penicillin_beta-lactam	99.419	861	5	0	63778	64638	861	1	0.0	1563	79498	861	card~~~TEM-251~~~OQ870701.1:861-0~~~cephalosporin;monobactam;penicillin_beta-lactam Class A beta-lactamase TEM-251.
contig_9	card~~~TEM-247~~~ON651488.1:0-861~~~cephalosporin;monobactam;penicillin_beta-lactam	99.419	861	5	0	63778	64638	861	1	0.0	1563	79498	861	card~~~TEM-247~~~ON651488.1:0-861~~~cephalosporin;monobactam;penicillin_beta-lactam TEM-247 is a TEM class A beta-lactamase.
contig_9	card~~~TEM-246~~~OM617738.1:0-861~~~cephalosporin;monobactam;penicillin_beta-lactam	99.419	861	5	0	63778	64638	861	1	0.0	1563	79498	861	card~~~TEM-246~~~OM617738.1:0-861~~~cephalosporin;monobactam;penicillin_beta-lactam TEM-246 is a class A TEM beta-lactamase found in Neisseria gonorrhoeae.
contig_9	card~~~TEM-238~~~NG_067163.1:0-861~~~cephalosporin;monobactam;penicillin_beta-lactam	99.419	861	5	0	63778	64638	861	1	0.0	1563	79498	861	card~~~TEM-238~~~NG_067163.1:0-861~~~cephalosporin;monobactam;penicillin_beta-lactam TEM-238 is a beta-lactamase.
contig_9	card~~~TEM-232~~~NG_057472.1:0-861~~~cephalosporin;monobactam;penicillin_beta-lactam	99.419	861	5	0	63778	64638	861	1	0.0	1563	79498	861	card~~~TEM-232~~~NG_057472.1:0-861~~~cephalosporin;monobactam;penicillin_beta-lactam TEM-232 is a beta-lactamase.
contig_9	card~~~TEM-230~~~NG_056417.1:0-861~~~cephalosporin;monobactam;penicillin_beta-lactam	99.419	861	5	0	63778	64638	861	1	0.0	1563	79498	861	card~~~TEM-230~~~NG_056417.1:0-861~~~cephalosporin;monobactam;penicillin_beta-lactam TEM-230 is a beta-lactamase.
contig_9	card~~~TEM-225~~~NG_052651.1:0-861~~~cephalosporin;monobactam;penicillin_beta-lactam	99.419	861	5	0	63778	64638	861	1	0.0	1563	79498	861	card~~~TEM-225~~~NG_052651.1:0-861~~~cephalosporin;monobactam;penicillin_beta-lactam TEM-225 is a beta-lactamase.
contig_9	card~~~TEM-220~~~KM998962.1:0-861~~~cephalosporin;monobactam;penicillin_beta-lactam	99.419	861	5	0	63778	64638	861	1	0.0	1563	79498	861	card~~~TEM-220~~~KM998962.1:0-861~~~cephalosporin;monobactam;penicillin_beta-lactam TEM-220 is a beta-lactamase. Name originally from the historical Lahey list of beta-lactamases, some of which did not include sequence data.
contig_9	card~~~TEM-216~~~KF944358.1:0-861~~~cephalosporin;monobactam;penicillin_beta-lactam	99.419	861	5	0	63778	64638	861	1	0.0	1563	79498	861	card~~~TEM-216~~~KF944358.1:0-861~~~cephalosporin;monobactam;penicillin_beta-lactam TEM-216 is a beta-lactamase. Name originally from the historical Lahey list of beta-lactamases, some of which did not include sequence data.
contig_9	card~~~TEM-212~~~NG_050245.1:0-861~~~cephalosporin;monobactam;penicillin_beta-lactam	99.419	861	5	0	63778	64638	861	1	0.0	1563	79498	861	card~~~TEM-212~~~NG_050245.1:0-861~~~cephalosporin;monobactam;penicillin_beta-lactam TEM-212 is a beta-lactamase. Name originally from the historical Lahey list of beta-lactamases, some of which did not include sequence data.
contig_9	card~~~TEM-210~~~NG_050243.1:100-961~~~cephalosporin;monobactam;penicillin_beta-lactam	99.419	861	5	0	63778	64638	861	1	0.0	1563	79498	861	card~~~TEM-210~~~NG_050243.1:100-961~~~cephalosporin;monobactam;penicillin_beta-lactam TEM-210.
contig_9	card~~~TEM-201~~~JX310327.1:0-861~~~cephalosporin;monobactam;penicillin_beta-lactam	99.419	861	5	0	63778	64638	861	1	0.0	1563	79498	861	card~~~TEM-201~~~JX310327.1:0-861~~~cephalosporin;monobactam;penicillin_beta-lactam TEM-201 is a beta-lactamase found in Enterobacteriaceae.
contig_9	card~~~TEM-2~~~X54606.1:214-1075~~~cephalosporin;monobactam;penicillin_beta-lactam	99.419	861	5	0	63778	64638	861	1	0.0	1563	79498	861	card~~~TEM-2~~~X54606.1:214-1075~~~cephalosporin;monobactam;penicillin_beta-lactam TEM-2 is a broad-spectrum beta-lactamase.
contig_9	card~~~TEM-196~~~JQ034306.1:0-861~~~cephalosporin;monobactam;penicillin_beta-lactam	99.419	861	5	0	63778	64638	861	1	0.0	1563	79498	861	card~~~TEM-196~~~JQ034306.1:0-861~~~cephalosporin;monobactam;penicillin_beta-lactam TEM-196 is a beta-lactamase. Name originally from the historical Lahey list of beta-lactamases, some of which did not include sequence data.
contig_9	card~~~TEM-191~~~KY432484.1:0-861~~~cephalosporin;monobactam;penicillin_beta-lactam	99.419	861	5	0	63778	64638	861	1	0.0	1563	79498	861	card~~~TEM-191~~~KY432484.1:0-861~~~cephalosporin;monobactam;penicillin_beta-lactam TEM-191 is a beta-lactamase.
contig_9	card~~~TEM-19~~~JX042489.1:141-1002~~~cephalosporin;monobactam;penicillin_beta-lactam	99.419	861	5	0	63778	64638	861	1	0.0	1563	79498	861	card~~~TEM-19~~~JX042489.1:141-1002~~~cephalosporin;monobactam;penicillin_beta-lactam TEM-19 is an extended-spectrum beta-lactamase that has been found in clinical isolates.
contig_9	card~~~TEM-185~~~JF795538.1:0-861~~~cephalosporin;monobactam;penicillin_beta-lactam	99.419	861	5	0	63778	64638	861	1	0.0	1563	79498	861	card~~~TEM-185~~~JF795538.1:0-861~~~cephalosporin;monobactam;penicillin_beta-lactam TEM-185 is a beta-lactamase found in E. coli.
contig_9	card~~~TEM-17~~~Y14574.2:0-861~~~cephalosporin;monobactam;penicillin_beta-lactam	99.419	861	5	0	63778	64638	861	1	0.0	1563	79498	861	card~~~TEM-17~~~Y14574.2:0-861~~~cephalosporin;monobactam;penicillin_beta-lactam TEM-17 is an extended-spectrum beta-lactamase found in Capnocytophaga ochracea.
contig_9	card~~~TEM-169~~~FJ873740.1:0-858~~~cephalosporin;monobactam;penicillin_beta-lactam	99.534	858	4	0	63781	64638	858	1	0.0	1563	79498	858	card~~~TEM-169~~~FJ873740.1:0-858~~~cephalosporin;monobactam;penicillin_beta-lactam TEM-169 is an extended spectrum beta-lactamase.
contig_9	card~~~TEM-164~~~EU274580.1:214-1075~~~cephalosporin;monobactam;penicillin_beta-lactam	99.419	861	5	0	63778	64638	861	1	0.0	1563	79498	861	card~~~TEM-164~~~EU274580.1:214-1075~~~cephalosporin;monobactam;penicillin_beta-lactam TEM-164 is an extended-spectrum beta-lactamase found in Klebsiella pneumoniae.
contig_9	card~~~TEM-155~~~DQ679961.1:114-975~~~cephalosporin;monobactam;penicillin_beta-lactam	99.419	861	5	0	63778	64638	861	1	0.0	1563	79498	861	card~~~TEM-155~~~DQ679961.1:114-975~~~cephalosporin;monobactam;penicillin_beta-lactam TEM-155 is an extended-spectrum beta-lactamase.
contig_9	card~~~TEM-15~~~AM849805.1:262-1123~~~cephalosporin;monobactam;penicillin_beta-lactam	99.419	861	5	0	63778	64638	861	1	0.0	1563	79498	861	card~~~TEM-15~~~AM849805.1:262-1123~~~cephalosporin;monobactam;penicillin_beta-lactam TEM-15 is an extended-spectrum beta-lactamase that has been found in Haemophilus parainfluenzae.
contig_9	card~~~TEM-145~~~DQ105528.2:0-861~~~cephalosporin;monobactam;penicillin_beta-lactam	99.419	861	5	0	63778	64638	861	1	0.0	1563	79498	861	card~~~TEM-145~~~DQ105528.2:0-861~~~cephalosporin;monobactam;penicillin_beta-lactam TEM-145 is an inhibitor-resistant beta-lactamase found in E. coli.
contig_9	card~~~TEM-144~~~AM049399.1:0-861~~~cephalosporin;monobactam;penicillin_beta-lactam	99.419	861	5	0	63778	64638	861	1	0.0	1563	79498	861	card~~~TEM-144~~~AM049399.1:0-861~~~cephalosporin;monobactam;penicillin_beta-lactam TEM-144 is an extended-spectrum beta-lactamase found in Salmonella enterica.
contig_9	card~~~TEM-126~~~AY628199.1:203-1064~~~cephalosporin;monobactam;penicillin_beta-lactam	99.419	861	5	0	63778	64638	861	1	0.0	1563	79498	861	card~~~TEM-126~~~AY628199.1:203-1064~~~cephalosporin;monobactam;penicillin_beta-lactam TEM-126 is an extended-spectrum beta-lactamase found in E. coli.
contig_9	card~~~TEM-120~~~AY243512.1:208-1069~~~cephalosporin;monobactam;penicillin_beta-lactam	99.419	861	5	0	63778	64638	861	1	0.0	1563	79498	861	card~~~TEM-120~~~AY243512.1:208-1069~~~cephalosporin;monobactam;penicillin_beta-lactam TEM-120 is an extended-spectrum beta-lactamase found in Klebsiella oxytoca.
contig_9	card~~~TEM-12~~~M88143.1:367-1228~~~cephalosporin;monobactam;penicillin_beta-lactam	99.419	861	5	0	63778	64638	861	1	0.0	1563	79498	861	card~~~TEM-12~~~M88143.1:367-1228~~~cephalosporin;monobactam;penicillin_beta-lactam TEM-12 is an extended-spectrum beta-lactamase found in Klebsiella oxytoca.
contig_9	card~~~TEM-115~~~AF535127.1:208-1069~~~cephalosporin;monobactam;penicillin_beta-lactam	99.419	861	5	0	63778	64638	861	1	0.0	1563	79498	861	card~~~TEM-115~~~AF535127.1:208-1069~~~cephalosporin;monobactam;penicillin_beta-lactam TEM-115 is an extended-spectrum beta-lactamase found in Klebsiella pneumoniae.
contig_9	card~~~TEM-109~~~AY628175.1:210-1071~~~cephalosporin;monobactam;penicillin_beta-lactam	99.419	861	5	0	63778	64638	861	1	0.0	1563	79498	861	card~~~TEM-109~~~AY628175.1:210-1071~~~cephalosporin;monobactam;penicillin_beta-lactam TEM-109 is an inhibitor-resistant, extended-spectrum beta-lactamase found in E. coli.
contig_9	card~~~TEM-106~~~AY101578.1:214-1075~~~cephalosporin;monobactam;penicillin_beta-lactam	99.419	861	5	0	63778	64638	861	1	0.0	1563	79498	861	card~~~TEM-106~~~AY101578.1:214-1075~~~cephalosporin;monobactam;penicillin_beta-lactam TEM-106 is an extended-spectrum beta-lactamase found in E. coli.
contig_9	card~~~TEM-104~~~AF516719.1:214-1075~~~cephalosporin;monobactam;penicillin_beta-lactam	99.419	861	5	0	63778	64638	861	1	0.0	1563	79498	861	card~~~TEM-104~~~AF516719.1:214-1075~~~cephalosporin;monobactam;penicillin_beta-lactam TEM-104 is a beta-lactamase found in Klebsiella pneumoniae.
contig_9	card~~~TEM-10~~~AF093512.1:197-1058~~~cephalosporin;monobactam;penicillin_beta-lactam	99.419	861	5	0	63778	64638	861	1	0.0	1563	79498	861	card~~~TEM-10~~~AF093512.1:197-1058~~~cephalosporin;monobactam;penicillin_beta-lactam TEM-10 is an extended-spectrum beta-lactamase round in Morganella morganii.
contig_9	card~~~TEM-239~~~MK497256.1:0-864~~~cephalosporin;monobactam;penicillin_beta-lactam	99.306	864	3	1	63778	64638	864	1	0.0	1559	79498	864	card~~~TEM-239~~~MK497256.1:0-864~~~cephalosporin;monobactam;penicillin_beta-lactam Class A beta-lactamase TEM-239.
contig_9	card~~~KPC-97~~~OK086971.1:0-897~~~carbapenem;cephalosporin;monobactam;penicillin_beta-lactam	98.328	897	0	2	76689	77570	1	897	0.0	1559	79498	897	card~~~KPC-97~~~OK086971.1:0-897~~~carbapenem;cephalosporin;monobactam;penicillin_beta-lactam KPC-97 is a KPC class A beta-lactamase.
contig_9	card~~~KPC-205~~~JAYEEW010000028.1:9697-8800~~~carbapenem;cephalosporin;monobactam;penicillin_beta-lactam	98.328	897	0	1	76689	77570	1	897	0.0	1559	79498	897	card~~~KPC-205~~~JAYEEW010000028.1:9697-8800~~~carbapenem;cephalosporin;monobactam;penicillin_beta-lactam Inhibitor-resistant class A beta-lactamase KPC-205.
contig_9	card~~~TEM-71~~~AF203816.1:210-1071~~~cephalosporin;monobactam;penicillin_beta-lactam	99.303	861	6	0	63778	64638	861	1	0.0	1557	79498	861	card~~~TEM-71~~~AF203816.1:210-1071~~~cephalosporin;monobactam;penicillin_beta-lactam TEM-71 is an extended-spectrum beta-lactamase found in Klebsiella pneumoniae.
contig_9	card~~~TEM-53~~~AF104441.1:193-1054~~~cephalosporin;monobactam;penicillin_beta-lactam	99.303	861	6	0	63778	64638	861	1	0.0	1557	79498	861	card~~~TEM-53~~~AF104441.1:193-1054~~~cephalosporin;monobactam;penicillin_beta-lactam TEM-53 is an extended-spectrum beta-lactamase found in Klebsiella pneumoniae.
contig_9	card~~~TEM-5~~~NG_068215.1:100-961~~~cephalosporin;monobactam;penicillin_beta-lactam	99.303	861	6	0	63778	64638	861	1	0.0	1557	79498	861	card~~~TEM-5~~~NG_068215.1:100-961~~~cephalosporin;monobactam;penicillin_beta-lactam TEM-5 is an extended-spectrum beta-lactamase that has been found in clinical isolates.
contig_9	card~~~TEM-45~~~X95401.1:208-1069~~~cephalosporin;monobactam;penicillin_beta-lactam	99.303	861	6	0	63778	64638	861	1	0.0	1557	79498	861	card~~~TEM-45~~~X95401.1:208-1069~~~cephalosporin;monobactam;penicillin_beta-lactam TEM-45 is an inhibitor-resistant beta-lactamase found in E. coli.
contig_9	card~~~TEM-258~~~PQ362078.1:0-861~~~cephalosporin;monobactam;penicillin_beta-lactam	99.303	861	6	0	63778	64638	861	1	0.0	1557	79498	861	card~~~TEM-258~~~PQ362078.1:0-861~~~cephalosporin;monobactam;penicillin_beta-lactam Class A beta-lactamase TEM-258.
contig_9	card~~~TEM-254~~~PQ037600.1:0-861~~~cephalosporin;monobactam;penicillin_beta-lactam	99.303	861	6	0	63778	64638	861	1	0.0	1557	79498	861	card~~~TEM-254~~~PQ037600.1:0-861~~~cephalosporin;monobactam;penicillin_beta-lactam Class A beta-lactamase TEM-254.
contig_9	card~~~TEM-252~~~PP933208.1:0-861~~~cephalosporin;monobactam;penicillin_beta-lactam	99.303	861	6	0	63778	64638	861	1	0.0	1557	79498	861	card~~~TEM-252~~~PP933208.1:0-861~~~cephalosporin;monobactam;penicillin_beta-lactam Class A beta-lactamase TEM-252.
contig_9	card~~~TEM-243~~~NG_071226.1:0-861~~~cephalosporin;monobactam;penicillin_beta-lactam	99.303	861	6	0	63778	64638	861	1	0.0	1557	79498	861	card~~~TEM-243~~~NG_071226.1:0-861~~~cephalosporin;monobactam;penicillin_beta-lactam TEM-243 is a beta-lactamase.
contig_9	card~~~TEM-242~~~NG_065939.1:0-861~~~cephalosporin;monobactam;penicillin_beta-lactam	99.303	861	6	0	63778	64638	861	1	0.0	1557	79498	861	card~~~TEM-242~~~NG_065939.1:0-861~~~cephalosporin;monobactam;penicillin_beta-lactam TEM-242 is a beta-lactamase.
contig_9	card~~~TEM-226~~~NG_054684.1:0-861~~~cephalosporin;monobactam;penicillin_beta-lactam	99.303	861	6	0	63778	64638	861	1	0.0	1557	79498	861	card~~~TEM-226~~~NG_054684.1:0-861~~~cephalosporin;monobactam;penicillin_beta-lactam TEM-226 is a beta lactamase.
contig_9	card~~~TEM-182~~~HQ317449.1:0-861~~~cephalosporin;monobactam;penicillin_beta-lactam	99.303	861	6	0	63778	64638	861	1	0.0	1557	79498	861	card~~~TEM-182~~~HQ317449.1:0-861~~~cephalosporin;monobactam;penicillin_beta-lactam TEM-182 is a beta-lactamase found in clinical isolates of H. parainfluenzae.
contig_9	card~~~TEM-160~~~EF136377.1:0-861~~~cephalosporin;monobactam;penicillin_beta-lactam	99.303	861	6	0	63778	64638	861	1	0.0	1557	79498	861	card~~~TEM-160~~~EF136377.1:0-861~~~cephalosporin;monobactam;penicillin_beta-lactam TEM-160 is an inhibitor-resistant beta-lactamase found in Proteus mirabilis.
contig_9	card~~~TEM-159~~~EF136376.1:0-861~~~cephalosporin;monobactam;penicillin_beta-lactam	99.303	861	6	0	63778	64638	861	1	0.0	1557	79498	861	card~~~TEM-159~~~EF136376.1:0-861~~~cephalosporin;monobactam;penicillin_beta-lactam TEM-159 is an inhibitor-resistant beta-lactamase found in Proteus mirabilis.
contig_9	card~~~TEM-158~~~EF534736.1:213-1074~~~cephalosporin;monobactam;penicillin_beta-lactam	99.303	861	6	0	63778	64638	861	1	0.0	1557	79498	861	card~~~TEM-158~~~EF534736.1:213-1074~~~cephalosporin;monobactam;penicillin_beta-lactam TEM-158 is an inhibitor-resistant, extended-spectrum beta-lactamase found in E. coli.
contig_9	card~~~TEM-136~~~AY826417.1:0-861~~~cephalosporin;monobactam;penicillin_beta-lactam	99.303	861	6	0	63778	64638	861	1	0.0	1557	79498	861	card~~~TEM-136~~~AY826417.1:0-861~~~cephalosporin;monobactam;penicillin_beta-lactam TEM-136 is an extended-spectrum beta-lactamase found in Klebsiella pneumoniae.
contig_9	card~~~TEM-133~~~AY528425.1:0-861~~~cephalosporin;monobactam;penicillin_beta-lactam	99.303	861	6	0	63778	64638	861	1	0.0	1557	79498	861	card~~~TEM-133~~~AY528425.1:0-861~~~cephalosporin;monobactam;penicillin_beta-lactam TEM-133 is an extended-spectrum beta-lactamase found in Klebsiella pneumoniae.
contig_9	card~~~TEM-132~~~AY491682.1:0-861~~~cephalosporin;monobactam;penicillin_beta-lactam	99.303	861	6	0	63778	64638	861	1	0.0	1557	79498	861	card~~~TEM-132~~~AY491682.1:0-861~~~cephalosporin;monobactam;penicillin_beta-lactam TEM-132 is an extended-spectrum beta-lactamase found in E. coli and Klebsiella pneumoniae.
contig_9	card~~~TEM-110~~~AY072920.1:0-861~~~cephalosporin;monobactam;penicillin_beta-lactam	99.303	861	6	0	63778	64638	861	1	0.0	1557	79498	861	card~~~TEM-110~~~AY072920.1:0-861~~~cephalosporin;monobactam;penicillin_beta-lactam TEM-110 is a broad-spectrum beta-lactamase found in Klebsiella pneumoniae.
contig_9	card~~~TEM-11~~~AY874537.1:177-1038~~~cephalosporin;monobactam;penicillin_beta-lactam	99.303	861	6	0	63778	64638	861	1	0.0	1557	79498	861	card~~~TEM-11~~~AY874537.1:177-1038~~~cephalosporin;monobactam;penicillin_beta-lactam TEM-11 is an extended-spectrum beta-lactamase found in Proteus mirabilis.
contig_9	card~~~KPC-197~~~OR633287.1:0-882~~~carbapenem;cephalosporin;monobactam;penicillin_beta-lactam	98.536	888	1	2	76689	77570	1	882	0.0	1557	79498	882	card~~~KPC-197~~~OR633287.1:0-882~~~carbapenem;cephalosporin;monobactam;penicillin_beta-lactam Inhibitor-resistant extended-spectrum class A beta-lactamase KPC-197.
contig_9	card~~~TEM-99~~~NG_050308.1:0-861~~~cephalosporin;monobactam;penicillin_beta-lactam	99.531	853	4	0	63778	64630	861	9	0.0	1554	79498	861	card~~~TEM-99~~~NG_050308.1:0-861~~~cephalosporin;monobactam;penicillin_beta-lactam TEM-99 is a TEM beta-lactamase.
contig_9	card~~~KPC-93~~~MZ569034.1:0-897~~~carbapenem;cephalosporin;monobactam;penicillin_beta-lactam	98.216	897	1	1	76689	77570	1	897	0.0	1554	79498	897	card~~~KPC-93~~~MZ569034.1:0-897~~~carbapenem;cephalosporin;monobactam;penicillin_beta-lactam KPC-93 is a KPC beta-lactamase.
contig_9	card~~~KPC-202~~~OR839185.1:0-912~~~carbapenem;cephalosporin;monobactam;penicillin_beta-lactam	99.882	844	1	0	76689	77532	1	844	0.0	1554	79498	912	card~~~KPC-202~~~OR839185.1:0-912~~~carbapenem;cephalosporin;monobactam;penicillin_beta-lactam Inhibitor-resistant carbapenem-hydrolyzing class A beta-lactamase KPC-202.
contig_9	card~~~KPC-202~~~OR839185.1:0-912~~~carbapenem;cephalosporin;monobactam;penicillin_beta-lactam	100.000	68	0	0	77503	77570	845	912	3.27e-27	126	79498	912	card~~~KPC-202~~~OR839185.1:0-912~~~carbapenem;cephalosporin;monobactam;penicillin_beta-lactam Inhibitor-resistant carbapenem-hydrolyzing class A beta-lactamase KPC-202.
contig_9	card~~~TEM-88~~~AY027590.1:112-973~~~cephalosporin;monobactam;penicillin_beta-lactam	99.187	861	7	0	63778	64638	861	1	0.0	1552	79498	861	card~~~TEM-88~~~AY027590.1:112-973~~~cephalosporin;monobactam;penicillin_beta-lactam TEM-88 is an extended-spectrum beta-lactamase found in Klebsiella pneumoniae.
contig_9	card~~~TEM-83~~~AF427129.1:208-1069~~~cephalosporin;monobactam;penicillin_beta-lactam	99.187	861	7	0	63778	64638	861	1	0.0	1552	79498	861	card~~~TEM-83~~~AF427129.1:208-1069~~~cephalosporin;monobactam;penicillin_beta-lactam TEM-83 is an inhibitor-resistant beta-lactamase found in E. coli.
contig_9	card~~~TEM-78~~~AF190693.1:208-1069~~~cephalosporin;monobactam;penicillin_beta-lactam	99.187	861	7	0	63778	64638	861	1	0.0	1552	79498	861	card~~~TEM-78~~~AF190693.1:208-1069~~~cephalosporin;monobactam;penicillin_beta-lactam TEM-78 is an inhibitor-resistant beta-lactamase found in E. coli.
contig_9	card~~~TEM-67~~~AF091113.2:450-1311~~~cephalosporin;monobactam;penicillin_beta-lactam	99.187	861	7	0	63778	64638	861	1	0.0	1552	79498	861	card~~~TEM-67~~~AF091113.2:450-1311~~~cephalosporin;monobactam;penicillin_beta-lactam TEM-67 is an inhibitor-resistant beta-lactamase found in Proteus mirabilis.
contig_9	card~~~TEM-61~~~LC542923.1:3340-2479~~~cephalosporin;monobactam;penicillin_beta-lactam	99.187	861	7	0	63778	64638	861	1	0.0	1552	79498	861	card~~~TEM-61~~~LC542923.1:3340-2479~~~cephalosporin;monobactam;penicillin_beta-lactam TEM-61 is an extended-spectrum beta-lactamase that has been found in clinical isolates.
contig_9	card~~~TEM-47~~~Y10279.1:0-861~~~cephalosporin;monobactam;penicillin_beta-lactam	99.187	861	7	0	63778	64638	861	1	0.0	1552	79498	861	card~~~TEM-47~~~Y10279.1:0-861~~~cephalosporin;monobactam;penicillin_beta-lactam TEM-47 is an extended-spectrum beta-lactamase found in Klebsiella pneumoniae.
contig_9	card~~~TEM-39~~~NG_065940.1:0-861~~~cephalosporin;monobactam;penicillin_beta-lactam	99.187	861	7	0	63778	64638	861	1	0.0	1552	79498	861	card~~~TEM-39~~~NG_065940.1:0-861~~~cephalosporin;monobactam;penicillin_beta-lactam TEM-39 is an inhibitor-resistant beta-lactamase that has been found in clinical isolates.
contig_9	card~~~TEM-3~~~X64523.1:1337-476~~~cephalosporin;monobactam;penicillin_beta-lactam	99.187	861	7	0	63778	64638	861	1	0.0	1552	79498	861	card~~~TEM-3~~~X64523.1:1337-476~~~cephalosporin;monobactam;penicillin_beta-lactam TEM-3 is an extended-spectrum beta-lactamase found in Klebsiella pneumoniae.
contig_9	card~~~TEM-241~~~NG_065938.1:0-861~~~cephalosporin;monobactam;penicillin_beta-lactam	99.187	861	7	0	63778	64638	861	1	0.0	1552	79498	861	card~~~TEM-241~~~NG_065938.1:0-861~~~cephalosporin;monobactam;penicillin_beta-lactam TEM-241 is a beta-lactamase.
contig_9	card~~~TEM-24~~~X65253.1:175-1036~~~cephalosporin;monobactam;penicillin_beta-lactam	99.187	861	7	0	63778	64638	861	1	0.0	1552	79498	861	card~~~TEM-24~~~X65253.1:175-1036~~~cephalosporin;monobactam;penicillin_beta-lactam TEM-24 is an extended-spectrum beta-lactamase found in Klebsiella pneumoniae.
contig_9	card~~~TEM-20~~~Y17581.1:78-936~~~cephalosporin;monobactam;penicillin_beta-lactam	99.301	858	6	0	63781	64638	858	1	0.0	1552	79498	858	card~~~TEM-20~~~Y17581.1:78-936~~~cephalosporin;monobactam;penicillin_beta-lactam TEM-20 is an extended-spectrum beta-lactamase found in several species of Gram-negative bacteria.
contig_9	card~~~TEM-190~~~JN416112.1:0-861~~~cephalosporin;monobactam;penicillin_beta-lactam	99.187	861	7	0	63778	64638	861	1	0.0	1552	79498	861	card~~~TEM-190~~~JN416112.1:0-861~~~cephalosporin;monobactam;penicillin_beta-lactam TEM-190 is a beta-lactamase.
contig_9	card~~~TEM-188~~~JN211012.1:213-1074~~~cephalosporin;monobactam;penicillin_beta-lactam	99.187	861	7	0	63778	64638	861	1	0.0	1552	79498	861	card~~~TEM-188~~~JN211012.1:213-1074~~~cephalosporin;monobactam;penicillin_beta-lactam TEM-188 is an extended-spectrum beta-lactamase.
contig_9	card~~~TEM-16~~~X65254.1:175-1036~~~cephalosporin;monobactam;penicillin_beta-lactam	99.187	861	7	0	63778	64638	861	1	0.0	1552	79498	861	card~~~TEM-16~~~X65254.1:175-1036~~~cephalosporin;monobactam;penicillin_beta-lactam TEM-16 is an extended-spectrum beta-lactamase found in Klebsiella pneumoniae.
contig_9	card~~~TEM-138~~~AY853593.1:214-1075~~~cephalosporin;monobactam;penicillin_beta-lactam	99.187	861	7	0	63778	64638	861	1	0.0	1552	79498	861	card~~~TEM-138~~~AY853593.1:214-1075~~~cephalosporin;monobactam;penicillin_beta-lactam TEM-138 is an extended-spectrum beta-lactamase found in Salmonella enterica.
contig_9	card~~~TEM-137~~~AM286274.1:0-861~~~cephalosporin;monobactam;penicillin_beta-lactam	99.187	861	7	0	63778	64638	861	1	0.0	1552	79498	861	card~~~TEM-137~~~AM286274.1:0-861~~~cephalosporin;monobactam;penicillin_beta-lactam TEM-137 is an extended-spectrum beta-lactamase found in Shigella sonnei.
contig_9	card~~~TEM-111~~~AF468003.1:0-861~~~cephalosporin;monobactam;penicillin_beta-lactam	99.187	861	7	0	63778	64638	861	1	0.0	1552	79498	861	card~~~TEM-111~~~AF468003.1:0-861~~~cephalosporin;monobactam;penicillin_beta-lactam TEM-111 is a beta-lactamase found in E. coli and P. mirabilis.
contig_9	card~~~TEM-107~~~AY101764.1:206-1067~~~cephalosporin;monobactam;penicillin_beta-lactam	99.187	861	7	0	63778	64638	861	1	0.0	1552	79498	861	card~~~TEM-107~~~AY101764.1:206-1067~~~cephalosporin;monobactam;penicillin_beta-lactam TEM-107 is an extended-spectrum beta-lactamase found in Klebsiella pneumoniae.
contig_9	card~~~KPC-240~~~PQ394553.1:0-870~~~carbapenem;cephalosporin;monobactam;penicillin_beta-lactam	98.639	882	0	1	76689	77570	1	870	0.0	1552	79498	870	card~~~KPC-240~~~PQ394553.1:0-870~~~carbapenem;cephalosporin;monobactam;penicillin_beta-lactam Carbapenem-hydrolyzing class A beta-lactamase KPC-240.
contig_9	card~~~KPC-138~~~OP432320.1:0-897~~~carbapenem;cephalosporin;monobactam;penicillin_beta-lactam	98.105	897	2	2	76689	77570	1	897	0.0	1548	79498	897	card~~~KPC-138~~~OP432320.1:0-897~~~carbapenem;cephalosporin;monobactam;penicillin_beta-lactam Inhibitor-resistant extended-spectrum class A beta-lactamase KPC-138.
contig_9	card~~~TEM-92~~~AF143804.1:0-861~~~cephalosporin;monobactam;penicillin_beta-lactam	99.071	861	8	0	63778	64638	861	1	0.0	1546	79498	861	card~~~TEM-92~~~AF143804.1:0-861~~~cephalosporin;monobactam;penicillin_beta-lactam TEM-92 is an extended-spectrum beta-lactamase found in Proteus mirabilis.
contig_9	card~~~TEM-9~~~NG_056168.1:0-861~~~cephalosporin;monobactam;penicillin_beta-lactam	99.071	861	8	0	63778	64638	861	1	0.0	1546	79498	861	card~~~TEM-9~~~NG_056168.1:0-861~~~cephalosporin;monobactam;penicillin_beta-lactam TEM-9 is an extended-spectrum beta-lactamase that has been found in clinical isolates.
contig_9	card~~~TEM-85~~~AJ277414.1:0-861~~~cephalosporin;monobactam;penicillin_beta-lactam	99.071	861	8	0	63778	64638	861	1	0.0	1546	79498	861	card~~~TEM-85~~~AJ277414.1:0-861~~~cephalosporin;monobactam;penicillin_beta-lactam TEM-85 is an extended-spectrum beta-lactamase found in Klebsiella pneumoniae.
contig_9	card~~~TEM-8~~~X65252.1:175-1036~~~cephalosporin;monobactam;penicillin_beta-lactam	99.071	861	8	0	63778	64638	861	1	0.0	1546	79498	861	card~~~TEM-8~~~X65252.1:175-1036~~~cephalosporin;monobactam;penicillin_beta-lactam TEM-8 is an extended-spectrum beta-lactamase found in Klebsiella pneumoniae.
contig_9	card~~~TEM-72~~~AF157553.1:147-1008~~~cephalosporin;monobactam;penicillin_beta-lactam	99.071	861	8	0	63778	64638	861	1	0.0	1546	79498	861	card~~~TEM-72~~~AF157553.1:147-1008~~~cephalosporin;monobactam;penicillin_beta-lactam TEM-72 is an extended-spectrum beta-lactamase found in Proteus mirabilis and Morganella morganii.
contig_9	card~~~TEM-68~~~AJ239002.1:0-861~~~cephalosporin;monobactam;penicillin_beta-lactam	99.071	861	8	0	63778	64638	861	1	0.0	1546	79498	861	card~~~TEM-68~~~AJ239002.1:0-861~~~cephalosporin;monobactam;penicillin_beta-lactam TEM-68 is an inhibitor resistant, extended-spectrum beta-lactamase found in Klebsiella pneumoniae.
contig_9	card~~~TEM-63~~~AF332513.1:103-964~~~cephalosporin;monobactam;penicillin_beta-lactam	99.071	861	8	0	63778	64638	861	1	0.0	1546	79498	861	card~~~TEM-63~~~AF332513.1:103-964~~~cephalosporin;monobactam;penicillin_beta-lactam TEM-63 is an extended-spectrum beta-lactamase found in E. coli.
contig_9	card~~~TEM-48~~~Y10280.1:0-861~~~cephalosporin;monobactam;penicillin_beta-lactam	99.071	861	8	0	63778	64638	861	1	0.0	1546	79498	861	card~~~TEM-48~~~Y10280.1:0-861~~~cephalosporin;monobactam;penicillin_beta-lactam TEM-48 is an extended-spectrum beta-lactamase found Klebsiella pneumoniae.
contig_9	card~~~TEM-4~~~LK391770.1:19707-20568~~~cephalosporin;monobactam;penicillin_beta-lactam	99.071	861	8	0	63778	64638	861	1	0.0	1546	79498	861	card~~~TEM-4~~~LK391770.1:19707-20568~~~cephalosporin;monobactam;penicillin_beta-lactam TEM-4 is an extended-spectrum beta-lactamase that has been found in clinical isolates.
contig_9	card~~~TEM-250~~~OQ592371.1:0-861~~~cephalosporin;monobactam;penicillin_beta-lactam	99.071	861	8	0	63778	64638	861	1	0.0	1546	79498	861	card~~~TEM-250~~~OQ592371.1:0-861~~~cephalosporin;monobactam;penicillin_beta-lactam Class A beta-lactamase TEM-250.
contig_9	card~~~TEM-233~~~NG_057581.1:0-861~~~cephalosporin;monobactam;penicillin_beta-lactam	99.071	861	8	0	63778	64638	861	1	0.0	1546	79498	861	card~~~TEM-233~~~NG_057581.1:0-861~~~cephalosporin;monobactam;penicillin_beta-lactam TEM-233 is a beta-lactamase.
contig_9	card~~~TEM-205~~~KC900516.1:0-858~~~cephalosporin;monobactam;penicillin_beta-lactam	99.184	858	7	0	63781	64638	858	1	0.0	1546	79498	858	card~~~TEM-205~~~KC900516.1:0-858~~~cephalosporin;monobactam;penicillin_beta-lactam TEM-205 is a beta-lactamase. Name originally from the historical Lahey list of beta-lactamases, some of which did not include sequence data.
contig_9	card~~~TEM-184~~~FR848831.1:0-861~~~cephalosporin;monobactam;penicillin_beta-lactam	99.071	861	8	0	63778	64638	861	1	0.0	1546	79498	861	card~~~TEM-184~~~FR848831.1:0-861~~~cephalosporin;monobactam;penicillin_beta-lactam TEM-184 is a beta-lactamase. Name originally from the historical Lahey list of beta-lactamases, some of which did not include sequence data.
contig_9	card~~~TEM-162~~~EF468463.1:66-927~~~cephalosporin;monobactam;penicillin_beta-lactam	99.071	861	8	0	63778	64638	861	1	0.0	1546	79498	861	card~~~TEM-162~~~EF468463.1:66-927~~~cephalosporin;monobactam;penicillin_beta-lactam TEM-162 is a beta-lactamase found in Acinetobacter haemolyticus.
contig_9	card~~~TEM-152~~~DQ834728.1:205-1066~~~cephalosporin;monobactam;penicillin_beta-lactam	99.071	861	8	0	63778	64638	861	1	0.0	1546	79498	861	card~~~TEM-152~~~DQ834728.1:205-1066~~~cephalosporin;monobactam;penicillin_beta-lactam TEM-152 is a CMT-type, inhibitor-resistant, extended-spectrum beta-lactamase found in E. coli.
contig_9	card~~~TEM-151~~~DQ834729.1:205-1066~~~cephalosporin;monobactam;penicillin_beta-lactam	99.071	861	8	0	63778	64638	861	1	0.0	1546	79498	861	card~~~TEM-151~~~DQ834729.1:205-1066~~~cephalosporin;monobactam;penicillin_beta-lactam TEM-151 is a CMT-type, inhibitor-resistant, extended-spectrum beta-lactamase found in E. coli.
contig_9	card~~~TEM-149~~~DQ369751.1:0-861~~~cephalosporin;monobactam;penicillin_beta-lactam	99.071	861	8	0	63778	64638	861	1	0.0	1546	79498	861	card~~~TEM-149~~~DQ369751.1:0-861~~~cephalosporin;monobactam;penicillin_beta-lactam TEM-149 is an extended-spectrum beta-lactamase found in Klebsiella aerogenes.
contig_9	card~~~TEM-142~~~DQ388882.1:0-861~~~cephalosporin;monobactam;penicillin_beta-lactam	99.071	861	8	0	63778	64638	861	1	0.0	1546	79498	861	card~~~TEM-142~~~DQ388882.1:0-861~~~cephalosporin;monobactam;penicillin_beta-lactam TEM-142 is an beta-lactamase found in E. coli.
contig_9	card~~~TEM-134~~~AY574271.1:0-861~~~cephalosporin;monobactam;penicillin_beta-lactam	99.071	861	8	0	63778	64638	861	1	0.0	1546	79498	861	card~~~TEM-134~~~AY574271.1:0-861~~~cephalosporin;monobactam;penicillin_beta-lactam TEM-134 is an extended-spectrum beta-lactamase found in Citrobacter koseri.
contig_9	card~~~TEM-129~~~AJ746225.1:0-861~~~cephalosporin;monobactam;penicillin_beta-lactam	99.071	861	8	0	63778	64638	861	1	0.0	1546	79498	861	card~~~TEM-129~~~AJ746225.1:0-861~~~cephalosporin;monobactam;penicillin_beta-lactam TEM-129 is an extended-spectrum beta-lactamase found in Klebsiella oxytoca.
contig_9	card~~~TEM-114~~~AY589495.1:181-1042~~~cephalosporin;monobactam;penicillin_beta-lactam	99.071	861	8	0	63778	64638	861	1	0.0	1546	79498	861	card~~~TEM-114~~~AY589495.1:181-1042~~~cephalosporin;monobactam;penicillin_beta-lactam TEM-114 is an extended-spectrum beta-lactamase found in Klebsiella aerogenes.
contig_9	card~~~KPC-67~~~MT809697.1:38105-37205~~~carbapenem;cephalosporin;monobactam;penicillin_beta-lactam	98.000	900	0	1	76689	77570	1	900	0.0	1546	79498	900	card~~~KPC-67~~~MT809697.1:38105-37205~~~carbapenem;cephalosporin;monobactam;penicillin_beta-lactam Inhibitor-resistant carbapenem-hydrolyzing class A beta-lactamase KPC-67.
contig_9	card~~~KPC-228~~~PP860922.1:0-870~~~carbapenem;cephalosporin;monobactam;penicillin_beta-lactam	98.526	882	1	1	76689	77570	1	870	0.0	1546	79498	870	card~~~KPC-228~~~PP860922.1:0-870~~~carbapenem;cephalosporin;monobactam;penicillin_beta-lactam Inhibitor-resistant extended-spectrum class A beta-lactamase KPC-228.
contig_9	card~~~KPC-211~~~PP194258.1:0-870~~~carbapenem;cephalosporin;monobactam;penicillin_beta-lactam	98.526	882	1	1	76689	77570	1	870	0.0	1546	79498	870	card~~~KPC-211~~~PP194258.1:0-870~~~carbapenem;cephalosporin;monobactam;penicillin_beta-lactam Carbapenem-hydrolyzing class A beta-lactamase KPC-211.
contig_9	card~~~KPC-183~~~OR282800.1:0-900~~~carbapenem;cephalosporin;monobactam;penicillin_beta-lactam	98.000	900	0	1	76689	77570	1	900	0.0	1546	79498	900	card~~~KPC-183~~~OR282800.1:0-900~~~carbapenem;cephalosporin;monobactam;penicillin_beta-lactam Carbapenem-hydrolyzing class A beta-lactamase KPC-183.
contig_9	card~~~KPC-163~~~OQ579139.1:0-900~~~carbapenem;cephalosporin;monobactam;penicillin_beta-lactam	98.000	900	0	2	76689	77570	1	900	0.0	1546	79498	900	card~~~KPC-163~~~OQ579139.1:0-900~~~carbapenem;cephalosporin;monobactam;penicillin_beta-lactam Carbapenem-hydrolyzing class A beta-lactamase KPC-163.
contig_9	card~~~KPC-112~~~OM177660.1:5-875~~~carbapenem;cephalosporin;monobactam;penicillin_beta-lactam	98.526	882	1	2	76689	77570	1	870	0.0	1546	79498	870	card~~~KPC-112~~~OM177660.1:5-875~~~carbapenem;cephalosporin;monobactam;penicillin_beta-lactam Inhibitor-resistant extended-spectrum class A beta-lactamase KPC-112.
contig_9	card~~~KPC-109~~~OL744263.1:0-900~~~carbapenem;cephalosporin;monobactam;penicillin_beta-lactam	98.000	900	0	1	76689	77570	1	900	0.0	1546	79498	900	card~~~KPC-109~~~OL744263.1:0-900~~~carbapenem;cephalosporin;monobactam;penicillin_beta-lactam Inhibitor-resistant carbapenem-hydrolyzing class A beta-lactamase KPC-109.
contig_9	card~~~TEM-131~~~AY436361.1:131-992~~~cephalosporin;monobactam;penicillin_beta-lactam	98.955	861	9	0	63778	64638	861	1	0.0	1543	79498	861	card~~~TEM-131~~~AY436361.1:131-992~~~cephalosporin;monobactam;penicillin_beta-lactam TEM-131 is an extended-spectrum beta-lactamase found in Salmonella enterica.
contig_9	card~~~TEM-108~~~AF506748.1:38-899~~~cephalosporin;monobactam;penicillin_beta-lactam	99.297	853	6	0	63778	64630	861	9	0.0	1543	79498	861	card~~~TEM-108~~~AF506748.1:38-899~~~cephalosporin;monobactam;penicillin_beta-lactam TEM-108 is a beta-lactamase that has been found in clinical isolates.
contig_9	card~~~KPC-171~~~OQ856769.1:0-906~~~carbapenem;cephalosporin;monobactam;penicillin_beta-lactam	99.881	838	1	0	76689	77526	1	838	0.0	1543	79498	906	card~~~KPC-171~~~OQ856769.1:0-906~~~carbapenem;cephalosporin;monobactam;penicillin_beta-lactam Inhibitor-resistant carbapenem-hydrolyzing class A beta-lactamase KPC-171.
contig_9	card~~~KPC-171~~~OQ856769.1:0-906~~~carbapenem;cephalosporin;monobactam;penicillin_beta-lactam	100.000	68	0	0	77503	77570	839	906	3.27e-27	126	79498	906	card~~~KPC-171~~~OQ856769.1:0-906~~~carbapenem;cephalosporin;monobactam;penicillin_beta-lactam Inhibitor-resistant carbapenem-hydrolyzing class A beta-lactamase KPC-171.
contig_9	card~~~KPC-161~~~OQ579137.1:0-915~~~carbapenem;cephalosporin;monobactam;penicillin_beta-lactam	99.881	838	1	0	76689	77526	1	838	0.0	1543	79498	915	card~~~KPC-161~~~OQ579137.1:0-915~~~carbapenem;cephalosporin;monobactam;penicillin_beta-lactam Carbapenem-hydrolyzing class A beta-lactamase KPC-161.
contig_9	card~~~KPC-161~~~OQ579137.1:0-915~~~carbapenem;cephalosporin;monobactam;penicillin_beta-lactam	98.718	78	1	0	77493	77570	838	915	4.21e-31	139	79498	915	card~~~KPC-161~~~OQ579137.1:0-915~~~carbapenem;cephalosporin;monobactam;penicillin_beta-lactam Carbapenem-hydrolyzing class A beta-lactamase KPC-161.
contig_9	card~~~TEM-94~~~AJ318094.1:0-861~~~cephalosporin;monobactam;penicillin_beta-lactam	98.955	861	9	0	63778	64638	861	1	0.0	1541	79498	861	card~~~TEM-94~~~AJ318094.1:0-861~~~cephalosporin;monobactam;penicillin_beta-lactam TEM-94 is an extended-spectrum beta-lactamase found in E. coli.
contig_9	card~~~TEM-87~~~AF250872.1:0-861~~~cephalosporin;monobactam;penicillin_beta-lactam	98.955	861	9	0	63778	64638	861	1	0.0	1541	79498	861	card~~~TEM-87~~~AF250872.1:0-861~~~cephalosporin;monobactam;penicillin_beta-lactam TEM-87 is an extended-spectrum beta-lactamase found in Proteus mirabilis.
contig_9	card~~~TEM-86~~~AJ277415.1:0-861~~~cephalosporin;monobactam;penicillin_beta-lactam	98.955	861	9	0	63778	64638	861	1	0.0	1541	79498	861	card~~~TEM-86~~~AJ277415.1:0-861~~~cephalosporin;monobactam;penicillin_beta-lactam TEM-86 is an extended-spectrum beta-lactamase found in Klebsiella pneumoniae.
contig_9	card~~~TEM-49~~~Y10281.1:0-861~~~cephalosporin;monobactam;penicillin_beta-lactam	98.955	861	9	0	63778	64638	861	1	0.0	1541	79498	861	card~~~TEM-49~~~Y10281.1:0-861~~~cephalosporin;monobactam;penicillin_beta-lactam TEM-49 extended-spectrum beta-lactamase found in E. coli.
contig_9	card~~~TEM-227~~~NG_054696.1:0-861~~~cephalosporin;monobactam;penicillin_beta-lactam	98.955	861	9	0	63778	64638	861	1	0.0	1541	79498	861	card~~~TEM-227~~~NG_054696.1:0-861~~~cephalosporin;monobactam;penicillin_beta-lactam TEM-227 is a beta-lactamase.
contig_9	card~~~TEM-224~~~NG_050254.1:0-861~~~cephalosporin;monobactam;penicillin_beta-lactam	98.955	861	9	0	63778	64638	861	1	0.0	1541	79498	861	card~~~TEM-224~~~NG_050254.1:0-861~~~cephalosporin;monobactam;penicillin_beta-lactam TEM-224 is a beta-lactamase.
contig_9	card~~~TEM-22~~~Y17583.1:213-1071~~~cephalosporin;monobactam;penicillin_beta-lactam	99.068	858	8	0	63781	64638	858	1	0.0	1541	79498	858	card~~~TEM-22~~~Y17583.1:213-1071~~~cephalosporin;monobactam;penicillin_beta-lactam TEM-22 is an extended-spectrum beta-lactamase found in Klebsiella pneumoniae.
contig_9	card~~~TEM-21~~~Y17582.1:0-858~~~cephalosporin;monobactam;penicillin_beta-lactam	99.068	858	8	0	63781	64638	858	1	0.0	1541	79498	858	card~~~TEM-21~~~Y17582.1:0-858~~~cephalosporin;monobactam;penicillin_beta-lactam TEM-21 is an extended-spectrum beta-lactamase found in many species of Gram-negative bacteria.
contig_9	card~~~TEM-167~~~FJ360884.1:213-1074~~~cephalosporin;monobactam;penicillin_beta-lactam	98.955	861	9	0	63778	64638	861	1	0.0	1541	79498	861	card~~~TEM-167~~~FJ360884.1:213-1074~~~cephalosporin;monobactam;penicillin_beta-lactam TEM-167 is an extended-spectrum beta-lactamase found in E. coli.
contig_9	card~~~TEM-139~~~DQ072853.1:0-861~~~cephalosporin;monobactam;penicillin_beta-lactam	98.955	861	9	0	63778	64638	861	1	0.0	1541	79498	861	card~~~TEM-139~~~DQ072853.1:0-861~~~cephalosporin;monobactam;penicillin_beta-lactam TEM-139 is an extended-spectrum beta-lactamase found in Klebsiella pneumoniae.
contig_9	card~~~TEM-121~~~AY271267.1:0-861~~~cephalosporin;monobactam;penicillin_beta-lactam	98.955	861	9	0	63778	64638	861	1	0.0	1541	79498	861	card~~~TEM-121~~~AY271267.1:0-861~~~cephalosporin;monobactam;penicillin_beta-lactam TEM-121 is an inhibitor-resistant, extended-spectrum beta-lactamase found in E. coli and Klebsiella aerogenes.
contig_9	card~~~TEM-113~~~AY589494.1:193-1054~~~cephalosporin;monobactam;penicillin_beta-lactam	98.955	861	9	0	63778	64638	861	1	0.0	1541	79498	861	card~~~TEM-113~~~AY589494.1:193-1054~~~cephalosporin;monobactam;penicillin_beta-lactam TEM-113 is an extended-spectrum beta-lactamase found in Proteus mirabilis.
contig_9	card~~~TEM-101~~~AF495873.1:0-861~~~cephalosporin;monobactam;penicillin_beta-lactam	98.955	861	9	0	63778	64638	861	1	0.0	1541	79498	861	card~~~TEM-101~~~AF495873.1:0-861~~~cephalosporin;monobactam;penicillin_beta-lactam TEM-101 is an extended-spectrum beta-lactamase found in E. coli.
contig_9	card~~~KPC-233~~~PQ287843.1:0-900~~~carbapenem;cephalosporin;monobactam;penicillin_beta-lactam	97.889	900	1	1	76689	77570	1	900	0.0	1541	79498	900	card~~~KPC-233~~~PQ287843.1:0-900~~~carbapenem;cephalosporin;monobactam;penicillin_beta-lactam Inhibitor-resistant carbapenem-hydrolyzing class A beta-lactamase KPC-233.
contig_9	card~~~KPC-230~~~PP988013.1:900-0~~~carbapenem;cephalosporin;monobactam;penicillin_beta-lactam	97.889	900	1	2	76689	77570	1	900	0.0	1541	79498	900	card~~~KPC-230~~~PP988013.1:900-0~~~carbapenem;cephalosporin;monobactam;penicillin_beta-lactam Inhibitor-resistant extended-spectrum class A beta-lactamase KPC-230.
contig_9	card~~~KPC-209~~~PP165529.1:5-905~~~carbapenem;cephalosporin;monobactam;penicillin_beta-lactam	97.889	900	1	1	76689	77570	1	900	0.0	1541	79498	900	card~~~KPC-209~~~PP165529.1:5-905~~~carbapenem;cephalosporin;monobactam;penicillin_beta-lactam Inhibitor-resistant extended-spectrum class A beta-lactamase KPC-209.
contig_9	card~~~KPC-167~~~OQ592370.1:0-900~~~carbapenem;cephalosporin;monobactam;penicillin_beta-lactam	97.889	900	1	1	76689	77570	1	900	0.0	1541	79498	900	card~~~KPC-167~~~OQ592370.1:0-900~~~carbapenem;cephalosporin;monobactam;penicillin_beta-lactam Class A beta-lactamase KPC-167.
contig_9	card~~~KPC-139~~~OP503887.1:0-900~~~carbapenem;cephalosporin;monobactam;penicillin_beta-lactam	97.889	900	1	2	76689	77570	1	900	0.0	1541	79498	900	card~~~KPC-139~~~OP503887.1:0-900~~~carbapenem;cephalosporin;monobactam;penicillin_beta-lactam Inhibitor-resistant carbapenem-hydrolyzing class A beta-lactamase KPC-139.
contig_9	card~~~KPC-106~~~OL445428.1:0-900~~~carbapenem;cephalosporin;monobactam;penicillin_beta-lactam	97.889	900	1	2	76689	77570	1	900	0.0	1541	79498	900	card~~~KPC-106~~~OL445428.1:0-900~~~carbapenem;cephalosporin;monobactam;penicillin_beta-lactam Class A beta-lactamase KPC-106.
contig_9	card~~~KPC-103~~~OL445423.1:0-918~~~carbapenem;cephalosporin;monobactam;penicillin_beta-lactam	99.881	837	1	0	76689	77525	1	837	0.0	1541	79498	918	card~~~KPC-103~~~OL445423.1:0-918~~~carbapenem;cephalosporin;monobactam;penicillin_beta-lactam Class A beta-lactamase KPC-103.
contig_9	card~~~KPC-103~~~OL445423.1:0-918~~~carbapenem;cephalosporin;monobactam;penicillin_beta-lactam	98.765	81	1	0	77490	77570	838	918	9.04e-33	145	79498	918	card~~~KPC-103~~~OL445423.1:0-918~~~carbapenem;cephalosporin;monobactam;penicillin_beta-lactam Class A beta-lactamase KPC-103.
contig_9	card~~~TEM-187~~~HM246246.1:211-1069~~~cephalosporin;monobactam;penicillin_beta-lactam	99.067	857	8	0	63782	64638	857	1	0.0	1539	79498	858	card~~~TEM-187~~~HM246246.1:211-1069~~~cephalosporin;monobactam;penicillin_beta-lactam TEM-187 is an extended-spectrum beta-lactamase found in P. mirabilis.
contig_9	card~~~TEM-211~~~KF513179.1:0-861~~~cephalosporin;monobactam;penicillin_beta-lactam	98.839	861	10	0	63778	64638	861	1	0.0	1535	79498	861	card~~~TEM-211~~~KF513179.1:0-861~~~cephalosporin;monobactam;penicillin_beta-lactam TEM-211 is a beta-lactamase. Name originally from the historical Lahey list of beta-lactamases, some of which did not include sequence data.
contig_9	card~~~TEM-177~~~FN652295.1:0-861~~~cephalosporin;monobactam;penicillin_beta-lactam	98.839	861	10	0	63778	64638	861	1	0.0	1535	79498	861	card~~~TEM-177~~~FN652295.1:0-861~~~cephalosporin;monobactam;penicillin_beta-lactam TEM-177 is an extended-spectrum beta-lactamase.
contig_9	card~~~TEM-130~~~AJ866988.1:0-861~~~cephalosporin;monobactam;penicillin_beta-lactam	98.839	861	10	0	63778	64638	861	1	0.0	1535	79498	861	card~~~TEM-130~~~AJ866988.1:0-861~~~cephalosporin;monobactam;penicillin_beta-lactam TEM-130 is an extended-spectrum beta-lactamase found in Klebsiella pneumoniae.
contig_9	card~~~KPC-225~~~PP723735.1:0-867~~~carbapenem;cephalosporin;monobactam;penicillin_beta-lactam	98.299	882	0	1	76689	77570	1	867	0.0	1531	79498	867	card~~~KPC-225~~~PP723735.1:0-867~~~carbapenem;cephalosporin;monobactam;penicillin_beta-lactam Inhibitor-resistant carbapenem-hydrolyzing class A beta-lactamase KPC-225.
contig_9	card~~~KPC-142~~~OP503890.1:0-903~~~carbapenem;cephalosporin;monobactam;penicillin_beta-lactam	97.674	903	0	3	76689	77570	1	903	0.0	1531	79498	903	card~~~KPC-142~~~OP503890.1:0-903~~~carbapenem;cephalosporin;monobactam;penicillin_beta-lactam Inhibitor-resistant carbapenem-hydrolyzing class A beta-lactamase KPC-142.
contig_9	card~~~TEM-199~~~JX050178.1:1-853~~~cephalosporin;monobactam;penicillin_beta-lactam	99.061	852	8	0	63778	64629	852	1	0.0	1530	79498	852	card~~~TEM-199~~~JX050178.1:1-853~~~cephalosporin;monobactam;penicillin_beta-lactam TEM-199 is a beta-lactamase.
contig_9	card~~~TEM-125~~~AY628176.1:75-936~~~cephalosporin;monobactam;penicillin_beta-lactam	98.722	861	11	0	63778	64638	861	1	0.0	1530	79498	861	card~~~TEM-125~~~AY628176.1:75-936~~~cephalosporin;monobactam;penicillin_beta-lactam TEM-125 is a CMT-type, inhibitor-resistant, extended-spectrum beta-lactamase found in E. coli.
contig_9	card~~~KPC-148~~~JAOZYA010000028.1:56455-57382~~~carbapenem;cephalosporin;monobactam;penicillin_beta-lactam	100.000	828	0	0	76689	77516	1	828	0.0	1530	79498	927	card~~~KPC-148~~~JAOZYA010000028.1:56455-57382~~~carbapenem;cephalosporin;monobactam;penicillin_beta-lactam Class A beta-lactamase KPC-148.
contig_9	card~~~KPC-148~~~JAOZYA010000028.1:56455-57382~~~carbapenem;cephalosporin;monobactam;penicillin_beta-lactam	100.000	106	0	0	77465	77570	822	927	2.46e-48	196	79498	927	card~~~KPC-148~~~JAOZYA010000028.1:56455-57382~~~carbapenem;cephalosporin;monobactam;penicillin_beta-lactam Class A beta-lactamase KPC-148.
contig_9	card~~~TEM-124~~~AY327540.1:0-858~~~cephalosporin;monobactam;penicillin_beta-lactam	98.722	861	8	1	63778	64638	858	1	0.0	1526	79498	858	card~~~TEM-124~~~AY327540.1:0-858~~~cephalosporin;monobactam;penicillin_beta-lactam TEM-124 is an extended-spectrum beta-lactamase found in Morganella morganii.
contig_9	card~~~TEM-123~~~AY327539.1:0-858~~~cephalosporin;monobactam;penicillin_beta-lactam	98.722	861	8	1	63778	64638	858	1	0.0	1526	79498	858	card~~~TEM-123~~~AY327539.1:0-858~~~cephalosporin;monobactam;penicillin_beta-lactam TEM-123 is an extended-spectrum beta-lactamase found in Proteus mirabilis.
contig_9	card~~~KPC-79~~~NG_071205.1:100-1003~~~carbapenem;cephalosporin;monobactam;penicillin_beta-lactam	97.564	903	1	1	76689	77570	1	903	0.0	1526	79498	903	card~~~KPC-79~~~NG_071205.1:100-1003~~~carbapenem;cephalosporin;monobactam;penicillin_beta-lactam KPC-79 is a KPC beta-lactamase.
contig_9	card~~~KPC-162~~~OQ579138.1:0-903~~~carbapenem;cephalosporin;monobactam;penicillin_beta-lactam	97.564	903	1	5	76689	77570	1	903	0.0	1526	79498	903	card~~~KPC-162~~~OQ579138.1:0-903~~~carbapenem;cephalosporin;monobactam;penicillin_beta-lactam Carbapenem-hydrolyzing class A beta-lactamase KPC-162.
contig_9	card~~~OXA-9~~~M55547.1:0-825~~~penicillin_beta-lactam	100.000	825	0	0	65338	66162	825	1	0.0	1524	79498	825	card~~~OXA-9~~~M55547.1:0-825~~~penicillin_beta-lactam OXA-9 is a beta-lactamase found in Klebsiella pneumoniae.
contig_9	card~~~KPC-44~~~NG_065427.1:0-927~~~carbapenem;cephalosporin;monobactam;penicillin_beta-lactam	99.879	828	1	0	76689	77516	1	828	0.0	1524	79498	927	card~~~KPC-44~~~NG_065427.1:0-927~~~carbapenem;cephalosporin;monobactam;penicillin_beta-lactam KPC-44 is a KPC beta-lactamase.
contig_9	card~~~KPC-44~~~NG_065427.1:0-927~~~carbapenem;cephalosporin;monobactam;penicillin_beta-lactam	99.057	106	1	0	77465	77570	822	927	1.14e-46	191	79498	927	card~~~KPC-44~~~NG_065427.1:0-927~~~carbapenem;cephalosporin;monobactam;penicillin_beta-lactam KPC-44 is a KPC beta-lactamase.
contig_9	card~~~KPC-76~~~NG_070896.1:100-1003~~~carbapenem;cephalosporin;monobactam;penicillin_beta-lactam	97.453	903	2	1	76689	77570	1	903	0.0	1520	79498	903	card~~~KPC-76~~~NG_070896.1:100-1003~~~carbapenem;cephalosporin;monobactam;penicillin_beta-lactam KPC-76 is a KPC beta-lactamase.
contig_9	card~~~TEM-195~~~JN935137.1:0-861~~~cephalosporin;monobactam;penicillin_beta-lactam	98.490	861	13	0	63778	64638	861	1	0.0	1519	79498	861	card~~~TEM-195~~~JN935137.1:0-861~~~cephalosporin;monobactam;penicillin_beta-lactam TEM-195 is a beta-lactamase.
contig_9	card~~~TEM-102~~~AY040093.1:68-929~~~cephalosporin;monobactam;penicillin_beta-lactam	98.490	861	13	0	63778	64638	861	1	0.0	1519	79498	861	card~~~TEM-102~~~AY040093.1:68-929~~~cephalosporin;monobactam;penicillin_beta-lactam TEM-102 is an extended-spectrum beta-lactamase that has been found in clinical isolates.
contig_9	card~~~OXA-896~~~NG_067158.1:0-825~~~penicillin_beta-lactam	99.879	825	1	0	65338	66162	825	1	0.0	1519	79498	825	card~~~OXA-896~~~NG_067158.1:0-825~~~penicillin_beta-lactam OXA-896 is a OXA beta-lactamase.
contig_9	card~~~KPC-58~~~NG_070177.1:0-906~~~carbapenem;cephalosporin;monobactam;penicillin_beta-lactam	97.351	906	0	3	76689	77570	1	906	0.0	1519	79498	906	card~~~KPC-58~~~NG_070177.1:0-906~~~carbapenem;cephalosporin;monobactam;penicillin_beta-lactam KPC-58 is a KPC beta-lactamase.
contig_9	card~~~KPC-34~~~KU985429.1:0-906~~~carbapenem;cephalosporin;monobactam;penicillin_beta-lactam	99.879	825	1	0	76689	77513	1	825	0.0	1519	79498	906	card~~~KPC-34~~~KU985429.1:0-906~~~carbapenem;cephalosporin;monobactam;penicillin_beta-lactam Carbapenem-hydrolyzing class A beta-lactamase kpc-34 [Klebsiella pneumoniae] Accession: WP_109545044.1.
contig_9	card~~~KPC-34~~~KU985429.1:0-906~~~carbapenem;cephalosporin;monobactam;penicillin_beta-lactam	100.000	68	0	0	77503	77570	839	906	3.27e-27	126	79498	906	card~~~KPC-34~~~KU985429.1:0-906~~~carbapenem;cephalosporin;monobactam;penicillin_beta-lactam Carbapenem-hydrolyzing class A beta-lactamase kpc-34 [Klebsiella pneumoniae] Accession: WP_109545044.1.
contig_9	card~~~KPC-140~~~OP503888.1:0-927~~~carbapenem;cephalosporin;monobactam;penicillin_beta-lactam	99.758	828	2	0	76689	77516	1	828	0.0	1519	79498	927	card~~~KPC-140~~~OP503888.1:0-927~~~carbapenem;cephalosporin;monobactam;penicillin_beta-lactam Inhibitor-resistant carbapenem-hydrolyzing class A beta-lactamase KPC-140.
contig_9	card~~~KPC-140~~~OP503888.1:0-927~~~carbapenem;cephalosporin;monobactam;penicillin_beta-lactam	99.057	106	1	0	77465	77570	822	927	1.14e-46	191	79498	927	card~~~KPC-140~~~OP503888.1:0-927~~~carbapenem;cephalosporin;monobactam;penicillin_beta-lactam Inhibitor-resistant carbapenem-hydrolyzing class A beta-lactamase KPC-140.
contig_9	card~~~KPC-133~~~OP081531.1:0-927~~~carbapenem;cephalosporin;monobactam;penicillin_beta-lactam	99.758	828	2	0	76689	77516	1	828	0.0	1519	79498	927	card~~~KPC-133~~~OP081531.1:0-927~~~carbapenem;cephalosporin;monobactam;penicillin_beta-lactam Carbapenem-hydrolyzing class A beta-lactamase KPC-133.
contig_9	card~~~KPC-133~~~OP081531.1:0-927~~~carbapenem;cephalosporin;monobactam;penicillin_beta-lactam	99.057	106	1	0	77465	77570	822	927	1.14e-46	191	79498	927	card~~~KPC-133~~~OP081531.1:0-927~~~carbapenem;cephalosporin;monobactam;penicillin_beta-lactam Carbapenem-hydrolyzing class A beta-lactamase KPC-133.
contig_9	card~~~KPC-105~~~OL445426.1:0-927~~~carbapenem;cephalosporin;monobactam;penicillin_beta-lactam	99.758	828	2	0	76689	77516	1	828	0.0	1519	79498	927	card~~~KPC-105~~~OL445426.1:0-927~~~carbapenem;cephalosporin;monobactam;penicillin_beta-lactam Class A beta-lactamase KPC-105.
contig_9	card~~~KPC-105~~~OL445426.1:0-927~~~carbapenem;cephalosporin;monobactam;penicillin_beta-lactam	99.057	106	1	0	77465	77570	822	927	1.14e-46	191	79498	927	card~~~KPC-105~~~OL445426.1:0-927~~~carbapenem;cephalosporin;monobactam;penicillin_beta-lactam Class A beta-lactamase KPC-105.
contig_9	card~~~KPC-104~~~OL445424.1:0-906~~~carbapenem;cephalosporin;monobactam;penicillin_beta-lactam	97.351	906	0	3	76689	77570	1	906	0.0	1519	79498	906	card~~~KPC-104~~~OL445424.1:0-906~~~carbapenem;cephalosporin;monobactam;penicillin_beta-lactam Class A beta-lactamase KPC-104.
contig_9	card~~~TEM-60~~~AF047171.1:135-996~~~cephalosporin;monobactam;penicillin_beta-lactam	98.374	861	14	0	63778	64638	861	1	0.0	1513	79498	861	card~~~TEM-60~~~AF047171.1:135-996~~~cephalosporin;monobactam;penicillin_beta-lactam TEM-60 is an extended-spectrum beta-lactamase that has been found in clinical isolates.
contig_9	card~~~KPC-188~~~OR483145.1:0-906~~~carbapenem;cephalosporin;monobactam;penicillin_beta-lactam	97.241	906	1	2	76689	77570	1	906	0.0	1513	79498	906	card~~~KPC-188~~~OR483145.1:0-906~~~carbapenem;cephalosporin;monobactam;penicillin_beta-lactam Inhibitor-resistant class A beta-lactamase KPC-188.
contig_9	card~~~KPC-154~~~OQ096263.1:38122-37210~~~carbapenem;cephalosporin;monobactam;penicillin_beta-lactam	100.000	819	0	0	76689	77507	1	819	0.0	1513	79498	912	card~~~KPC-154~~~OQ096263.1:38122-37210~~~carbapenem;cephalosporin;monobactam;penicillin_beta-lactam Inhibitor-resistant extended-spectrum class A beta-lactamase KPC-154.
contig_9	card~~~KPC-154~~~OQ096263.1:38122-37210~~~carbapenem;cephalosporin;monobactam;penicillin_beta-lactam	98.990	99	1	0	77472	77570	814	912	8.91e-43	178	79498	912	card~~~KPC-154~~~OQ096263.1:38122-37210~~~carbapenem;cephalosporin;monobactam;penicillin_beta-lactam Inhibitor-resistant extended-spectrum class A beta-lactamase KPC-154.
contig_9	card~~~KPC-134~~~OP293349.1:5-911~~~carbapenem;cephalosporin;monobactam;penicillin_beta-lactam	97.241	906	1	3	76689	77570	1	906	0.0	1513	79498	906	card~~~KPC-134~~~OP293349.1:5-911~~~carbapenem;cephalosporin;monobactam;penicillin_beta-lactam KPC-134 is an inhibitor-resistant KPC-2 variant which confers resistance to ceftazidime-avibactam.
contig_9	card~~~TEM-42~~~X98047.1:0-843~~~cephalosporin;monobactam;penicillin_beta-lactam	98.932	843	9	0	63787	64629	843	1	0.0	1507	79498	843	card~~~TEM-42~~~X98047.1:0-843~~~cephalosporin;monobactam;penicillin_beta-lactam TEM-42 is an extended-spectrum beta-lactamase that has been found in clinical isolates.
contig_9	card~~~KPC-73~~~NG_070741.1:0-894~~~carbapenem;cephalosporin;monobactam;penicillin_beta-lactam	97.333	900	0	3	76689	77570	1	894	0.0	1507	79498	894	card~~~KPC-73~~~NG_070741.1:0-894~~~carbapenem;cephalosporin;monobactam;penicillin_beta-lactam KPC-73 is a KPC beta-lactamase.
contig_9	card~~~KPC-129~~~ON751738.1:0-906~~~carbapenem;cephalosporin;monobactam;penicillin_beta-lactam	97.130	906	2	6	76689	77570	1	906	0.0	1507	79498	906	card~~~KPC-129~~~ON751738.1:0-906~~~carbapenem;cephalosporin;monobactam;penicillin_beta-lactam Class A beta-lactamase KPC-129.
contig_9	card~~~KPC-132~~~OP081092.1:0-909~~~carbapenem;cephalosporin;monobactam;penicillin_beta-lactam	100.000	814	0	0	76689	77502	1	814	0.0	1504	79498	909	card~~~KPC-132~~~OP081092.1:0-909~~~carbapenem;cephalosporin;monobactam;penicillin_beta-lactam Inhibitor-resistant class A beta-lactamase KPC-132.
contig_9	card~~~KPC-132~~~OP081092.1:0-909~~~carbapenem;cephalosporin;monobactam;penicillin_beta-lactam	100.000	95	0	0	77476	77570	815	909	3.21e-42	176	79498	909	card~~~KPC-132~~~OP081092.1:0-909~~~carbapenem;cephalosporin;monobactam;penicillin_beta-lactam Inhibitor-resistant class A beta-lactamase KPC-132.
contig_9	card~~~TEM-59~~~AF062386.1:31-862~~~cephalosporin;monobactam;penicillin_beta-lactam	99.278	831	6	0	63808	64638	831	1	0.0	1502	79498	831	card~~~TEM-59~~~AF062386.1:31-862~~~cephalosporin;monobactam;penicillin_beta-lactam TEM-59 is an inhibitor-resistant beta-lactamase that has been found in clinical isolates.
contig_9	card~~~KPC-123~~~ON012820.1:0-909~~~carbapenem;cephalosporin;monobactam;penicillin_beta-lactam	96.920	909	1	2	76689	77570	1	909	0.0	1498	79498	909	card~~~KPC-123~~~ON012820.1:0-909~~~carbapenem;cephalosporin;monobactam;penicillin_beta-lactam KPC-123 is a KPC beta-lactamase.
contig_9	card~~~TEM-89~~~AY039040.1:188-1022~~~cephalosporin;monobactam;penicillin_beta-lactam	99.041	834	8	0	63805	64638	834	1	0.0	1496	79498	834	card~~~TEM-89~~~AY039040.1:188-1022~~~cephalosporin;monobactam;penicillin_beta-lactam TEM-89 is an inhibitor-resistant, extended-spectrum beta-lactamase that has been found in clinical isolates.
contig_9	card~~~TEM-193~~~JN935135.1:0-861~~~cephalosporin;monobactam;penicillin_beta-lactam	97.912	862	16	2	63778	64638	861	1	0.0	1491	79498	861	card~~~TEM-193~~~JN935135.1:0-861~~~cephalosporin;monobactam;penicillin_beta-lactam TEM-193 is a beta-lactamase.
contig_9	card~~~KPC-135~~~NG_088397.1:3-924~~~carbapenem;cephalosporin;monobactam;penicillin_beta-lactam	99.155	828	1	1	76689	77516	1	822	0.0	1485	79498	921	card~~~KPC-135~~~NG_088397.1:3-924~~~carbapenem;cephalosporin;monobactam;penicillin_beta-lactam KPC-135 is a KPC-type class A beta-lactamase. KPC-125 is a variant of KPC-44, differing by a 6 basepair deletion.
contig_9	card~~~KPC-135~~~NG_088397.1:3-924~~~carbapenem;cephalosporin;monobactam;penicillin_beta-lactam	99.057	106	1	0	77465	77570	816	921	1.14e-46	191	79498	921	card~~~KPC-135~~~NG_088397.1:3-924~~~carbapenem;cephalosporin;monobactam;penicillin_beta-lactam KPC-135 is a KPC-type class A beta-lactamase. KPC-125 is a variant of KPC-44, differing by a 6 basepair deletion.
contig_9	card~~~KPC-152~~~OP856888.1:0-918~~~carbapenem;cephalosporin;monobactam;penicillin_beta-lactam	99.271	823	0	1	76689	77505	1	823	0.0	1482	79498	918	card~~~KPC-152~~~OP856888.1:0-918~~~carbapenem;cephalosporin;monobactam;penicillin_beta-lactam Inhibitor-resistant extended-spectrum class A beta-lactamase KPC-152.
contig_9	card~~~KPC-152~~~OP856888.1:0-918~~~carbapenem;cephalosporin;monobactam;penicillin_beta-lactam	100.000	99	0	0	77472	77570	820	918	1.92e-44	183	79498	918	card~~~KPC-152~~~OP856888.1:0-918~~~carbapenem;cephalosporin;monobactam;penicillin_beta-lactam Inhibitor-resistant extended-spectrum class A beta-lactamase KPC-152.
contig_9	card~~~KPC-192~~~OR529436.1:0-912~~~carbapenem;cephalosporin;monobactam;penicillin_beta-lactam	100.000	801	0	0	76689	77489	1	801	0.0	1480	79498	912	card~~~KPC-192~~~OR529436.1:0-912~~~carbapenem;cephalosporin;monobactam;penicillin_beta-lactam Inhibitor-resistant carbapenem-hydrolyzing class A beta-lactamase KPC-192.
contig_9	card~~~KPC-192~~~OR529436.1:0-912~~~carbapenem;cephalosporin;monobactam;penicillin_beta-lactam	95.935	123	5	0	77448	77570	790	912	1.90e-49	200	79498	912	card~~~KPC-192~~~OR529436.1:0-912~~~carbapenem;cephalosporin;monobactam;penicillin_beta-lactam Inhibitor-resistant carbapenem-hydrolyzing class A beta-lactamase KPC-192.
contig_9	card~~~KPC-242~~~PQ394555.1:0-909~~~carbapenem;cephalosporin;monobactam;penicillin_beta-lactam	99.875	801	1	0	76689	77489	1	801	0.0	1474	79498	909	card~~~KPC-242~~~PQ394555.1:0-909~~~carbapenem;cephalosporin;monobactam;penicillin_beta-lactam Carbapenem-hydrolyzing class A beta-lactamase KPC-242.
contig_9	card~~~KPC-242~~~PQ394555.1:0-909~~~carbapenem;cephalosporin;monobactam;penicillin_beta-lactam	99.074	108	1	0	77463	77570	802	909	8.85e-48	195	79498	909	card~~~KPC-242~~~PQ394555.1:0-909~~~carbapenem;cephalosporin;monobactam;penicillin_beta-lactam Carbapenem-hydrolyzing class A beta-lactamase KPC-242.
contig_9	card~~~TEM-194~~~JN935136.1:0-861~~~cephalosporin;monobactam;penicillin_beta-lactam	97.445	861	22	0	63778	64638	861	1	0.0	1469	79498	861	card~~~TEM-194~~~JN935136.1:0-861~~~cephalosporin;monobactam;penicillin_beta-lactam TEM-194 is a beta-lactamase.
contig_9	card~~~TEM-178~~~X97254.1:153-1011~~~cephalosporin;monobactam;penicillin_beta-lactam	97.448	862	17	3	63778	64638	858	1	0.0	1465	79498	858	card~~~TEM-178~~~X97254.1:153-1011~~~cephalosporin;monobactam;penicillin_beta-lactam TEM-178 is an inhibitor-resistant, extended-spectrum beta-lactamase.
contig_9	card~~~KPC-203~~~JAXHPW010000039.1:4849-3946~~~carbapenem;cephalosporin;monobactam;penicillin_beta-lactam	99.249	799	0	1	76689	77487	1	793	0.0	1437	79498	903	card~~~KPC-203~~~JAXHPW010000039.1:4849-3946~~~carbapenem;cephalosporin;monobactam;penicillin_beta-lactam Inhibitor-resistant extended-spectrum class A beta-lactamase KPC-203.
contig_9	card~~~KPC-203~~~JAXHPW010000039.1:4849-3946~~~carbapenem;cephalosporin;monobactam;penicillin_beta-lactam	100.000	110	0	0	77461	77570	794	903	1.47e-50	204	79498	903	card~~~KPC-203~~~JAXHPW010000039.1:4849-3946~~~carbapenem;cephalosporin;monobactam;penicillin_beta-lactam Inhibitor-resistant extended-spectrum class A beta-lactamase KPC-203.
contig_9	card~~~aadA~~~AF550679.1:81768-80976~~~aminoglycoside	99.369	792	2	1	66222	67010	792	1	0.0	1432	79498	792	card~~~aadA~~~AF550679.1:81768-80976~~~aminoglycoside ANT(3'')-Ia is an aminoglycoside nucleotidyltransferase gene encoded by plasmids, transposons, integrons in Enterobacteriaceae, A. baumannii, P. aeruginosa and Vibrio cholerae.
contig_9	card~~~TEM-7~~~AF527798.1:0-783~~~cephalosporin;monobactam;penicillin_beta-lactam	99.234	783	6	0	63820	64602	783	1	0.0	1413	79498	783	card~~~TEM-7~~~AF527798.1:0-783~~~cephalosporin;monobactam;penicillin_beta-lactam TEM-7 is an extended-spectrum beta-lactamase that has been found in clinical isolates.
contig_9	card~~~TEM-118~~~AY130285.1:0-783~~~cephalosporin;monobactam;penicillin_beta-lactam	99.234	783	6	0	63820	64602	783	1	0.0	1413	79498	783	card~~~TEM-118~~~AY130285.1:0-783~~~cephalosporin;monobactam;penicillin_beta-lactam TEM-118 is an extended-spectrum beta-lactamase that has been found in clinical isolates.
contig_9	card~~~TEM-75~~~AY130284.1:0-783~~~cephalosporin;monobactam;penicillin_beta-lactam	99.106	783	7	0	63820	64602	783	1	0.0	1408	79498	783	card~~~TEM-75~~~AY130284.1:0-783~~~cephalosporin;monobactam;penicillin_beta-lactam TEM-75 is an extended-spectrum beta-lactamase that has been found in clinical isolates.
contig_9	card~~~TEM-117~~~AY130282.1:0-762~~~cephalosporin;monobactam;penicillin_beta-lactam	99.606	762	3	0	63841	64602	762	1	0.0	1391	79498	762	card~~~TEM-117~~~AY130282.1:0-762~~~cephalosporin;monobactam;penicillin_beta-lactam TEM-117 is a beta-lactamase that has been found in clinical isolates.
contig_9	card~~~TEM-192~~~JF949915.1:1-754~~~cephalosporin;monobactam;penicillin_beta-lactam	99.602	753	3	0	63856	64608	753	1	0.0	1375	79498	753	card~~~TEM-192~~~JF949915.1:1-754~~~cephalosporin;monobactam;penicillin_beta-lactam TEM-192 is a beta-lactamase.
contig_9	card~~~aadA24~~~DQ677333.1:0-780~~~aminoglycoside	98.187	772	11	1	66222	66990	780	9	0.0	1345	79498	780	card~~~aadA24~~~DQ677333.1:0-780~~~aminoglycoside aadA24 is an integron-encoded aminoglycoside nucleotidyltransferase gene in Salmonella spp.
contig_9	card~~~aadA22~~~AM261837.1:73-865~~~aminoglycoside	96.843	792	22	1	66222	67010	792	1	0.0	1321	79498	792	card~~~aadA22~~~AM261837.1:73-865~~~aminoglycoside aadA22 is an aminoglycoside nucleotidyltransferase gene encoded by plasmids and integrons in S. enterica and E. coli.
contig_9	card~~~aadA21~~~AY171244.1:46-838~~~aminoglycoside	96.717	792	23	1	66222	67010	792	1	0.0	1315	79498	792	card~~~aadA21~~~AY171244.1:46-838~~~aminoglycoside aadA21 is an integron-encoded aminoglycoside nucleotidyltransferase gene in Salmonella spp.
contig_9	card~~~aadA23~~~AJ809407.1:118-898~~~aminoglycoside	97.280	772	18	1	66222	66990	780	9	0.0	1306	79498	780	card~~~aadA23~~~AJ809407.1:118-898~~~aminoglycoside aadA23 is an integron-encoded aminoglycoside nucleotidyltransferase gene in S. enterica.
contig_9	card~~~aadA15~~~DQ393783.1:1799-2591~~~aminoglycoside	96.582	790	24	1	66224	67010	790	1	0.0	1306	79498	792	card~~~aadA15~~~DQ393783.1:1799-2591~~~aminoglycoside aadA15 is an integron-encoded aminoglycoside nucleotidyltransferase gene in P. aeruginosa.
contig_9	card~~~aadA12~~~FJ381668.1:56-848~~~aminoglycoside	94.430	790	41	1	66224	67010	790	1	0.0	1212	79498	792	card~~~aadA12~~~FJ381668.1:56-848~~~aminoglycoside aadA12 is an integron-encoded aminoglycoside nucleotidyltransferase gene in E. coli, Yersinia enterocolitica and S. enterica.
contig_9	card~~~aadA17~~~FJ460181.2:1790-2582~~~aminoglycoside	93.418	790	49	1	66224	67010	790	1	0.0	1168	79498	792	card~~~aadA17~~~FJ460181.2:1790-2582~~~aminoglycoside aadA17 is an integron-encoded aminoglycoside nucleotidyltransferase gene in Aeromonas media.
contig_9	card~~~aadA25~~~CP003022.1:336788-337580~~~aminoglycoside	93.182	792	51	1	66222	67010	792	1	0.0	1160	79498	792	card~~~aadA25~~~CP003022.1:336788-337580~~~aminoglycoside Streptomycin/spectinomycin resistance gene found in Pasteurella multocida isolated from bovine respiratory tract.
contig_9	card~~~KPC-107~~~OL445425.1:0-966~~~carbapenem;cephalosporin;monobactam;penicillin_beta-lactam	100.000	621	0	0	76689	77309	1	621	0.0	1147	79498	966	card~~~KPC-107~~~OL445425.1:0-966~~~carbapenem;cephalosporin;monobactam;penicillin_beta-lactam Class A beta-lactamase KPC-107.
contig_9	card~~~KPC-107~~~OL445425.1:0-966~~~carbapenem;cephalosporin;monobactam;penicillin_beta-lactam	99.710	345	1	0	77226	77570	622	966	1.58e-179	632	79498	966	card~~~KPC-107~~~OL445425.1:0-966~~~carbapenem;cephalosporin;monobactam;penicillin_beta-lactam Class A beta-lactamase KPC-107.
contig_9	card~~~aadA8~~~AY139603.1:106-898~~~aminoglycoside	92.172	792	59	1	66222	67010	792	1	0.0	1116	79498	792	card~~~aadA8~~~AY139603.1:106-898~~~aminoglycoside aadA8 is an aminoglycoside nucleotidyltransferase gene encoded by plasmids and integrons in V. cholerae, K. pneumoniae and Bacillus endophyticus.
contig_9	card~~~aadA8b~~~AM040708.1:1173-1965~~~aminoglycoside	91.919	792	61	1	66222	67010	792	1	0.0	1105	79498	792	card~~~aadA8b~~~AM040708.1:1173-1965~~~aminoglycoside aadA8b is an aminoglycoside nucleotidyltransferase gene encoded by plasmids in E. coli; can be created by a recombination event  between aadA1 and aadA2.
contig_9	card~~~AAC(6')-Ib7~~~KR091911.1:75350-74564~~~aminoglycoside	99.830	587	1	0	67080	67666	786	200	0.0	1079	79498	786	card~~~AAC(6')-Ib7~~~KR091911.1:75350-74564~~~aminoglycoside AAC(6')-Ib7 is a plasmid-encoded aminoglycoside acetyltransferase in E. cloacae and C. freundii.
contig_9	card~~~AAC(6')-Ib10~~~U59183.1:247-859~~~aminoglycoside	99.830	587	1	0	67080	67666	612	26	0.0	1079	79498	612	card~~~AAC(6')-Ib10~~~U59183.1:247-859~~~aminoglycoside AAC(6')-Ib10 is an integron-encoded aminoglycoside acetyltransferase in P. aeruginosa.
contig_9	card~~~ANT(3'')-II-AAC(6')-IId_bifunctional_protein~~~AF453998.2:3554-4946~~~aminoglycoside	99.659	587	2	0	67080	67666	1392	806	0.0	1074	79498	1392	card~~~ANT(3'')-II-AAC(6')-IId_bifunctional_protein~~~AF453998.2:3554-4946~~~aminoglycoside ANT(3'')-II-AAC(6')-IId is an integron-encoded aminoglycoside acetyltransferase in S. marcescens.
contig_9	card~~~AAC(6')-Ib9~~~AF043381.1:251-863~~~aminoglycoside	99.659	587	2	0	67080	67666	612	26	0.0	1074	79498	612	card~~~AAC(6')-Ib9~~~AF043381.1:251-863~~~aminoglycoside AAC(6')-Ib9 is an integron-encoded aminoglycoside acetyltransferase in P. aeruginosa.
contig_9	card~~~AAC(6')-30/AAC(6')-Ib'_bifunctional_protein~~~AJ584652.2:1926-2913~~~aminoglycoside	99.827	579	1	0	67080	67658	987	409	0.0	1064	79498	987	card~~~AAC(6')-30/AAC(6')-Ib'_bifunctional_protein~~~AJ584652.2:1926-2913~~~aminoglycoside AAC(6')-30/AAC(6')-Ib' is an integron-encoded aminoglycoside acetyltransferase in P. aeruginosa.
contig_9	card~~~AAC(6')-Ib8~~~KF998105.1:4171-4849~~~aminoglycoside	99.485	582	3	0	67080	67661	678	97	0.0	1059	79498	678	card~~~AAC(6')-Ib8~~~KF998105.1:4171-4849~~~aminoglycoside AAC(6')-Ib8 is a plasmid-encoded aminoglycoside acetyltransferase in E. cloacae.
contig_9	card~~~KPC-177~~~OQ856765.1:0-921~~~carbapenem;cephalosporin;monobactam;penicillin_beta-lactam	100.000	572	0	0	76689	77260	1	572	0.0	1057	79498	921	card~~~KPC-177~~~OQ856765.1:0-921~~~carbapenem;cephalosporin;monobactam;penicillin_beta-lactam Inhibitor-resistant carbapenem-hydrolyzing class A beta-lactamase KPC-177.
contig_9	card~~~KPC-177~~~OQ856765.1:0-921~~~carbapenem;cephalosporin;monobactam;penicillin_beta-lactam	99.714	350	1	0	77221	77570	572	921	0.0	641	79498	921	card~~~KPC-177~~~OQ856765.1:0-921~~~carbapenem;cephalosporin;monobactam;penicillin_beta-lactam Inhibitor-resistant carbapenem-hydrolyzing class A beta-lactamase KPC-177.
contig_9	card~~~aadA3~~~AF047479.2:1295-2087~~~aminoglycoside	90.530	792	72	1	66222	67010	792	1	0.0	1044	79498	792	card~~~aadA3~~~AF047479.2:1295-2087~~~aminoglycoside aadA3 is an aminoglycoside nucleotidyltransferase gene encoded by plasmids, transposons and integrons in E. coli.
contig_9	card~~~KPC-108~~~OL445427.1:0-957~~~carbapenem;cephalosporin;monobactam;penicillin_beta-lactam	100.000	562	0	0	76689	77250	1	562	0.0	1038	79498	957	card~~~KPC-108~~~OL445427.1:0-957~~~carbapenem;cephalosporin;monobactam;penicillin_beta-lactam Class A beta-lactamase KPC-108.
contig_9	card~~~KPC-108~~~OL445427.1:0-957~~~carbapenem;cephalosporin;monobactam;penicillin_beta-lactam	99.662	296	1	0	77221	77516	563	858	2.74e-152	542	79498	957	card~~~KPC-108~~~OL445427.1:0-957~~~carbapenem;cephalosporin;monobactam;penicillin_beta-lactam Class A beta-lactamase KPC-108.
contig_9	card~~~KPC-108~~~OL445427.1:0-957~~~carbapenem;cephalosporin;monobactam;penicillin_beta-lactam	99.057	106	1	0	77465	77570	852	957	1.14e-46	191	79498	957	card~~~KPC-108~~~OL445427.1:0-957~~~carbapenem;cephalosporin;monobactam;penicillin_beta-lactam Class A beta-lactamase KPC-108.
contig_9	card~~~AAC(6')-Ib'~~~AY660529.1:121-676~~~aminoglycoside	99.820	555	1	0	67080	67634	555	1	0.0	1020	79498	555	card~~~AAC(6')-Ib'~~~AY660529.1:121-676~~~aminoglycoside AAC(6')-Ib' is an aminoglycoside acetyltransferase encoded by plasmids, transposons, integrons in P. aeruginosa and P. fluorescens.
contig_9	card~~~AAC(6')-Ib4~~~AF445082.1:2788-3343~~~aminoglycoside	99.640	555	2	0	67080	67634	555	1	0.0	1014	79498	555	card~~~AAC(6')-Ib4~~~AF445082.1:2788-3343~~~aminoglycoside AAC(6')-Ib4 is an aminoglycoside acetyltransferase in Serratia spp.
contig_9	card~~~AAC(6')-Ib3~~~FJ854362.1:1702-2257~~~aminoglycoside	99.640	555	2	0	67080	67634	555	1	0.0	1014	79498	555	card~~~AAC(6')-Ib3~~~FJ854362.1:1702-2257~~~aminoglycoside AAC(6')-Ib3 is an integron-encoded aminoglycoside acetyltransferase in P. aeruginosa.
contig_9	card~~~AAC(6')-Ib-cr7~~~JABGAB010000032.1:11629-11074~~~aminoglycoside;fluoroquinolone	99.640	555	2	0	67080	67634	555	1	0.0	1014	79498	555	card~~~AAC(6')-Ib-cr7~~~JABGAB010000032.1:11629-11074~~~aminoglycoside;fluoroquinolone A fluoroquinolone-acetylating aminoglycoside acetyltransferase variant identified from Klebsiella. These proteins confer resistance to both fluoroquinolone and aminoglycoside antibiotics.
contig_9	card~~~AAC(6')-Ib-cr5~~~EU161636.1:1021-1576~~~aminoglycoside;fluoroquinolone	99.459	555	3	0	67080	67634	555	1	0.0	1009	79498	555	card~~~AAC(6')-Ib-cr5~~~EU161636.1:1021-1576~~~aminoglycoside;fluoroquinolone A fluoroquinolone-acetylating aminoglycoside acetyltransferase variant identified from Pseudomonas. These proteins confer resistance to both fluoroquinolone and aminoglycoside antibiotics.
contig_9	card~~~aac(6')-Ib-cr11~~~NG_067969.1:100-655~~~aminoglycoside;fluoroquinolone	99.279	555	4	0	67080	67634	555	1	0.0	1003	79498	555	card~~~aac(6')-Ib-cr11~~~NG_067969.1:100-655~~~aminoglycoside;fluoroquinolone A fluoroquinolone-acetylating aminoglycoside acetyltransferase variant identified from Proteus mirabilis. These proteins confer resistance to both fluoroquinolone and aminoglycoside antibiotics.
contig_9	card~~~aac(6')-Ib-cr10~~~NG_067968.1:100-655~~~aminoglycoside;fluoroquinolone	99.279	555	4	0	67080	67634	555	1	0.0	1003	79498	555	card~~~aac(6')-Ib-cr10~~~NG_067968.1:100-655~~~aminoglycoside;fluoroquinolone A fluoroquinolone-acetylating aminoglycoside acetyltransferase variant, identified from Escherichia coli. These variants confers resistance to both aminoglycoside and fluoroquinolone antibiotics.
contig_9	card~~~AAC(6')-Ib-cr4~~~NG_052463.1:100-655~~~aminoglycoside;fluoroquinolone	99.279	555	4	0	67080	67634	555	1	0.0	1003	79498	555	card~~~AAC(6')-Ib-cr4~~~NG_052463.1:100-655~~~aminoglycoside;fluoroquinolone A fluoroquinolone-acetylating aminoglycoside acetyltransferase variant identified from Enterobacter. These proteins confer resistance to both fluoroquinolone and aminoglycoside antibiotics.
contig_9	card~~~AAC(6')-Ib-cr1~~~NG_052213.1:100-655~~~aminoglycoside;fluoroquinolone	99.279	555	4	0	67080	67634	555	1	0.0	1003	79498	555	card~~~AAC(6')-Ib-cr1~~~NG_052213.1:100-655~~~aminoglycoside;fluoroquinolone AAC(6')-Ib-cr is an aminoglycoside acetyltransferase encoded by plasmids, transposons, integrons in Enterobacteriaceae. The aac(6')-Ib-cr variant gene can induce resistance against aminoglycoside and fluoroquinolone simultaneously.
contig_9	card~~~AAC(6')-Ib~~~JQ808129.1:633-1188~~~aminoglycoside	99.279	555	4	0	67080	67634	555	1	0.0	1003	79498	555	card~~~AAC(6')-Ib~~~JQ808129.1:633-1188~~~aminoglycoside AAC(6')-Ib is an aminoglycoside acetyltransferase encoded by plasmids, transposons, integrons in K. pneumoniae, P. mirabilis, P. aeruginosa, S. enterica, K. oxytoca, S. maltophilia, E. cloacae and V. cholerae.
contig_9	card~~~aadA13~~~EU746499.1:639-1437~~~aminoglycoside	89.362	799	81	2	66215	67010	798	1	0.0	1002	79498	798	card~~~aadA13~~~EU746499.1:639-1437~~~aminoglycoside aadA13 is an aminoglycoside nucleotidyltransferase gene encoded by plasmids and integrons in Pseudomonas rettgeri, P. aeruginosa, Y. enterocolitica and E. coli.
contig_9	card~~~AAC(3)-Ib/AAC(6')-Ib3_bifunctional_protein~~~AF355189.1:1434-2439~~~aminoglycoside	99.278	554	4	0	67080	67633	1005	452	0.0	1002	79498	1005	card~~~AAC(3)-Ib/AAC(6')-Ib3_bifunctional_protein~~~AF355189.1:1434-2439~~~aminoglycoside AAC(3)-Ib/AAC(6')-Ib3 is an integron-encoded aminoglycoside acetyltransferase in P. aeruginosa.
contig_9	card~~~AAC(6')-Ib11~~~AY136758.1:377-947~~~aminoglycoside	99.455	550	3	0	67080	67629	570	21	0.0	1000	79498	570	card~~~AAC(6')-Ib11~~~AY136758.1:377-947~~~aminoglycoside AAC(6')-Ib11 is an integron-encoded aminoglycoside acetyltransferase in S. enterica.
contig_9	card~~~AAC(6')-Ib-cr6~~~NG_047292.1:100-655~~~aminoglycoside;fluoroquinolone	99.099	555	5	0	67080	67634	555	1	0.0	998	79498	555	card~~~AAC(6')-Ib-cr6~~~NG_047292.1:100-655~~~aminoglycoside;fluoroquinolone A fluoroquinolone-acetylating aminoglycoside acetyltransferase variant identified from Escherichia coli. These proteins confer resistance to both fluoroquinolone and aminoglycoside antibiotics.
contig_9	card~~~AAC(6')-Ib-cr8~~~CP034250.1:426644-426089~~~aminoglycoside;fluoroquinolone	98.919	555	6	0	67080	67634	555	1	0.0	992	79498	555	card~~~AAC(6')-Ib-cr8~~~CP034250.1:426644-426089~~~aminoglycoside;fluoroquinolone A fluoroquinolone-acetylating aminoglycoside acetyltransferase variant, identified from Salmonella. These variants confers resistance to both aminoglycoside and fluoroquinolone antibiotics.
contig_9	card~~~AAC(6')-Ib-cr9~~~MH569711.1:2514-1959~~~aminoglycoside;fluoroquinolone	99.448	543	3	0	67080	67622	555	13	0.0	987	79498	555	card~~~AAC(6')-Ib-cr9~~~MH569711.1:2514-1959~~~aminoglycoside;fluoroquinolone A fluoroquinolone-acetylating aminoglycoside acetyltransferase variant, identified from Serratia. These variants confers resistance to both aminoglycoside and fluoroquinolone antibiotics.
contig_9	card~~~aadA2~~~AF156486.1:5012-5792~~~aminoglycoside	89.740	770	76	1	66224	66990	778	9	0.0	981	79498	780	card~~~aadA2~~~AF156486.1:5012-5792~~~aminoglycoside aadA2 is an aminoglycoside nucleotidyltransferase gene encoded by plasmids and integrons in K. pneumoniae, Salmonella spp., Corynebacterium glutamicum, C. freundii and Aeromonas spp.
contig_9	card~~~AAC(6')-Ib-cr3~~~NG_052123.1:100-655~~~aminoglycoside;fluoroquinolone	98.561	556	6	2	67080	67634	555	1	0.0	981	79498	555	card~~~AAC(6')-Ib-cr3~~~NG_052123.1:100-655~~~aminoglycoside;fluoroquinolone A fluoroquinolone-acetylating aminoglycoside acetyltransferase variant identified from Aeromonas. These proteins confer resistance to both fluoroquinolone and aminoglycoside antibiotics.
contig_9	card~~~AAC(6')-Ib-Suzhou~~~EU085533.1:0-519~~~aminoglycoside	99.422	519	3	0	67080	67598	519	1	0.0	942	79498	519	card~~~AAC(6')-Ib-Suzhou~~~EU085533.1:0-519~~~aminoglycoside AAC(6')-Ib-Suzhou is an aminoglycoside acetyltransferase in E. cloacae and K. pneumoniae.
contig_9	card~~~AAC(6')-Ib-Hangzhou~~~FJ503047.1:0-519~~~aminoglycoside	99.422	519	3	0	67080	67598	519	1	0.0	942	79498	519	card~~~AAC(6')-Ib-Hangzhou~~~FJ503047.1:0-519~~~aminoglycoside AAC(6')-Ib-Hangzhou is an aminoglycoside acetyltransferase in A. baumannii.
contig_9	card~~~AAC(6')-31~~~AM283489.1:2655-3174~~~aminoglycoside	84.971	519	78	0	67080	67598	519	1	7.68e-148	527	79498	519	card~~~AAC(6')-31~~~AM283489.1:2655-3174~~~aminoglycoside AAC(6')-31 is an integron-encoded aminoglycoside acetyltransferase in Pseudomonas putida, A. baumannii and K. pneumoniae.
