contig_3	resfinder~~~OqxB_1~~~EU370913~~~Chloramphenicol;Ciprofloxacin;Nalidixic_acid;Trimethoprim	100.000	3153	0	0	2597799	2600951	3153	1	0.0	5823	5306069	3153	resfinder~~~OqxB_1~~~EU370913~~~Chloramphenicol;Ciprofloxacin;Nalidixic_acid;Trimethoprim OqxB
contig_3	resfinder~~~OqxA_1~~~EU370913~~~Chloramphenicol;Ciprofloxacin;Nalidixic_acid;Trimethoprim	100.000	1176	0	0	2600975	2602150	1176	1	0.0	2172	5306069	1176	resfinder~~~OqxA_1~~~EU370913~~~Chloramphenicol;Ciprofloxacin;Nalidixic_acid;Trimethoprim OqxA
contig_3	resfinder~~~blaSHV-182_1~~~KP050489~~~	99.884	861	1	0	4148681	4149541	1	861	0.0	1585	5306069	861	resfinder~~~blaSHV-182_1~~~KP050489~~~ blaSHV-182
contig_3	resfinder~~~blaSHV-159_1~~~JX121126~~~	99.884	861	1	0	4148681	4149541	1	861	0.0	1585	5306069	861	resfinder~~~blaSHV-159_1~~~JX121126~~~ blaSHV-159
contig_3	resfinder~~~blaSHV-158_1~~~JX121125~~~	99.884	861	1	0	4148681	4149541	1	861	0.0	1585	5306069	861	resfinder~~~blaSHV-158_1~~~JX121125~~~ blaSHV-158
contig_3	resfinder~~~blaSHV-11_1~~~X98101~~~Amoxicillin;Ampicillin;Cephalothin;Piperacillin;Ticarcillin	99.768	861	2	0	4148681	4149541	1	861	0.0	1580	5306069	861	resfinder~~~blaSHV-11_1~~~X98101~~~Amoxicillin;Ampicillin;Cephalothin;Piperacillin;Ticarcillin blaSHV-11
contig_3	resfinder~~~blaSHV-155_1~~~JX121122~~~	99.883	856	1	0	4148681	4149536	1	856	0.0	1576	5306069	861	resfinder~~~blaSHV-155_1~~~JX121122~~~ blaSHV-155
contig_3	resfinder~~~blaSHV-156_1~~~JX121123~~~	99.652	861	3	0	4148681	4149541	1	861	0.0	1574	5306069	861	resfinder~~~blaSHV-156_1~~~JX121123~~~ blaSHV-156
contig_3	resfinder~~~blaSHV-75_1~~~AM176550~~~Amoxicillin;Ampicillin;Cephalothin;Piperacillin;Ticarcillin	99.535	861	4	0	4148681	4149541	1	861	0.0	1568	5306069	861	resfinder~~~blaSHV-75_1~~~AM176550~~~Amoxicillin;Ampicillin;Cephalothin;Piperacillin;Ticarcillin blaSHV-75
contig_3	resfinder~~~blaSHV-74_1~~~AM176549~~~Amoxicillin;Ampicillin;Cephalothin;Piperacillin;Ticarcillin	99.535	861	4	0	4148681	4149541	1	861	0.0	1568	5306069	861	resfinder~~~blaSHV-74_1~~~AM176549~~~Amoxicillin;Ampicillin;Cephalothin;Piperacillin;Ticarcillin blaSHV-74
contig_3	resfinder~~~blaSHV-70_1~~~DQ013287~~~Amoxicillin;Ampicillin;Aztreonam;Cefepime;Cefotaxime;Ceftazidime;Ceftriaxone;Piperacillin;Ticarcillin	99.535	861	4	0	4148681	4149541	1	861	0.0	1568	5306069	861	resfinder~~~blaSHV-70_1~~~DQ013287~~~Amoxicillin;Ampicillin;Aztreonam;Cefepime;Cefotaxime;Ceftazidime;Ceftriaxone;Piperacillin;Ticarcillin blaSHV-70
contig_3	resfinder~~~blaSHV-69_1~~~DQ174308~~~	99.535	861	4	0	4148681	4149541	1	861	0.0	1568	5306069	861	resfinder~~~blaSHV-69_1~~~DQ174308~~~ blaSHV-69
contig_3	resfinder~~~blaSHV-67_1~~~DQ174307~~~	99.535	861	4	0	4148681	4149541	1	861	0.0	1568	5306069	861	resfinder~~~blaSHV-67_1~~~DQ174307~~~ blaSHV-67
contig_3	resfinder~~~blaSHV-31_1~~~AY277255~~~Amoxicillin;Ampicillin;Aztreonam;Cefepime;Cefotaxime;Ceftazidime;Ceftriaxone;Piperacillin;Ticarcillin	99.535	861	4	0	4148681	4149541	1	861	0.0	1568	5306069	861	resfinder~~~blaSHV-31_1~~~AY277255~~~Amoxicillin;Ampicillin;Aztreonam;Cefepime;Cefotaxime;Ceftazidime;Ceftriaxone;Piperacillin;Ticarcillin blaSHV-31
contig_3	resfinder~~~blaSHV-25_1~~~AF208796~~~Amoxicillin;Ampicillin;Cephalothin;Piperacillin;Ticarcillin	99.535	861	4	0	4148681	4149541	1	861	0.0	1568	5306069	861	resfinder~~~blaSHV-25_1~~~AF208796~~~Amoxicillin;Ampicillin;Cephalothin;Piperacillin;Ticarcillin blaSHV-25
contig_3	resfinder~~~blaSHV-187_1~~~LN515533~~~	99.308	867	6	0	4148675	4149541	1	867	0.0	1568	5306069	867	resfinder~~~blaSHV-187_1~~~LN515533~~~ blaSHV-187
contig_3	resfinder~~~blaSHV-185_1~~~KM233164~~~	99.535	861	4	0	4148681	4149541	1	861	0.0	1568	5306069	861	resfinder~~~blaSHV-185_1~~~KM233164~~~ blaSHV-185
contig_3	resfinder~~~blaSHV-173_1~~~KF513178~~~	99.535	861	4	0	4148681	4149541	1	861	0.0	1568	5306069	861	resfinder~~~blaSHV-173_1~~~KF513178~~~ blaSHV-173
contig_3	resfinder~~~blaSHV-13_1~~~AF164577~~~Amoxicillin;Ampicillin;Aztreonam;Cefepime;Cefotaxime;Ceftazidime;Ceftriaxone;Piperacillin;Ticarcillin	99.535	861	4	0	4148681	4149541	1	861	0.0	1568	5306069	861	resfinder~~~blaSHV-13_1~~~AF164577~~~Amoxicillin;Ampicillin;Aztreonam;Cefepime;Cefotaxime;Ceftazidime;Ceftriaxone;Piperacillin;Ticarcillin blaSHV-13
contig_3	resfinder~~~blaSHV-107_1~~~AM922308~~~Amoxicillin;Amoxicillin+Clavulanic_acid;Ampicillin;Ampicillin+Clavulanic_acid;Piperacillin;Piperacillin+Tazobactam;Ticarcillin;Ticarcillin+Clavulanic_acid	99.535	861	4	0	4148681	4149541	1	861	0.0	1568	5306069	861	resfinder~~~blaSHV-107_1~~~AM922308~~~Amoxicillin;Amoxicillin+Clavulanic_acid;Ampicillin;Ampicillin+Clavulanic_acid;Piperacillin;Piperacillin+Tazobactam;Ticarcillin;Ticarcillin+Clavulanic_acid blaSHV-107
contig_3	resfinder~~~blaSHV-99_1~~~AM941845~~~Amoxicillin;Ampicillin;Aztreonam;Cefepime;Cefotaxime;Ceftazidime;Ceftriaxone;Piperacillin;Ticarcillin	99.419	861	5	0	4148681	4149541	1	861	0.0	1563	5306069	861	resfinder~~~blaSHV-99_1~~~AM941845~~~Amoxicillin;Ampicillin;Aztreonam;Cefepime;Cefotaxime;Ceftazidime;Ceftriaxone;Piperacillin;Ticarcillin blaSHV-99
contig_3	resfinder~~~blaSHV-96_1~~~EF373971~~~	99.419	861	5	0	4148681	4149541	1	861	0.0	1563	5306069	861	resfinder~~~blaSHV-96_1~~~EF373971~~~ blaSHV-96
contig_3	resfinder~~~blaSHV-94_1~~~EF373970~~~	99.419	861	5	0	4148681	4149541	1	861	0.0	1563	5306069	861	resfinder~~~blaSHV-94_1~~~EF373970~~~ blaSHV-94
contig_3	resfinder~~~blaSHV-89_1~~~DQ193536~~~Amoxicillin;Ampicillin;Cephalothin;Piperacillin;Ticarcillin	99.419	861	5	0	4148681	4149541	1	861	0.0	1563	5306069	861	resfinder~~~blaSHV-89_1~~~DQ193536~~~Amoxicillin;Ampicillin;Cephalothin;Piperacillin;Ticarcillin blaSHV-89
contig_3	resfinder~~~blaSHV-85_1~~~DQ322460~~~Amoxicillin;Ampicillin;Cephalothin;Piperacillin;Ticarcillin	99.419	861	5	0	4148681	4149541	1	861	0.0	1563	5306069	861	resfinder~~~blaSHV-85_1~~~DQ322460~~~Amoxicillin;Ampicillin;Cephalothin;Piperacillin;Ticarcillin blaSHV-85
contig_3	resfinder~~~blaSHV-81_1~~~AM176556~~~Amoxicillin;Ampicillin;Cephalothin;Piperacillin;Ticarcillin	99.419	861	5	0	4148681	4149541	1	861	0.0	1563	5306069	861	resfinder~~~blaSHV-81_1~~~AM176556~~~Amoxicillin;Ampicillin;Cephalothin;Piperacillin;Ticarcillin blaSHV-81
contig_3	resfinder~~~blaSHV-79_1~~~AM176554~~~Amoxicillin;Ampicillin;Cephalothin;Piperacillin;Ticarcillin	99.419	861	5	0	4148681	4149541	1	861	0.0	1563	5306069	861	resfinder~~~blaSHV-79_1~~~AM176554~~~Amoxicillin;Ampicillin;Cephalothin;Piperacillin;Ticarcillin blaSHV-79
contig_3	resfinder~~~blaSHV-61_1~~~AJ866284~~~Amoxicillin;Ampicillin;Cephalothin;Piperacillin;Ticarcillin	99.419	861	5	0	4148681	4149541	1	861	0.0	1563	5306069	861	resfinder~~~blaSHV-61_1~~~AJ866284~~~Amoxicillin;Ampicillin;Cephalothin;Piperacillin;Ticarcillin blaSHV-61
contig_3	resfinder~~~blaSHV-60_1~~~AB302939~~~Amoxicillin;Ampicillin;Cephalothin;Piperacillin;Ticarcillin	99.419	861	5	0	4148681	4149541	1	861	0.0	1563	5306069	861	resfinder~~~blaSHV-60_1~~~AB302939~~~Amoxicillin;Ampicillin;Cephalothin;Piperacillin;Ticarcillin blaSHV-60
contig_3	resfinder~~~blaSHV-56_1~~~EU586041~~~Amoxicillin;Amoxicillin+Clavulanic_acid;Ampicillin;Ampicillin+Clavulanic_acid;Piperacillin;Piperacillin+Tazobactam;Ticarcillin;Ticarcillin+Clavulanic_acid	99.419	861	5	0	4148681	4149541	1	861	0.0	1563	5306069	861	resfinder~~~blaSHV-56_1~~~EU586041~~~Amoxicillin;Amoxicillin+Clavulanic_acid;Ampicillin;Ampicillin+Clavulanic_acid;Piperacillin;Piperacillin+Tazobactam;Ticarcillin;Ticarcillin+Clavulanic_acid blaSHV-56
contig_3	resfinder~~~blaSHV-40_1~~~AF535128~~~Amoxicillin;Ampicillin;Aztreonam;Cefepime;Cefotaxime;Ceftazidime;Ceftriaxone;Piperacillin;Ticarcillin	99.419	861	5	0	4148681	4149541	1	861	0.0	1563	5306069	861	resfinder~~~blaSHV-40_1~~~AF535128~~~Amoxicillin;Ampicillin;Aztreonam;Cefepime;Cefotaxime;Ceftazidime;Ceftriaxone;Piperacillin;Ticarcillin blaSHV-40
contig_3	resfinder~~~blaSHV-35_1~~~AY070258~~~	99.419	861	5	0	4148681	4149541	1	861	0.0	1563	5306069	861	resfinder~~~blaSHV-35_1~~~AY070258~~~ blaSHV-35
contig_3	resfinder~~~blaSHV-28_1~~~AF299299~~~	99.419	861	5	0	4148681	4149541	1	861	0.0	1563	5306069	861	resfinder~~~blaSHV-28_1~~~AF299299~~~ blaSHV-28
contig_3	resfinder~~~blaSHV-27_1~~~AF293345~~~Amoxicillin;Ampicillin;Aztreonam;Cefepime;Cefotaxime;Ceftazidime;Ceftriaxone;Piperacillin;Ticarcillin	99.419	861	5	0	4148681	4149541	1	861	0.0	1563	5306069	861	resfinder~~~blaSHV-27_1~~~AF293345~~~Amoxicillin;Ampicillin;Aztreonam;Cefepime;Cefotaxime;Ceftazidime;Ceftriaxone;Piperacillin;Ticarcillin blaSHV-27
contig_3	resfinder~~~blaSHV-203_1~~~MG028656~~~	99.419	861	5	0	4148681	4149541	1	861	0.0	1563	5306069	861	resfinder~~~blaSHV-203_1~~~MG028656~~~ blaSHV-203
contig_3	resfinder~~~blaSHV-172_1~~~KF513177~~~	99.419	861	5	0	4148681	4149541	1	861	0.0	1563	5306069	861	resfinder~~~blaSHV-172_1~~~KF513177~~~ blaSHV-172
contig_3	resfinder~~~blaSHV-144_1~~~JQ926986~~~	99.419	861	5	0	4148681	4149541	1	861	0.0	1563	5306069	861	resfinder~~~blaSHV-144_1~~~JQ926986~~~ blaSHV-144
contig_3	resfinder~~~blaSHV-137_1~~~HQ661363~~~	99.419	861	5	0	4148681	4149541	1	861	0.0	1563	5306069	861	resfinder~~~blaSHV-137_1~~~HQ661363~~~ blaSHV-137
contig_3	resfinder~~~blaSHV-12_1~~~KF976405~~~Amoxicillin;Ampicillin;Aztreonam;Cefepime;Cefotaxime;Ceftazidime;Ceftriaxone;Piperacillin;Ticarcillin	99.419	861	5	0	4148681	4149541	1	861	0.0	1563	5306069	861	resfinder~~~blaSHV-12_1~~~KF976405~~~Amoxicillin;Ampicillin;Aztreonam;Cefepime;Cefotaxime;Ceftazidime;Ceftriaxone;Piperacillin;Ticarcillin blaSHV-12
contig_3	resfinder~~~blaSHV-121_1~~~GQ428198~~~	99.419	861	5	0	4148681	4149541	1	861	0.0	1563	5306069	861	resfinder~~~blaSHV-121_1~~~GQ428198~~~ blaSHV-121
contig_3	resfinder~~~blaSHV-119_1~~~JX192924~~~	99.419	861	5	0	4148681	4149541	1	861	0.0	1563	5306069	861	resfinder~~~blaSHV-119_1~~~JX192924~~~ blaSHV-119
contig_3	resfinder~~~blaSHV-110_1~~~HQ877615~~~	99.419	861	5	0	4148681	4149541	1	861	0.0	1563	5306069	861	resfinder~~~blaSHV-110_1~~~HQ877615~~~ blaSHV-110
contig_3	resfinder~~~blaSHV-98_1~~~AM941844~~~Amoxicillin;Ampicillin;Aztreonam;Cefepime;Cefotaxime;Ceftazidime;Ceftriaxone;Piperacillin;Ticarcillin	99.303	861	6	0	4148681	4149541	1	861	0.0	1557	5306069	861	resfinder~~~blaSHV-98_1~~~AM941844~~~Amoxicillin;Ampicillin;Aztreonam;Cefepime;Cefotaxime;Ceftazidime;Ceftriaxone;Piperacillin;Ticarcillin blaSHV-98
contig_3	resfinder~~~blaSHV-97_1~~~EF373973~~~	99.303	861	6	0	4148681	4149541	1	861	0.0	1557	5306069	861	resfinder~~~blaSHV-97_1~~~EF373973~~~ blaSHV-97
contig_3	resfinder~~~blaSHV-95_1~~~EF373972~~~	99.303	861	6	0	4148681	4149541	1	861	0.0	1557	5306069	861	resfinder~~~blaSHV-95_1~~~EF373972~~~ blaSHV-95
contig_3	resfinder~~~blaSHV-93_1~~~EF373969~~~	99.303	861	6	0	4148681	4149541	1	861	0.0	1557	5306069	861	resfinder~~~blaSHV-93_1~~~EF373969~~~ blaSHV-93
contig_3	resfinder~~~blaSHV-80_1~~~AM176555~~~Amoxicillin;Ampicillin;Cephalothin;Piperacillin;Ticarcillin	99.303	861	6	0	4148681	4149541	1	861	0.0	1557	5306069	861	resfinder~~~blaSHV-80_1~~~AM176555~~~Amoxicillin;Ampicillin;Cephalothin;Piperacillin;Ticarcillin blaSHV-80
contig_3	resfinder~~~blaSHV-78_1~~~AM176553~~~Amoxicillin;Ampicillin;Cephalothin;Piperacillin;Ticarcillin	99.303	861	6	0	4148681	4149541	1	861	0.0	1557	5306069	861	resfinder~~~blaSHV-78_1~~~AM176553~~~Amoxicillin;Ampicillin;Cephalothin;Piperacillin;Ticarcillin blaSHV-78
contig_3	resfinder~~~blaSHV-77_1~~~EF373975~~~Amoxicillin;Ampicillin;Cephalothin;Piperacillin;Ticarcillin	99.303	861	6	0	4148681	4149541	1	861	0.0	1557	5306069	861	resfinder~~~blaSHV-77_1~~~EF373975~~~Amoxicillin;Ampicillin;Cephalothin;Piperacillin;Ticarcillin blaSHV-77
contig_3	resfinder~~~blaSHV-66_1~~~DQ174306~~~Amoxicillin;Ampicillin;Aztreonam;Cefepime;Cefotaxime;Ceftazidime;Ceftriaxone;Piperacillin;Ticarcillin	99.303	861	6	0	4148681	4149541	1	861	0.0	1557	5306069	861	resfinder~~~blaSHV-66_1~~~DQ174306~~~Amoxicillin;Ampicillin;Aztreonam;Cefepime;Cefotaxime;Ceftazidime;Ceftriaxone;Piperacillin;Ticarcillin blaSHV-66
contig_3	resfinder~~~blaSHV-62_1~~~AJ866285~~~Amoxicillin;Ampicillin;Cephalothin;Piperacillin;Ticarcillin	99.303	861	6	0	4148681	4149541	1	861	0.0	1557	5306069	861	resfinder~~~blaSHV-62_1~~~AJ866285~~~Amoxicillin;Ampicillin;Cephalothin;Piperacillin;Ticarcillin blaSHV-62
contig_3	resfinder~~~blaSHV-51_1~~~AY289548~~~	99.303	861	6	0	4148681	4149541	1	861	0.0	1557	5306069	861	resfinder~~~blaSHV-51_1~~~AY289548~~~ blaSHV-51
contig_3	resfinder~~~blaSHV-44_1~~~AY259119~~~Amoxicillin;Ampicillin;Cephalothin;Piperacillin;Ticarcillin	99.303	861	6	0	4148681	4149541	1	861	0.0	1557	5306069	861	resfinder~~~blaSHV-44_1~~~AY259119~~~Amoxicillin;Ampicillin;Cephalothin;Piperacillin;Ticarcillin blaSHV-44
contig_3	resfinder~~~blaSHV-42_1~~~AF535130~~~Amoxicillin;Ampicillin;Aztreonam;Cefepime;Cefotaxime;Ceftazidime;Ceftriaxone;Piperacillin;Ticarcillin	99.303	861	6	0	4148681	4149541	1	861	0.0	1557	5306069	861	resfinder~~~blaSHV-42_1~~~AF535130~~~Amoxicillin;Ampicillin;Aztreonam;Cefepime;Cefotaxime;Ceftazidime;Ceftriaxone;Piperacillin;Ticarcillin blaSHV-42
contig_3	resfinder~~~blaSHV-38_1~~~AY079099~~~Amoxicillin;Ampicillin;Aztreonam;Cefepime;Cefotaxime;Ceftazidime;Ceftriaxone;Piperacillin;Ticarcillin	99.303	861	6	0	4148681	4149541	1	861	0.0	1557	5306069	861	resfinder~~~blaSHV-38_1~~~AY079099~~~Amoxicillin;Ampicillin;Aztreonam;Cefepime;Cefotaxime;Ceftazidime;Ceftriaxone;Piperacillin;Ticarcillin blaSHV-38
contig_3	resfinder~~~blaSHV-36_1~~~AF467947~~~	99.303	861	6	0	4148681	4149541	1	861	0.0	1557	5306069	861	resfinder~~~blaSHV-36_1~~~AF467947~~~ blaSHV-36
contig_3	resfinder~~~blaSHV-33_1~~~AY037779~~~Amoxicillin;Ampicillin;Cephalothin;Piperacillin;Ticarcillin	99.303	861	6	0	4148681	4149541	1	861	0.0	1557	5306069	861	resfinder~~~blaSHV-33_1~~~AY037779~~~Amoxicillin;Ampicillin;Cephalothin;Piperacillin;Ticarcillin blaSHV-33
contig_3	resfinder~~~blaSHV-32_1~~~AY037778~~~Amoxicillin;Ampicillin;Cephalothin;Piperacillin;Ticarcillin	99.303	861	6	0	4148681	4149541	1	861	0.0	1557	5306069	861	resfinder~~~blaSHV-32_1~~~AY037778~~~Amoxicillin;Ampicillin;Cephalothin;Piperacillin;Ticarcillin blaSHV-32
contig_3	resfinder~~~blaSHV-2a_1~~~X98102~~~Amoxicillin;Ampicillin;Aztreonam;Cefepime;Cefotaxime;Ceftazidime;Ceftriaxone;Piperacillin;Ticarcillin	99.303	861	6	0	4148681	4149541	1	861	0.0	1557	5306069	861	resfinder~~~blaSHV-2a_1~~~X98102~~~Amoxicillin;Ampicillin;Aztreonam;Cefepime;Cefotaxime;Ceftazidime;Ceftriaxone;Piperacillin;Ticarcillin blaSHV-2a
contig_3	resfinder~~~blaSHV-26_1~~~AF227204~~~Amoxicillin;Amoxicillin+Clavulanic_acid;Ampicillin;Ampicillin+Clavulanic_acid;Piperacillin;Piperacillin+Tazobactam;Ticarcillin;Ticarcillin+Clavulanic_acid	99.303	861	6	0	4148681	4149541	1	861	0.0	1557	5306069	861	resfinder~~~blaSHV-26_1~~~AF227204~~~Amoxicillin;Amoxicillin+Clavulanic_acid;Ampicillin;Ampicillin+Clavulanic_acid;Piperacillin;Piperacillin+Tazobactam;Ticarcillin;Ticarcillin+Clavulanic_acid blaSHV-26
contig_3	resfinder~~~blaSHV-1b-b_1~~~DQ166783~~~Amoxicillin;Ampicillin;Cephalothin;Piperacillin;Ticarcillin	99.303	861	6	0	4148681	4149541	1	861	0.0	1557	5306069	861	resfinder~~~blaSHV-1b-b_1~~~DQ166783~~~Amoxicillin;Ampicillin;Cephalothin;Piperacillin;Ticarcillin blaSHV-1b-b
contig_3	resfinder~~~blaSHV-1_1~~~AF148850~~~Amoxicillin;Ampicillin;Cephalothin;Piperacillin;Ticarcillin	99.303	861	6	0	4148681	4149541	1	861	0.0	1557	5306069	861	resfinder~~~blaSHV-1_1~~~AF148850~~~Amoxicillin;Ampicillin;Cephalothin;Piperacillin;Ticarcillin blaSHV-1
contig_3	resfinder~~~blaSHV-199_1~~~MF373391~~~	99.303	861	6	0	4148681	4149541	1	861	0.0	1557	5306069	861	resfinder~~~blaSHV-199_1~~~MF373391~~~ blaSHV-199
contig_3	resfinder~~~blaSHV-196_1~~~KX714286~~~	99.303	861	6	0	4148681	4149541	1	861	0.0	1557	5306069	861	resfinder~~~blaSHV-196_1~~~KX714286~~~ blaSHV-196
contig_3	resfinder~~~blaSHV-194_1~~~KX421191~~~	99.303	861	6	0	4148681	4149541	1	861	0.0	1557	5306069	861	resfinder~~~blaSHV-194_1~~~KX421191~~~ blaSHV-194
contig_3	resfinder~~~blaSHV-193_1~~~KR347170~~~	99.303	861	6	0	4148681	4149541	1	861	0.0	1557	5306069	861	resfinder~~~blaSHV-193_1~~~KR347170~~~ blaSHV-193
contig_3	resfinder~~~blaSHV-179_1~~~KF705208~~~	99.303	861	6	0	4148681	4149541	1	861	0.0	1557	5306069	861	resfinder~~~blaSHV-179_1~~~KF705208~~~ blaSHV-179
contig_3	resfinder~~~blaSHV-178_1~~~KF705209~~~	99.303	861	6	0	4148681	4149541	1	861	0.0	1557	5306069	861	resfinder~~~blaSHV-178_1~~~KF705209~~~ blaSHV-178
contig_3	resfinder~~~blaSHV-161_1~~~JX121128~~~	99.303	861	6	0	4148681	4149541	1	861	0.0	1557	5306069	861	resfinder~~~blaSHV-161_1~~~JX121128~~~ blaSHV-161
contig_3	resfinder~~~blaSHV-160_1~~~JX121127~~~	99.303	861	6	0	4148681	4149541	1	861	0.0	1557	5306069	861	resfinder~~~blaSHV-160_1~~~JX121127~~~ blaSHV-160
contig_3	resfinder~~~blaSHV-157_1~~~JX121124~~~	99.303	861	6	0	4148681	4149541	1	861	0.0	1557	5306069	861	resfinder~~~blaSHV-157_1~~~JX121124~~~ blaSHV-157
contig_3	resfinder~~~blaSHV-152_1~~~JX121119~~~	99.303	861	6	0	4148681	4149541	1	861	0.0	1557	5306069	861	resfinder~~~blaSHV-152_1~~~JX121119~~~ blaSHV-152
contig_3	resfinder~~~blaSHV-14_1~~~AF226622~~~Amoxicillin;Ampicillin;Cephalothin;Piperacillin;Ticarcillin	99.303	861	6	0	4148681	4149541	1	861	0.0	1557	5306069	861	resfinder~~~blaSHV-14_1~~~AF226622~~~Amoxicillin;Ampicillin;Cephalothin;Piperacillin;Ticarcillin blaSHV-14
contig_3	resfinder~~~blaSHV-145_1~~~JX013655~~~	99.303	861	6	0	4148681	4149541	1	861	0.0	1557	5306069	861	resfinder~~~blaSHV-145_1~~~JX013655~~~ blaSHV-145
contig_3	resfinder~~~blaSHV-143_1~~~JQ341060~~~	99.303	861	6	0	4148681	4149541	1	861	0.0	1557	5306069	861	resfinder~~~blaSHV-143_1~~~JQ341060~~~ blaSHV-143
contig_3	resfinder~~~blaSHV-142_1~~~JQ029959~~~	99.303	861	6	0	4148681	4149541	1	861	0.0	1557	5306069	861	resfinder~~~blaSHV-142_1~~~JQ029959~~~ blaSHV-142
contig_3	resfinder~~~blaSHV-135_1~~~HQ637576~~~	99.303	861	6	0	4148681	4149541	1	861	0.0	1557	5306069	861	resfinder~~~blaSHV-135_1~~~HQ637576~~~ blaSHV-135
contig_3	resfinder~~~blaSHV-134_1~~~HM559945~~~Amoxicillin;Ampicillin;Aztreonam;Cefepime;Cefotaxime;Ceftazidime;Ceftriaxone;Piperacillin;Ticarcillin	99.303	861	6	0	4148681	4149541	1	861	0.0	1557	5306069	861	resfinder~~~blaSHV-134_1~~~HM559945~~~Amoxicillin;Ampicillin;Aztreonam;Cefepime;Cefotaxime;Ceftazidime;Ceftriaxone;Piperacillin;Ticarcillin blaSHV-134
contig_3	resfinder~~~blaSHV-132_1~~~GU981741~~~	99.303	861	6	0	4148681	4149541	1	861	0.0	1557	5306069	861	resfinder~~~blaSHV-132_1~~~GU981741~~~ blaSHV-132
contig_3	resfinder~~~blaSHV-111_1~~~AB372881~~~	99.303	861	6	0	4148681	4149541	1	861	0.0	1557	5306069	861	resfinder~~~blaSHV-111_1~~~AB372881~~~ blaSHV-111
contig_3	resfinder~~~blaSHV-108_1~~~AM922309~~~	99.303	861	6	0	4148681	4149541	1	861	0.0	1557	5306069	861	resfinder~~~blaSHV-108_1~~~AM922309~~~ blaSHV-108
contig_3	resfinder~~~blaSHV-101_1~~~EU155018~~~	99.303	861	6	0	4148681	4149541	1	861	0.0	1557	5306069	861	resfinder~~~blaSHV-101_1~~~EU155018~~~ blaSHV-101
contig_3	resfinder~~~blaSHV-104_1~~~EU274581~~~Amoxicillin;Ampicillin;Aztreonam;Cefepime;Cefotaxime;Ceftazidime;Ceftriaxone;Piperacillin;Ticarcillin	99.302	860	6	0	4148682	4149541	2	861	0.0	1555	5306069	861	resfinder~~~blaSHV-104_1~~~EU274581~~~Amoxicillin;Ampicillin;Aztreonam;Cefepime;Cefotaxime;Ceftazidime;Ceftriaxone;Piperacillin;Ticarcillin blaSHV-104
contig_3	resfinder~~~blaSHV-148_1~~~JX121115~~~	99.416	856	5	0	4148681	4149536	1	856	0.0	1554	5306069	861	resfinder~~~blaSHV-148_1~~~JX121115~~~ blaSHV-148
contig_3	resfinder~~~blaSHV-8_1~~~U92041~~~Amoxicillin;Ampicillin;Aztreonam;Cefepime;Cefotaxime;Ceftazidime;Ceftriaxone;Piperacillin;Ticarcillin	99.187	861	7	0	4148681	4149541	1	861	0.0	1552	5306069	861	resfinder~~~blaSHV-8_1~~~U92041~~~Amoxicillin;Ampicillin;Aztreonam;Cefepime;Cefotaxime;Ceftazidime;Ceftriaxone;Piperacillin;Ticarcillin blaSHV-8
contig_3	resfinder~~~blaSHV-86_1~~~DQ328802~~~Amoxicillin;Ampicillin;Aztreonam;Cefepime;Cefotaxime;Ceftazidime;Ceftriaxone;Piperacillin;Ticarcillin	99.187	861	7	0	4148681	4149541	1	861	0.0	1552	5306069	861	resfinder~~~blaSHV-86_1~~~DQ328802~~~Amoxicillin;Ampicillin;Aztreonam;Cefepime;Cefotaxime;Ceftazidime;Ceftriaxone;Piperacillin;Ticarcillin blaSHV-86
contig_3	resfinder~~~blaSHV-82_1~~~AM176557~~~Amoxicillin;Ampicillin;Cephalothin;Piperacillin;Ticarcillin	99.187	861	7	0	4148681	4149541	1	861	0.0	1552	5306069	861	resfinder~~~blaSHV-82_1~~~AM176557~~~Amoxicillin;Ampicillin;Cephalothin;Piperacillin;Ticarcillin blaSHV-82
contig_3	resfinder~~~blaSHV-76_1~~~AM176551~~~Amoxicillin;Ampicillin;Cephalothin;Piperacillin;Ticarcillin	99.187	861	7	0	4148681	4149541	1	861	0.0	1552	5306069	861	resfinder~~~blaSHV-76_1~~~AM176551~~~Amoxicillin;Ampicillin;Cephalothin;Piperacillin;Ticarcillin blaSHV-76
contig_3	resfinder~~~blaSHV-71_1~~~AM176546~~~Amoxicillin;Ampicillin;Cephalothin;Piperacillin;Ticarcillin	99.187	861	7	0	4148681	4149541	1	861	0.0	1552	5306069	861	resfinder~~~blaSHV-71_1~~~AM176546~~~Amoxicillin;Ampicillin;Cephalothin;Piperacillin;Ticarcillin blaSHV-71
contig_3	resfinder~~~blaSHV-65_1~~~DQ174305~~~	99.187	861	7	0	4148681	4149541	1	861	0.0	1552	5306069	861	resfinder~~~blaSHV-65_1~~~DQ174305~~~ blaSHV-65
contig_3	resfinder~~~blaSHV-64_1~~~DQ174304~~~Amoxicillin;Ampicillin;Aztreonam;Cefepime;Cefotaxime;Ceftazidime;Ceftriaxone;Piperacillin;Ticarcillin	99.187	861	7	0	4148681	4149541	1	861	0.0	1552	5306069	861	resfinder~~~blaSHV-64_1~~~DQ174304~~~Amoxicillin;Ampicillin;Aztreonam;Cefepime;Cefotaxime;Ceftazidime;Ceftriaxone;Piperacillin;Ticarcillin blaSHV-64
contig_3	resfinder~~~blaSHV-59_1~~~AY790341~~~	99.187	861	7	0	4148681	4149541	1	861	0.0	1552	5306069	861	resfinder~~~blaSHV-59_1~~~AY790341~~~ blaSHV-59
contig_3	resfinder~~~blaSHV-57_1~~~AY223863~~~Amoxicillin;Ampicillin;Aztreonam;Cefepime;Cefotaxime;Ceftazidime;Ceftriaxone;Piperacillin;Ticarcillin	99.187	861	7	0	4148681	4149541	1	861	0.0	1552	5306069	861	resfinder~~~blaSHV-57_1~~~AY223863~~~Amoxicillin;Ampicillin;Aztreonam;Cefepime;Cefotaxime;Ceftazidime;Ceftriaxone;Piperacillin;Ticarcillin blaSHV-57
contig_3	resfinder~~~blaSHV-50_1~~~AY288915~~~	99.187	861	7	0	4148681	4149541	1	861	0.0	1552	5306069	861	resfinder~~~blaSHV-50_1~~~AY288915~~~ blaSHV-50
contig_3	resfinder~~~blaSHV-49_1~~~AY528718~~~Amoxicillin;Amoxicillin+Clavulanic_acid;Ampicillin;Ampicillin+Clavulanic_acid;Piperacillin;Piperacillin+Tazobactam;Ticarcillin;Ticarcillin+Clavulanic_acid	99.187	861	7	0	4148681	4149541	1	861	0.0	1552	5306069	861	resfinder~~~blaSHV-49_1~~~AY528718~~~Amoxicillin;Amoxicillin+Clavulanic_acid;Ampicillin;Ampicillin+Clavulanic_acid;Piperacillin;Piperacillin+Tazobactam;Ticarcillin;Ticarcillin+Clavulanic_acid blaSHV-49
contig_3	resfinder~~~blaSHV-37_1~~~AF467948~~~	99.187	861	7	0	4148681	4149541	1	861	0.0	1552	5306069	861	resfinder~~~blaSHV-37_1~~~AF467948~~~ blaSHV-37
contig_3	resfinder~~~blaSHV-2_1~~~AF148851~~~Amoxicillin;Ampicillin;Aztreonam;Cefepime;Cefotaxime;Ceftazidime;Ceftriaxone;Piperacillin;Ticarcillin	99.187	861	7	0	4148681	4149541	1	861	0.0	1552	5306069	861	resfinder~~~blaSHV-2_1~~~AF148851~~~Amoxicillin;Ampicillin;Aztreonam;Cefepime;Cefotaxime;Ceftazidime;Ceftriaxone;Piperacillin;Ticarcillin blaSHV-2
contig_3	resfinder~~~blaSHV-29_1~~~AF301532~~~	99.187	861	7	0	4148681	4149541	1	861	0.0	1552	5306069	861	resfinder~~~blaSHV-29_1~~~AF301532~~~ blaSHV-29
contig_3	resfinder~~~blaSHV-24_1~~~AB023477~~~Amoxicillin;Ampicillin;Aztreonam;Cefepime;Cefotaxime;Ceftazidime;Ceftriaxone;Piperacillin;Ticarcillin	99.187	861	7	0	4148681	4149541	1	861	0.0	1552	5306069	861	resfinder~~~blaSHV-24_1~~~AB023477~~~Amoxicillin;Ampicillin;Aztreonam;Cefepime;Cefotaxime;Ceftazidime;Ceftriaxone;Piperacillin;Ticarcillin blaSHV-24
contig_3	resfinder~~~blaSHV-204_1~~~MH243356~~~	99.187	861	7	0	4148681	4149541	1	861	0.0	1552	5306069	861	resfinder~~~blaSHV-204_1~~~MH243356~~~ blaSHV-204
contig_3	resfinder~~~blaSHV-195_1~~~KX619652~~~	99.187	861	7	0	4148681	4149541	1	861	0.0	1552	5306069	861	resfinder~~~blaSHV-195_1~~~KX619652~~~ blaSHV-195
contig_3	resfinder~~~blaSHV-191_1~~~KP868754~~~	99.187	861	7	0	4148681	4149541	1	861	0.0	1552	5306069	861	resfinder~~~blaSHV-191_1~~~KP868754~~~ blaSHV-191
contig_3	resfinder~~~blaSHV-186_1~~~KM233165~~~	99.187	861	7	0	4148681	4149541	1	861	0.0	1552	5306069	861	resfinder~~~blaSHV-186_1~~~KM233165~~~ blaSHV-186
contig_3	resfinder~~~blaSHV-180_1~~~KP050487~~~	99.187	861	7	0	4148681	4149541	1	861	0.0	1552	5306069	861	resfinder~~~blaSHV-180_1~~~KP050487~~~ blaSHV-180
contig_3	resfinder~~~blaSHV-164_1~~~HE981194~~~Amoxicillin;Ampicillin;Cephalothin;Piperacillin;Ticarcillin	99.187	861	7	0	4148681	4149541	1	861	0.0	1552	5306069	861	resfinder~~~blaSHV-164_1~~~HE981194~~~Amoxicillin;Ampicillin;Cephalothin;Piperacillin;Ticarcillin blaSHV-164
contig_3	resfinder~~~blaSHV-15_1~~~AJ011428~~~Amoxicillin;Ampicillin;Aztreonam;Cefepime;Cefotaxime;Ceftazidime;Ceftriaxone;Piperacillin;Ticarcillin	99.187	861	7	0	4148681	4149541	1	861	0.0	1552	5306069	861	resfinder~~~blaSHV-15_1~~~AJ011428~~~Amoxicillin;Ampicillin;Aztreonam;Cefepime;Cefotaxime;Ceftazidime;Ceftriaxone;Piperacillin;Ticarcillin blaSHV-15
contig_3	resfinder~~~blaSHV-154_1~~~JX121121~~~	99.187	861	7	0	4148681	4149541	1	861	0.0	1552	5306069	861	resfinder~~~blaSHV-154_1~~~JX121121~~~ blaSHV-154
contig_3	resfinder~~~blaSHV-150_1~~~JX121117~~~	99.187	861	7	0	4148681	4149541	1	861	0.0	1552	5306069	861	resfinder~~~blaSHV-150_1~~~JX121117~~~ blaSHV-150
contig_3	resfinder~~~blaSHV-147_1~~~JX121114~~~	99.187	861	7	0	4148681	4149541	1	861	0.0	1552	5306069	861	resfinder~~~blaSHV-147_1~~~JX121114~~~ blaSHV-147
contig_3	resfinder~~~blaSHV-141_1~~~JQ388884~~~Amoxicillin;Ampicillin;Cephalothin;Piperacillin;Ticarcillin	99.187	861	7	0	4148681	4149541	1	861	0.0	1552	5306069	861	resfinder~~~blaSHV-141_1~~~JQ388884~~~Amoxicillin;Ampicillin;Cephalothin;Piperacillin;Ticarcillin blaSHV-141
contig_3	resfinder~~~blaSHV-133_1~~~AB551737~~~	99.187	861	7	0	4148681	4149541	1	861	0.0	1552	5306069	861	resfinder~~~blaSHV-133_1~~~AB551737~~~ blaSHV-133
contig_3	resfinder~~~blaSHV-120_1~~~JF812965~~~	99.187	861	7	0	4148681	4149541	1	861	0.0	1552	5306069	861	resfinder~~~blaSHV-120_1~~~JF812965~~~ blaSHV-120
contig_3	resfinder~~~blaSHV-109_1~~~EU418913~~~Amoxicillin;Ampicillin;Cephalothin;Piperacillin;Ticarcillin	99.187	861	7	0	4148681	4149541	1	861	0.0	1552	5306069	861	resfinder~~~blaSHV-109_1~~~EU418913~~~Amoxicillin;Ampicillin;Cephalothin;Piperacillin;Ticarcillin blaSHV-109
contig_3	resfinder~~~blaSHV-106_1~~~AM922307~~~Amoxicillin;Ampicillin;Aztreonam;Cefepime;Cefotaxime;Ceftazidime;Ceftriaxone;Piperacillin;Ticarcillin	99.187	861	7	0	4148681	4149541	1	861	0.0	1552	5306069	861	resfinder~~~blaSHV-106_1~~~AM922307~~~Amoxicillin;Ampicillin;Aztreonam;Cefepime;Cefotaxime;Ceftazidime;Ceftriaxone;Piperacillin;Ticarcillin blaSHV-106
contig_3	resfinder~~~blaSHV-103_1~~~EU032604~~~	99.187	861	7	0	4148681	4149541	1	861	0.0	1552	5306069	861	resfinder~~~blaSHV-103_1~~~EU032604~~~ blaSHV-103
contig_3	resfinder~~~blaSHV-183_1~~~HG934764~~~	99.074	864	5	1	4148681	4149541	1	864	0.0	1548	5306069	864	resfinder~~~blaSHV-183_1~~~HG934764~~~ blaSHV-183
contig_3	resfinder~~~blaSHV-92_1~~~DQ836922~~~	99.071	861	8	0	4148681	4149541	1	861	0.0	1546	5306069	861	resfinder~~~blaSHV-92_1~~~DQ836922~~~ blaSHV-92
contig_3	resfinder~~~blaSHV-72_1~~~AM176547~~~Amoxicillin;Amoxicillin+Clavulanic_acid;Ampicillin;Ampicillin+Clavulanic_acid;Piperacillin;Piperacillin+Tazobactam;Ticarcillin;Ticarcillin+Clavulanic_acid	99.071	861	8	0	4148681	4149541	1	861	0.0	1546	5306069	861	resfinder~~~blaSHV-72_1~~~AM176547~~~Amoxicillin;Amoxicillin+Clavulanic_acid;Ampicillin;Ampicillin+Clavulanic_acid;Piperacillin;Piperacillin+Tazobactam;Ticarcillin;Ticarcillin+Clavulanic_acid blaSHV-72
contig_3	resfinder~~~blaSHV-63_1~~~EU342351~~~	99.071	861	8	0	4148681	4149541	1	861	0.0	1546	5306069	861	resfinder~~~blaSHV-63_1~~~EU342351~~~ blaSHV-63
contig_3	resfinder~~~blaSHV-5_1~~~X55640~~~Amoxicillin;Ampicillin;Aztreonam;Cefepime;Cefotaxime;Ceftazidime;Ceftriaxone;Piperacillin;Ticarcillin	99.071	861	8	0	4148681	4149541	1	861	0.0	1546	5306069	861	resfinder~~~blaSHV-5_1~~~X55640~~~Amoxicillin;Ampicillin;Aztreonam;Cefepime;Cefotaxime;Ceftazidime;Ceftriaxone;Piperacillin;Ticarcillin blaSHV-5
contig_3	resfinder~~~blaSHV-55_1~~~DQ054528~~~Amoxicillin;Ampicillin;Aztreonam;Cefepime;Cefotaxime;Ceftazidime;Ceftriaxone;Piperacillin;Ticarcillin	99.071	861	8	0	4148681	4149541	1	861	0.0	1546	5306069	861	resfinder~~~blaSHV-55_1~~~DQ054528~~~Amoxicillin;Ampicillin;Aztreonam;Cefepime;Cefotaxime;Ceftazidime;Ceftriaxone;Piperacillin;Ticarcillin blaSHV-55
contig_3	resfinder~~~blaSHV-48_1~~~AY263404~~~Amoxicillin;Ampicillin;Cephalothin;Piperacillin;Ticarcillin	99.071	861	8	0	4148681	4149541	1	861	0.0	1546	5306069	861	resfinder~~~blaSHV-48_1~~~AY263404~~~Amoxicillin;Ampicillin;Cephalothin;Piperacillin;Ticarcillin blaSHV-48
contig_3	resfinder~~~blaSHV-45_1~~~AF547625~~~Amoxicillin;Ampicillin;Aztreonam;Cefepime;Cefotaxime;Ceftazidime;Ceftriaxone;Piperacillin;Ticarcillin	99.071	861	8	0	4148681	4149541	1	861	0.0	1546	5306069	861	resfinder~~~blaSHV-45_1~~~AF547625~~~Amoxicillin;Ampicillin;Aztreonam;Cefepime;Cefotaxime;Ceftazidime;Ceftriaxone;Piperacillin;Ticarcillin blaSHV-45
contig_3	resfinder~~~blaSHV-43_1~~~AY065991~~~Amoxicillin;Ampicillin;Cephalothin;Piperacillin;Ticarcillin	99.071	861	8	0	4148681	4149541	1	861	0.0	1546	5306069	861	resfinder~~~blaSHV-43_1~~~AY065991~~~Amoxicillin;Ampicillin;Cephalothin;Piperacillin;Ticarcillin blaSHV-43
contig_3	resfinder~~~blaSHV-41_1~~~AF535129~~~Amoxicillin;Ampicillin;Aztreonam;Cefepime;Cefotaxime;Ceftazidime;Ceftriaxone;Piperacillin;Ticarcillin	99.071	861	8	0	4148681	4149541	1	861	0.0	1546	5306069	861	resfinder~~~blaSHV-41_1~~~AF535129~~~Amoxicillin;Ampicillin;Aztreonam;Cefepime;Cefotaxime;Ceftazidime;Ceftriaxone;Piperacillin;Ticarcillin blaSHV-41
contig_3	resfinder~~~blaSHV-3_1~~~KX092356~~~Amoxicillin;Ampicillin;Aztreonam;Cefepime;Cefotaxime;Ceftazidime;Ceftriaxone;Piperacillin;Ticarcillin	99.071	861	8	0	4148681	4149541	1	861	0.0	1546	5306069	861	resfinder~~~blaSHV-3_1~~~KX092356~~~Amoxicillin;Ampicillin;Aztreonam;Cefepime;Cefotaxime;Ceftazidime;Ceftriaxone;Piperacillin;Ticarcillin blaSHV-3
contig_3	resfinder~~~blaSHV-30_1~~~AY661885~~~Amoxicillin;Ampicillin;Aztreonam;Cefepime;Cefotaxime;Ceftazidime;Ceftriaxone;Piperacillin;Ticarcillin	99.071	861	8	0	4148681	4149541	1	861	0.0	1546	5306069	861	resfinder~~~blaSHV-30_1~~~AY661885~~~Amoxicillin;Ampicillin;Aztreonam;Cefepime;Cefotaxime;Ceftazidime;Ceftriaxone;Piperacillin;Ticarcillin blaSHV-30
contig_3	resfinder~~~blaSHV-198_1~~~MF281086~~~	99.071	861	8	0	4148681	4149541	1	861	0.0	1546	5306069	861	resfinder~~~blaSHV-198_1~~~MF281086~~~ blaSHV-198
contig_3	resfinder~~~blaSHV-197_1~~~KT946904~~~	99.071	861	8	0	4148681	4149541	1	861	0.0	1546	5306069	861	resfinder~~~blaSHV-197_1~~~KT946904~~~ blaSHV-197
contig_3	resfinder~~~blaSHV-189_1~~~KP050494~~~	99.071	861	8	0	4148681	4149541	1	861	0.0	1546	5306069	861	resfinder~~~blaSHV-189_1~~~KP050494~~~ blaSHV-189
contig_3	resfinder~~~blaSHV-168_1~~~JX870080~~~	99.071	861	8	0	4148681	4149541	1	861	0.0	1546	5306069	861	resfinder~~~blaSHV-168_1~~~JX870080~~~ blaSHV-168
contig_3	resfinder~~~blaSHV-153_1~~~JX121120~~~	99.071	861	8	0	4148681	4149541	1	861	0.0	1546	5306069	861	resfinder~~~blaSHV-153_1~~~JX121120~~~ blaSHV-153
contig_3	resfinder~~~blaSHV-151_1~~~JX121118~~~	99.071	861	8	0	4148681	4149541	1	861	0.0	1546	5306069	861	resfinder~~~blaSHV-151_1~~~JX121118~~~ blaSHV-151
contig_3	resfinder~~~blaSHV-149_1~~~JX121116~~~	99.071	861	8	0	4148681	4149541	1	861	0.0	1546	5306069	861	resfinder~~~blaSHV-149_1~~~JX121116~~~ blaSHV-149
contig_3	resfinder~~~blaSHV-129_1~~~GU827715~~~Amoxicillin;Ampicillin;Aztreonam;Cefepime;Cefotaxime;Ceftazidime;Ceftriaxone;Piperacillin;Ticarcillin	99.071	861	8	0	4148681	4149541	1	861	0.0	1546	5306069	861	resfinder~~~blaSHV-129_1~~~GU827715~~~Amoxicillin;Ampicillin;Aztreonam;Cefepime;Cefotaxime;Ceftazidime;Ceftriaxone;Piperacillin;Ticarcillin blaSHV-129
contig_3	resfinder~~~blaSHV-102_1~~~EU024485~~~Amoxicillin;Ampicillin;Aztreonam;Cefepime;Cefotaxime;Ceftazidime;Ceftriaxone;Piperacillin;Ticarcillin	99.071	861	8	0	4148681	4149541	1	861	0.0	1546	5306069	861	resfinder~~~blaSHV-102_1~~~EU024485~~~Amoxicillin;Ampicillin;Aztreonam;Cefepime;Cefotaxime;Ceftazidime;Ceftriaxone;Piperacillin;Ticarcillin blaSHV-102
contig_3	resfinder~~~blaSHV-163_1~~~JX121130~~~	99.182	856	7	0	4148681	4149536	1	856	0.0	1543	5306069	861	resfinder~~~blaSHV-163_1~~~JX121130~~~ blaSHV-163
contig_3	resfinder~~~blaSHV-7_1~~~U20270~~~Amoxicillin;Ampicillin;Aztreonam;Cefepime;Cefotaxime;Ceftazidime;Ceftriaxone;Piperacillin;Ticarcillin	98.955	861	9	0	4148681	4149541	1	861	0.0	1541	5306069	861	resfinder~~~blaSHV-7_1~~~U20270~~~Amoxicillin;Ampicillin;Aztreonam;Cefepime;Cefotaxime;Ceftazidime;Ceftriaxone;Piperacillin;Ticarcillin blaSHV-7
contig_3	resfinder~~~blaSHV-52_1~~~HQ845196~~~	98.955	861	9	0	4148681	4149541	1	861	0.0	1541	5306069	861	resfinder~~~blaSHV-52_1~~~HQ845196~~~ blaSHV-52
contig_3	resfinder~~~blaSHV-34_1~~~AY036620~~~Amoxicillin;Ampicillin;Aztreonam;Cefepime;Cefotaxime;Ceftazidime;Ceftriaxone;Piperacillin;Ticarcillin	98.955	861	9	0	4148681	4149541	1	861	0.0	1541	5306069	861	resfinder~~~blaSHV-34_1~~~AY036620~~~Amoxicillin;Ampicillin;Aztreonam;Cefepime;Cefotaxime;Ceftazidime;Ceftriaxone;Piperacillin;Ticarcillin blaSHV-34
contig_3	resfinder~~~blaSHV-200_1~~~MF871643~~~	98.955	861	9	0	4148681	4149541	1	861	0.0	1541	5306069	861	resfinder~~~blaSHV-200_1~~~MF871643~~~ blaSHV-200
contig_3	resfinder~~~blaSHV-190_1~~~KP868753~~~	98.955	861	9	0	4148681	4149541	1	861	0.0	1541	5306069	861	resfinder~~~blaSHV-190_1~~~KP868753~~~ blaSHV-190
contig_3	resfinder~~~blaSHV-18_1~~~AF132290~~~Amoxicillin;Ampicillin;Aztreonam;Cefepime;Cefotaxime;Ceftazidime;Ceftriaxone;Piperacillin;Ticarcillin	98.955	861	9	0	4148681	4149541	1	861	0.0	1541	5306069	861	resfinder~~~blaSHV-18_1~~~AF132290~~~Amoxicillin;Ampicillin;Aztreonam;Cefepime;Cefotaxime;Ceftazidime;Ceftriaxone;Piperacillin;Ticarcillin blaSHV-18
contig_3	resfinder~~~blaSHV-188_1~~~LN515534~~~	98.625	873	6	1	4148675	4149541	1	873	0.0	1541	5306069	873	resfinder~~~blaSHV-188_1~~~LN515534~~~ blaSHV-188
contig_3	resfinder~~~blaSHV-165_1~~~JX121131~~~	98.955	861	9	0	4148681	4149541	1	861	0.0	1541	5306069	861	resfinder~~~blaSHV-165_1~~~JX121131~~~ blaSHV-165
contig_3	resfinder~~~blaSHV-162_1~~~JX121129~~~	98.955	861	9	0	4148681	4149541	1	861	0.0	1541	5306069	861	resfinder~~~blaSHV-162_1~~~JX121129~~~ blaSHV-162
contig_3	resfinder~~~blaSHV-46_1~~~AY210887~~~Amoxicillin;Ampicillin;Aztreonam;Cefepime;Cefotaxime;Ceftazidime;Ceftriaxone;Piperacillin;Ticarcillin	98.839	861	10	0	4148681	4149541	1	861	0.0	1535	5306069	861	resfinder~~~blaSHV-46_1~~~AY210887~~~Amoxicillin;Ampicillin;Aztreonam;Cefepime;Cefotaxime;Ceftazidime;Ceftriaxone;Piperacillin;Ticarcillin blaSHV-46
contig_3	resfinder~~~blaSHV-128_1~~~GU932590~~~Amoxicillin;Ampicillin;Aztreonam;Cefepime;Cefotaxime;Ceftazidime;Ceftriaxone;Piperacillin;Ticarcillin	98.839	861	10	0	4148681	4149541	1	861	0.0	1535	5306069	861	resfinder~~~blaSHV-128_1~~~GU932590~~~Amoxicillin;Ampicillin;Aztreonam;Cefepime;Cefotaxime;Ceftazidime;Ceftriaxone;Piperacillin;Ticarcillin blaSHV-128
contig_3	resfinder~~~blaSHV-105_1~~~FJ194944~~~Amoxicillin;Ampicillin;Aztreonam;Cefepime;Cefotaxime;Ceftazidime;Ceftriaxone;Piperacillin;Ticarcillin	98.839	861	10	0	4148681	4149541	1	861	0.0	1535	5306069	861	resfinder~~~blaSHV-105_1~~~FJ194944~~~Amoxicillin;Ampicillin;Aztreonam;Cefepime;Cefotaxime;Ceftazidime;Ceftriaxone;Piperacillin;Ticarcillin blaSHV-105
contig_3	resfinder~~~blaSHV-73_1~~~AM176548~~~Amoxicillin;Ampicillin;Cephalothin;Piperacillin;Ticarcillin	99.062	853	8	0	4148689	4149541	6	858	0.0	1531	5306069	858	resfinder~~~blaSHV-73_1~~~AM176548~~~Amoxicillin;Ampicillin;Cephalothin;Piperacillin;Ticarcillin blaSHV-73
contig_3	resfinder~~~blaSHV-9_1~~~S82452~~~Amoxicillin;Ampicillin;Aztreonam;Cefepime;Cefotaxime;Ceftazidime;Ceftriaxone;Piperacillin;Ticarcillin	98.026	861	14	1	4148681	4149541	1	858	0.0	1493	5306069	858	resfinder~~~blaSHV-9_1~~~S82452~~~Amoxicillin;Ampicillin;Aztreonam;Cefepime;Cefotaxime;Ceftazidime;Ceftriaxone;Piperacillin;Ticarcillin blaSHV-9
contig_3	resfinder~~~blaSHV-16_1~~~AF072684~~~Amoxicillin;Ampicillin;Aztreonam;Cefepime;Cefotaxime;Ceftazidime;Ceftriaxone;Piperacillin;Ticarcillin	97.377	877	6	3	4148681	4149541	1	876	0.0	1476	5306069	876	resfinder~~~blaSHV-16_1~~~AF072684~~~Amoxicillin;Ampicillin;Aztreonam;Cefepime;Cefotaxime;Ceftazidime;Ceftriaxone;Piperacillin;Ticarcillin blaSHV-16
contig_3	resfinder~~~blaSHV-100_1~~~AM941846~~~Amoxicillin;Ampicillin;Aztreonam;Cefepime;Cefotaxime;Ceftazidime;Ceftriaxone;Piperacillin;Ticarcillin	99.481	770	4	0	4148772	4149541	131	900	0.0	1400	5306069	900	resfinder~~~blaSHV-100_1~~~AM941846~~~Amoxicillin;Ampicillin;Aztreonam;Cefepime;Cefotaxime;Ceftazidime;Ceftriaxone;Piperacillin;Ticarcillin blaSHV-100
contig_3	resfinder~~~blaSHV-100_1~~~AM941846~~~Amoxicillin;Ampicillin;Aztreonam;Cefepime;Cefotaxime;Ceftazidime;Ceftriaxone;Piperacillin;Ticarcillin	98.496	133	2	0	4148681	4148813	1	133	1.77e-58	235	5306069	900	resfinder~~~blaSHV-100_1~~~AM941846~~~Amoxicillin;Ampicillin;Aztreonam;Cefepime;Cefotaxime;Ceftazidime;Ceftriaxone;Piperacillin;Ticarcillin blaSHV-100
contig_3	resfinder~~~blaLEN3_1~~~AY130286~~~Amoxicillin;Ampicillin;Cephalothin;Piperacillin;Ticarcillin	91.157	916	79	2	4148627	4149541	1	915	0.0	1242	5306069	915	resfinder~~~blaLEN3_1~~~AY130286~~~Amoxicillin;Ampicillin;Cephalothin;Piperacillin;Ticarcillin blaLEN3
contig_3	resfinder~~~blaLEN4_1~~~AY130287~~~Amoxicillin;Ampicillin;Cephalothin;Piperacillin;Ticarcillin	91.415	862	72	2	4148681	4149541	1	861	0.0	1181	5306069	861	resfinder~~~blaLEN4_1~~~AY130287~~~Amoxicillin;Ampicillin;Cephalothin;Piperacillin;Ticarcillin blaLEN4
contig_3	resfinder~~~blaLEN2_1~~~AY037780~~~Amoxicillin;Ampicillin;Cephalothin;Piperacillin;Ticarcillin	91.299	862	73	2	4148681	4149541	1	861	0.0	1175	5306069	861	resfinder~~~blaLEN2_1~~~AY037780~~~Amoxicillin;Ampicillin;Cephalothin;Piperacillin;Ticarcillin blaLEN2
contig_3	resfinder~~~blaLEN22_1~~~AM850912~~~Amoxicillin;Ampicillin;Cephalothin;Piperacillin;Ticarcillin	91.299	862	73	2	4148681	4149541	1	861	0.0	1175	5306069	861	resfinder~~~blaLEN22_1~~~AM850912~~~Amoxicillin;Ampicillin;Cephalothin;Piperacillin;Ticarcillin blaLEN22
contig_3	resfinder~~~blaLEN19_1~~~AM850909~~~Amoxicillin;Ampicillin;Cephalothin;Piperacillin;Ticarcillin	91.299	862	73	2	4148681	4149541	1	861	0.0	1175	5306069	861	resfinder~~~blaLEN19_1~~~AM850909~~~Amoxicillin;Ampicillin;Cephalothin;Piperacillin;Ticarcillin blaLEN19
contig_3	resfinder~~~blaLEN12_1~~~AJ635406~~~Amoxicillin;Ampicillin;Cephalothin;Piperacillin;Ticarcillin	91.299	862	73	2	4148681	4149541	1	861	0.0	1175	5306069	861	resfinder~~~blaLEN12_1~~~AJ635406~~~Amoxicillin;Ampicillin;Cephalothin;Piperacillin;Ticarcillin blaLEN12
contig_3	resfinder~~~blaLEN5_1~~~AY633109~~~Amoxicillin;Ampicillin;Cephalothin;Piperacillin;Ticarcillin	91.183	862	74	2	4148681	4149541	1	861	0.0	1170	5306069	861	resfinder~~~blaLEN5_1~~~AY633109~~~Amoxicillin;Ampicillin;Cephalothin;Piperacillin;Ticarcillin blaLEN5
contig_3	resfinder~~~blaLEN21_1~~~AM850911~~~Amoxicillin;Ampicillin;Cephalothin;Piperacillin;Ticarcillin	91.183	862	74	2	4148681	4149541	1	861	0.0	1170	5306069	861	resfinder~~~blaLEN21_1~~~AM850911~~~Amoxicillin;Ampicillin;Cephalothin;Piperacillin;Ticarcillin blaLEN21
contig_3	resfinder~~~blaLEN20_1~~~AM850910~~~Amoxicillin;Ampicillin;Cephalothin;Piperacillin;Ticarcillin	91.183	862	74	2	4148681	4149541	1	861	0.0	1170	5306069	861	resfinder~~~blaLEN20_1~~~AM850910~~~Amoxicillin;Ampicillin;Cephalothin;Piperacillin;Ticarcillin blaLEN20
contig_3	resfinder~~~blaLEN17_1~~~EF205593~~~Amoxicillin;Ampicillin;Cephalothin;Piperacillin;Ticarcillin	91.183	862	74	2	4148681	4149541	1	861	0.0	1170	5306069	861	resfinder~~~blaLEN17_1~~~EF205593~~~Amoxicillin;Ampicillin;Cephalothin;Piperacillin;Ticarcillin blaLEN17
contig_3	resfinder~~~blaLEN9_1~~~AJ635405~~~Amoxicillin;Ampicillin;Cephalothin;Piperacillin;Ticarcillin	91.067	862	75	2	4148681	4149541	1	861	0.0	1164	5306069	861	resfinder~~~blaLEN9_1~~~AJ635405~~~Amoxicillin;Ampicillin;Cephalothin;Piperacillin;Ticarcillin blaLEN9
contig_3	resfinder~~~blaLEN7_1~~~AJ635425~~~Amoxicillin;Ampicillin;Cephalothin;Piperacillin;Ticarcillin	91.067	862	75	2	4148681	4149541	1	861	0.0	1164	5306069	861	resfinder~~~blaLEN7_1~~~AJ635425~~~Amoxicillin;Ampicillin;Cephalothin;Piperacillin;Ticarcillin blaLEN7
contig_3	resfinder~~~blaLEN24_1~~~AM850914~~~Amoxicillin;Ampicillin;Cephalothin;Piperacillin;Ticarcillin	91.067	862	75	2	4148681	4149541	1	861	0.0	1164	5306069	861	resfinder~~~blaLEN24_1~~~AM850914~~~Amoxicillin;Ampicillin;Cephalothin;Piperacillin;Ticarcillin blaLEN24
contig_3	resfinder~~~blaLEN18_1~~~AM850908~~~Amoxicillin;Ampicillin;Cephalothin;Piperacillin;Ticarcillin	91.067	862	75	2	4148681	4149541	1	861	0.0	1164	5306069	861	resfinder~~~blaLEN18_1~~~AM850908~~~Amoxicillin;Ampicillin;Cephalothin;Piperacillin;Ticarcillin blaLEN18
contig_3	resfinder~~~blaLEN16_1~~~AY743416~~~Amoxicillin;Ampicillin;Cephalothin;Piperacillin;Ticarcillin	91.067	862	75	2	4148681	4149541	1	861	0.0	1164	5306069	861	resfinder~~~blaLEN16_1~~~AY743416~~~Amoxicillin;Ampicillin;Cephalothin;Piperacillin;Ticarcillin blaLEN16
contig_3	resfinder~~~blaLEN13_1~~~AJ635403~~~Amoxicillin;Ampicillin;Cephalothin;Piperacillin;Ticarcillin	91.067	862	75	2	4148681	4149541	1	861	0.0	1164	5306069	861	resfinder~~~blaLEN13_1~~~AJ635403~~~Amoxicillin;Ampicillin;Cephalothin;Piperacillin;Ticarcillin blaLEN13
contig_3	resfinder~~~blaLEN10_1~~~AJ635419~~~Amoxicillin;Ampicillin;Cephalothin;Piperacillin;Ticarcillin	90.951	862	76	2	4148681	4149541	1	861	0.0	1158	5306069	861	resfinder~~~blaLEN10_1~~~AJ635419~~~Amoxicillin;Ampicillin;Cephalothin;Piperacillin;Ticarcillin blaLEN10
contig_3	resfinder~~~blaLEN25_1~~~HQ709169~~~Amoxicillin;Ampicillin;Cephalothin;Piperacillin;Ticarcillin	90.835	862	77	2	4148681	4149541	1	861	0.0	1153	5306069	861	resfinder~~~blaLEN25_1~~~HQ709169~~~Amoxicillin;Ampicillin;Cephalothin;Piperacillin;Ticarcillin blaLEN25
contig_3	resfinder~~~blaLEN23_1~~~AM850913~~~Amoxicillin;Ampicillin;Cephalothin;Piperacillin;Ticarcillin	90.835	862	77	2	4148681	4149541	1	861	0.0	1153	5306069	861	resfinder~~~blaLEN23_1~~~AM850913~~~Amoxicillin;Ampicillin;Cephalothin;Piperacillin;Ticarcillin blaLEN23
contig_3	resfinder~~~blaLEN8_1~~~AJ635424~~~Amoxicillin;Ampicillin;Cephalothin;Piperacillin;Ticarcillin	90.719	862	78	2	4148681	4149541	1	861	0.0	1147	5306069	861	resfinder~~~blaLEN8_1~~~AJ635424~~~Amoxicillin;Ampicillin;Cephalothin;Piperacillin;Ticarcillin blaLEN8
contig_3	resfinder~~~blaLEN26_1~~~JQ067123~~~Amoxicillin;Ampicillin;Cephalothin;Piperacillin;Ticarcillin	90.719	862	78	2	4148681	4149541	1	861	0.0	1147	5306069	861	resfinder~~~blaLEN26_1~~~JQ067123~~~Amoxicillin;Ampicillin;Cephalothin;Piperacillin;Ticarcillin blaLEN26
contig_3	resfinder~~~blaLEN15_1~~~AF452105~~~Amoxicillin;Ampicillin;Cephalothin;Piperacillin;Ticarcillin	90.855	842	74	3	4148681	4149521	1	840	0.0	1125	5306069	840	resfinder~~~blaLEN15_1~~~AF452105~~~Amoxicillin;Ampicillin;Cephalothin;Piperacillin;Ticarcillin blaLEN15
contig_3	resfinder~~~blaLEN1_1~~~X04515~~~Amoxicillin;Ampicillin;Cephalothin;Piperacillin;Ticarcillin	90.618	842	76	3	4148681	4149521	1	840	0.0	1114	5306069	840	resfinder~~~blaLEN1_1~~~X04515~~~Amoxicillin;Ampicillin;Cephalothin;Piperacillin;Ticarcillin blaLEN1
contig_3	resfinder~~~blaOKP-A-13_1~~~FJ534513~~~	88.399	862	98	2	4148681	4149541	1	861	0.0	1037	5306069	861	resfinder~~~blaOKP-A-13_1~~~FJ534513~~~ blaOKP-A-13
contig_3	resfinder~~~blaOKP-A-11_1~~~AM850915~~~	88.413	863	96	4	4148681	4149541	1	861	0.0	1037	5306069	861	resfinder~~~blaOKP-A-11_1~~~AM850915~~~ blaOKP-A-11
contig_3	resfinder~~~blaOKP-B-17_1~~~AM850919~~~	88.167	862	100	2	4148681	4149541	1	861	0.0	1026	5306069	861	resfinder~~~blaOKP-B-17_1~~~AM850919~~~ blaOKP-B-17
contig_3	resfinder~~~blaOKP-B-16_1~~~AM850918~~~	88.167	862	100	2	4148681	4149541	1	861	0.0	1026	5306069	861	resfinder~~~blaOKP-B-16_1~~~AM850918~~~ blaOKP-B-16
contig_3	resfinder~~~blaOKP-A-16_1~~~FJ755840~~~	88.181	863	98	4	4148681	4149541	1	861	0.0	1026	5306069	861	resfinder~~~blaOKP-A-16_1~~~FJ755840~~~ blaOKP-A-16
contig_3	resfinder~~~blaOKP-A-14_1~~~FJ534512~~~	88.167	862	100	2	4148681	4149541	1	861	0.0	1026	5306069	861	resfinder~~~blaOKP-A-14_1~~~FJ534512~~~ blaOKP-A-14
contig_3	resfinder~~~blaOKP-A-12_1~~~AM850915~~~	88.181	863	98	4	4148681	4149541	1	861	0.0	1026	5306069	861	resfinder~~~blaOKP-A-12_1~~~AM850915~~~ blaOKP-A-12
contig_3	resfinder~~~blaOKP-B-4_1~~~AM051153~~~	88.153	861	100	2	4148681	4149540	1	860	0.0	1024	5306069	861	resfinder~~~blaOKP-B-4_1~~~AM051153~~~ blaOKP-B-4
contig_3	resfinder~~~blaOKP-A-5_1~~~AM051143~~~	88.167	862	98	4	4148681	4149540	1	860	0.0	1024	5306069	861	resfinder~~~blaOKP-A-5_1~~~AM051143~~~ blaOKP-A-5
contig_3	resfinder~~~blaOKP-A-3_1~~~AM051140~~~	88.167	862	98	4	4148681	4149540	1	860	0.0	1024	5306069	861	resfinder~~~blaOKP-A-3_1~~~AM051140~~~ blaOKP-A-3
contig_3	resfinder~~~blaOKP-A-1_1~~~AM051138~~~	88.153	861	100	2	4148681	4149540	1	860	0.0	1024	5306069	861	resfinder~~~blaOKP-A-1_1~~~AM051138~~~ blaOKP-A-1
contig_3	resfinder~~~blaOKP-B-15_1~~~AM850917~~~	88.051	862	101	2	4148681	4149541	1	861	0.0	1020	5306069	861	resfinder~~~blaOKP-B-15_1~~~AM850917~~~ blaOKP-B-15
contig_3	resfinder~~~blaOKP-B-3_1~~~AM051152~~~	88.037	861	101	2	4148681	4149540	1	860	0.0	1018	5306069	861	resfinder~~~blaOKP-B-3_1~~~AM051152~~~ blaOKP-B-3
contig_3	resfinder~~~blaOKP-A-9_1~~~AM051148~~~	88.051	862	99	4	4148681	4149540	1	860	0.0	1018	5306069	861	resfinder~~~blaOKP-A-9_1~~~AM051148~~~ blaOKP-A-9
contig_3	resfinder~~~blaOKP-A-8_1~~~AM051147~~~	88.037	861	101	2	4148681	4149540	1	860	0.0	1018	5306069	861	resfinder~~~blaOKP-A-8_1~~~AM051147~~~ blaOKP-A-8
contig_3	resfinder~~~blaOKP-A-4_1~~~AM051142~~~	88.037	861	101	2	4148681	4149540	1	860	0.0	1018	5306069	861	resfinder~~~blaOKP-A-4_1~~~AM051142~~~ blaOKP-A-4
contig_3	resfinder~~~blaOKP-A-2_1~~~AM051139~~~	88.037	861	101	2	4148681	4149540	1	860	0.0	1018	5306069	861	resfinder~~~blaOKP-A-2_1~~~AM051139~~~ blaOKP-A-2
contig_3	resfinder~~~blaOKP-B-6_1~~~AY850171~~~	87.935	862	102	2	4148681	4149541	1	861	0.0	1014	5306069	861	resfinder~~~blaOKP-B-6_1~~~AY850171~~~ blaOKP-B-6
contig_3	resfinder~~~blaOKP-B-5_1~~~AY512506~~~	87.935	862	102	2	4148681	4149541	1	861	0.0	1014	5306069	861	resfinder~~~blaOKP-B-5_1~~~AY512506~~~ blaOKP-B-5
contig_3	resfinder~~~blaOKP-B-20_1~~~AM850922~~~	87.935	862	102	2	4148681	4149541	1	861	0.0	1014	5306069	861	resfinder~~~blaOKP-B-20_1~~~AM850922~~~ blaOKP-B-20
contig_3	resfinder~~~blaOKP-B-13_1~~~AY825330~~~	87.935	862	102	2	4148681	4149541	1	861	0.0	1014	5306069	861	resfinder~~~blaOKP-B-13_1~~~AY825330~~~ blaOKP-B-13
contig_3	resfinder~~~blaOKP-B-9_1~~~AM051159~~~	87.921	861	102	2	4148681	4149540	1	860	0.0	1013	5306069	861	resfinder~~~blaOKP-B-9_1~~~AM051159~~~ blaOKP-B-9
contig_3	resfinder~~~blaOKP-B-8_1~~~AM051157~~~	87.921	861	102	2	4148681	4149540	1	860	0.0	1013	5306069	861	resfinder~~~blaOKP-B-8_1~~~AM051157~~~ blaOKP-B-8
contig_3	resfinder~~~blaOKP-B-2_1~~~AM051151~~~	87.921	861	102	2	4148681	4149540	1	860	0.0	1013	5306069	861	resfinder~~~blaOKP-B-2_1~~~AM051151~~~ blaOKP-B-2
contig_3	resfinder~~~blaOKP-A-10_1~~~AM051149~~~	87.935	862	100	4	4148681	4149540	1	860	0.0	1013	5306069	861	resfinder~~~blaOKP-A-10_1~~~AM051149~~~ blaOKP-A-10
contig_3	resfinder~~~blaOKP-B-19_1~~~AM850921~~~	87.819	862	103	2	4148681	4149541	1	861	0.0	1009	5306069	861	resfinder~~~blaOKP-B-19_1~~~AM850921~~~ blaOKP-B-19
contig_3	resfinder~~~blaOKP-B-7_1~~~AM051156~~~	87.805	861	103	2	4148681	4149540	1	860	0.0	1007	5306069	861	resfinder~~~blaOKP-B-7_1~~~AM051156~~~ blaOKP-B-7
contig_3	resfinder~~~blaOKP-B-1_1~~~AM051150~~~	87.805	861	103	2	4148681	4149540	1	860	0.0	1007	5306069	861	resfinder~~~blaOKP-B-1_1~~~AM051150~~~ blaOKP-B-1
contig_3	resfinder~~~blaOKP-A-6_1~~~AM051144~~~	87.833	863	99	6	4148681	4149540	1	860	0.0	1007	5306069	861	resfinder~~~blaOKP-A-6_1~~~AM051144~~~ blaOKP-A-6
contig_3	resfinder~~~blaOKP-B-11_1~~~AM051161~~~	87.703	862	102	4	4148681	4149540	1	860	0.0	1002	5306069	861	resfinder~~~blaOKP-B-11_1~~~AM051161~~~ blaOKP-B-11
contig_3	resfinder~~~blaOKP-B-18_1~~~AM850920~~~	87.587	862	105	2	4148681	4149541	1	861	0.0	998	5306069	861	resfinder~~~blaOKP-B-18_1~~~AM850920~~~ blaOKP-B-18
contig_3	resfinder~~~blaOKP-B-14_1~~~DQ995288~~~	87.573	861	105	2	4148681	4149540	1	860	0.0	996	5306069	861	resfinder~~~blaOKP-B-14_1~~~DQ995288~~~ blaOKP-B-14
contig_3	resfinder~~~blaOKP-B-12_1~~~AJ635420~~~	87.601	863	101	6	4148681	4149540	1	860	0.0	996	5306069	861	resfinder~~~blaOKP-B-12_1~~~AJ635420~~~ blaOKP-B-12
contig_3	resfinder~~~blaOKP-B-10_1~~~AM051160~~~	87.573	861	105	2	4148681	4149540	1	860	0.0	996	5306069	861	resfinder~~~blaOKP-B-10_1~~~AM051160~~~ blaOKP-B-10
contig_3	resfinder~~~blaOKP-A-7_1~~~AM051145~~~	87.587	862	103	4	4148681	4149540	1	860	0.0	996	5306069	861	resfinder~~~blaOKP-A-7_1~~~AM051145~~~ blaOKP-A-7
contig_3	resfinder~~~blaOKP-A-15_1~~~FJ755841~~~	86.659	862	98	11	4148681	4149541	1	846	0.0	939	5306069	846	resfinder~~~blaOKP-A-15_1~~~FJ755841~~~ blaOKP-A-15
contig_3	resfinder~~~fosA6_1~~~KU254579~~~Fosfomycin	98.810	420	5	0	684595	685014	420	1	0.0	749	5306069	420	resfinder~~~fosA6_1~~~KU254579~~~Fosfomycin fosA6
contig_3	resfinder~~~fosA_3~~~ACWO01000079~~~Fosfomycin	99.272	412	3	0	684603	685014	412	1	0.0	745	5306069	420	resfinder~~~fosA_3~~~ACWO01000079~~~Fosfomycin fosA
contig_3	resfinder~~~fosA5_1~~~EU195449~~~Fosfomycin	98.544	412	6	0	684603	685014	412	1	0.0	728	5306069	420	resfinder~~~fosA5_1~~~EU195449~~~Fosfomycin fosA5
contig_3	resfinder~~~fosA_5~~~AFBO01000747~~~Fosfomycin	97.143	420	12	0	684595	685014	420	1	0.0	710	5306069	420	resfinder~~~fosA_5~~~AFBO01000747~~~Fosfomycin fosA
contig_3	resfinder~~~fosA_6~~~ACZD01000244~~~Fosfomycin	95.714	420	18	0	684595	685014	420	1	0.0	676	5306069	420	resfinder~~~fosA_6~~~ACZD01000244~~~Fosfomycin fosA
contig_3	resfinder~~~fosA_2~~~AGDM01000012~~~Fosfomycin	85.748	421	58	2	684595	685014	420	1	2.70e-121	444	5306069	420	resfinder~~~fosA_2~~~AGDM01000012~~~Fosfomycin fosA
contig_3	resfinder~~~tmexD2_1~~~MN175502~~~Doxycycline;Minocycline;Tetracycline;Tigecycline	76.771	353	72	8	2836233	2836580	1380	1033	1.40e-44	189	5306069	3135	resfinder~~~tmexD2_1~~~MN175502~~~Doxycycline;Minocycline;Tetracycline;Tigecycline tmexD2
contig_3	resfinder~~~tmexD2_1~~~MN175502~~~Doxycycline;Minocycline;Tetracycline;Tigecycline	76.036	338	72	8	2599576	2599907	1376	1042	6.55e-38	167	5306069	3135	resfinder~~~tmexD2_1~~~MN175502~~~Doxycycline;Minocycline;Tetracycline;Tigecycline tmexD2
contig_3	resfinder~~~tmexD4_1~~~CP091084~~~Doxycycline;Minocycline;Tetracycline;Tigecycline	76.487	353	73	9	2836233	2836580	1380	1033	6.50e-43	183	5306069	3135	resfinder~~~tmexD4_1~~~CP091084~~~Doxycycline;Minocycline;Tetracycline;Tigecycline tmexD4
contig_3	resfinder~~~tmexD4_1~~~CP091084~~~Doxycycline;Minocycline;Tetracycline;Tigecycline	76.627	338	70	8	2599576	2599907	1376	1042	3.02e-41	178	5306069	3135	resfinder~~~tmexD4_1~~~CP091084~~~Doxycycline;Minocycline;Tetracycline;Tigecycline tmexD4
contig_3	resfinder~~~tmexD3_1~~~LC633285~~~Doxycycline;Minocycline;Tetracycline;Tigecycline	76.177	361	75	10	2836225	2836580	1387	1033	8.41e-42	180	5306069	3135	resfinder~~~tmexD3_1~~~LC633285~~~Doxycycline;Minocycline;Tetracycline;Tigecycline tmexD3
contig_3	resfinder~~~tmexD3_1~~~LC633285~~~Doxycycline;Minocycline;Tetracycline;Tigecycline	76.331	338	71	8	2599576	2599907	1376	1042	1.41e-39	172	5306069	3135	resfinder~~~tmexD3_1~~~LC633285~~~Doxycycline;Minocycline;Tetracycline;Tigecycline tmexD3
contig_3	resfinder~~~tmexD1_1~~~MK347425~~~Doxycycline;Minocycline;Tetracycline;Tigecycline	76.177	361	75	9	2836225	2836580	1387	1033	8.41e-42	180	5306069	3135	resfinder~~~tmexD1_1~~~MK347425~~~Doxycycline;Minocycline;Tetracycline;Tigecycline tmexD1
contig_3	resfinder~~~tmexD1_1~~~MK347425~~~Doxycycline;Minocycline;Tetracycline;Tigecycline	76.036	338	72	8	2599576	2599907	1376	1042	6.55e-38	167	5306069	3135	resfinder~~~tmexD1_1~~~MK347425~~~Doxycycline;Minocycline;Tetracycline;Tigecycline tmexD1
contig_4	resfinder~~~blaSHV-12_1~~~KF976405~~~Amoxicillin;Ampicillin;Aztreonam;Cefepime;Cefotaxime;Ceftazidime;Ceftriaxone;Piperacillin;Ticarcillin	100.000	861	0	0	121966	122826	1	861	0.0	1591	125021	861	resfinder~~~blaSHV-12_1~~~KF976405~~~Amoxicillin;Ampicillin;Aztreonam;Cefepime;Cefotaxime;Ceftazidime;Ceftriaxone;Piperacillin;Ticarcillin blaSHV-12
contig_4	resfinder~~~blaSHV-66_1~~~DQ174306~~~Amoxicillin;Ampicillin;Aztreonam;Cefepime;Cefotaxime;Ceftazidime;Ceftriaxone;Piperacillin;Ticarcillin	99.884	861	1	0	121966	122826	1	861	0.0	1585	125021	861	resfinder~~~blaSHV-66_1~~~DQ174306~~~Amoxicillin;Ampicillin;Aztreonam;Cefepime;Cefotaxime;Ceftazidime;Ceftriaxone;Piperacillin;Ticarcillin blaSHV-66
contig_4	resfinder~~~blaSHV-160_1~~~JX121127~~~	99.884	861	1	0	121966	122826	1	861	0.0	1585	125021	861	resfinder~~~blaSHV-160_1~~~JX121127~~~ blaSHV-160
contig_4	resfinder~~~blaSHV-134_1~~~HM559945~~~Amoxicillin;Ampicillin;Aztreonam;Cefepime;Cefotaxime;Ceftazidime;Ceftriaxone;Piperacillin;Ticarcillin	99.884	861	1	0	121966	122826	1	861	0.0	1585	125021	861	resfinder~~~blaSHV-134_1~~~HM559945~~~Amoxicillin;Ampicillin;Aztreonam;Cefepime;Cefotaxime;Ceftazidime;Ceftriaxone;Piperacillin;Ticarcillin blaSHV-134
contig_4	resfinder~~~blaSHV-86_1~~~DQ328802~~~Amoxicillin;Ampicillin;Aztreonam;Cefepime;Cefotaxime;Ceftazidime;Ceftriaxone;Piperacillin;Ticarcillin	99.768	861	2	0	121966	122826	1	861	0.0	1580	125021	861	resfinder~~~blaSHV-86_1~~~DQ328802~~~Amoxicillin;Ampicillin;Aztreonam;Cefepime;Cefotaxime;Ceftazidime;Ceftriaxone;Piperacillin;Ticarcillin blaSHV-86
contig_4	resfinder~~~blaSHV-64_1~~~DQ174304~~~Amoxicillin;Ampicillin;Aztreonam;Cefepime;Cefotaxime;Ceftazidime;Ceftriaxone;Piperacillin;Ticarcillin	99.768	861	2	0	121966	122826	1	861	0.0	1580	125021	861	resfinder~~~blaSHV-64_1~~~DQ174304~~~Amoxicillin;Ampicillin;Aztreonam;Cefepime;Cefotaxime;Ceftazidime;Ceftriaxone;Piperacillin;Ticarcillin blaSHV-64
contig_4	resfinder~~~blaSHV-15_1~~~AJ011428~~~Amoxicillin;Ampicillin;Aztreonam;Cefepime;Cefotaxime;Ceftazidime;Ceftriaxone;Piperacillin;Ticarcillin	99.768	861	2	0	121966	122826	1	861	0.0	1580	125021	861	resfinder~~~blaSHV-15_1~~~AJ011428~~~Amoxicillin;Ampicillin;Aztreonam;Cefepime;Cefotaxime;Ceftazidime;Ceftriaxone;Piperacillin;Ticarcillin blaSHV-15
contig_4	resfinder~~~blaSHV-183_1~~~HG934764~~~	99.653	864	0	1	121966	122826	1	864	0.0	1576	125021	864	resfinder~~~blaSHV-183_1~~~HG934764~~~ blaSHV-183
contig_4	resfinder~~~blaSHV-70_1~~~DQ013287~~~Amoxicillin;Ampicillin;Aztreonam;Cefepime;Cefotaxime;Ceftazidime;Ceftriaxone;Piperacillin;Ticarcillin	99.652	861	3	0	121966	122826	1	861	0.0	1574	125021	861	resfinder~~~blaSHV-70_1~~~DQ013287~~~Amoxicillin;Ampicillin;Aztreonam;Cefepime;Cefotaxime;Ceftazidime;Ceftriaxone;Piperacillin;Ticarcillin blaSHV-70
contig_4	resfinder~~~blaSHV-5_1~~~X55640~~~Amoxicillin;Ampicillin;Aztreonam;Cefepime;Cefotaxime;Ceftazidime;Ceftriaxone;Piperacillin;Ticarcillin	99.652	861	3	0	121966	122826	1	861	0.0	1574	125021	861	resfinder~~~blaSHV-5_1~~~X55640~~~Amoxicillin;Ampicillin;Aztreonam;Cefepime;Cefotaxime;Ceftazidime;Ceftriaxone;Piperacillin;Ticarcillin blaSHV-5
contig_4	resfinder~~~blaSHV-31_1~~~AY277255~~~Amoxicillin;Ampicillin;Aztreonam;Cefepime;Cefotaxime;Ceftazidime;Ceftriaxone;Piperacillin;Ticarcillin	99.652	861	3	0	121966	122826	1	861	0.0	1574	125021	861	resfinder~~~blaSHV-31_1~~~AY277255~~~Amoxicillin;Ampicillin;Aztreonam;Cefepime;Cefotaxime;Ceftazidime;Ceftriaxone;Piperacillin;Ticarcillin blaSHV-31
contig_4	resfinder~~~blaSHV-2a_1~~~X98102~~~Amoxicillin;Ampicillin;Aztreonam;Cefepime;Cefotaxime;Ceftazidime;Ceftriaxone;Piperacillin;Ticarcillin	99.652	861	3	0	121966	122826	1	861	0.0	1574	125021	861	resfinder~~~blaSHV-2a_1~~~X98102~~~Amoxicillin;Ampicillin;Aztreonam;Cefepime;Cefotaxime;Ceftazidime;Ceftriaxone;Piperacillin;Ticarcillin blaSHV-2a
contig_4	resfinder~~~blaSHV-13_1~~~AF164577~~~Amoxicillin;Ampicillin;Aztreonam;Cefepime;Cefotaxime;Ceftazidime;Ceftriaxone;Piperacillin;Ticarcillin	99.652	861	3	0	121966	122826	1	861	0.0	1574	125021	861	resfinder~~~blaSHV-13_1~~~AF164577~~~Amoxicillin;Ampicillin;Aztreonam;Cefepime;Cefotaxime;Ceftazidime;Ceftriaxone;Piperacillin;Ticarcillin blaSHV-13
contig_4	resfinder~~~blaSHV-129_1~~~GU827715~~~Amoxicillin;Ampicillin;Aztreonam;Cefepime;Cefotaxime;Ceftazidime;Ceftriaxone;Piperacillin;Ticarcillin	99.652	861	3	0	121966	122826	1	861	0.0	1574	125021	861	resfinder~~~blaSHV-129_1~~~GU827715~~~Amoxicillin;Ampicillin;Aztreonam;Cefepime;Cefotaxime;Ceftazidime;Ceftriaxone;Piperacillin;Ticarcillin blaSHV-129
contig_4	resfinder~~~blaSHV-11_1~~~X98101~~~Amoxicillin;Ampicillin;Cephalothin;Piperacillin;Ticarcillin	99.652	861	3	0	121966	122826	1	861	0.0	1574	125021	861	resfinder~~~blaSHV-11_1~~~X98101~~~Amoxicillin;Ampicillin;Cephalothin;Piperacillin;Ticarcillin blaSHV-11
contig_4	resfinder~~~blaSHV-61_1~~~AJ866284~~~Amoxicillin;Ampicillin;Cephalothin;Piperacillin;Ticarcillin	99.535	861	4	0	121966	122826	1	861	0.0	1568	125021	861	resfinder~~~blaSHV-61_1~~~AJ866284~~~Amoxicillin;Ampicillin;Cephalothin;Piperacillin;Ticarcillin blaSHV-61
contig_4	resfinder~~~blaSHV-60_1~~~AB302939~~~Amoxicillin;Ampicillin;Cephalothin;Piperacillin;Ticarcillin	99.535	861	4	0	121966	122826	1	861	0.0	1568	125021	861	resfinder~~~blaSHV-60_1~~~AB302939~~~Amoxicillin;Ampicillin;Cephalothin;Piperacillin;Ticarcillin blaSHV-60
contig_4	resfinder~~~blaSHV-2_1~~~AF148851~~~Amoxicillin;Ampicillin;Aztreonam;Cefepime;Cefotaxime;Ceftazidime;Ceftriaxone;Piperacillin;Ticarcillin	99.535	861	4	0	121966	122826	1	861	0.0	1568	125021	861	resfinder~~~blaSHV-2_1~~~AF148851~~~Amoxicillin;Ampicillin;Aztreonam;Cefepime;Cefotaxime;Ceftazidime;Ceftriaxone;Piperacillin;Ticarcillin blaSHV-2
contig_4	resfinder~~~blaSHV-203_1~~~MG028656~~~	99.535	861	4	0	121966	122826	1	861	0.0	1568	125021	861	resfinder~~~blaSHV-203_1~~~MG028656~~~ blaSHV-203
contig_4	resfinder~~~blaSHV-200_1~~~MF871643~~~	99.535	861	4	0	121966	122826	1	861	0.0	1568	125021	861	resfinder~~~blaSHV-200_1~~~MF871643~~~ blaSHV-200
contig_4	resfinder~~~blaSHV-172_1~~~KF513177~~~	99.535	861	4	0	121966	122826	1	861	0.0	1568	125021	861	resfinder~~~blaSHV-172_1~~~KF513177~~~ blaSHV-172
contig_4	resfinder~~~blaSHV-165_1~~~JX121131~~~	99.535	861	4	0	121966	122826	1	861	0.0	1568	125021	861	resfinder~~~blaSHV-165_1~~~JX121131~~~ blaSHV-165
contig_4	resfinder~~~blaSHV-154_1~~~JX121121~~~	99.535	861	4	0	121966	122826	1	861	0.0	1568	125021	861	resfinder~~~blaSHV-154_1~~~JX121121~~~ blaSHV-154
contig_4	resfinder~~~blaSHV-120_1~~~JF812965~~~	99.535	861	4	0	121966	122826	1	861	0.0	1568	125021	861	resfinder~~~blaSHV-120_1~~~JF812965~~~ blaSHV-120
contig_4	resfinder~~~blaSHV-98_1~~~AM941844~~~Amoxicillin;Ampicillin;Aztreonam;Cefepime;Cefotaxime;Ceftazidime;Ceftriaxone;Piperacillin;Ticarcillin	99.419	861	5	0	121966	122826	1	861	0.0	1563	125021	861	resfinder~~~blaSHV-98_1~~~AM941844~~~Amoxicillin;Ampicillin;Aztreonam;Cefepime;Cefotaxime;Ceftazidime;Ceftriaxone;Piperacillin;Ticarcillin blaSHV-98
contig_4	resfinder~~~blaSHV-97_1~~~EF373973~~~	99.419	861	5	0	121966	122826	1	861	0.0	1563	125021	861	resfinder~~~blaSHV-97_1~~~EF373973~~~ blaSHV-97
contig_4	resfinder~~~blaSHV-80_1~~~AM176555~~~Amoxicillin;Ampicillin;Cephalothin;Piperacillin;Ticarcillin	99.419	861	5	0	121966	122826	1	861	0.0	1563	125021	861	resfinder~~~blaSHV-80_1~~~AM176555~~~Amoxicillin;Ampicillin;Cephalothin;Piperacillin;Ticarcillin blaSHV-80
contig_4	resfinder~~~blaSHV-78_1~~~AM176553~~~Amoxicillin;Ampicillin;Cephalothin;Piperacillin;Ticarcillin	99.419	861	5	0	121966	122826	1	861	0.0	1563	125021	861	resfinder~~~blaSHV-78_1~~~AM176553~~~Amoxicillin;Ampicillin;Cephalothin;Piperacillin;Ticarcillin blaSHV-78
contig_4	resfinder~~~blaSHV-77_1~~~EF373975~~~Amoxicillin;Ampicillin;Cephalothin;Piperacillin;Ticarcillin	99.419	861	5	0	121966	122826	1	861	0.0	1563	125021	861	resfinder~~~blaSHV-77_1~~~EF373975~~~Amoxicillin;Ampicillin;Cephalothin;Piperacillin;Ticarcillin blaSHV-77
contig_4	resfinder~~~blaSHV-74_1~~~AM176549~~~Amoxicillin;Ampicillin;Cephalothin;Piperacillin;Ticarcillin	99.419	861	5	0	121966	122826	1	861	0.0	1563	125021	861	resfinder~~~blaSHV-74_1~~~AM176549~~~Amoxicillin;Ampicillin;Cephalothin;Piperacillin;Ticarcillin blaSHV-74
contig_4	resfinder~~~blaSHV-69_1~~~DQ174308~~~	99.419	861	5	0	121966	122826	1	861	0.0	1563	125021	861	resfinder~~~blaSHV-69_1~~~DQ174308~~~ blaSHV-69
contig_4	resfinder~~~blaSHV-67_1~~~DQ174307~~~	99.419	861	5	0	121966	122826	1	861	0.0	1563	125021	861	resfinder~~~blaSHV-67_1~~~DQ174307~~~ blaSHV-67
contig_4	resfinder~~~blaSHV-46_1~~~AY210887~~~Amoxicillin;Ampicillin;Aztreonam;Cefepime;Cefotaxime;Ceftazidime;Ceftriaxone;Piperacillin;Ticarcillin	99.419	861	5	0	121966	122826	1	861	0.0	1563	125021	861	resfinder~~~blaSHV-46_1~~~AY210887~~~Amoxicillin;Ampicillin;Aztreonam;Cefepime;Cefotaxime;Ceftazidime;Ceftriaxone;Piperacillin;Ticarcillin blaSHV-46
contig_4	resfinder~~~blaSHV-45_1~~~AF547625~~~Amoxicillin;Ampicillin;Aztreonam;Cefepime;Cefotaxime;Ceftazidime;Ceftriaxone;Piperacillin;Ticarcillin	99.419	861	5	0	121966	122826	1	861	0.0	1563	125021	861	resfinder~~~blaSHV-45_1~~~AF547625~~~Amoxicillin;Ampicillin;Aztreonam;Cefepime;Cefotaxime;Ceftazidime;Ceftriaxone;Piperacillin;Ticarcillin blaSHV-45
contig_4	resfinder~~~blaSHV-36_1~~~AF467947~~~	99.419	861	5	0	121966	122826	1	861	0.0	1563	125021	861	resfinder~~~blaSHV-36_1~~~AF467947~~~ blaSHV-36
contig_4	resfinder~~~blaSHV-26_1~~~AF227204~~~Amoxicillin;Amoxicillin+Clavulanic_acid;Ampicillin;Ampicillin+Clavulanic_acid;Piperacillin;Piperacillin+Tazobactam;Ticarcillin;Ticarcillin+Clavulanic_acid	99.419	861	5	0	121966	122826	1	861	0.0	1563	125021	861	resfinder~~~blaSHV-26_1~~~AF227204~~~Amoxicillin;Amoxicillin+Clavulanic_acid;Ampicillin;Ampicillin+Clavulanic_acid;Piperacillin;Piperacillin+Tazobactam;Ticarcillin;Ticarcillin+Clavulanic_acid blaSHV-26
contig_4	resfinder~~~blaSHV-25_1~~~AF208796~~~Amoxicillin;Ampicillin;Cephalothin;Piperacillin;Ticarcillin	99.419	861	5	0	121966	122826	1	861	0.0	1563	125021	861	resfinder~~~blaSHV-25_1~~~AF208796~~~Amoxicillin;Ampicillin;Cephalothin;Piperacillin;Ticarcillin blaSHV-25
contig_4	resfinder~~~blaSHV-1_1~~~AF148850~~~Amoxicillin;Ampicillin;Cephalothin;Piperacillin;Ticarcillin	99.419	861	5	0	121966	122826	1	861	0.0	1563	125021	861	resfinder~~~blaSHV-1_1~~~AF148850~~~Amoxicillin;Ampicillin;Cephalothin;Piperacillin;Ticarcillin blaSHV-1
contig_4	resfinder~~~blaSHV-199_1~~~MF373391~~~	99.419	861	5	0	121966	122826	1	861	0.0	1563	125021	861	resfinder~~~blaSHV-199_1~~~MF373391~~~ blaSHV-199
contig_4	resfinder~~~blaSHV-194_1~~~KX421191~~~	99.419	861	5	0	121966	122826	1	861	0.0	1563	125021	861	resfinder~~~blaSHV-194_1~~~KX421191~~~ blaSHV-194
contig_4	resfinder~~~blaSHV-193_1~~~KR347170~~~	99.419	861	5	0	121966	122826	1	861	0.0	1563	125021	861	resfinder~~~blaSHV-193_1~~~KR347170~~~ blaSHV-193
contig_4	resfinder~~~blaSHV-187_1~~~LN515533~~~	99.193	867	7	0	121960	122826	1	867	0.0	1563	125021	867	resfinder~~~blaSHV-187_1~~~LN515533~~~ blaSHV-187
contig_4	resfinder~~~blaSHV-185_1~~~KM233164~~~	99.419	861	5	0	121966	122826	1	861	0.0	1563	125021	861	resfinder~~~blaSHV-185_1~~~KM233164~~~ blaSHV-185
contig_4	resfinder~~~blaSHV-179_1~~~KF705208~~~	99.419	861	5	0	121966	122826	1	861	0.0	1563	125021	861	resfinder~~~blaSHV-179_1~~~KF705208~~~ blaSHV-179
contig_4	resfinder~~~blaSHV-178_1~~~KF705209~~~	99.419	861	5	0	121966	122826	1	861	0.0	1563	125021	861	resfinder~~~blaSHV-178_1~~~KF705209~~~ blaSHV-178
contig_4	resfinder~~~blaSHV-173_1~~~KF513178~~~	99.419	861	5	0	121966	122826	1	861	0.0	1563	125021	861	resfinder~~~blaSHV-173_1~~~KF513178~~~ blaSHV-173
contig_4	resfinder~~~blaSHV-161_1~~~JX121128~~~	99.419	861	5	0	121966	122826	1	861	0.0	1563	125021	861	resfinder~~~blaSHV-161_1~~~JX121128~~~ blaSHV-161
contig_4	resfinder~~~blaSHV-153_1~~~JX121120~~~	99.419	861	5	0	121966	122826	1	861	0.0	1563	125021	861	resfinder~~~blaSHV-153_1~~~JX121120~~~ blaSHV-153
contig_4	resfinder~~~blaSHV-152_1~~~JX121119~~~	99.419	861	5	0	121966	122826	1	861	0.0	1563	125021	861	resfinder~~~blaSHV-152_1~~~JX121119~~~ blaSHV-152
contig_4	resfinder~~~blaSHV-145_1~~~JX013655~~~	99.419	861	5	0	121966	122826	1	861	0.0	1563	125021	861	resfinder~~~blaSHV-145_1~~~JX013655~~~ blaSHV-145
contig_4	resfinder~~~blaSHV-142_1~~~JQ029959~~~	99.419	861	5	0	121966	122826	1	861	0.0	1563	125021	861	resfinder~~~blaSHV-142_1~~~JQ029959~~~ blaSHV-142
contig_4	resfinder~~~blaSHV-135_1~~~HQ637576~~~	99.419	861	5	0	121966	122826	1	861	0.0	1563	125021	861	resfinder~~~blaSHV-135_1~~~HQ637576~~~ blaSHV-135
contig_4	resfinder~~~blaSHV-128_1~~~GU932590~~~Amoxicillin;Ampicillin;Aztreonam;Cefepime;Cefotaxime;Ceftazidime;Ceftriaxone;Piperacillin;Ticarcillin	99.419	861	5	0	121966	122826	1	861	0.0	1563	125021	861	resfinder~~~blaSHV-128_1~~~GU932590~~~Amoxicillin;Ampicillin;Aztreonam;Cefepime;Cefotaxime;Ceftazidime;Ceftriaxone;Piperacillin;Ticarcillin blaSHV-128
contig_4	resfinder~~~blaSHV-107_1~~~AM922308~~~Amoxicillin;Amoxicillin+Clavulanic_acid;Ampicillin;Ampicillin+Clavulanic_acid;Piperacillin;Piperacillin+Tazobactam;Ticarcillin;Ticarcillin+Clavulanic_acid	99.419	861	5	0	121966	122826	1	861	0.0	1563	125021	861	resfinder~~~blaSHV-107_1~~~AM922308~~~Amoxicillin;Amoxicillin+Clavulanic_acid;Ampicillin;Ampicillin+Clavulanic_acid;Piperacillin;Piperacillin+Tazobactam;Ticarcillin;Ticarcillin+Clavulanic_acid blaSHV-107
contig_4	resfinder~~~blaSHV-104_1~~~EU274581~~~Amoxicillin;Ampicillin;Aztreonam;Cefepime;Cefotaxime;Ceftazidime;Ceftriaxone;Piperacillin;Ticarcillin	99.419	860	5	0	121967	122826	2	861	0.0	1561	125021	861	resfinder~~~blaSHV-104_1~~~EU274581~~~Amoxicillin;Ampicillin;Aztreonam;Cefepime;Cefotaxime;Ceftazidime;Ceftriaxone;Piperacillin;Ticarcillin blaSHV-104
contig_4	resfinder~~~blaSHV-155_1~~~JX121122~~~	99.533	856	4	0	121966	122821	1	856	0.0	1559	125021	861	resfinder~~~blaSHV-155_1~~~JX121122~~~ blaSHV-155
contig_4	resfinder~~~blaSHV-148_1~~~JX121115~~~	99.533	856	4	0	121966	122821	1	856	0.0	1559	125021	861	resfinder~~~blaSHV-148_1~~~JX121115~~~ blaSHV-148
contig_4	resfinder~~~blaSHV-96_1~~~EF373971~~~	99.303	861	6	0	121966	122826	1	861	0.0	1557	125021	861	resfinder~~~blaSHV-96_1~~~EF373971~~~ blaSHV-96
contig_4	resfinder~~~blaSHV-94_1~~~EF373970~~~	99.303	861	6	0	121966	122826	1	861	0.0	1557	125021	861	resfinder~~~blaSHV-94_1~~~EF373970~~~ blaSHV-94
contig_4	resfinder~~~blaSHV-8_1~~~U92041~~~Amoxicillin;Ampicillin;Aztreonam;Cefepime;Cefotaxime;Ceftazidime;Ceftriaxone;Piperacillin;Ticarcillin	99.303	861	6	0	121966	122826	1	861	0.0	1557	125021	861	resfinder~~~blaSHV-8_1~~~U92041~~~Amoxicillin;Ampicillin;Aztreonam;Cefepime;Cefotaxime;Ceftazidime;Ceftriaxone;Piperacillin;Ticarcillin blaSHV-8
contig_4	resfinder~~~blaSHV-89_1~~~DQ193536~~~Amoxicillin;Ampicillin;Cephalothin;Piperacillin;Ticarcillin	99.303	861	6	0	121966	122826	1	861	0.0	1557	125021	861	resfinder~~~blaSHV-89_1~~~DQ193536~~~Amoxicillin;Ampicillin;Cephalothin;Piperacillin;Ticarcillin blaSHV-89
contig_4	resfinder~~~blaSHV-85_1~~~DQ322460~~~Amoxicillin;Ampicillin;Cephalothin;Piperacillin;Ticarcillin	99.303	861	6	0	121966	122826	1	861	0.0	1557	125021	861	resfinder~~~blaSHV-85_1~~~DQ322460~~~Amoxicillin;Ampicillin;Cephalothin;Piperacillin;Ticarcillin blaSHV-85
contig_4	resfinder~~~blaSHV-82_1~~~AM176557~~~Amoxicillin;Ampicillin;Cephalothin;Piperacillin;Ticarcillin	99.303	861	6	0	121966	122826	1	861	0.0	1557	125021	861	resfinder~~~blaSHV-82_1~~~AM176557~~~Amoxicillin;Ampicillin;Cephalothin;Piperacillin;Ticarcillin blaSHV-82
contig_4	resfinder~~~blaSHV-81_1~~~AM176556~~~Amoxicillin;Ampicillin;Cephalothin;Piperacillin;Ticarcillin	99.303	861	6	0	121966	122826	1	861	0.0	1557	125021	861	resfinder~~~blaSHV-81_1~~~AM176556~~~Amoxicillin;Ampicillin;Cephalothin;Piperacillin;Ticarcillin blaSHV-81
contig_4	resfinder~~~blaSHV-7_1~~~U20270~~~Amoxicillin;Ampicillin;Aztreonam;Cefepime;Cefotaxime;Ceftazidime;Ceftriaxone;Piperacillin;Ticarcillin	99.303	861	6	0	121966	122826	1	861	0.0	1557	125021	861	resfinder~~~blaSHV-7_1~~~U20270~~~Amoxicillin;Ampicillin;Aztreonam;Cefepime;Cefotaxime;Ceftazidime;Ceftriaxone;Piperacillin;Ticarcillin blaSHV-7
contig_4	resfinder~~~blaSHV-79_1~~~AM176554~~~Amoxicillin;Ampicillin;Cephalothin;Piperacillin;Ticarcillin	99.303	861	6	0	121966	122826	1	861	0.0	1557	125021	861	resfinder~~~blaSHV-79_1~~~AM176554~~~Amoxicillin;Ampicillin;Cephalothin;Piperacillin;Ticarcillin blaSHV-79
contig_4	resfinder~~~blaSHV-65_1~~~DQ174305~~~	99.303	861	6	0	121966	122826	1	861	0.0	1557	125021	861	resfinder~~~blaSHV-65_1~~~DQ174305~~~ blaSHV-65
contig_4	resfinder~~~blaSHV-57_1~~~AY223863~~~Amoxicillin;Ampicillin;Aztreonam;Cefepime;Cefotaxime;Ceftazidime;Ceftriaxone;Piperacillin;Ticarcillin	99.303	861	6	0	121966	122826	1	861	0.0	1557	125021	861	resfinder~~~blaSHV-57_1~~~AY223863~~~Amoxicillin;Ampicillin;Aztreonam;Cefepime;Cefotaxime;Ceftazidime;Ceftriaxone;Piperacillin;Ticarcillin blaSHV-57
contig_4	resfinder~~~blaSHV-56_1~~~EU586041~~~Amoxicillin;Amoxicillin+Clavulanic_acid;Ampicillin;Ampicillin+Clavulanic_acid;Piperacillin;Piperacillin+Tazobactam;Ticarcillin;Ticarcillin+Clavulanic_acid	99.303	861	6	0	121966	122826	1	861	0.0	1557	125021	861	resfinder~~~blaSHV-56_1~~~EU586041~~~Amoxicillin;Amoxicillin+Clavulanic_acid;Ampicillin;Ampicillin+Clavulanic_acid;Piperacillin;Piperacillin+Tazobactam;Ticarcillin;Ticarcillin+Clavulanic_acid blaSHV-56
contig_4	resfinder~~~blaSHV-50_1~~~AY288915~~~	99.303	861	6	0	121966	122826	1	861	0.0	1557	125021	861	resfinder~~~blaSHV-50_1~~~AY288915~~~ blaSHV-50
contig_4	resfinder~~~blaSHV-49_1~~~AY528718~~~Amoxicillin;Amoxicillin+Clavulanic_acid;Ampicillin;Ampicillin+Clavulanic_acid;Piperacillin;Piperacillin+Tazobactam;Ticarcillin;Ticarcillin+Clavulanic_acid	99.303	861	6	0	121966	122826	1	861	0.0	1557	125021	861	resfinder~~~blaSHV-49_1~~~AY528718~~~Amoxicillin;Amoxicillin+Clavulanic_acid;Ampicillin;Ampicillin+Clavulanic_acid;Piperacillin;Piperacillin+Tazobactam;Ticarcillin;Ticarcillin+Clavulanic_acid blaSHV-49
contig_4	resfinder~~~blaSHV-40_1~~~AF535128~~~Amoxicillin;Ampicillin;Aztreonam;Cefepime;Cefotaxime;Ceftazidime;Ceftriaxone;Piperacillin;Ticarcillin	99.303	861	6	0	121966	122826	1	861	0.0	1557	125021	861	resfinder~~~blaSHV-40_1~~~AF535128~~~Amoxicillin;Ampicillin;Aztreonam;Cefepime;Cefotaxime;Ceftazidime;Ceftriaxone;Piperacillin;Ticarcillin blaSHV-40
contig_4	resfinder~~~blaSHV-35_1~~~AY070258~~~	99.303	861	6	0	121966	122826	1	861	0.0	1557	125021	861	resfinder~~~blaSHV-35_1~~~AY070258~~~ blaSHV-35
contig_4	resfinder~~~blaSHV-27_1~~~AF293345~~~Amoxicillin;Ampicillin;Aztreonam;Cefepime;Cefotaxime;Ceftazidime;Ceftriaxone;Piperacillin;Ticarcillin	99.303	861	6	0	121966	122826	1	861	0.0	1557	125021	861	resfinder~~~blaSHV-27_1~~~AF293345~~~Amoxicillin;Ampicillin;Aztreonam;Cefepime;Cefotaxime;Ceftazidime;Ceftriaxone;Piperacillin;Ticarcillin blaSHV-27
contig_4	resfinder~~~blaSHV-24_1~~~AB023477~~~Amoxicillin;Ampicillin;Aztreonam;Cefepime;Cefotaxime;Ceftazidime;Ceftriaxone;Piperacillin;Ticarcillin	99.303	861	6	0	121966	122826	1	861	0.0	1557	125021	861	resfinder~~~blaSHV-24_1~~~AB023477~~~Amoxicillin;Ampicillin;Aztreonam;Cefepime;Cefotaxime;Ceftazidime;Ceftriaxone;Piperacillin;Ticarcillin blaSHV-24
contig_4	resfinder~~~blaSHV-186_1~~~KM233165~~~	99.303	861	6	0	121966	122826	1	861	0.0	1557	125021	861	resfinder~~~blaSHV-186_1~~~KM233165~~~ blaSHV-186
contig_4	resfinder~~~blaSHV-182_1~~~KP050489~~~	99.303	861	6	0	121966	122826	1	861	0.0	1557	125021	861	resfinder~~~blaSHV-182_1~~~KP050489~~~ blaSHV-182
contig_4	resfinder~~~blaSHV-180_1~~~KP050487~~~	99.303	861	6	0	121966	122826	1	861	0.0	1557	125021	861	resfinder~~~blaSHV-180_1~~~KP050487~~~ blaSHV-180
contig_4	resfinder~~~blaSHV-159_1~~~JX121126~~~	99.303	861	6	0	121966	122826	1	861	0.0	1557	125021	861	resfinder~~~blaSHV-159_1~~~JX121126~~~ blaSHV-159
contig_4	resfinder~~~blaSHV-158_1~~~JX121125~~~	99.303	861	6	0	121966	122826	1	861	0.0	1557	125021	861	resfinder~~~blaSHV-158_1~~~JX121125~~~ blaSHV-158
contig_4	resfinder~~~blaSHV-156_1~~~JX121123~~~	99.303	861	6	0	121966	122826	1	861	0.0	1557	125021	861	resfinder~~~blaSHV-156_1~~~JX121123~~~ blaSHV-156
contig_4	resfinder~~~blaSHV-150_1~~~JX121117~~~	99.303	861	6	0	121966	122826	1	861	0.0	1557	125021	861	resfinder~~~blaSHV-150_1~~~JX121117~~~ blaSHV-150
contig_4	resfinder~~~blaSHV-147_1~~~JX121114~~~	99.303	861	6	0	121966	122826	1	861	0.0	1557	125021	861	resfinder~~~blaSHV-147_1~~~JX121114~~~ blaSHV-147
contig_4	resfinder~~~blaSHV-144_1~~~JQ926986~~~	99.303	861	6	0	121966	122826	1	861	0.0	1557	125021	861	resfinder~~~blaSHV-144_1~~~JQ926986~~~ blaSHV-144
contig_4	resfinder~~~blaSHV-141_1~~~JQ388884~~~Amoxicillin;Ampicillin;Cephalothin;Piperacillin;Ticarcillin	99.303	861	6	0	121966	122826	1	861	0.0	1557	125021	861	resfinder~~~blaSHV-141_1~~~JQ388884~~~Amoxicillin;Ampicillin;Cephalothin;Piperacillin;Ticarcillin blaSHV-141
contig_4	resfinder~~~blaSHV-133_1~~~AB551737~~~	99.303	861	6	0	121966	122826	1	861	0.0	1557	125021	861	resfinder~~~blaSHV-133_1~~~AB551737~~~ blaSHV-133
contig_4	resfinder~~~blaSHV-121_1~~~GQ428198~~~	99.303	861	6	0	121966	122826	1	861	0.0	1557	125021	861	resfinder~~~blaSHV-121_1~~~GQ428198~~~ blaSHV-121
contig_4	resfinder~~~blaSHV-119_1~~~JX192924~~~	99.303	861	6	0	121966	122826	1	861	0.0	1557	125021	861	resfinder~~~blaSHV-119_1~~~JX192924~~~ blaSHV-119
contig_4	resfinder~~~blaSHV-110_1~~~HQ877615~~~	99.303	861	6	0	121966	122826	1	861	0.0	1557	125021	861	resfinder~~~blaSHV-110_1~~~HQ877615~~~ blaSHV-110
contig_4	resfinder~~~blaSHV-109_1~~~EU418913~~~Amoxicillin;Ampicillin;Cephalothin;Piperacillin;Ticarcillin	99.303	861	6	0	121966	122826	1	861	0.0	1557	125021	861	resfinder~~~blaSHV-109_1~~~EU418913~~~Amoxicillin;Ampicillin;Cephalothin;Piperacillin;Ticarcillin blaSHV-109
contig_4	resfinder~~~blaSHV-103_1~~~EU032604~~~	99.303	861	6	0	121966	122826	1	861	0.0	1557	125021	861	resfinder~~~blaSHV-103_1~~~EU032604~~~ blaSHV-103
contig_4	resfinder~~~blaSHV-95_1~~~EF373972~~~	99.187	861	7	0	121966	122826	1	861	0.0	1552	125021	861	resfinder~~~blaSHV-95_1~~~EF373972~~~ blaSHV-95
contig_4	resfinder~~~blaSHV-93_1~~~EF373969~~~	99.187	861	7	0	121966	122826	1	861	0.0	1552	125021	861	resfinder~~~blaSHV-93_1~~~EF373969~~~ blaSHV-93
contig_4	resfinder~~~blaSHV-75_1~~~AM176550~~~Amoxicillin;Ampicillin;Cephalothin;Piperacillin;Ticarcillin	99.187	861	7	0	121966	122826	1	861	0.0	1552	125021	861	resfinder~~~blaSHV-75_1~~~AM176550~~~Amoxicillin;Ampicillin;Cephalothin;Piperacillin;Ticarcillin blaSHV-75
contig_4	resfinder~~~blaSHV-63_1~~~EU342351~~~	99.187	861	7	0	121966	122826	1	861	0.0	1552	125021	861	resfinder~~~blaSHV-63_1~~~EU342351~~~ blaSHV-63
contig_4	resfinder~~~blaSHV-62_1~~~AJ866285~~~Amoxicillin;Ampicillin;Cephalothin;Piperacillin;Ticarcillin	99.187	861	7	0	121966	122826	1	861	0.0	1552	125021	861	resfinder~~~blaSHV-62_1~~~AJ866285~~~Amoxicillin;Ampicillin;Cephalothin;Piperacillin;Ticarcillin blaSHV-62
contig_4	resfinder~~~blaSHV-55_1~~~DQ054528~~~Amoxicillin;Ampicillin;Aztreonam;Cefepime;Cefotaxime;Ceftazidime;Ceftriaxone;Piperacillin;Ticarcillin	99.187	861	7	0	121966	122826	1	861	0.0	1552	125021	861	resfinder~~~blaSHV-55_1~~~DQ054528~~~Amoxicillin;Ampicillin;Aztreonam;Cefepime;Cefotaxime;Ceftazidime;Ceftriaxone;Piperacillin;Ticarcillin blaSHV-55
contig_4	resfinder~~~blaSHV-48_1~~~AY263404~~~Amoxicillin;Ampicillin;Cephalothin;Piperacillin;Ticarcillin	99.187	861	7	0	121966	122826	1	861	0.0	1552	125021	861	resfinder~~~blaSHV-48_1~~~AY263404~~~Amoxicillin;Ampicillin;Cephalothin;Piperacillin;Ticarcillin blaSHV-48
contig_4	resfinder~~~blaSHV-44_1~~~AY259119~~~Amoxicillin;Ampicillin;Cephalothin;Piperacillin;Ticarcillin	99.187	861	7	0	121966	122826	1	861	0.0	1552	125021	861	resfinder~~~blaSHV-44_1~~~AY259119~~~Amoxicillin;Ampicillin;Cephalothin;Piperacillin;Ticarcillin blaSHV-44
contig_4	resfinder~~~blaSHV-42_1~~~AF535130~~~Amoxicillin;Ampicillin;Aztreonam;Cefepime;Cefotaxime;Ceftazidime;Ceftriaxone;Piperacillin;Ticarcillin	99.187	861	7	0	121966	122826	1	861	0.0	1552	125021	861	resfinder~~~blaSHV-42_1~~~AF535130~~~Amoxicillin;Ampicillin;Aztreonam;Cefepime;Cefotaxime;Ceftazidime;Ceftriaxone;Piperacillin;Ticarcillin blaSHV-42
contig_4	resfinder~~~blaSHV-41_1~~~AF535129~~~Amoxicillin;Ampicillin;Aztreonam;Cefepime;Cefotaxime;Ceftazidime;Ceftriaxone;Piperacillin;Ticarcillin	99.187	861	7	0	121966	122826	1	861	0.0	1552	125021	861	resfinder~~~blaSHV-41_1~~~AF535129~~~Amoxicillin;Ampicillin;Aztreonam;Cefepime;Cefotaxime;Ceftazidime;Ceftriaxone;Piperacillin;Ticarcillin blaSHV-41
contig_4	resfinder~~~blaSHV-3_1~~~KX092356~~~Amoxicillin;Ampicillin;Aztreonam;Cefepime;Cefotaxime;Ceftazidime;Ceftriaxone;Piperacillin;Ticarcillin	99.187	861	7	0	121966	122826	1	861	0.0	1552	125021	861	resfinder~~~blaSHV-3_1~~~KX092356~~~Amoxicillin;Ampicillin;Aztreonam;Cefepime;Cefotaxime;Ceftazidime;Ceftriaxone;Piperacillin;Ticarcillin blaSHV-3
contig_4	resfinder~~~blaSHV-38_1~~~AY079099~~~Amoxicillin;Ampicillin;Aztreonam;Cefepime;Cefotaxime;Ceftazidime;Ceftriaxone;Piperacillin;Ticarcillin	99.187	861	7	0	121966	122826	1	861	0.0	1552	125021	861	resfinder~~~blaSHV-38_1~~~AY079099~~~Amoxicillin;Ampicillin;Aztreonam;Cefepime;Cefotaxime;Ceftazidime;Ceftriaxone;Piperacillin;Ticarcillin blaSHV-38
contig_4	resfinder~~~blaSHV-33_1~~~AY037779~~~Amoxicillin;Ampicillin;Cephalothin;Piperacillin;Ticarcillin	99.187	861	7	0	121966	122826	1	861	0.0	1552	125021	861	resfinder~~~blaSHV-33_1~~~AY037779~~~Amoxicillin;Ampicillin;Cephalothin;Piperacillin;Ticarcillin blaSHV-33
contig_4	resfinder~~~blaSHV-32_1~~~AY037778~~~Amoxicillin;Ampicillin;Cephalothin;Piperacillin;Ticarcillin	99.187	861	7	0	121966	122826	1	861	0.0	1552	125021	861	resfinder~~~blaSHV-32_1~~~AY037778~~~Amoxicillin;Ampicillin;Cephalothin;Piperacillin;Ticarcillin blaSHV-32
contig_4	resfinder~~~blaSHV-30_1~~~AY661885~~~Amoxicillin;Ampicillin;Aztreonam;Cefepime;Cefotaxime;Ceftazidime;Ceftriaxone;Piperacillin;Ticarcillin	99.187	861	7	0	121966	122826	1	861	0.0	1552	125021	861	resfinder~~~blaSHV-30_1~~~AY661885~~~Amoxicillin;Ampicillin;Aztreonam;Cefepime;Cefotaxime;Ceftazidime;Ceftriaxone;Piperacillin;Ticarcillin blaSHV-30
contig_4	resfinder~~~blaSHV-1b-b_1~~~DQ166783~~~Amoxicillin;Ampicillin;Cephalothin;Piperacillin;Ticarcillin	99.187	861	7	0	121966	122826	1	861	0.0	1552	125021	861	resfinder~~~blaSHV-1b-b_1~~~DQ166783~~~Amoxicillin;Ampicillin;Cephalothin;Piperacillin;Ticarcillin blaSHV-1b-b
contig_4	resfinder~~~blaSHV-197_1~~~KT946904~~~	99.187	861	7	0	121966	122826	1	861	0.0	1552	125021	861	resfinder~~~blaSHV-197_1~~~KT946904~~~ blaSHV-197
contig_4	resfinder~~~blaSHV-196_1~~~KX714286~~~	99.187	861	7	0	121966	122826	1	861	0.0	1552	125021	861	resfinder~~~blaSHV-196_1~~~KX714286~~~ blaSHV-196
contig_4	resfinder~~~blaSHV-189_1~~~KP050494~~~	99.187	861	7	0	121966	122826	1	861	0.0	1552	125021	861	resfinder~~~blaSHV-189_1~~~KP050494~~~ blaSHV-189
contig_4	resfinder~~~blaSHV-157_1~~~JX121124~~~	99.187	861	7	0	121966	122826	1	861	0.0	1552	125021	861	resfinder~~~blaSHV-157_1~~~JX121124~~~ blaSHV-157
contig_4	resfinder~~~blaSHV-151_1~~~JX121118~~~	99.187	861	7	0	121966	122826	1	861	0.0	1552	125021	861	resfinder~~~blaSHV-151_1~~~JX121118~~~ blaSHV-151
contig_4	resfinder~~~blaSHV-14_1~~~AF226622~~~Amoxicillin;Ampicillin;Cephalothin;Piperacillin;Ticarcillin	99.187	861	7	0	121966	122826	1	861	0.0	1552	125021	861	resfinder~~~blaSHV-14_1~~~AF226622~~~Amoxicillin;Ampicillin;Cephalothin;Piperacillin;Ticarcillin blaSHV-14
contig_4	resfinder~~~blaSHV-149_1~~~JX121116~~~	99.187	861	7	0	121966	122826	1	861	0.0	1552	125021	861	resfinder~~~blaSHV-149_1~~~JX121116~~~ blaSHV-149
contig_4	resfinder~~~blaSHV-143_1~~~JQ341060~~~	99.187	861	7	0	121966	122826	1	861	0.0	1552	125021	861	resfinder~~~blaSHV-143_1~~~JQ341060~~~ blaSHV-143
contig_4	resfinder~~~blaSHV-132_1~~~GU981741~~~	99.187	861	7	0	121966	122826	1	861	0.0	1552	125021	861	resfinder~~~blaSHV-132_1~~~GU981741~~~ blaSHV-132
contig_4	resfinder~~~blaSHV-111_1~~~AB372881~~~	99.187	861	7	0	121966	122826	1	861	0.0	1552	125021	861	resfinder~~~blaSHV-111_1~~~AB372881~~~ blaSHV-111
contig_4	resfinder~~~blaSHV-108_1~~~AM922309~~~	99.187	861	7	0	121966	122826	1	861	0.0	1552	125021	861	resfinder~~~blaSHV-108_1~~~AM922309~~~ blaSHV-108
contig_4	resfinder~~~blaSHV-105_1~~~FJ194944~~~Amoxicillin;Ampicillin;Aztreonam;Cefepime;Cefotaxime;Ceftazidime;Ceftriaxone;Piperacillin;Ticarcillin	99.187	861	7	0	121966	122826	1	861	0.0	1552	125021	861	resfinder~~~blaSHV-105_1~~~FJ194944~~~Amoxicillin;Ampicillin;Aztreonam;Cefepime;Cefotaxime;Ceftazidime;Ceftriaxone;Piperacillin;Ticarcillin blaSHV-105
contig_4	resfinder~~~blaSHV-102_1~~~EU024485~~~Amoxicillin;Ampicillin;Aztreonam;Cefepime;Cefotaxime;Ceftazidime;Ceftriaxone;Piperacillin;Ticarcillin	99.187	861	7	0	121966	122826	1	861	0.0	1552	125021	861	resfinder~~~blaSHV-102_1~~~EU024485~~~Amoxicillin;Ampicillin;Aztreonam;Cefepime;Cefotaxime;Ceftazidime;Ceftriaxone;Piperacillin;Ticarcillin blaSHV-102
contig_4	resfinder~~~blaSHV-101_1~~~EU155018~~~	99.187	861	7	0	121966	122826	1	861	0.0	1552	125021	861	resfinder~~~blaSHV-101_1~~~EU155018~~~ blaSHV-101
contig_4	resfinder~~~blaSHV-163_1~~~JX121130~~~	99.299	856	6	0	121966	122821	1	856	0.0	1548	125021	861	resfinder~~~blaSHV-163_1~~~JX121130~~~ blaSHV-163
contig_4	resfinder~~~blaSHV-99_1~~~AM941845~~~Amoxicillin;Ampicillin;Aztreonam;Cefepime;Cefotaxime;Ceftazidime;Ceftriaxone;Piperacillin;Ticarcillin	99.071	861	8	0	121966	122826	1	861	0.0	1546	125021	861	resfinder~~~blaSHV-99_1~~~AM941845~~~Amoxicillin;Ampicillin;Aztreonam;Cefepime;Cefotaxime;Ceftazidime;Ceftriaxone;Piperacillin;Ticarcillin blaSHV-99
contig_4	resfinder~~~blaSHV-76_1~~~AM176551~~~Amoxicillin;Ampicillin;Cephalothin;Piperacillin;Ticarcillin	99.071	861	8	0	121966	122826	1	861	0.0	1546	125021	861	resfinder~~~blaSHV-76_1~~~AM176551~~~Amoxicillin;Ampicillin;Cephalothin;Piperacillin;Ticarcillin blaSHV-76
contig_4	resfinder~~~blaSHV-71_1~~~AM176546~~~Amoxicillin;Ampicillin;Cephalothin;Piperacillin;Ticarcillin	99.071	861	8	0	121966	122826	1	861	0.0	1546	125021	861	resfinder~~~blaSHV-71_1~~~AM176546~~~Amoxicillin;Ampicillin;Cephalothin;Piperacillin;Ticarcillin blaSHV-71
contig_4	resfinder~~~blaSHV-59_1~~~AY790341~~~	99.071	861	8	0	121966	122826	1	861	0.0	1546	125021	861	resfinder~~~blaSHV-59_1~~~AY790341~~~ blaSHV-59
contig_4	resfinder~~~blaSHV-37_1~~~AF467948~~~	99.071	861	8	0	121966	122826	1	861	0.0	1546	125021	861	resfinder~~~blaSHV-37_1~~~AF467948~~~ blaSHV-37
contig_4	resfinder~~~blaSHV-34_1~~~AY036620~~~Amoxicillin;Ampicillin;Aztreonam;Cefepime;Cefotaxime;Ceftazidime;Ceftriaxone;Piperacillin;Ticarcillin	99.071	861	8	0	121966	122826	1	861	0.0	1546	125021	861	resfinder~~~blaSHV-34_1~~~AY036620~~~Amoxicillin;Ampicillin;Aztreonam;Cefepime;Cefotaxime;Ceftazidime;Ceftriaxone;Piperacillin;Ticarcillin blaSHV-34
contig_4	resfinder~~~blaSHV-29_1~~~AF301532~~~	99.071	861	8	0	121966	122826	1	861	0.0	1546	125021	861	resfinder~~~blaSHV-29_1~~~AF301532~~~ blaSHV-29
contig_4	resfinder~~~blaSHV-28_1~~~AF299299~~~	99.071	861	8	0	121966	122826	1	861	0.0	1546	125021	861	resfinder~~~blaSHV-28_1~~~AF299299~~~ blaSHV-28
contig_4	resfinder~~~blaSHV-204_1~~~MH243356~~~	99.071	861	8	0	121966	122826	1	861	0.0	1546	125021	861	resfinder~~~blaSHV-204_1~~~MH243356~~~ blaSHV-204
contig_4	resfinder~~~blaSHV-195_1~~~KX619652~~~	99.071	861	8	0	121966	122826	1	861	0.0	1546	125021	861	resfinder~~~blaSHV-195_1~~~KX619652~~~ blaSHV-195
contig_4	resfinder~~~blaSHV-191_1~~~KP868754~~~	99.071	861	8	0	121966	122826	1	861	0.0	1546	125021	861	resfinder~~~blaSHV-191_1~~~KP868754~~~ blaSHV-191
contig_4	resfinder~~~blaSHV-18_1~~~AF132290~~~Amoxicillin;Ampicillin;Aztreonam;Cefepime;Cefotaxime;Ceftazidime;Ceftriaxone;Piperacillin;Ticarcillin	99.071	861	8	0	121966	122826	1	861	0.0	1546	125021	861	resfinder~~~blaSHV-18_1~~~AF132290~~~Amoxicillin;Ampicillin;Aztreonam;Cefepime;Cefotaxime;Ceftazidime;Ceftriaxone;Piperacillin;Ticarcillin blaSHV-18
contig_4	resfinder~~~blaSHV-164_1~~~HE981194~~~Amoxicillin;Ampicillin;Cephalothin;Piperacillin;Ticarcillin	99.071	861	8	0	121966	122826	1	861	0.0	1546	125021	861	resfinder~~~blaSHV-164_1~~~HE981194~~~Amoxicillin;Ampicillin;Cephalothin;Piperacillin;Ticarcillin blaSHV-164
contig_4	resfinder~~~blaSHV-162_1~~~JX121129~~~	99.071	861	8	0	121966	122826	1	861	0.0	1546	125021	861	resfinder~~~blaSHV-162_1~~~JX121129~~~ blaSHV-162
contig_4	resfinder~~~blaSHV-137_1~~~HQ661363~~~	99.071	861	8	0	121966	122826	1	861	0.0	1546	125021	861	resfinder~~~blaSHV-137_1~~~HQ661363~~~ blaSHV-137
contig_4	resfinder~~~blaSHV-106_1~~~AM922307~~~Amoxicillin;Ampicillin;Aztreonam;Cefepime;Cefotaxime;Ceftazidime;Ceftriaxone;Piperacillin;Ticarcillin	99.071	861	8	0	121966	122826	1	861	0.0	1546	125021	861	resfinder~~~blaSHV-106_1~~~AM922307~~~Amoxicillin;Ampicillin;Aztreonam;Cefepime;Cefotaxime;Ceftazidime;Ceftriaxone;Piperacillin;Ticarcillin blaSHV-106
contig_4	resfinder~~~blaSHV-92_1~~~DQ836922~~~	98.955	861	9	0	121966	122826	1	861	0.0	1541	125021	861	resfinder~~~blaSHV-92_1~~~DQ836922~~~ blaSHV-92
contig_4	resfinder~~~blaSHV-72_1~~~AM176547~~~Amoxicillin;Amoxicillin+Clavulanic_acid;Ampicillin;Ampicillin+Clavulanic_acid;Piperacillin;Piperacillin+Tazobactam;Ticarcillin;Ticarcillin+Clavulanic_acid	98.955	861	9	0	121966	122826	1	861	0.0	1541	125021	861	resfinder~~~blaSHV-72_1~~~AM176547~~~Amoxicillin;Amoxicillin+Clavulanic_acid;Ampicillin;Ampicillin+Clavulanic_acid;Piperacillin;Piperacillin+Tazobactam;Ticarcillin;Ticarcillin+Clavulanic_acid blaSHV-72
contig_4	resfinder~~~blaSHV-51_1~~~AY289548~~~	98.955	861	9	0	121966	122826	1	861	0.0	1541	125021	861	resfinder~~~blaSHV-51_1~~~AY289548~~~ blaSHV-51
contig_4	resfinder~~~blaSHV-198_1~~~MF281086~~~	98.955	861	9	0	121966	122826	1	861	0.0	1541	125021	861	resfinder~~~blaSHV-198_1~~~MF281086~~~ blaSHV-198
contig_4	resfinder~~~blaSHV-168_1~~~JX870080~~~	98.955	861	9	0	121966	122826	1	861	0.0	1541	125021	861	resfinder~~~blaSHV-168_1~~~JX870080~~~ blaSHV-168
contig_4	resfinder~~~blaSHV-52_1~~~HQ845196~~~	98.839	861	10	0	121966	122826	1	861	0.0	1535	125021	861	resfinder~~~blaSHV-52_1~~~HQ845196~~~ blaSHV-52
contig_4	resfinder~~~blaSHV-190_1~~~KP868753~~~	98.839	861	10	0	121966	122826	1	861	0.0	1535	125021	861	resfinder~~~blaSHV-190_1~~~KP868753~~~ blaSHV-190
contig_4	resfinder~~~blaSHV-188_1~~~LN515534~~~	98.511	873	7	1	121960	122826	1	873	0.0	1535	125021	873	resfinder~~~blaSHV-188_1~~~LN515534~~~ blaSHV-188
contig_4	resfinder~~~blaSHV-43_1~~~AY065991~~~Amoxicillin;Ampicillin;Cephalothin;Piperacillin;Ticarcillin	98.722	861	11	0	121966	122826	1	861	0.0	1530	125021	861	resfinder~~~blaSHV-43_1~~~AY065991~~~Amoxicillin;Ampicillin;Cephalothin;Piperacillin;Ticarcillin blaSHV-43
contig_4	resfinder~~~blaSHV-73_1~~~AM176548~~~Amoxicillin;Ampicillin;Cephalothin;Piperacillin;Ticarcillin	98.945	853	9	0	121974	122826	6	858	0.0	1526	125021	858	resfinder~~~blaSHV-73_1~~~AM176548~~~Amoxicillin;Ampicillin;Cephalothin;Piperacillin;Ticarcillin blaSHV-73
contig_4	resfinder~~~blaSHV-9_1~~~S82452~~~Amoxicillin;Ampicillin;Aztreonam;Cefepime;Cefotaxime;Ceftazidime;Ceftriaxone;Piperacillin;Ticarcillin	98.606	861	9	1	121966	122826	1	858	0.0	1520	125021	858	resfinder~~~blaSHV-9_1~~~S82452~~~Amoxicillin;Ampicillin;Aztreonam;Cefepime;Cefotaxime;Ceftazidime;Ceftriaxone;Piperacillin;Ticarcillin blaSHV-9
contig_4	resfinder~~~blaSHV-16_1~~~AF072684~~~Amoxicillin;Ampicillin;Aztreonam;Cefepime;Cefotaxime;Ceftazidime;Ceftriaxone;Piperacillin;Ticarcillin	97.491	877	5	3	121966	122826	1	876	0.0	1482	125021	876	resfinder~~~blaSHV-16_1~~~AF072684~~~Amoxicillin;Ampicillin;Aztreonam;Cefepime;Cefotaxime;Ceftazidime;Ceftriaxone;Piperacillin;Ticarcillin blaSHV-16
contig_4	resfinder~~~blaSHV-100_1~~~AM941846~~~Amoxicillin;Ampicillin;Aztreonam;Cefepime;Cefotaxime;Ceftazidime;Ceftriaxone;Piperacillin;Ticarcillin	99.091	770	7	0	122057	122826	131	900	0.0	1384	125021	900	resfinder~~~blaSHV-100_1~~~AM941846~~~Amoxicillin;Ampicillin;Aztreonam;Cefepime;Cefotaxime;Ceftazidime;Ceftriaxone;Piperacillin;Ticarcillin blaSHV-100
contig_4	resfinder~~~blaSHV-100_1~~~AM941846~~~Amoxicillin;Ampicillin;Aztreonam;Cefepime;Cefotaxime;Ceftazidime;Ceftriaxone;Piperacillin;Ticarcillin	98.496	133	2	0	121966	122098	1	133	4.19e-60	235	125021	900	resfinder~~~blaSHV-100_1~~~AM941846~~~Amoxicillin;Ampicillin;Aztreonam;Cefepime;Cefotaxime;Ceftazidime;Ceftriaxone;Piperacillin;Ticarcillin blaSHV-100
contig_4	resfinder~~~blaLEN3_1~~~AY130286~~~Amoxicillin;Ampicillin;Cephalothin;Piperacillin;Ticarcillin	90.721	916	83	2	121912	122826	1	915	0.0	1219	125021	915	resfinder~~~blaLEN3_1~~~AY130286~~~Amoxicillin;Ampicillin;Cephalothin;Piperacillin;Ticarcillin blaLEN3
contig_4	resfinder~~~blaLEN4_1~~~AY130287~~~Amoxicillin;Ampicillin;Cephalothin;Piperacillin;Ticarcillin	91.067	862	75	2	121966	122826	1	861	0.0	1164	125021	861	resfinder~~~blaLEN4_1~~~AY130287~~~Amoxicillin;Ampicillin;Cephalothin;Piperacillin;Ticarcillin blaLEN4
contig_4	resfinder~~~blaLEN17_1~~~EF205593~~~Amoxicillin;Ampicillin;Cephalothin;Piperacillin;Ticarcillin	91.067	862	75	2	121966	122826	1	861	0.0	1164	125021	861	resfinder~~~blaLEN17_1~~~EF205593~~~Amoxicillin;Ampicillin;Cephalothin;Piperacillin;Ticarcillin blaLEN17
contig_4	resfinder~~~blaLEN2_1~~~AY037780~~~Amoxicillin;Ampicillin;Cephalothin;Piperacillin;Ticarcillin	90.951	862	76	2	121966	122826	1	861	0.0	1158	125021	861	resfinder~~~blaLEN2_1~~~AY037780~~~Amoxicillin;Ampicillin;Cephalothin;Piperacillin;Ticarcillin blaLEN2
contig_4	resfinder~~~blaLEN22_1~~~AM850912~~~Amoxicillin;Ampicillin;Cephalothin;Piperacillin;Ticarcillin	90.951	862	76	2	121966	122826	1	861	0.0	1158	125021	861	resfinder~~~blaLEN22_1~~~AM850912~~~Amoxicillin;Ampicillin;Cephalothin;Piperacillin;Ticarcillin blaLEN22
contig_4	resfinder~~~blaLEN19_1~~~AM850909~~~Amoxicillin;Ampicillin;Cephalothin;Piperacillin;Ticarcillin	90.951	862	76	2	121966	122826	1	861	0.0	1158	125021	861	resfinder~~~blaLEN19_1~~~AM850909~~~Amoxicillin;Ampicillin;Cephalothin;Piperacillin;Ticarcillin blaLEN19
contig_4	resfinder~~~blaLEN12_1~~~AJ635406~~~Amoxicillin;Ampicillin;Cephalothin;Piperacillin;Ticarcillin	90.951	862	76	2	121966	122826	1	861	0.0	1158	125021	861	resfinder~~~blaLEN12_1~~~AJ635406~~~Amoxicillin;Ampicillin;Cephalothin;Piperacillin;Ticarcillin blaLEN12
contig_4	resfinder~~~blaLEN5_1~~~AY633109~~~Amoxicillin;Ampicillin;Cephalothin;Piperacillin;Ticarcillin	90.835	862	77	2	121966	122826	1	861	0.0	1153	125021	861	resfinder~~~blaLEN5_1~~~AY633109~~~Amoxicillin;Ampicillin;Cephalothin;Piperacillin;Ticarcillin blaLEN5
contig_4	resfinder~~~blaLEN21_1~~~AM850911~~~Amoxicillin;Ampicillin;Cephalothin;Piperacillin;Ticarcillin	90.835	862	77	2	121966	122826	1	861	0.0	1153	125021	861	resfinder~~~blaLEN21_1~~~AM850911~~~Amoxicillin;Ampicillin;Cephalothin;Piperacillin;Ticarcillin blaLEN21
contig_4	resfinder~~~blaLEN20_1~~~AM850910~~~Amoxicillin;Ampicillin;Cephalothin;Piperacillin;Ticarcillin	90.835	862	77	2	121966	122826	1	861	0.0	1153	125021	861	resfinder~~~blaLEN20_1~~~AM850910~~~Amoxicillin;Ampicillin;Cephalothin;Piperacillin;Ticarcillin blaLEN20
contig_4	resfinder~~~blaLEN9_1~~~AJ635405~~~Amoxicillin;Ampicillin;Cephalothin;Piperacillin;Ticarcillin	90.719	862	78	2	121966	122826	1	861	0.0	1147	125021	861	resfinder~~~blaLEN9_1~~~AJ635405~~~Amoxicillin;Ampicillin;Cephalothin;Piperacillin;Ticarcillin blaLEN9
contig_4	resfinder~~~blaLEN7_1~~~AJ635425~~~Amoxicillin;Ampicillin;Cephalothin;Piperacillin;Ticarcillin	90.719	862	78	2	121966	122826	1	861	0.0	1147	125021	861	resfinder~~~blaLEN7_1~~~AJ635425~~~Amoxicillin;Ampicillin;Cephalothin;Piperacillin;Ticarcillin blaLEN7
contig_4	resfinder~~~blaLEN24_1~~~AM850914~~~Amoxicillin;Ampicillin;Cephalothin;Piperacillin;Ticarcillin	90.719	862	78	2	121966	122826	1	861	0.0	1147	125021	861	resfinder~~~blaLEN24_1~~~AM850914~~~Amoxicillin;Ampicillin;Cephalothin;Piperacillin;Ticarcillin blaLEN24
contig_4	resfinder~~~blaLEN18_1~~~AM850908~~~Amoxicillin;Ampicillin;Cephalothin;Piperacillin;Ticarcillin	90.719	862	78	2	121966	122826	1	861	0.0	1147	125021	861	resfinder~~~blaLEN18_1~~~AM850908~~~Amoxicillin;Ampicillin;Cephalothin;Piperacillin;Ticarcillin blaLEN18
contig_4	resfinder~~~blaLEN16_1~~~AY743416~~~Amoxicillin;Ampicillin;Cephalothin;Piperacillin;Ticarcillin	90.719	862	78	2	121966	122826	1	861	0.0	1147	125021	861	resfinder~~~blaLEN16_1~~~AY743416~~~Amoxicillin;Ampicillin;Cephalothin;Piperacillin;Ticarcillin blaLEN16
contig_4	resfinder~~~blaLEN13_1~~~AJ635403~~~Amoxicillin;Ampicillin;Cephalothin;Piperacillin;Ticarcillin	90.719	862	78	2	121966	122826	1	861	0.0	1147	125021	861	resfinder~~~blaLEN13_1~~~AJ635403~~~Amoxicillin;Ampicillin;Cephalothin;Piperacillin;Ticarcillin blaLEN13
contig_4	resfinder~~~blaLEN26_1~~~JQ067123~~~Amoxicillin;Ampicillin;Cephalothin;Piperacillin;Ticarcillin	90.603	862	79	2	121966	122826	1	861	0.0	1142	125021	861	resfinder~~~blaLEN26_1~~~JQ067123~~~Amoxicillin;Ampicillin;Cephalothin;Piperacillin;Ticarcillin blaLEN26
contig_4	resfinder~~~blaLEN10_1~~~AJ635419~~~Amoxicillin;Ampicillin;Cephalothin;Piperacillin;Ticarcillin	90.603	862	79	2	121966	122826	1	861	0.0	1142	125021	861	resfinder~~~blaLEN10_1~~~AJ635419~~~Amoxicillin;Ampicillin;Cephalothin;Piperacillin;Ticarcillin blaLEN10
contig_4	resfinder~~~blaLEN25_1~~~HQ709169~~~Amoxicillin;Ampicillin;Cephalothin;Piperacillin;Ticarcillin	90.487	862	80	2	121966	122826	1	861	0.0	1136	125021	861	resfinder~~~blaLEN25_1~~~HQ709169~~~Amoxicillin;Ampicillin;Cephalothin;Piperacillin;Ticarcillin blaLEN25
contig_4	resfinder~~~blaLEN23_1~~~AM850913~~~Amoxicillin;Ampicillin;Cephalothin;Piperacillin;Ticarcillin	90.487	862	80	2	121966	122826	1	861	0.0	1136	125021	861	resfinder~~~blaLEN23_1~~~AM850913~~~Amoxicillin;Ampicillin;Cephalothin;Piperacillin;Ticarcillin blaLEN23
contig_4	resfinder~~~blaLEN8_1~~~AJ635424~~~Amoxicillin;Ampicillin;Cephalothin;Piperacillin;Ticarcillin	90.371	862	81	2	121966	122826	1	861	0.0	1131	125021	861	resfinder~~~blaLEN8_1~~~AJ635424~~~Amoxicillin;Ampicillin;Cephalothin;Piperacillin;Ticarcillin blaLEN8
contig_4	resfinder~~~blaLEN15_1~~~AF452105~~~Amoxicillin;Ampicillin;Cephalothin;Piperacillin;Ticarcillin	90.499	842	77	3	121966	122806	1	840	0.0	1109	125021	840	resfinder~~~blaLEN15_1~~~AF452105~~~Amoxicillin;Ampicillin;Cephalothin;Piperacillin;Ticarcillin blaLEN15
contig_4	resfinder~~~blaLEN1_1~~~X04515~~~Amoxicillin;Ampicillin;Cephalothin;Piperacillin;Ticarcillin	90.261	842	79	3	121966	122806	1	840	0.0	1098	125021	840	resfinder~~~blaLEN1_1~~~X04515~~~Amoxicillin;Ampicillin;Cephalothin;Piperacillin;Ticarcillin blaLEN1
contig_4	resfinder~~~blaOKP-A-13_1~~~FJ534513~~~	88.515	862	97	2	121966	122826	1	861	0.0	1042	125021	861	resfinder~~~blaOKP-A-13_1~~~FJ534513~~~ blaOKP-A-13
contig_4	resfinder~~~blaOKP-A-11_1~~~AM850915~~~	88.528	863	95	4	121966	122826	1	861	0.0	1042	125021	861	resfinder~~~blaOKP-A-11_1~~~AM850915~~~ blaOKP-A-11
contig_4	resfinder~~~blaOKP-B-17_1~~~AM850919~~~	88.283	862	99	2	121966	122826	1	861	0.0	1031	125021	861	resfinder~~~blaOKP-B-17_1~~~AM850919~~~ blaOKP-B-17
contig_4	resfinder~~~blaOKP-B-16_1~~~AM850918~~~	88.283	862	99	2	121966	122826	1	861	0.0	1031	125021	861	resfinder~~~blaOKP-B-16_1~~~AM850918~~~ blaOKP-B-16
contig_4	resfinder~~~blaOKP-A-16_1~~~FJ755840~~~	88.297	863	97	4	121966	122826	1	861	0.0	1031	125021	861	resfinder~~~blaOKP-A-16_1~~~FJ755840~~~ blaOKP-A-16
contig_4	resfinder~~~blaOKP-A-14_1~~~FJ534512~~~	88.283	862	99	2	121966	122826	1	861	0.0	1031	125021	861	resfinder~~~blaOKP-A-14_1~~~FJ534512~~~ blaOKP-A-14
contig_4	resfinder~~~blaOKP-A-12_1~~~AM850915~~~	88.297	863	97	4	121966	122826	1	861	0.0	1031	125021	861	resfinder~~~blaOKP-A-12_1~~~AM850915~~~ blaOKP-A-12
contig_4	resfinder~~~blaOKP-B-4_1~~~AM051153~~~	88.269	861	99	2	121966	122825	1	860	0.0	1029	125021	861	resfinder~~~blaOKP-B-4_1~~~AM051153~~~ blaOKP-B-4
contig_4	resfinder~~~blaOKP-A-5_1~~~AM051143~~~	88.283	862	97	4	121966	122825	1	860	0.0	1029	125021	861	resfinder~~~blaOKP-A-5_1~~~AM051143~~~ blaOKP-A-5
contig_4	resfinder~~~blaOKP-A-3_1~~~AM051140~~~	88.283	862	97	4	121966	122825	1	860	0.0	1029	125021	861	resfinder~~~blaOKP-A-3_1~~~AM051140~~~ blaOKP-A-3
contig_4	resfinder~~~blaOKP-A-1_1~~~AM051138~~~	88.269	861	99	2	121966	122825	1	860	0.0	1029	125021	861	resfinder~~~blaOKP-A-1_1~~~AM051138~~~ blaOKP-A-1
contig_4	resfinder~~~blaOKP-B-15_1~~~AM850917~~~	88.167	862	100	2	121966	122826	1	861	0.0	1026	125021	861	resfinder~~~blaOKP-B-15_1~~~AM850917~~~ blaOKP-B-15
contig_4	resfinder~~~blaOKP-B-3_1~~~AM051152~~~	88.153	861	100	2	121966	122825	1	860	0.0	1024	125021	861	resfinder~~~blaOKP-B-3_1~~~AM051152~~~ blaOKP-B-3
contig_4	resfinder~~~blaOKP-A-9_1~~~AM051148~~~	88.167	862	98	4	121966	122825	1	860	0.0	1024	125021	861	resfinder~~~blaOKP-A-9_1~~~AM051148~~~ blaOKP-A-9
contig_4	resfinder~~~blaOKP-A-8_1~~~AM051147~~~	88.153	861	100	2	121966	122825	1	860	0.0	1024	125021	861	resfinder~~~blaOKP-A-8_1~~~AM051147~~~ blaOKP-A-8
contig_4	resfinder~~~blaOKP-A-4_1~~~AM051142~~~	88.153	861	100	2	121966	122825	1	860	0.0	1024	125021	861	resfinder~~~blaOKP-A-4_1~~~AM051142~~~ blaOKP-A-4
contig_4	resfinder~~~blaOKP-A-2_1~~~AM051139~~~	88.153	861	100	2	121966	122825	1	860	0.0	1024	125021	861	resfinder~~~blaOKP-A-2_1~~~AM051139~~~ blaOKP-A-2
contig_4	resfinder~~~blaOKP-B-6_1~~~AY850171~~~	88.051	862	101	2	121966	122826	1	861	0.0	1020	125021	861	resfinder~~~blaOKP-B-6_1~~~AY850171~~~ blaOKP-B-6
contig_4	resfinder~~~blaOKP-B-5_1~~~AY512506~~~	88.051	862	101	2	121966	122826	1	861	0.0	1020	125021	861	resfinder~~~blaOKP-B-5_1~~~AY512506~~~ blaOKP-B-5
contig_4	resfinder~~~blaOKP-B-20_1~~~AM850922~~~	88.051	862	101	2	121966	122826	1	861	0.0	1020	125021	861	resfinder~~~blaOKP-B-20_1~~~AM850922~~~ blaOKP-B-20
contig_4	resfinder~~~blaOKP-B-13_1~~~AY825330~~~	88.051	862	101	2	121966	122826	1	861	0.0	1020	125021	861	resfinder~~~blaOKP-B-13_1~~~AY825330~~~ blaOKP-B-13
contig_4	resfinder~~~blaOKP-B-9_1~~~AM051159~~~	88.037	861	101	2	121966	122825	1	860	0.0	1018	125021	861	resfinder~~~blaOKP-B-9_1~~~AM051159~~~ blaOKP-B-9
contig_4	resfinder~~~blaOKP-B-8_1~~~AM051157~~~	88.037	861	101	2	121966	122825	1	860	0.0	1018	125021	861	resfinder~~~blaOKP-B-8_1~~~AM051157~~~ blaOKP-B-8
contig_4	resfinder~~~blaOKP-B-2_1~~~AM051151~~~	88.037	861	101	2	121966	122825	1	860	0.0	1018	125021	861	resfinder~~~blaOKP-B-2_1~~~AM051151~~~ blaOKP-B-2
contig_4	resfinder~~~blaOKP-A-10_1~~~AM051149~~~	88.051	862	99	4	121966	122825	1	860	0.0	1018	125021	861	resfinder~~~blaOKP-A-10_1~~~AM051149~~~ blaOKP-A-10
contig_4	resfinder~~~blaOKP-B-19_1~~~AM850921~~~	87.935	862	102	2	121966	122826	1	861	0.0	1014	125021	861	resfinder~~~blaOKP-B-19_1~~~AM850921~~~ blaOKP-B-19
contig_4	resfinder~~~blaOKP-B-7_1~~~AM051156~~~	87.921	861	102	2	121966	122825	1	860	0.0	1013	125021	861	resfinder~~~blaOKP-B-7_1~~~AM051156~~~ blaOKP-B-7
contig_4	resfinder~~~blaOKP-B-1_1~~~AM051150~~~	87.921	861	102	2	121966	122825	1	860	0.0	1013	125021	861	resfinder~~~blaOKP-B-1_1~~~AM051150~~~ blaOKP-B-1
contig_4	resfinder~~~blaOKP-A-6_1~~~AM051144~~~	87.949	863	98	6	121966	122825	1	860	0.0	1013	125021	861	resfinder~~~blaOKP-A-6_1~~~AM051144~~~ blaOKP-A-6
contig_4	resfinder~~~blaOKP-B-11_1~~~AM051161~~~	87.819	862	101	4	121966	122825	1	860	0.0	1007	125021	861	resfinder~~~blaOKP-B-11_1~~~AM051161~~~ blaOKP-B-11
contig_4	resfinder~~~blaOKP-B-18_1~~~AM850920~~~	87.703	862	104	2	121966	122826	1	861	0.0	1003	125021	861	resfinder~~~blaOKP-B-18_1~~~AM850920~~~ blaOKP-B-18
contig_4	resfinder~~~blaOKP-B-14_1~~~DQ995288~~~	87.689	861	104	2	121966	122825	1	860	0.0	1002	125021	861	resfinder~~~blaOKP-B-14_1~~~DQ995288~~~ blaOKP-B-14
contig_4	resfinder~~~blaOKP-B-12_1~~~AJ635420~~~	87.717	863	100	6	121966	122825	1	860	0.0	1002	125021	861	resfinder~~~blaOKP-B-12_1~~~AJ635420~~~ blaOKP-B-12
contig_4	resfinder~~~blaOKP-B-10_1~~~AM051160~~~	87.689	861	104	2	121966	122825	1	860	0.0	1002	125021	861	resfinder~~~blaOKP-B-10_1~~~AM051160~~~ blaOKP-B-10
contig_4	resfinder~~~blaOKP-A-7_1~~~AM051145~~~	87.703	862	102	4	121966	122825	1	860	0.0	1002	125021	861	resfinder~~~blaOKP-A-7_1~~~AM051145~~~ blaOKP-A-7
contig_4	resfinder~~~blaOKP-A-15_1~~~FJ755841~~~	86.775	862	97	11	121966	122826	1	846	0.0	944	125021	846	resfinder~~~blaOKP-A-15_1~~~FJ755841~~~ blaOKP-A-15
contig_4	resfinder~~~blaTEM-215_1~~~KP050492~~~	99.780	454	1	0	40504	40957	1	454	0.0	833	125021	861	resfinder~~~blaTEM-215_1~~~KP050492~~~ blaTEM-215
contig_4	resfinder~~~blaTEM-70_1~~~AF188199~~~	100.000	450	0	0	40504	40953	1	450	0.0	832	125021	861	resfinder~~~blaTEM-70_1~~~AF188199~~~ blaTEM-70
contig_4	resfinder~~~blaTEM-30_1~~~AJ437107~~~Amoxicillin;Amoxicillin+Clavulanic_acid;Ampicillin;Ampicillin+Clavulanic_acid;Piperacillin;Piperacillin+Tazobactam;Ticarcillin;Ticarcillin+Clavulanic_acid	100.000	450	0	0	40504	40953	1	450	0.0	832	125021	861	resfinder~~~blaTEM-30_1~~~AJ437107~~~Amoxicillin;Amoxicillin+Clavulanic_acid;Ampicillin;Ampicillin+Clavulanic_acid;Piperacillin;Piperacillin+Tazobactam;Ticarcillin;Ticarcillin+Clavulanic_acid blaTEM-30
contig_4	resfinder~~~blaTEM-28_1~~~U37195~~~Amoxicillin;Ampicillin;Aztreonam;Cefepime;Cefotaxime;Ceftazidime;Ceftriaxone;Piperacillin;Ticarcillin	100.000	450	0	0	40504	40953	1	450	0.0	832	125021	861	resfinder~~~blaTEM-28_1~~~U37195~~~Amoxicillin;Ampicillin;Aztreonam;Cefepime;Cefotaxime;Ceftazidime;Ceftriaxone;Piperacillin;Ticarcillin blaTEM-28
contig_4	resfinder~~~blaTEM-234_1~~~MH243353~~~	100.000	450	0	0	40504	40953	1	450	0.0	832	125021	861	resfinder~~~blaTEM-234_1~~~MH243353~~~ blaTEM-234
contig_4	resfinder~~~blaTEM-230_1~~~MG821377~~~	100.000	450	0	0	40504	40953	1	450	0.0	832	125021	861	resfinder~~~blaTEM-230_1~~~MG821377~~~ blaTEM-230
contig_4	resfinder~~~blaTEM-220_1~~~KM998962~~~	100.000	450	0	0	40504	40953	1	450	0.0	832	125021	861	resfinder~~~blaTEM-220_1~~~KM998962~~~ blaTEM-220
contig_4	resfinder~~~blaTEM-217_1~~~HG934763~~~	100.000	450	0	0	40504	40953	1	450	0.0	832	125021	861	resfinder~~~blaTEM-217_1~~~HG934763~~~ blaTEM-217
contig_4	resfinder~~~blaTEM-207_1~~~KC818234~~~Amoxicillin;Ampicillin;Aztreonam;Cefepime;Cefotaxime;Ceftazidime;Ceftriaxone;Piperacillin;Ticarcillin	100.000	450	0	0	40504	40953	1	450	0.0	832	125021	861	resfinder~~~blaTEM-207_1~~~KC818234~~~Amoxicillin;Ampicillin;Aztreonam;Cefepime;Cefotaxime;Ceftazidime;Ceftriaxone;Piperacillin;Ticarcillin blaTEM-207
contig_4	resfinder~~~blaTEM-1B_1~~~AY458016~~~Amoxicillin;Ampicillin;Cephalothin;Piperacillin;Ticarcillin	100.000	450	0	0	40504	40953	1	450	0.0	832	125021	861	resfinder~~~blaTEM-1B_1~~~AY458016~~~Amoxicillin;Ampicillin;Cephalothin;Piperacillin;Ticarcillin blaTEM-1B
contig_4	resfinder~~~blaTEM-198_1~~~AB700703~~~	100.000	450	0	0	40504	40953	1	450	0.0	832	125021	861	resfinder~~~blaTEM-198_1~~~AB700703~~~ blaTEM-198
contig_4	resfinder~~~blaTEM-186_1~~~JN227084~~~Amoxicillin;Ampicillin;Cephalothin;Piperacillin;Ticarcillin	100.000	450	0	0	40504	40953	1	450	0.0	832	125021	861	resfinder~~~blaTEM-186_1~~~JN227084~~~Amoxicillin;Ampicillin;Cephalothin;Piperacillin;Ticarcillin blaTEM-186
contig_4	resfinder~~~blaTEM-176_1~~~GU550123~~~	100.000	450	0	0	40504	40953	1	450	0.0	832	125021	861	resfinder~~~blaTEM-176_1~~~GU550123~~~ blaTEM-176
contig_4	resfinder~~~blaTEM-148_1~~~AM087454~~~	100.000	450	0	0	40504	40953	1	450	0.0	832	125021	861	resfinder~~~blaTEM-148_1~~~AM087454~~~ blaTEM-148
contig_4	resfinder~~~blaTEM-144_1~~~AM049400~~~Amoxicillin;Ampicillin;Aztreonam;Cefepime;Cefotaxime;Ceftazidime;Ceftriaxone;Piperacillin;Ticarcillin	100.000	450	0	0	40504	40953	1	450	0.0	832	125021	861	resfinder~~~blaTEM-144_1~~~AM049400~~~Amoxicillin;Ampicillin;Aztreonam;Cefepime;Cefotaxime;Ceftazidime;Ceftriaxone;Piperacillin;Ticarcillin blaTEM-144
contig_4	resfinder~~~blaTEM-143_1~~~DQ075245~~~Amoxicillin;Ampicillin;Aztreonam;Cefepime;Cefotaxime;Ceftazidime;Ceftriaxone;Piperacillin;Ticarcillin	100.000	450	0	0	40504	40953	1	450	0.0	832	125021	861	resfinder~~~blaTEM-143_1~~~DQ075245~~~Amoxicillin;Ampicillin;Aztreonam;Cefepime;Cefotaxime;Ceftazidime;Ceftriaxone;Piperacillin;Ticarcillin blaTEM-143
contig_4	resfinder~~~blaTEM-132_1~~~AY491682~~~Amoxicillin;Ampicillin;Aztreonam;Cefepime;Cefotaxime;Ceftazidime;Ceftriaxone;Piperacillin;Ticarcillin	100.000	450	0	0	40504	40953	1	450	0.0	832	125021	861	resfinder~~~blaTEM-132_1~~~AY491682~~~Amoxicillin;Ampicillin;Aztreonam;Cefepime;Cefotaxime;Ceftazidime;Ceftriaxone;Piperacillin;Ticarcillin blaTEM-132
contig_4	resfinder~~~blaTEM-128_1~~~AY368237~~~Amoxicillin;Ampicillin;Cephalothin;Piperacillin;Ticarcillin	100.000	450	0	0	40504	40953	1	450	0.0	832	125021	861	resfinder~~~blaTEM-128_1~~~AY368237~~~Amoxicillin;Ampicillin;Cephalothin;Piperacillin;Ticarcillin blaTEM-128
contig_4	resfinder~~~blaTEM-127_1~~~AY368236~~~Amoxicillin;Ampicillin;Cephalothin;Piperacillin;Ticarcillin	100.000	450	0	0	40504	40953	1	450	0.0	832	125021	861	resfinder~~~blaTEM-127_1~~~AY368236~~~Amoxicillin;Ampicillin;Cephalothin;Piperacillin;Ticarcillin blaTEM-127
contig_4	resfinder~~~blaTEM-126_1~~~AY628199~~~Amoxicillin;Ampicillin;Aztreonam;Cefepime;Cefotaxime;Ceftazidime;Ceftriaxone;Piperacillin;Ticarcillin	100.000	450	0	0	40504	40953	1	450	0.0	832	125021	861	resfinder~~~blaTEM-126_1~~~AY628199~~~Amoxicillin;Ampicillin;Aztreonam;Cefepime;Cefotaxime;Ceftazidime;Ceftriaxone;Piperacillin;Ticarcillin blaTEM-126
contig_4	resfinder~~~blaTEM-10_1~~~AF093512~~~Amoxicillin;Ampicillin;Aztreonam;Cefepime;Cefotaxime;Ceftazidime;Ceftriaxone;Piperacillin;Ticarcillin	100.000	450	0	0	40504	40953	1	450	0.0	832	125021	861	resfinder~~~blaTEM-10_1~~~AF093512~~~Amoxicillin;Ampicillin;Aztreonam;Cefepime;Cefotaxime;Ceftazidime;Ceftriaxone;Piperacillin;Ticarcillin blaTEM-10
contig_4	resfinder~~~blaTEM-104_1~~~AF516719~~~	100.000	450	0	0	40504	40953	1	450	0.0	832	125021	861	resfinder~~~blaTEM-104_1~~~AF516719~~~ blaTEM-104
contig_4	resfinder~~~blaTEM-95_1~~~AJ308558~~~Amoxicillin;Ampicillin;Cephalothin;Piperacillin;Ticarcillin	99.778	450	1	0	40504	40953	1	450	0.0	826	125021	861	resfinder~~~blaTEM-95_1~~~AJ308558~~~Amoxicillin;Ampicillin;Cephalothin;Piperacillin;Ticarcillin blaTEM-95
contig_4	resfinder~~~blaTEM-88_1~~~AY027590~~~Amoxicillin;Ampicillin;Aztreonam;Cefepime;Cefotaxime;Ceftazidime;Ceftriaxone;Piperacillin;Ticarcillin	99.778	450	1	0	40504	40953	1	450	0.0	826	125021	861	resfinder~~~blaTEM-88_1~~~AY027590~~~Amoxicillin;Ampicillin;Aztreonam;Cefepime;Cefotaxime;Ceftazidime;Ceftriaxone;Piperacillin;Ticarcillin blaTEM-88
contig_4	resfinder~~~blaTEM-79_1~~~AF190692~~~Amoxicillin;Amoxicillin+Clavulanic_acid;Ampicillin;Ampicillin+Clavulanic_acid;Piperacillin;Piperacillin+Tazobactam;Ticarcillin;Ticarcillin+Clavulanic_acid	99.778	450	1	0	40504	40953	1	450	0.0	826	125021	861	resfinder~~~blaTEM-79_1~~~AF190692~~~Amoxicillin;Amoxicillin+Clavulanic_acid;Ampicillin;Ampicillin+Clavulanic_acid;Piperacillin;Piperacillin+Tazobactam;Ticarcillin;Ticarcillin+Clavulanic_acid blaTEM-79
contig_4	resfinder~~~blaTEM-77_1~~~AF190695~~~Amoxicillin;Amoxicillin+Clavulanic_acid;Ampicillin;Ampicillin+Clavulanic_acid;Piperacillin;Piperacillin+Tazobactam;Ticarcillin;Ticarcillin+Clavulanic_acid	99.778	450	1	0	40504	40953	1	450	0.0	826	125021	861	resfinder~~~blaTEM-77_1~~~AF190695~~~Amoxicillin;Amoxicillin+Clavulanic_acid;Ampicillin;Ampicillin+Clavulanic_acid;Piperacillin;Piperacillin+Tazobactam;Ticarcillin;Ticarcillin+Clavulanic_acid blaTEM-77
contig_4	resfinder~~~blaTEM-76_1~~~AF190694~~~Amoxicillin;Amoxicillin+Clavulanic_acid;Ampicillin;Ampicillin+Clavulanic_acid;Piperacillin;Piperacillin+Tazobactam;Ticarcillin;Ticarcillin+Clavulanic_acid	99.778	450	1	0	40504	40953	1	450	0.0	826	125021	861	resfinder~~~blaTEM-76_1~~~AF190694~~~Amoxicillin;Amoxicillin+Clavulanic_acid;Ampicillin;Ampicillin+Clavulanic_acid;Piperacillin;Piperacillin+Tazobactam;Ticarcillin;Ticarcillin+Clavulanic_acid blaTEM-76
contig_4	resfinder~~~blaTEM-68_1~~~AJ239002~~~Amoxicillin;Amoxicillin+Clavulanic_acid;Ampicillin;Ampicillin+Clavulanic_acid;Aztreonam;Cefepime;Cefotaxime;Ceftazidime;Ceftriaxone;Piperacillin;Piperacillin+Tazobactam;Ticarcillin;Ticarcillin+Clavulanic_acid	99.778	450	1	0	40504	40953	1	450	0.0	826	125021	861	resfinder~~~blaTEM-68_1~~~AJ239002~~~Amoxicillin;Amoxicillin+Clavulanic_acid;Ampicillin;Ampicillin+Clavulanic_acid;Aztreonam;Cefepime;Cefotaxime;Ceftazidime;Ceftriaxone;Piperacillin;Piperacillin+Tazobactam;Ticarcillin;Ticarcillin+Clavulanic_acid blaTEM-68
contig_4	resfinder~~~blaTEM-55_1~~~DQ286729~~~Amoxicillin;Ampicillin;Cephalothin;Piperacillin;Ticarcillin	99.778	450	1	0	40504	40953	1	450	0.0	826	125021	861	resfinder~~~blaTEM-55_1~~~DQ286729~~~Amoxicillin;Ampicillin;Cephalothin;Piperacillin;Ticarcillin blaTEM-55
contig_4	resfinder~~~blaTEM-52B_1~~~AF027199~~~Amoxicillin;Ampicillin;Aztreonam;Cefepime;Cefotaxime;Ceftazidime;Ceftriaxone;Piperacillin;Ticarcillin	99.778	450	1	0	40504	40953	1	450	0.0	826	125021	861	resfinder~~~blaTEM-52B_1~~~AF027199~~~Amoxicillin;Ampicillin;Aztreonam;Cefepime;Cefotaxime;Ceftazidime;Ceftriaxone;Piperacillin;Ticarcillin blaTEM-52B
contig_4	resfinder~~~blaTEM-47_1~~~Y10279~~~Amoxicillin;Ampicillin;Aztreonam;Cefepime;Cefotaxime;Ceftazidime;Ceftriaxone;Piperacillin;Ticarcillin	99.778	450	1	0	40504	40953	1	450	0.0	826	125021	861	resfinder~~~blaTEM-47_1~~~Y10279~~~Amoxicillin;Ampicillin;Aztreonam;Cefepime;Cefotaxime;Ceftazidime;Ceftriaxone;Piperacillin;Ticarcillin blaTEM-47
contig_4	resfinder~~~blaTEM-36_1~~~KY305958~~~Amoxicillin;Amoxicillin+Clavulanic_acid;Ampicillin;Ampicillin+Clavulanic_acid;Piperacillin;Piperacillin+Tazobactam;Ticarcillin;Ticarcillin+Clavulanic_acid	99.778	450	1	0	40504	40953	1	450	0.0	826	125021	861	resfinder~~~blaTEM-36_1~~~KY305958~~~Amoxicillin;Amoxicillin+Clavulanic_acid;Ampicillin;Ampicillin+Clavulanic_acid;Piperacillin;Piperacillin+Tazobactam;Ticarcillin;Ticarcillin+Clavulanic_acid blaTEM-36
contig_4	resfinder~~~blaTEM-35_1~~~KP860986~~~Amoxicillin;Amoxicillin+Clavulanic_acid;Ampicillin;Ampicillin+Clavulanic_acid;Piperacillin;Piperacillin+Tazobactam;Ticarcillin;Ticarcillin+Clavulanic_acid	99.778	450	1	0	40504	40953	1	450	0.0	826	125021	861	resfinder~~~blaTEM-35_1~~~KP860986~~~Amoxicillin;Amoxicillin+Clavulanic_acid;Ampicillin;Ampicillin+Clavulanic_acid;Piperacillin;Piperacillin+Tazobactam;Ticarcillin;Ticarcillin+Clavulanic_acid blaTEM-35
contig_4	resfinder~~~blaTEM-34_1~~~KC292503~~~Amoxicillin;Amoxicillin+Clavulanic_acid;Ampicillin;Ampicillin+Clavulanic_acid;Piperacillin;Piperacillin+Tazobactam;Ticarcillin;Ticarcillin+Clavulanic_acid	99.778	450	1	0	40504	40953	1	450	0.0	826	125021	861	resfinder~~~blaTEM-34_1~~~KC292503~~~Amoxicillin;Amoxicillin+Clavulanic_acid;Ampicillin;Ampicillin+Clavulanic_acid;Piperacillin;Piperacillin+Tazobactam;Ticarcillin;Ticarcillin+Clavulanic_acid blaTEM-34
contig_4	resfinder~~~blaTEM-33_1~~~GU371926~~~Amoxicillin;Amoxicillin+Clavulanic_acid;Ampicillin;Ampicillin+Clavulanic_acid;Piperacillin;Piperacillin+Tazobactam;Ticarcillin;Ticarcillin+Clavulanic_acid	99.778	450	1	0	40504	40953	1	450	0.0	826	125021	861	resfinder~~~blaTEM-33_1~~~GU371926~~~Amoxicillin;Amoxicillin+Clavulanic_acid;Ampicillin;Ampicillin+Clavulanic_acid;Piperacillin;Piperacillin+Tazobactam;Ticarcillin;Ticarcillin+Clavulanic_acid blaTEM-33
contig_4	resfinder~~~blaTEM-29_1~~~DQ269440~~~Amoxicillin;Ampicillin;Aztreonam;Cefepime;Cefotaxime;Ceftazidime;Ceftriaxone;Piperacillin;Ticarcillin	99.778	450	1	0	40504	40953	1	450	0.0	826	125021	861	resfinder~~~blaTEM-29_1~~~DQ269440~~~Amoxicillin;Ampicillin;Aztreonam;Cefepime;Cefotaxime;Ceftazidime;Ceftriaxone;Piperacillin;Ticarcillin blaTEM-29
contig_4	resfinder~~~blaTEM-232_1~~~MH079593~~~	99.778	450	1	0	40504	40953	1	450	0.0	826	125021	861	resfinder~~~blaTEM-232_1~~~MH079593~~~ blaTEM-232
contig_4	resfinder~~~blaTEM-226_1~~~KY646301~~~	99.778	450	1	0	40504	40953	1	450	0.0	826	125021	861	resfinder~~~blaTEM-226_1~~~KY646301~~~ blaTEM-226
contig_4	resfinder~~~blaTEM-214_1~~~KP050491~~~	99.778	450	1	0	40504	40953	1	450	0.0	826	125021	861	resfinder~~~blaTEM-214_1~~~KP050491~~~ blaTEM-214
contig_4	resfinder~~~blaTEM-213_1~~~LJEE02000034~~~Amoxicillin;Ampicillin;Aztreonam;Cefepime;Cefotaxime;Ceftazidime;Ceftriaxone;Piperacillin;Ticarcillin	99.778	450	1	0	40504	40953	1	450	0.0	826	125021	861	resfinder~~~blaTEM-213_1~~~LJEE02000034~~~Amoxicillin;Ampicillin;Aztreonam;Cefepime;Cefotaxime;Ceftazidime;Ceftriaxone;Piperacillin;Ticarcillin blaTEM-213
contig_4	resfinder~~~blaTEM-208_1~~~KC865667~~~	99.778	450	1	0	40504	40953	1	450	0.0	826	125021	861	resfinder~~~blaTEM-208_1~~~KC865667~~~ blaTEM-208
contig_4	resfinder~~~blaTEM-206_1~~~KC783461~~~Amoxicillin;Ampicillin;Cephalothin;Piperacillin;Ticarcillin	99.778	450	1	0	40504	40953	1	450	0.0	826	125021	861	resfinder~~~blaTEM-206_1~~~KC783461~~~Amoxicillin;Ampicillin;Cephalothin;Piperacillin;Ticarcillin blaTEM-206
contig_4	resfinder~~~blaTEM-201_1~~~JX310327~~~	99.778	450	1	0	40504	40953	1	450	0.0	826	125021	861	resfinder~~~blaTEM-201_1~~~JX310327~~~ blaTEM-201
contig_4	resfinder~~~blaTEM-196_1~~~JQ034306~~~	99.778	450	1	0	40504	40953	1	450	0.0	826	125021	861	resfinder~~~blaTEM-196_1~~~JQ034306~~~ blaTEM-196
contig_4	resfinder~~~blaTEM-182_1~~~HQ317449~~~Amoxicillin;Amoxicillin+Clavulanic_acid;Ampicillin;Ampicillin+Clavulanic_acid;Piperacillin;Piperacillin+Tazobactam;Ticarcillin;Ticarcillin+Clavulanic_acid	99.778	450	1	0	40504	40953	1	450	0.0	826	125021	861	resfinder~~~blaTEM-182_1~~~HQ317449~~~Amoxicillin;Amoxicillin+Clavulanic_acid;Ampicillin;Ampicillin+Clavulanic_acid;Piperacillin;Piperacillin+Tazobactam;Ticarcillin;Ticarcillin+Clavulanic_acid blaTEM-182
contig_4	resfinder~~~blaTEM-166_1~~~FJ197316~~~	99.778	450	1	0	40504	40953	1	450	0.0	826	125021	861	resfinder~~~blaTEM-166_1~~~FJ197316~~~ blaTEM-166
contig_4	resfinder~~~blaTEM-164_1~~~EU274580~~~Amoxicillin;Ampicillin;Aztreonam;Cefepime;Cefotaxime;Ceftazidime;Ceftriaxone;Piperacillin;Ticarcillin	99.778	450	1	0	40504	40953	1	450	0.0	826	125021	861	resfinder~~~blaTEM-164_1~~~EU274580~~~Amoxicillin;Ampicillin;Aztreonam;Cefepime;Cefotaxime;Ceftazidime;Ceftriaxone;Piperacillin;Ticarcillin blaTEM-164
contig_4	resfinder~~~blaTEM-163_1~~~EU815939~~~Amoxicillin;Amoxicillin+Clavulanic_acid;Ampicillin;Ampicillin+Clavulanic_acid;Piperacillin;Piperacillin+Tazobactam;Ticarcillin;Ticarcillin+Clavulanic_acid	99.778	450	1	0	40504	40953	1	450	0.0	826	125021	861	resfinder~~~blaTEM-163_1~~~EU815939~~~Amoxicillin;Amoxicillin+Clavulanic_acid;Ampicillin;Ampicillin+Clavulanic_acid;Piperacillin;Piperacillin+Tazobactam;Ticarcillin;Ticarcillin+Clavulanic_acid blaTEM-163
contig_4	resfinder~~~blaTEM-15_1~~~AM849805~~~Amoxicillin;Ampicillin;Aztreonam;Cefepime;Cefotaxime;Ceftazidime;Ceftriaxone;Piperacillin;Ticarcillin	99.778	450	1	0	40504	40953	1	450	0.0	826	125021	861	resfinder~~~blaTEM-15_1~~~AM849805~~~Amoxicillin;Ampicillin;Aztreonam;Cefepime;Cefotaxime;Ceftazidime;Ceftriaxone;Piperacillin;Ticarcillin blaTEM-15
contig_4	resfinder~~~blaTEM-158_1~~~EF534736~~~Amoxicillin;Amoxicillin+Clavulanic_acid;Ampicillin;Ampicillin+Clavulanic_acid;Aztreonam;Cefepime;Cefotaxime;Ceftazidime;Ceftriaxone;Piperacillin;Piperacillin+Tazobactam;Ticarcillin;Ticarcillin+Clavulanic_acid	99.778	450	1	0	40504	40953	1	450	0.0	826	125021	861	resfinder~~~blaTEM-158_1~~~EF534736~~~Amoxicillin;Amoxicillin+Clavulanic_acid;Ampicillin;Ampicillin+Clavulanic_acid;Aztreonam;Cefepime;Cefotaxime;Ceftazidime;Ceftriaxone;Piperacillin;Piperacillin+Tazobactam;Ticarcillin;Ticarcillin+Clavulanic_acid blaTEM-158
contig_4	resfinder~~~blaTEM-147_1~~~DQ279850~~~Amoxicillin;Ampicillin;Aztreonam;Cefepime;Cefotaxime;Ceftazidime;Ceftriaxone;Piperacillin;Ticarcillin	99.778	450	1	0	40504	40953	1	450	0.0	826	125021	861	resfinder~~~blaTEM-147_1~~~DQ279850~~~Amoxicillin;Ampicillin;Aztreonam;Cefepime;Cefotaxime;Ceftazidime;Ceftriaxone;Piperacillin;Ticarcillin blaTEM-147
contig_4	resfinder~~~blaTEM-136_1~~~AY826417~~~Amoxicillin;Ampicillin;Aztreonam;Cefepime;Cefotaxime;Ceftazidime;Ceftriaxone;Piperacillin;Ticarcillin	99.778	450	1	0	40504	40953	1	450	0.0	826	125021	861	resfinder~~~blaTEM-136_1~~~AY826417~~~Amoxicillin;Ampicillin;Aztreonam;Cefepime;Cefotaxime;Ceftazidime;Ceftriaxone;Piperacillin;Ticarcillin blaTEM-136
contig_4	resfinder~~~blaTEM-135_1~~~GQ896333~~~Amoxicillin;Ampicillin;Cephalothin;Piperacillin;Ticarcillin	99.778	450	1	0	40504	40953	1	450	0.0	826	125021	861	resfinder~~~blaTEM-135_1~~~GQ896333~~~Amoxicillin;Ampicillin;Cephalothin;Piperacillin;Ticarcillin blaTEM-135
contig_4	resfinder~~~blaTEM-122_1~~~AY307100~~~Amoxicillin;Amoxicillin+Clavulanic_acid;Ampicillin;Ampicillin+Clavulanic_acid;Piperacillin;Piperacillin+Tazobactam;Ticarcillin;Ticarcillin+Clavulanic_acid	99.778	450	1	0	40504	40953	1	450	0.0	826	125021	861	resfinder~~~blaTEM-122_1~~~AY307100~~~Amoxicillin;Amoxicillin+Clavulanic_acid;Ampicillin;Ampicillin+Clavulanic_acid;Piperacillin;Piperacillin+Tazobactam;Ticarcillin;Ticarcillin+Clavulanic_acid blaTEM-122
contig_4	resfinder~~~blaTEM-107_1~~~AY101764~~~Amoxicillin;Ampicillin;Aztreonam;Cefepime;Cefotaxime;Ceftazidime;Ceftriaxone;Piperacillin;Ticarcillin	99.778	450	1	0	40504	40953	1	450	0.0	826	125021	861	resfinder~~~blaTEM-107_1~~~AY101764~~~Amoxicillin;Ampicillin;Aztreonam;Cefepime;Cefotaxime;Ceftazidime;Ceftriaxone;Piperacillin;Ticarcillin blaTEM-107
contig_4	resfinder~~~blaTEM-106_1~~~AY101578~~~Amoxicillin;Ampicillin;Aztreonam;Cefepime;Cefotaxime;Ceftazidime;Ceftriaxone;Piperacillin;Ticarcillin	99.778	450	1	0	40504	40953	1	450	0.0	826	125021	861	resfinder~~~blaTEM-106_1~~~AY101578~~~Amoxicillin;Ampicillin;Aztreonam;Cefepime;Cefotaxime;Ceftazidime;Ceftriaxone;Piperacillin;Ticarcillin blaTEM-106
contig_4	resfinder~~~blaTEM-105_1~~~AF516720~~~	99.778	450	1	0	40504	40953	1	450	0.0	826	125021	861	resfinder~~~blaTEM-105_1~~~AF516720~~~ blaTEM-105
contig_4	resfinder~~~blaTEM-96_1~~~AY092401~~~	99.556	450	2	0	40504	40953	1	450	0.0	821	125021	861	resfinder~~~blaTEM-96_1~~~AY092401~~~ blaTEM-96
contig_4	resfinder~~~blaTEM-91_1~~~AB049569~~~Amoxicillin;Ampicillin;Aztreonam;Cefepime;Cefotaxime;Ceftazidime;Ceftriaxone;Piperacillin;Ticarcillin	99.556	450	2	0	40504	40953	1	450	0.0	821	125021	861	resfinder~~~blaTEM-91_1~~~AB049569~~~Amoxicillin;Ampicillin;Aztreonam;Cefepime;Cefotaxime;Ceftazidime;Ceftriaxone;Piperacillin;Ticarcillin blaTEM-91
contig_4	resfinder~~~blaTEM-57_1~~~FJ405211~~~Amoxicillin;Ampicillin;Cephalothin;Piperacillin;Ticarcillin	99.556	450	2	0	40504	40953	1	450	0.0	821	125021	861	resfinder~~~blaTEM-57_1~~~FJ405211~~~Amoxicillin;Ampicillin;Cephalothin;Piperacillin;Ticarcillin blaTEM-57
contig_4	resfinder~~~blaTEM-43_1~~~U95363~~~Amoxicillin;Ampicillin;Aztreonam;Cefepime;Cefotaxime;Ceftazidime;Ceftriaxone;Piperacillin;Ticarcillin	99.556	450	2	0	40504	40953	1	450	0.0	821	125021	861	resfinder~~~blaTEM-43_1~~~U95363~~~Amoxicillin;Ampicillin;Aztreonam;Cefepime;Cefotaxime;Ceftazidime;Ceftriaxone;Piperacillin;Ticarcillin blaTEM-43
contig_4	resfinder~~~blaTEM-219_1~~~KM114268~~~	99.556	450	2	0	40504	40953	1	450	0.0	821	125021	861	resfinder~~~blaTEM-219_1~~~KM114268~~~ blaTEM-219
contig_4	resfinder~~~blaTEM-216_1~~~KF944358~~~	99.556	450	2	0	40504	40953	1	450	0.0	821	125021	861	resfinder~~~blaTEM-216_1~~~KF944358~~~ blaTEM-216
contig_4	resfinder~~~blaTEM-210_1~~~KJ484630~~~	99.556	450	2	0	40504	40953	1	450	0.0	821	125021	861	resfinder~~~blaTEM-210_1~~~KJ484630~~~ blaTEM-210
contig_4	resfinder~~~blaTEM-20_1~~~EU527189~~~Amoxicillin;Ampicillin;Aztreonam;Cefepime;Cefotaxime;Ceftazidime;Ceftriaxone;Piperacillin;Ticarcillin	99.556	450	2	0	40504	40953	1	450	0.0	821	125021	861	resfinder~~~blaTEM-20_1~~~EU527189~~~Amoxicillin;Ampicillin;Aztreonam;Cefepime;Cefotaxime;Ceftazidime;Ceftriaxone;Piperacillin;Ticarcillin blaTEM-20
contig_4	resfinder~~~blaTEM-209_1~~~KF240808~~~	99.556	450	2	0	40504	40953	1	450	0.0	821	125021	861	resfinder~~~blaTEM-209_1~~~KF240808~~~ blaTEM-209
contig_4	resfinder~~~blaTEM-1C_1~~~FJ560503~~~Amoxicillin;Ampicillin;Cephalothin;Piperacillin;Ticarcillin	99.556	450	2	0	40504	40953	1	450	0.0	821	125021	861	resfinder~~~blaTEM-1C_1~~~FJ560503~~~Amoxicillin;Ampicillin;Cephalothin;Piperacillin;Ticarcillin blaTEM-1C
contig_4	resfinder~~~blaTEM-169_1~~~KP012538~~~Amoxicillin;Ampicillin;Aztreonam;Cefepime;Cefotaxime;Ceftazidime;Ceftriaxone;Piperacillin;Ticarcillin	99.556	450	2	0	40504	40953	1	450	0.0	821	125021	861	resfinder~~~blaTEM-169_1~~~KP012538~~~Amoxicillin;Ampicillin;Aztreonam;Cefepime;Cefotaxime;Ceftazidime;Ceftriaxone;Piperacillin;Ticarcillin blaTEM-169
contig_4	resfinder~~~blaTEM-145_1~~~DQ105528~~~Amoxicillin;Amoxicillin+Clavulanic_acid;Ampicillin;Ampicillin+Clavulanic_acid;Piperacillin;Piperacillin+Tazobactam;Ticarcillin;Ticarcillin+Clavulanic_acid	99.556	450	2	0	40504	40953	1	450	0.0	821	125021	861	resfinder~~~blaTEM-145_1~~~DQ105528~~~Amoxicillin;Amoxicillin+Clavulanic_acid;Ampicillin;Ampicillin+Clavulanic_acid;Piperacillin;Piperacillin+Tazobactam;Ticarcillin;Ticarcillin+Clavulanic_acid blaTEM-145
contig_4	resfinder~~~blaTEM-141_1~~~AY956335~~~Amoxicillin;Ampicillin;Cephalothin;Piperacillin;Ticarcillin	99.556	450	2	0	40504	40953	1	450	0.0	821	125021	861	resfinder~~~blaTEM-141_1~~~AY956335~~~Amoxicillin;Ampicillin;Cephalothin;Piperacillin;Ticarcillin blaTEM-141
contig_4	resfinder~~~blaTEM-124_1~~~AY327540~~~Amoxicillin;Ampicillin;Aztreonam;Cefepime;Cefotaxime;Ceftazidime;Ceftriaxone;Piperacillin;Ticarcillin	99.556	450	2	0	40504	40953	1	450	0.0	821	125021	858	resfinder~~~blaTEM-124_1~~~AY327540~~~Amoxicillin;Ampicillin;Aztreonam;Cefepime;Cefotaxime;Ceftazidime;Ceftriaxone;Piperacillin;Ticarcillin blaTEM-124
contig_4	resfinder~~~blaTEM-112_1~~~AY589493~~~Amoxicillin;Ampicillin;Aztreonam;Cefepime;Cefotaxime;Ceftazidime;Ceftriaxone;Piperacillin;Ticarcillin	99.119	454	4	0	40504	40957	1	454	0.0	817	125021	861	resfinder~~~blaTEM-112_1~~~AY589493~~~Amoxicillin;Ampicillin;Aztreonam;Cefepime;Cefotaxime;Ceftazidime;Ceftriaxone;Piperacillin;Ticarcillin blaTEM-112
contig_4	resfinder~~~blaTEM-93_1~~~AJ318093~~~Amoxicillin;Ampicillin;Aztreonam;Cefepime;Cefotaxime;Ceftazidime;Ceftriaxone;Piperacillin;Ticarcillin	99.333	450	3	0	40504	40953	1	450	0.0	815	125021	861	resfinder~~~blaTEM-93_1~~~AJ318093~~~Amoxicillin;Ampicillin;Aztreonam;Cefepime;Cefotaxime;Ceftazidime;Ceftriaxone;Piperacillin;Ticarcillin blaTEM-93
contig_4	resfinder~~~blaTEM-84_1~~~AF427130~~~Amoxicillin;Amoxicillin+Clavulanic_acid;Ampicillin;Ampicillin+Clavulanic_acid;Piperacillin;Piperacillin+Tazobactam;Ticarcillin;Ticarcillin+Clavulanic_acid	99.333	450	3	0	40504	40953	1	450	0.0	815	125021	861	resfinder~~~blaTEM-84_1~~~AF427130~~~Amoxicillin;Amoxicillin+Clavulanic_acid;Ampicillin;Ampicillin+Clavulanic_acid;Piperacillin;Piperacillin+Tazobactam;Ticarcillin;Ticarcillin+Clavulanic_acid blaTEM-84
contig_4	resfinder~~~blaTEM-71_1~~~AF203816~~~Amoxicillin;Ampicillin;Aztreonam;Cefepime;Cefotaxime;Ceftazidime;Ceftriaxone;Piperacillin;Ticarcillin	99.333	450	3	0	40504	40953	1	450	0.0	815	125021	861	resfinder~~~blaTEM-71_1~~~AF203816~~~Amoxicillin;Ampicillin;Aztreonam;Cefepime;Cefotaxime;Ceftazidime;Ceftriaxone;Piperacillin;Ticarcillin blaTEM-71
contig_4	resfinder~~~blaTEM-54_1~~~AF104442~~~Amoxicillin;Amoxicillin+Clavulanic_acid;Ampicillin;Ampicillin+Clavulanic_acid;Piperacillin;Piperacillin+Tazobactam;Ticarcillin;Ticarcillin+Clavulanic_acid	99.333	450	3	0	40504	40953	1	450	0.0	815	125021	861	resfinder~~~blaTEM-54_1~~~AF104442~~~Amoxicillin;Amoxicillin+Clavulanic_acid;Ampicillin;Ampicillin+Clavulanic_acid;Piperacillin;Piperacillin+Tazobactam;Ticarcillin;Ticarcillin+Clavulanic_acid blaTEM-54
contig_4	resfinder~~~blaTEM-52C_2~~~EF141186~~~Amoxicillin;Ampicillin;Aztreonam;Cefepime;Cefotaxime;Ceftazidime;Ceftriaxone;Piperacillin;Ticarcillin	99.333	450	3	0	40504	40953	1	450	0.0	815	125021	861	resfinder~~~blaTEM-52C_2~~~EF141186~~~Amoxicillin;Ampicillin;Aztreonam;Cefepime;Cefotaxime;Ceftazidime;Ceftriaxone;Piperacillin;Ticarcillin blaTEM-52C
contig_4	resfinder~~~blaTEM-40_1~~~FR717535~~~Amoxicillin;Amoxicillin+Clavulanic_acid;Ampicillin;Ampicillin+Clavulanic_acid;Piperacillin;Piperacillin+Tazobactam;Ticarcillin;Ticarcillin+Clavulanic_acid	99.333	450	3	0	40504	40953	1	450	0.0	815	125021	861	resfinder~~~blaTEM-40_1~~~FR717535~~~Amoxicillin;Amoxicillin+Clavulanic_acid;Ampicillin;Ampicillin+Clavulanic_acid;Piperacillin;Piperacillin+Tazobactam;Ticarcillin;Ticarcillin+Clavulanic_acid blaTEM-40
contig_4	resfinder~~~blaTEM-32_1~~~CXLQ01000061~~~Amoxicillin;Amoxicillin+Clavulanic_acid;Ampicillin;Ampicillin+Clavulanic_acid;Piperacillin;Piperacillin+Tazobactam;Ticarcillin;Ticarcillin+Clavulanic_acid	99.333	450	3	0	40504	40953	1	450	0.0	815	125021	861	resfinder~~~blaTEM-32_1~~~CXLQ01000061~~~Amoxicillin;Amoxicillin+Clavulanic_acid;Ampicillin;Ampicillin+Clavulanic_acid;Piperacillin;Piperacillin+Tazobactam;Ticarcillin;Ticarcillin+Clavulanic_acid blaTEM-32
contig_4	resfinder~~~blaTEM-231_1~~~MG821378~~~	99.333	450	3	0	40504	40953	1	450	0.0	815	125021	861	resfinder~~~blaTEM-231_1~~~MG821378~~~ blaTEM-231
contig_4	resfinder~~~blaTEM-225_1~~~KY432403~~~	99.333	450	3	0	40504	40953	1	450	0.0	815	125021	861	resfinder~~~blaTEM-225_1~~~KY432403~~~ blaTEM-225
contig_4	resfinder~~~blaTEM-1D_1~~~AF188200~~~Amoxicillin;Ampicillin;Cephalothin;Piperacillin;Ticarcillin	99.333	450	3	0	40504	40953	1	450	0.0	815	125021	861	resfinder~~~blaTEM-1D_1~~~AF188200~~~Amoxicillin;Ampicillin;Cephalothin;Piperacillin;Ticarcillin blaTEM-1D
contig_4	resfinder~~~blaTEM-1A_1~~~HM749966~~~Amoxicillin;Ampicillin;Cephalothin;Piperacillin;Ticarcillin	99.333	450	3	0	40504	40953	1	450	0.0	815	125021	861	resfinder~~~blaTEM-1A_1~~~HM749966~~~Amoxicillin;Ampicillin;Cephalothin;Piperacillin;Ticarcillin blaTEM-1A
contig_4	resfinder~~~blaTEM-19_1~~~JX042489~~~Amoxicillin;Ampicillin;Aztreonam;Cefepime;Cefotaxime;Ceftazidime;Ceftriaxone;Piperacillin;Ticarcillin	99.333	450	3	0	40504	40953	1	450	0.0	815	125021	861	resfinder~~~blaTEM-19_1~~~JX042489~~~Amoxicillin;Ampicillin;Aztreonam;Cefepime;Cefotaxime;Ceftazidime;Ceftriaxone;Piperacillin;Ticarcillin blaTEM-19
contig_4	resfinder~~~blaTEM-191_1~~~KY432484~~~	99.333	450	3	0	40504	40953	1	450	0.0	815	125021	861	resfinder~~~blaTEM-191_1~~~KY432484~~~ blaTEM-191
contig_4	resfinder~~~blaTEM-183_1~~~HQ529916~~~Amoxicillin;Ampicillin;Cephalothin;Piperacillin;Ticarcillin	99.333	450	3	0	40504	40953	1	450	0.0	815	125021	861	resfinder~~~blaTEM-183_1~~~HQ529916~~~Amoxicillin;Ampicillin;Cephalothin;Piperacillin;Ticarcillin blaTEM-183
contig_4	resfinder~~~blaTEM-181_1~~~KM977568~~~	99.333	450	3	0	40504	40953	1	450	0.0	815	125021	861	resfinder~~~blaTEM-181_1~~~KM977568~~~ blaTEM-181
contig_4	resfinder~~~blaTEM-168_1~~~FJ919776~~~Amoxicillin;Ampicillin;Aztreonam;Cefepime;Cefotaxime;Ceftazidime;Ceftriaxone;Piperacillin;Ticarcillin	99.333	450	3	0	40504	40953	1	450	0.0	815	125021	861	resfinder~~~blaTEM-168_1~~~FJ919776~~~Amoxicillin;Ampicillin;Aztreonam;Cefepime;Cefotaxime;Ceftazidime;Ceftriaxone;Piperacillin;Ticarcillin blaTEM-168
contig_4	resfinder~~~blaTEM-156_1~~~AM941159~~~	99.333	450	3	0	40504	40953	1	450	0.0	815	125021	861	resfinder~~~blaTEM-156_1~~~AM941159~~~ blaTEM-156
contig_4	resfinder~~~blaTEM-153_1~~~KC149518~~~Amoxicillin;Ampicillin;Aztreonam;Cefepime;Cefotaxime;Ceftazidime;Ceftriaxone;Piperacillin;Ticarcillin	99.333	450	3	0	40504	40953	1	450	0.0	815	125021	861	resfinder~~~blaTEM-153_1~~~KC149518~~~Amoxicillin;Ampicillin;Aztreonam;Cefepime;Cefotaxime;Ceftazidime;Ceftriaxone;Piperacillin;Ticarcillin blaTEM-153
contig_4	resfinder~~~blaTEM-137_1~~~AM286274~~~Amoxicillin;Ampicillin;Aztreonam;Cefepime;Cefotaxime;Ceftazidime;Ceftriaxone;Piperacillin;Ticarcillin	99.333	450	3	0	40504	40953	1	450	0.0	815	125021	861	resfinder~~~blaTEM-137_1~~~AM286274~~~Amoxicillin;Ampicillin;Aztreonam;Cefepime;Cefotaxime;Ceftazidime;Ceftriaxone;Piperacillin;Ticarcillin blaTEM-137
contig_4	resfinder~~~blaTEM-12_1~~~M88143~~~Amoxicillin;Ampicillin;Aztreonam;Cefepime;Cefotaxime;Ceftazidime;Ceftriaxone;Piperacillin;Ticarcillin	99.333	450	3	0	40504	40953	1	450	0.0	815	125021	861	resfinder~~~blaTEM-12_1~~~M88143~~~Amoxicillin;Ampicillin;Aztreonam;Cefepime;Cefotaxime;Ceftazidime;Ceftriaxone;Piperacillin;Ticarcillin blaTEM-12
contig_4	resfinder~~~blaTEM-109_1~~~AY628175~~~Amoxicillin;Amoxicillin+Clavulanic_acid;Ampicillin;Ampicillin+Clavulanic_acid;Aztreonam;Cefepime;Cefotaxime;Ceftazidime;Ceftriaxone;Piperacillin;Piperacillin+Tazobactam;Ticarcillin;Ticarcillin+Clavulanic_acid	99.333	450	3	0	40504	40953	1	450	0.0	815	125021	861	resfinder~~~blaTEM-109_1~~~AY628175~~~Amoxicillin;Amoxicillin+Clavulanic_acid;Ampicillin;Ampicillin+Clavulanic_acid;Aztreonam;Cefepime;Cefotaxime;Ceftazidime;Ceftriaxone;Piperacillin;Piperacillin+Tazobactam;Ticarcillin;Ticarcillin+Clavulanic_acid blaTEM-109
contig_4	resfinder~~~blaTEM-99_1~~~AF397066~~~Amoxicillin;Amoxicillin+Clavulanic_acid;Ampicillin;Ampicillin+Clavulanic_acid;Piperacillin;Piperacillin+Tazobactam;Ticarcillin;Ticarcillin+Clavulanic_acid	99.774	442	1	0	40512	40953	9	450	0.0	811	125021	861	resfinder~~~blaTEM-99_1~~~AF397066~~~Amoxicillin;Amoxicillin+Clavulanic_acid;Ampicillin;Ampicillin+Clavulanic_acid;Piperacillin;Piperacillin+Tazobactam;Ticarcillin;Ticarcillin+Clavulanic_acid blaTEM-99
contig_4	resfinder~~~blaTEM-90_1~~~AF351241~~~Amoxicillin;Ampicillin;Cephalothin;Piperacillin;Ticarcillin	99.111	450	4	0	40504	40953	1	450	0.0	809	125021	861	resfinder~~~blaTEM-90_1~~~AF351241~~~Amoxicillin;Ampicillin;Cephalothin;Piperacillin;Ticarcillin blaTEM-90
contig_4	resfinder~~~blaTEM-86_1~~~AJ277415~~~Amoxicillin;Ampicillin;Aztreonam;Cefepime;Cefotaxime;Ceftazidime;Ceftriaxone;Piperacillin;Ticarcillin	99.111	450	4	0	40504	40953	1	450	0.0	809	125021	861	resfinder~~~blaTEM-86_1~~~AJ277415~~~Amoxicillin;Ampicillin;Aztreonam;Cefepime;Cefotaxime;Ceftazidime;Ceftriaxone;Piperacillin;Ticarcillin blaTEM-86
contig_4	resfinder~~~blaTEM-85_1~~~AJ277414~~~Amoxicillin;Ampicillin;Aztreonam;Cefepime;Cefotaxime;Ceftazidime;Ceftriaxone;Piperacillin;Ticarcillin	99.111	450	4	0	40504	40953	1	450	0.0	809	125021	861	resfinder~~~blaTEM-85_1~~~AJ277414~~~Amoxicillin;Ampicillin;Aztreonam;Cefepime;Cefotaxime;Ceftazidime;Ceftriaxone;Piperacillin;Ticarcillin blaTEM-85
contig_4	resfinder~~~blaTEM-83_1~~~AF427129~~~Amoxicillin;Amoxicillin+Clavulanic_acid;Ampicillin;Ampicillin+Clavulanic_acid;Piperacillin;Piperacillin+Tazobactam;Ticarcillin;Ticarcillin+Clavulanic_acid	99.111	450	4	0	40504	40953	1	450	0.0	809	125021	861	resfinder~~~blaTEM-83_1~~~AF427129~~~Amoxicillin;Amoxicillin+Clavulanic_acid;Ampicillin;Ampicillin+Clavulanic_acid;Piperacillin;Piperacillin+Tazobactam;Ticarcillin;Ticarcillin+Clavulanic_acid blaTEM-83
contig_4	resfinder~~~blaTEM-82_1~~~AF427128~~~Amoxicillin;Amoxicillin+Clavulanic_acid;Ampicillin;Ampicillin+Clavulanic_acid;Piperacillin;Piperacillin+Tazobactam;Ticarcillin;Ticarcillin+Clavulanic_acid	99.111	450	4	0	40504	40953	1	450	0.0	809	125021	861	resfinder~~~blaTEM-82_1~~~AF427128~~~Amoxicillin;Amoxicillin+Clavulanic_acid;Ampicillin;Ampicillin+Clavulanic_acid;Piperacillin;Piperacillin+Tazobactam;Ticarcillin;Ticarcillin+Clavulanic_acid blaTEM-82
contig_4	resfinder~~~blaTEM-78_1~~~AF190693~~~Amoxicillin;Amoxicillin+Clavulanic_acid;Ampicillin;Ampicillin+Clavulanic_acid;Piperacillin;Piperacillin+Tazobactam;Ticarcillin;Ticarcillin+Clavulanic_acid	99.111	450	4	0	40504	40953	1	450	0.0	809	125021	861	resfinder~~~blaTEM-78_1~~~AF190693~~~Amoxicillin;Amoxicillin+Clavulanic_acid;Ampicillin;Ampicillin+Clavulanic_acid;Piperacillin;Piperacillin+Tazobactam;Ticarcillin;Ticarcillin+Clavulanic_acid blaTEM-78
contig_4	resfinder~~~blaTEM-72_1~~~AF157553~~~Amoxicillin;Ampicillin;Aztreonam;Cefepime;Cefotaxime;Ceftazidime;Ceftriaxone;Piperacillin;Ticarcillin	99.111	450	4	0	40504	40953	1	450	0.0	809	125021	861	resfinder~~~blaTEM-72_1~~~AF157553~~~Amoxicillin;Ampicillin;Aztreonam;Cefepime;Cefotaxime;Ceftazidime;Ceftriaxone;Piperacillin;Ticarcillin blaTEM-72
contig_4	resfinder~~~blaTEM-6_1~~~X57972~~~Amoxicillin;Ampicillin;Aztreonam;Cefepime;Cefotaxime;Ceftazidime;Ceftriaxone;Piperacillin;Ticarcillin	99.111	450	4	0	40504	40953	1	450	0.0	809	125021	861	resfinder~~~blaTEM-6_1~~~X57972~~~Amoxicillin;Ampicillin;Aztreonam;Cefepime;Cefotaxime;Ceftazidime;Ceftriaxone;Piperacillin;Ticarcillin blaTEM-6
contig_4	resfinder~~~blaTEM-53_1~~~AF104441~~~Amoxicillin;Ampicillin;Aztreonam;Cefepime;Cefotaxime;Ceftazidime;Ceftriaxone;Piperacillin;Ticarcillin	99.111	450	4	0	40504	40953	1	450	0.0	809	125021	861	resfinder~~~blaTEM-53_1~~~AF104441~~~Amoxicillin;Ampicillin;Aztreonam;Cefepime;Cefotaxime;Ceftazidime;Ceftriaxone;Piperacillin;Ticarcillin blaTEM-53
contig_4	resfinder~~~blaTEM-52_1~~~Y13612~~~Amoxicillin;Ampicillin;Aztreonam;Cefepime;Cefotaxime;Ceftazidime;Ceftriaxone;Piperacillin;Ticarcillin	99.111	450	4	0	40504	40953	1	450	0.0	809	125021	861	resfinder~~~blaTEM-52_1~~~Y13612~~~Amoxicillin;Ampicillin;Aztreonam;Cefepime;Cefotaxime;Ceftazidime;Ceftriaxone;Piperacillin;Ticarcillin blaTEM-52
contig_4	resfinder~~~blaTEM-49_1~~~Y10281~~~Amoxicillin;Ampicillin;Aztreonam;Cefepime;Cefotaxime;Ceftazidime;Ceftriaxone;Piperacillin;Ticarcillin	99.111	450	4	0	40504	40953	1	450	0.0	809	125021	861	resfinder~~~blaTEM-49_1~~~Y10281~~~Amoxicillin;Ampicillin;Aztreonam;Cefepime;Cefotaxime;Ceftazidime;Ceftriaxone;Piperacillin;Ticarcillin blaTEM-49
contig_4	resfinder~~~blaTEM-48_1~~~Y10280~~~Amoxicillin;Ampicillin;Aztreonam;Cefepime;Cefotaxime;Ceftazidime;Ceftriaxone;Piperacillin;Ticarcillin	99.111	450	4	0	40504	40953	1	450	0.0	809	125021	861	resfinder~~~blaTEM-48_1~~~Y10280~~~Amoxicillin;Ampicillin;Aztreonam;Cefepime;Cefotaxime;Ceftazidime;Ceftriaxone;Piperacillin;Ticarcillin blaTEM-48
contig_4	resfinder~~~blaTEM-45_1~~~X95401~~~Amoxicillin;Amoxicillin+Clavulanic_acid;Ampicillin;Ampicillin+Clavulanic_acid;Piperacillin;Piperacillin+Tazobactam;Ticarcillin;Ticarcillin+Clavulanic_acid	99.111	450	4	0	40504	40953	1	450	0.0	809	125021	861	resfinder~~~blaTEM-45_1~~~X95401~~~Amoxicillin;Amoxicillin+Clavulanic_acid;Ampicillin;Ampicillin+Clavulanic_acid;Piperacillin;Piperacillin+Tazobactam;Ticarcillin;Ticarcillin+Clavulanic_acid blaTEM-45
contig_4	resfinder~~~blaTEM-2_1~~~X54606~~~Amoxicillin;Ampicillin;Cephalothin;Piperacillin;Ticarcillin	99.111	450	4	0	40504	40953	1	450	0.0	809	125021	861	resfinder~~~blaTEM-2_1~~~X54606~~~Amoxicillin;Ampicillin;Cephalothin;Piperacillin;Ticarcillin blaTEM-2
contig_4	resfinder~~~blaTEM-26_1~~~LDCJ01000052~~~Amoxicillin;Ampicillin;Aztreonam;Cefepime;Cefotaxime;Ceftazidime;Ceftriaxone;Piperacillin;Ticarcillin	99.111	450	4	0	40504	40953	1	450	0.0	809	125021	861	resfinder~~~blaTEM-26_1~~~LDCJ01000052~~~Amoxicillin;Ampicillin;Aztreonam;Cefepime;Cefotaxime;Ceftazidime;Ceftriaxone;Piperacillin;Ticarcillin blaTEM-26
contig_4	resfinder~~~blaTEM-229_1~~~MG821356~~~	99.111	450	4	0	40504	40953	1	450	0.0	809	125021	861	resfinder~~~blaTEM-229_1~~~MG821356~~~ blaTEM-229
contig_4	resfinder~~~blaTEM-212_1~~~KF481968~~~	99.111	450	4	0	40504	40953	1	450	0.0	809	125021	861	resfinder~~~blaTEM-212_1~~~KF481968~~~ blaTEM-212
contig_4	resfinder~~~blaTEM-197_1~~~HQ877606~~~Amoxicillin;Ampicillin;Aztreonam;Cefepime;Cefotaxime;Ceftazidime;Ceftriaxone;Piperacillin;Ticarcillin	99.111	450	4	0	40504	40953	1	450	0.0	809	125021	861	resfinder~~~blaTEM-197_1~~~HQ877606~~~Amoxicillin;Ampicillin;Aztreonam;Cefepime;Cefotaxime;Ceftazidime;Ceftriaxone;Piperacillin;Ticarcillin blaTEM-197
contig_4	resfinder~~~blaTEM-190_1~~~JN416112~~~	99.111	450	4	0	40504	40953	1	450	0.0	809	125021	861	resfinder~~~blaTEM-190_1~~~JN416112~~~ blaTEM-190
contig_4	resfinder~~~blaTEM-189_1~~~JN254627~~~	99.111	450	4	0	40504	40953	1	450	0.0	809	125021	861	resfinder~~~blaTEM-189_1~~~JN254627~~~ blaTEM-189
contig_4	resfinder~~~blaTEM-188_1~~~JN211012~~~Amoxicillin;Ampicillin;Aztreonam;Cefepime;Cefotaxime;Ceftazidime;Ceftriaxone;Piperacillin;Ticarcillin	99.111	450	4	0	40504	40953	1	450	0.0	809	125021	861	resfinder~~~blaTEM-188_1~~~JN211012~~~Amoxicillin;Ampicillin;Aztreonam;Cefepime;Cefotaxime;Ceftazidime;Ceftriaxone;Piperacillin;Ticarcillin blaTEM-188
contig_4	resfinder~~~blaTEM-187_1~~~HM246246~~~Amoxicillin;Ampicillin;Aztreonam;Cefepime;Cefotaxime;Ceftazidime;Ceftriaxone;Piperacillin;Ticarcillin	99.111	450	4	0	40504	40953	1	450	0.0	809	125021	858	resfinder~~~blaTEM-187_1~~~HM246246~~~Amoxicillin;Ampicillin;Aztreonam;Cefepime;Cefotaxime;Ceftazidime;Ceftriaxone;Piperacillin;Ticarcillin blaTEM-187
contig_4	resfinder~~~blaTEM-185_1~~~JF795538~~~Amoxicillin;Amoxicillin+Clavulanic_acid;Ampicillin;Ampicillin+Clavulanic_acid;Cefoxitin;Cephalothin;Piperacillin;Piperacillin+Tazobactam;Ticarcillin;Ticarcillin+Clavulanic_acid	99.111	450	4	0	40504	40953	1	450	0.0	809	125021	861	resfinder~~~blaTEM-185_1~~~JF795538~~~Amoxicillin;Amoxicillin+Clavulanic_acid;Ampicillin;Ampicillin+Clavulanic_acid;Cefoxitin;Cephalothin;Piperacillin;Piperacillin+Tazobactam;Ticarcillin;Ticarcillin+Clavulanic_acid blaTEM-185
contig_4	resfinder~~~blaTEM-171_1~~~GQ149347~~~	99.111	450	4	0	40504	40953	1	450	0.0	809	125021	861	resfinder~~~blaTEM-171_1~~~GQ149347~~~ blaTEM-171
contig_4	resfinder~~~blaTEM-155_1~~~DQ679961~~~Amoxicillin;Ampicillin;Aztreonam;Cefepime;Cefotaxime;Ceftazidime;Ceftriaxone;Piperacillin;Ticarcillin	99.111	450	4	0	40504	40953	1	450	0.0	809	125021	861	resfinder~~~blaTEM-155_1~~~DQ679961~~~Amoxicillin;Ampicillin;Aztreonam;Cefepime;Cefotaxime;Ceftazidime;Ceftriaxone;Piperacillin;Ticarcillin blaTEM-155
contig_4	resfinder~~~blaTEM-154_1~~~FJ807656~~~Amoxicillin;Amoxicillin+Clavulanic_acid;Ampicillin;Ampicillin+Clavulanic_acid;Aztreonam;Cefepime;Cefotaxime;Ceftazidime;Ceftriaxone;Piperacillin;Piperacillin+Tazobactam;Ticarcillin;Ticarcillin+Clavulanic_acid	99.111	450	4	0	40504	40953	1	450	0.0	809	125021	861	resfinder~~~blaTEM-154_1~~~FJ807656~~~Amoxicillin;Amoxicillin+Clavulanic_acid;Ampicillin;Ampicillin+Clavulanic_acid;Aztreonam;Cefepime;Cefotaxime;Ceftazidime;Ceftriaxone;Piperacillin;Piperacillin+Tazobactam;Ticarcillin;Ticarcillin+Clavulanic_acid blaTEM-154
contig_4	resfinder~~~blaTEM-152_1~~~DQ834728~~~Amoxicillin;Amoxicillin+Clavulanic_acid;Ampicillin;Ampicillin+Clavulanic_acid;Aztreonam;Cefepime;Cefotaxime;Ceftazidime;Ceftriaxone;Piperacillin;Piperacillin+Tazobactam;Ticarcillin;Ticarcillin+Clavulanic_acid	99.111	450	4	0	40504	40953	1	450	0.0	809	125021	861	resfinder~~~blaTEM-152_1~~~DQ834728~~~Amoxicillin;Amoxicillin+Clavulanic_acid;Ampicillin;Ampicillin+Clavulanic_acid;Aztreonam;Cefepime;Cefotaxime;Ceftazidime;Ceftriaxone;Piperacillin;Piperacillin+Tazobactam;Ticarcillin;Ticarcillin+Clavulanic_acid blaTEM-152
contig_4	resfinder~~~blaTEM-151_1~~~DQ834729~~~Amoxicillin;Amoxicillin+Clavulanic_acid;Ampicillin;Ampicillin+Clavulanic_acid;Aztreonam;Cefepime;Cefotaxime;Ceftazidime;Ceftriaxone;Piperacillin;Piperacillin+Tazobactam;Ticarcillin;Ticarcillin+Clavulanic_acid	99.111	450	4	0	40504	40953	1	450	0.0	809	125021	861	resfinder~~~blaTEM-151_1~~~DQ834729~~~Amoxicillin;Amoxicillin+Clavulanic_acid;Ampicillin;Ampicillin+Clavulanic_acid;Aztreonam;Cefepime;Cefotaxime;Ceftazidime;Ceftriaxone;Piperacillin;Piperacillin+Tazobactam;Ticarcillin;Ticarcillin+Clavulanic_acid blaTEM-151
contig_4	resfinder~~~blaTEM-150_1~~~AM183304~~~	99.111	450	4	0	40504	40953	1	450	0.0	809	125021	861	resfinder~~~blaTEM-150_1~~~AM183304~~~ blaTEM-150
contig_4	resfinder~~~blaTEM-149_1~~~DQ369751~~~Amoxicillin;Ampicillin;Aztreonam;Cefepime;Cefotaxime;Ceftazidime;Ceftriaxone;Piperacillin;Ticarcillin	99.111	450	4	0	40504	40953	1	450	0.0	809	125021	861	resfinder~~~blaTEM-149_1~~~DQ369751~~~Amoxicillin;Ampicillin;Aztreonam;Cefepime;Cefotaxime;Ceftazidime;Ceftriaxone;Piperacillin;Ticarcillin blaTEM-149
contig_4	resfinder~~~blaTEM-146_1~~~DQ105529~~~	99.111	450	4	0	40504	40953	1	450	0.0	809	125021	861	resfinder~~~blaTEM-146_1~~~DQ105529~~~ blaTEM-146
contig_4	resfinder~~~blaTEM-142_1~~~DQ388882~~~	99.111	450	4	0	40504	40953	1	450	0.0	809	125021	861	resfinder~~~blaTEM-142_1~~~DQ388882~~~ blaTEM-142
contig_4	resfinder~~~blaTEM-138_1~~~AY853593~~~Amoxicillin;Ampicillin;Aztreonam;Cefepime;Cefotaxime;Ceftazidime;Ceftriaxone;Piperacillin;Ticarcillin	99.111	450	4	0	40504	40953	1	450	0.0	809	125021	861	resfinder~~~blaTEM-138_1~~~AY853593~~~Amoxicillin;Ampicillin;Aztreonam;Cefepime;Cefotaxime;Ceftazidime;Ceftriaxone;Piperacillin;Ticarcillin blaTEM-138
contig_4	resfinder~~~blaTEM-129_1~~~AJ746225~~~Amoxicillin;Ampicillin;Aztreonam;Cefepime;Cefotaxime;Ceftazidime;Ceftriaxone;Piperacillin;Ticarcillin	99.111	450	4	0	40504	40953	1	450	0.0	809	125021	861	resfinder~~~blaTEM-129_1~~~AJ746225~~~Amoxicillin;Ampicillin;Aztreonam;Cefepime;Cefotaxime;Ceftazidime;Ceftriaxone;Piperacillin;Ticarcillin blaTEM-129
contig_4	resfinder~~~blaTEM-120_1~~~AY243512~~~Amoxicillin;Ampicillin;Aztreonam;Cefepime;Cefotaxime;Ceftazidime;Ceftriaxone;Piperacillin;Ticarcillin	99.111	450	4	0	40504	40953	1	450	0.0	809	125021	861	resfinder~~~blaTEM-120_1~~~AY243512~~~Amoxicillin;Ampicillin;Aztreonam;Cefepime;Cefotaxime;Ceftazidime;Ceftriaxone;Piperacillin;Ticarcillin blaTEM-120
contig_4	resfinder~~~blaTEM-11_1~~~AY874537~~~Amoxicillin;Ampicillin;Aztreonam;Cefepime;Cefotaxime;Ceftazidime;Ceftriaxone;Piperacillin;Ticarcillin	99.111	450	4	0	40504	40953	1	450	0.0	809	125021	861	resfinder~~~blaTEM-11_1~~~AY874537~~~Amoxicillin;Ampicillin;Aztreonam;Cefepime;Cefotaxime;Ceftazidime;Ceftriaxone;Piperacillin;Ticarcillin blaTEM-11
contig_4	resfinder~~~blaTEM-116_1~~~AY425988~~~Amoxicillin;Ampicillin;Cephalothin;Piperacillin;Ticarcillin	99.111	450	4	0	40504	40953	1	450	0.0	809	125021	861	resfinder~~~blaTEM-116_1~~~AY425988~~~Amoxicillin;Ampicillin;Cephalothin;Piperacillin;Ticarcillin blaTEM-116
contig_4	resfinder~~~blaTEM-115_1~~~AF535127~~~Amoxicillin;Ampicillin;Aztreonam;Cefepime;Cefotaxime;Ceftazidime;Ceftriaxone;Piperacillin;Ticarcillin	99.111	450	4	0	40504	40953	1	450	0.0	809	125021	861	resfinder~~~blaTEM-115_1~~~AF535127~~~Amoxicillin;Ampicillin;Aztreonam;Cefepime;Cefotaxime;Ceftazidime;Ceftriaxone;Piperacillin;Ticarcillin blaTEM-115
contig_4	resfinder~~~blaTEM-114_1~~~AY589495~~~Amoxicillin;Ampicillin;Aztreonam;Cefepime;Cefotaxime;Ceftazidime;Ceftriaxone;Piperacillin;Ticarcillin	99.111	450	4	0	40504	40953	1	450	0.0	809	125021	861	resfinder~~~blaTEM-114_1~~~AY589495~~~Amoxicillin;Ampicillin;Aztreonam;Cefepime;Cefotaxime;Ceftazidime;Ceftriaxone;Piperacillin;Ticarcillin blaTEM-114
contig_4	resfinder~~~blaTEM-111_1~~~AF468003~~~	99.111	450	4	0	40504	40953	1	450	0.0	809	125021	861	resfinder~~~blaTEM-111_1~~~AF468003~~~ blaTEM-111
contig_4	resfinder~~~blaTEM-110_1~~~AY072920~~~Amoxicillin;Ampicillin;Cephalothin;Piperacillin;Ticarcillin	99.111	450	4	0	40504	40953	1	450	0.0	809	125021	861	resfinder~~~blaTEM-110_1~~~AY072920~~~Amoxicillin;Ampicillin;Cephalothin;Piperacillin;Ticarcillin blaTEM-110
contig_4	resfinder~~~blaTEM-102_1~~~AY040093~~~Amoxicillin;Ampicillin;Aztreonam;Cefepime;Cefotaxime;Ceftazidime;Ceftriaxone;Piperacillin;Ticarcillin	99.111	450	4	0	40504	40953	1	450	0.0	809	125021	861	resfinder~~~blaTEM-102_1~~~AY040093~~~Amoxicillin;Ampicillin;Aztreonam;Cefepime;Cefotaxime;Ceftazidime;Ceftriaxone;Piperacillin;Ticarcillin blaTEM-102
contig_4	resfinder~~~blaTEM-101_1~~~AF495873~~~Amoxicillin;Ampicillin;Aztreonam;Cefepime;Cefotaxime;Ceftazidime;Ceftriaxone;Piperacillin;Ticarcillin	99.111	450	4	0	40504	40953	1	450	0.0	809	125021	861	resfinder~~~blaTEM-101_1~~~AF495873~~~Amoxicillin;Ampicillin;Aztreonam;Cefepime;Cefotaxime;Ceftazidime;Ceftriaxone;Piperacillin;Ticarcillin blaTEM-101
contig_4	resfinder~~~blaTEM-21_1~~~Y17582~~~Amoxicillin;Ampicillin;Aztreonam;Cefepime;Cefotaxime;Ceftazidime;Ceftriaxone;Piperacillin;Ticarcillin	98.678	454	6	0	40504	40957	1	454	0.0	806	125021	861	resfinder~~~blaTEM-21_1~~~Y17582~~~Amoxicillin;Ampicillin;Aztreonam;Cefepime;Cefotaxime;Ceftazidime;Ceftriaxone;Piperacillin;Ticarcillin blaTEM-21
contig_4	resfinder~~~blaTEM-108_1~~~AF506748~~~	99.548	442	2	0	40512	40953	9	450	0.0	806	125021	861	resfinder~~~blaTEM-108_1~~~AF506748~~~ blaTEM-108
contig_4	resfinder~~~blaTEM-9_1~~~KY271103~~~Amoxicillin;Ampicillin;Aztreonam;Cefepime;Cefotaxime;Ceftazidime;Ceftriaxone;Piperacillin;Ticarcillin	98.889	450	5	0	40504	40953	1	450	0.0	804	125021	861	resfinder~~~blaTEM-9_1~~~KY271103~~~Amoxicillin;Ampicillin;Aztreonam;Cefepime;Cefotaxime;Ceftazidime;Ceftriaxone;Piperacillin;Ticarcillin blaTEM-9
contig_4	resfinder~~~blaTEM-94_1~~~AJ318094~~~Amoxicillin;Ampicillin;Aztreonam;Cefepime;Cefotaxime;Ceftazidime;Ceftriaxone;Piperacillin;Ticarcillin	98.889	450	5	0	40504	40953	1	450	0.0	804	125021	861	resfinder~~~blaTEM-94_1~~~AJ318094~~~Amoxicillin;Ampicillin;Aztreonam;Cefepime;Cefotaxime;Ceftazidime;Ceftriaxone;Piperacillin;Ticarcillin blaTEM-94
contig_4	resfinder~~~blaTEM-92_1~~~AF143804~~~Amoxicillin;Ampicillin;Aztreonam;Cefepime;Cefotaxime;Ceftazidime;Ceftriaxone;Piperacillin;Ticarcillin	98.889	450	5	0	40504	40953	1	450	0.0	804	125021	861	resfinder~~~blaTEM-92_1~~~AF143804~~~Amoxicillin;Ampicillin;Aztreonam;Cefepime;Cefotaxime;Ceftazidime;Ceftriaxone;Piperacillin;Ticarcillin blaTEM-92
contig_4	resfinder~~~blaTEM-8_1~~~X65252~~~Amoxicillin;Ampicillin;Aztreonam;Cefepime;Cefotaxime;Ceftazidime;Ceftriaxone;Piperacillin;Ticarcillin	98.889	450	5	0	40504	40953	1	450	0.0	804	125021	861	resfinder~~~blaTEM-8_1~~~X65252~~~Amoxicillin;Ampicillin;Aztreonam;Cefepime;Cefotaxime;Ceftazidime;Ceftriaxone;Piperacillin;Ticarcillin blaTEM-8
contig_4	resfinder~~~blaTEM-87_1~~~AF250872~~~Amoxicillin;Ampicillin;Aztreonam;Cefepime;Cefotaxime;Ceftazidime;Ceftriaxone;Piperacillin;Ticarcillin	98.889	450	5	0	40504	40953	1	450	0.0	804	125021	861	resfinder~~~blaTEM-87_1~~~AF250872~~~Amoxicillin;Ampicillin;Aztreonam;Cefepime;Cefotaxime;Ceftazidime;Ceftriaxone;Piperacillin;Ticarcillin blaTEM-87
contig_4	resfinder~~~blaTEM-81_1~~~AF427127~~~Amoxicillin;Amoxicillin+Clavulanic_acid;Ampicillin;Ampicillin+Clavulanic_acid;Piperacillin;Piperacillin+Tazobactam;Ticarcillin;Ticarcillin+Clavulanic_acid	98.889	450	5	0	40504	40953	1	450	0.0	804	125021	861	resfinder~~~blaTEM-81_1~~~AF427127~~~Amoxicillin;Amoxicillin+Clavulanic_acid;Ampicillin;Ampicillin+Clavulanic_acid;Piperacillin;Piperacillin+Tazobactam;Ticarcillin;Ticarcillin+Clavulanic_acid blaTEM-81
contig_4	resfinder~~~blaTEM-80_1~~~AF347054~~~Amoxicillin;Amoxicillin+Clavulanic_acid;Ampicillin;Ampicillin+Clavulanic_acid;Piperacillin;Piperacillin+Tazobactam;Ticarcillin;Ticarcillin+Clavulanic_acid	98.889	450	5	0	40504	40953	1	450	0.0	804	125021	861	resfinder~~~blaTEM-80_1~~~AF347054~~~Amoxicillin;Amoxicillin+Clavulanic_acid;Ampicillin;Ampicillin+Clavulanic_acid;Piperacillin;Piperacillin+Tazobactam;Ticarcillin;Ticarcillin+Clavulanic_acid blaTEM-80
contig_4	resfinder~~~blaTEM-67_1~~~AF091113~~~Amoxicillin;Amoxicillin+Clavulanic_acid;Ampicillin;Ampicillin+Clavulanic_acid;Piperacillin;Piperacillin+Tazobactam;Ticarcillin;Ticarcillin+Clavulanic_acid	98.889	450	5	0	40504	40953	1	450	0.0	804	125021	861	resfinder~~~blaTEM-67_1~~~AF091113~~~Amoxicillin;Amoxicillin+Clavulanic_acid;Ampicillin;Ampicillin+Clavulanic_acid;Piperacillin;Piperacillin+Tazobactam;Ticarcillin;Ticarcillin+Clavulanic_acid blaTEM-67
contig_4	resfinder~~~blaTEM-63_1~~~AF332513~~~Amoxicillin;Ampicillin;Aztreonam;Cefepime;Cefotaxime;Ceftazidime;Ceftriaxone;Piperacillin;Ticarcillin	98.889	450	5	0	40504	40953	1	450	0.0	804	125021	861	resfinder~~~blaTEM-63_1~~~AF332513~~~Amoxicillin;Ampicillin;Aztreonam;Cefepime;Cefotaxime;Ceftazidime;Ceftriaxone;Piperacillin;Ticarcillin blaTEM-63
contig_4	resfinder~~~blaTEM-4_1~~~LK391770~~~Amoxicillin;Ampicillin;Aztreonam;Cefepime;Cefotaxime;Ceftazidime;Ceftriaxone;Piperacillin;Ticarcillin	98.889	450	5	0	40504	40953	1	450	0.0	804	125021	861	resfinder~~~blaTEM-4_1~~~LK391770~~~Amoxicillin;Ampicillin;Aztreonam;Cefepime;Cefotaxime;Ceftazidime;Ceftriaxone;Piperacillin;Ticarcillin blaTEM-4
contig_4	resfinder~~~blaTEM-3_1~~~X64523~~~Amoxicillin;Ampicillin;Aztreonam;Cefepime;Cefotaxime;Ceftazidime;Ceftriaxone;Piperacillin;Ticarcillin	98.889	450	5	0	40504	40953	1	450	0.0	804	125021	861	resfinder~~~blaTEM-3_1~~~X64523~~~Amoxicillin;Ampicillin;Aztreonam;Cefepime;Cefotaxime;Ceftazidime;Ceftriaxone;Piperacillin;Ticarcillin blaTEM-3
contig_4	resfinder~~~blaTEM-2_2~~~AJ251946~~~Amoxicillin;Ampicillin;Cephalothin;Piperacillin;Ticarcillin	98.889	450	5	0	40504	40953	1	450	0.0	804	125021	861	resfinder~~~blaTEM-2_2~~~AJ251946~~~Amoxicillin;Ampicillin;Cephalothin;Piperacillin;Ticarcillin blaTEM-2
contig_4	resfinder~~~blaTEM-24_1~~~GQ293500~~~Amoxicillin;Ampicillin;Aztreonam;Cefepime;Cefotaxime;Ceftazidime;Ceftriaxone;Piperacillin;Ticarcillin	98.889	450	5	0	40504	40953	1	450	0.0	804	125021	861	resfinder~~~blaTEM-24_1~~~GQ293500~~~Amoxicillin;Ampicillin;Aztreonam;Cefepime;Cefotaxime;Ceftazidime;Ceftriaxone;Piperacillin;Ticarcillin blaTEM-24
contig_4	resfinder~~~blaTEM-233_1~~~MH270416~~~	98.889	450	5	0	40504	40953	1	450	0.0	804	125021	861	resfinder~~~blaTEM-233_1~~~MH270416~~~ blaTEM-233
contig_4	resfinder~~~blaTEM-22_1~~~Y17583~~~Amoxicillin;Ampicillin;Aztreonam;Cefepime;Cefotaxime;Ceftazidime;Ceftriaxone;Piperacillin;Ticarcillin	98.889	450	5	0	40504	40953	1	450	0.0	804	125021	861	resfinder~~~blaTEM-22_1~~~Y17583~~~Amoxicillin;Ampicillin;Aztreonam;Cefepime;Cefotaxime;Ceftazidime;Ceftriaxone;Piperacillin;Ticarcillin blaTEM-22
contig_4	resfinder~~~blaTEM-195_1~~~JN935137~~~	98.889	450	5	0	40504	40953	1	450	0.0	804	125021	861	resfinder~~~blaTEM-195_1~~~JN935137~~~ blaTEM-195
contig_4	resfinder~~~blaTEM-17_1~~~Y14574~~~Amoxicillin;Ampicillin;Aztreonam;Cefepime;Cefotaxime;Ceftazidime;Ceftriaxone;Piperacillin;Ticarcillin	98.889	450	5	0	40504	40953	1	450	0.0	804	125021	861	resfinder~~~blaTEM-17_1~~~Y14574~~~Amoxicillin;Ampicillin;Aztreonam;Cefepime;Cefotaxime;Ceftazidime;Ceftriaxone;Piperacillin;Ticarcillin blaTEM-17
contig_4	resfinder~~~blaTEM-16_1~~~X65254~~~Amoxicillin;Ampicillin;Aztreonam;Cefepime;Cefotaxime;Ceftazidime;Ceftriaxone;Piperacillin;Ticarcillin	98.889	450	5	0	40504	40953	1	450	0.0	804	125021	861	resfinder~~~blaTEM-16_1~~~X65254~~~Amoxicillin;Ampicillin;Aztreonam;Cefepime;Cefotaxime;Ceftazidime;Ceftriaxone;Piperacillin;Ticarcillin blaTEM-16
contig_4	resfinder~~~blaTEM-167_1~~~FJ360884~~~Amoxicillin;Ampicillin;Aztreonam;Cefepime;Cefotaxime;Ceftazidime;Ceftriaxone;Piperacillin;Ticarcillin	98.889	450	5	0	40504	40953	1	450	0.0	804	125021	861	resfinder~~~blaTEM-167_1~~~FJ360884~~~Amoxicillin;Ampicillin;Aztreonam;Cefepime;Cefotaxime;Ceftazidime;Ceftriaxone;Piperacillin;Ticarcillin blaTEM-167
contig_4	resfinder~~~blaTEM-160_1~~~EF136377~~~Amoxicillin;Amoxicillin+Clavulanic_acid;Ampicillin;Ampicillin+Clavulanic_acid;Piperacillin;Piperacillin+Tazobactam;Ticarcillin;Ticarcillin+Clavulanic_acid	98.889	450	5	0	40504	40953	1	450	0.0	804	125021	861	resfinder~~~blaTEM-160_1~~~EF136377~~~Amoxicillin;Amoxicillin+Clavulanic_acid;Ampicillin;Ampicillin+Clavulanic_acid;Piperacillin;Piperacillin+Tazobactam;Ticarcillin;Ticarcillin+Clavulanic_acid blaTEM-160
contig_4	resfinder~~~blaTEM-159_1~~~EF136376~~~Amoxicillin;Amoxicillin+Clavulanic_acid;Ampicillin;Ampicillin+Clavulanic_acid;Piperacillin;Piperacillin+Tazobactam;Ticarcillin;Ticarcillin+Clavulanic_acid	98.889	450	5	0	40504	40953	1	450	0.0	804	125021	861	resfinder~~~blaTEM-159_1~~~EF136376~~~Amoxicillin;Amoxicillin+Clavulanic_acid;Ampicillin;Ampicillin+Clavulanic_acid;Piperacillin;Piperacillin+Tazobactam;Ticarcillin;Ticarcillin+Clavulanic_acid blaTEM-159
contig_4	resfinder~~~blaTEM-139_1~~~DQ072853~~~Amoxicillin;Ampicillin;Aztreonam;Cefepime;Cefotaxime;Ceftazidime;Ceftriaxone;Piperacillin;Ticarcillin	98.889	450	5	0	40504	40953	1	450	0.0	804	125021	861	resfinder~~~blaTEM-139_1~~~DQ072853~~~Amoxicillin;Ampicillin;Aztreonam;Cefepime;Cefotaxime;Ceftazidime;Ceftriaxone;Piperacillin;Ticarcillin blaTEM-139
contig_4	resfinder~~~blaTEM-134_1~~~AY574271~~~Amoxicillin;Ampicillin;Aztreonam;Cefepime;Cefotaxime;Ceftazidime;Ceftriaxone;Piperacillin;Ticarcillin	98.889	450	5	0	40504	40953	1	450	0.0	804	125021	861	resfinder~~~blaTEM-134_1~~~AY574271~~~Amoxicillin;Ampicillin;Aztreonam;Cefepime;Cefotaxime;Ceftazidime;Ceftriaxone;Piperacillin;Ticarcillin blaTEM-134
contig_4	resfinder~~~blaTEM-133_1~~~AY528425~~~Amoxicillin;Ampicillin;Aztreonam;Cefepime;Cefotaxime;Ceftazidime;Ceftriaxone;Piperacillin;Ticarcillin	98.889	450	5	0	40504	40953	1	450	0.0	804	125021	861	resfinder~~~blaTEM-133_1~~~AY528425~~~Amoxicillin;Ampicillin;Aztreonam;Cefepime;Cefotaxime;Ceftazidime;Ceftriaxone;Piperacillin;Ticarcillin blaTEM-133
contig_4	resfinder~~~blaTEM-123_1~~~AY327539~~~Amoxicillin;Ampicillin;Aztreonam;Cefepime;Cefotaxime;Ceftazidime;Ceftriaxone;Piperacillin;Ticarcillin	98.889	450	5	0	40504	40953	1	450	0.0	804	125021	858	resfinder~~~blaTEM-123_1~~~AY327539~~~Amoxicillin;Ampicillin;Aztreonam;Cefepime;Cefotaxime;Ceftazidime;Ceftriaxone;Piperacillin;Ticarcillin blaTEM-123
contig_4	resfinder~~~blaTEM-121_1~~~AY307374~~~Amoxicillin;Amoxicillin+Clavulanic_acid;Ampicillin;Ampicillin+Clavulanic_acid;Aztreonam;Cefepime;Cefotaxime;Ceftazidime;Ceftriaxone;Piperacillin;Piperacillin+Tazobactam;Ticarcillin;Ticarcillin+Clavulanic_acid	98.889	450	5	0	40504	40953	1	450	0.0	804	125021	861	resfinder~~~blaTEM-121_1~~~AY307374~~~Amoxicillin;Amoxicillin+Clavulanic_acid;Ampicillin;Ampicillin+Clavulanic_acid;Aztreonam;Cefepime;Cefotaxime;Ceftazidime;Ceftriaxone;Piperacillin;Piperacillin+Tazobactam;Ticarcillin;Ticarcillin+Clavulanic_acid blaTEM-121
contig_4	resfinder~~~blaTEM-113_1~~~AY589494~~~Amoxicillin;Ampicillin;Aztreonam;Cefepime;Cefotaxime;Ceftazidime;Ceftriaxone;Piperacillin;Ticarcillin	98.889	450	5	0	40504	40953	1	450	0.0	804	125021	861	resfinder~~~blaTEM-113_1~~~AY589494~~~Amoxicillin;Ampicillin;Aztreonam;Cefepime;Cefotaxime;Ceftazidime;Ceftriaxone;Piperacillin;Ticarcillin blaTEM-113
contig_4	resfinder~~~blaTEM-98_1~~~AF397068~~~Amoxicillin;Ampicillin;Cephalothin;Piperacillin;Ticarcillin	99.321	442	3	0	40512	40953	9	450	0.0	800	125021	861	resfinder~~~blaTEM-98_1~~~AF397068~~~Amoxicillin;Ampicillin;Cephalothin;Piperacillin;Ticarcillin blaTEM-98
contig_4	resfinder~~~blaTEM-97_1~~~AF397067~~~Amoxicillin;Amoxicillin+Clavulanic_acid;Ampicillin;Ampicillin+Clavulanic_acid;Piperacillin;Piperacillin+Tazobactam;Ticarcillin;Ticarcillin+Clavulanic_acid	99.321	442	3	0	40512	40953	9	450	0.0	800	125021	861	resfinder~~~blaTEM-97_1~~~AF397067~~~Amoxicillin;Amoxicillin+Clavulanic_acid;Ampicillin;Ampicillin+Clavulanic_acid;Piperacillin;Piperacillin+Tazobactam;Ticarcillin;Ticarcillin+Clavulanic_acid blaTEM-97
contig_4	resfinder~~~blaTEM-131_1~~~AY436361~~~Amoxicillin;Ampicillin;Aztreonam;Cefepime;Cefotaxime;Ceftazidime;Ceftriaxone;Piperacillin;Ticarcillin	98.667	450	6	0	40504	40953	1	450	0.0	800	125021	861	resfinder~~~blaTEM-131_1~~~AY436361~~~Amoxicillin;Ampicillin;Aztreonam;Cefepime;Cefotaxime;Ceftazidime;Ceftriaxone;Piperacillin;Ticarcillin blaTEM-131
contig_4	resfinder~~~blaTEM-227_1~~~KY418040~~~	98.667	450	6	0	40504	40953	1	450	0.0	798	125021	861	resfinder~~~blaTEM-227_1~~~KY418040~~~ blaTEM-227
contig_4	resfinder~~~blaTEM-224_1~~~KU664545~~~	98.667	450	6	0	40504	40953	1	450	0.0	798	125021	861	resfinder~~~blaTEM-224_1~~~KU664545~~~ blaTEM-224
contig_4	resfinder~~~blaTEM-211_1~~~KF513179~~~Amoxicillin;Ampicillin;Aztreonam;Cefepime;Cefotaxime;Ceftazidime;Ceftriaxone;Piperacillin;Ticarcillin	98.667	450	6	0	40504	40953	1	450	0.0	798	125021	861	resfinder~~~blaTEM-211_1~~~KF513179~~~Amoxicillin;Ampicillin;Aztreonam;Cefepime;Cefotaxime;Ceftazidime;Ceftriaxone;Piperacillin;Ticarcillin blaTEM-211
contig_4	resfinder~~~blaTEM-205_1~~~KC900516~~~	98.667	450	6	0	40504	40953	1	450	0.0	798	125021	861	resfinder~~~blaTEM-205_1~~~KC900516~~~ blaTEM-205
contig_4	resfinder~~~blaTEM-194_1~~~JN935136~~~	98.667	450	6	0	40504	40953	1	450	0.0	798	125021	861	resfinder~~~blaTEM-194_1~~~JN935136~~~ blaTEM-194
contig_4	resfinder~~~blaTEM-193_1~~~JN935135~~~	98.667	450	6	0	40504	40953	1	450	0.0	798	125021	861	resfinder~~~blaTEM-193_1~~~JN935135~~~ blaTEM-193
contig_4	resfinder~~~blaTEM-184_1~~~FR848831~~~Amoxicillin;Ampicillin;Aztreonam;Cefepime;Cefotaxime;Ceftazidime;Ceftriaxone;Piperacillin;Ticarcillin	98.667	450	6	0	40504	40953	1	450	0.0	798	125021	861	resfinder~~~blaTEM-184_1~~~FR848831~~~Amoxicillin;Ampicillin;Aztreonam;Cefepime;Cefotaxime;Ceftazidime;Ceftriaxone;Piperacillin;Ticarcillin blaTEM-184
contig_4	resfinder~~~blaTEM-177_1~~~FN652295~~~Amoxicillin;Ampicillin;Aztreonam;Cefepime;Cefotaxime;Ceftazidime;Ceftriaxone;Piperacillin;Ticarcillin	98.667	450	6	0	40504	40953	1	450	0.0	798	125021	861	resfinder~~~blaTEM-177_1~~~FN652295~~~Amoxicillin;Ampicillin;Aztreonam;Cefepime;Cefotaxime;Ceftazidime;Ceftriaxone;Piperacillin;Ticarcillin blaTEM-177
contig_4	resfinder~~~blaTEM-157_1~~~DQ909059~~~Amoxicillin;Ampicillin;Aztreonam;Cefepime;Cefotaxime;Ceftazidime;Ceftriaxone;Piperacillin;Ticarcillin	98.667	450	6	0	40504	40953	1	450	0.0	798	125021	861	resfinder~~~blaTEM-157_1~~~DQ909059~~~Amoxicillin;Ampicillin;Aztreonam;Cefepime;Cefotaxime;Ceftazidime;Ceftriaxone;Piperacillin;Ticarcillin blaTEM-157
contig_4	resfinder~~~blaTEM-130_1~~~AJ866988~~~Amoxicillin;Ampicillin;Aztreonam;Cefepime;Cefotaxime;Ceftazidime;Ceftriaxone;Piperacillin;Ticarcillin	98.667	450	6	0	40504	40953	1	450	0.0	798	125021	861	resfinder~~~blaTEM-130_1~~~AJ866988~~~Amoxicillin;Ampicillin;Aztreonam;Cefepime;Cefotaxime;Ceftazidime;Ceftriaxone;Piperacillin;Ticarcillin blaTEM-130
contig_4	resfinder~~~blaTEM-60_1~~~AF047171~~~Amoxicillin;Ampicillin;Aztreonam;Cefepime;Cefotaxime;Ceftazidime;Ceftriaxone;Piperacillin;Ticarcillin	98.444	450	7	0	40504	40953	1	450	0.0	793	125021	861	resfinder~~~blaTEM-60_1~~~AF047171~~~Amoxicillin;Ampicillin;Aztreonam;Cefepime;Cefotaxime;Ceftazidime;Ceftriaxone;Piperacillin;Ticarcillin blaTEM-60
contig_4	resfinder~~~blaTEM-125_1~~~AY628176~~~Amoxicillin;Amoxicillin+Clavulanic_acid;Ampicillin;Ampicillin+Clavulanic_acid;Aztreonam;Cefepime;Cefotaxime;Ceftazidime;Ceftriaxone;Piperacillin;Piperacillin+Tazobactam;Ticarcillin;Ticarcillin+Clavulanic_acid	98.444	450	7	0	40504	40953	1	450	0.0	793	125021	861	resfinder~~~blaTEM-125_1~~~AY628176~~~Amoxicillin;Amoxicillin+Clavulanic_acid;Ampicillin;Ampicillin+Clavulanic_acid;Aztreonam;Cefepime;Cefotaxime;Ceftazidime;Ceftriaxone;Piperacillin;Piperacillin+Tazobactam;Ticarcillin;Ticarcillin+Clavulanic_acid blaTEM-125
contig_4	resfinder~~~blaTEM-178_1~~~X97254~~~Amoxicillin;Amoxicillin+Clavulanic_acid;Ampicillin;Ampicillin+Clavulanic_acid;Aztreonam;Cefepime;Cefotaxime;Ceftazidime;Ceftriaxone;Piperacillin;Piperacillin+Tazobactam;Ticarcillin;Ticarcillin+Clavulanic_acid	98.004	451	7	2	40504	40953	1	450	0.0	782	125021	858	resfinder~~~blaTEM-178_1~~~X97254~~~Amoxicillin;Amoxicillin+Clavulanic_acid;Ampicillin;Ampicillin+Clavulanic_acid;Aztreonam;Cefepime;Cefotaxime;Ceftazidime;Ceftriaxone;Piperacillin;Piperacillin+Tazobactam;Ticarcillin;Ticarcillin+Clavulanic_acid blaTEM-178
contig_4	resfinder~~~blaTEM-162_1~~~EF468463~~~	97.778	450	10	0	40504	40953	1	450	0.0	776	125021	861	resfinder~~~blaTEM-162_1~~~EF468463~~~ blaTEM-162
contig_4	resfinder~~~aac(6')-Ib_1~~~M21682~~~Amikacin;Kanamycin;Tobramycin	99.747	395	1	0	120589	120983	395	1	0.0	725	125021	606	resfinder~~~aac(6')-Ib_1~~~M21682~~~Amikacin;Kanamycin;Tobramycin aac(6')-Ib
contig_4	resfinder~~~aac(6')-Ib_2~~~M23634~~~Amikacin;Kanamycin;Tobramycin	99.494	395	2	0	120589	120983	395	1	0.0	719	125021	606	resfinder~~~aac(6')-Ib_2~~~M23634~~~Amikacin;Kanamycin;Tobramycin aac(6')-Ib
contig_4	resfinder~~~ant(3'')-Ii-aac(6')-IId_1~~~AF453998~~~Amikacin;Gentamicin;Spectinomycin;Streptomycin;Tobramycin	100.000	376	0	0	120589	120964	1181	806	0.0	695	125021	1392	resfinder~~~ant(3'')-Ii-aac(6')-IId_1~~~AF453998~~~Amikacin;Gentamicin;Spectinomycin;Streptomycin;Tobramycin ant(3'')-Ii-aac(6')-IId
contig_4	resfinder~~~aac(6')-Ib-cr_1~~~DQ303918~~~Amikacin;Ciprofloxacin;Dibekacin;Fluoroquinolone;Netilmicin;Sisomicin;Tobramycin	99.468	376	2	0	120589	120964	389	14	0.0	684	125021	600	resfinder~~~aac(6')-Ib-cr_1~~~DQ303918~~~Amikacin;Ciprofloxacin;Dibekacin;Fluoroquinolone;Netilmicin;Sisomicin;Tobramycin aac(6')-Ib-cr
contig_4	resfinder~~~aac(6')-30-aac(6')-Ib'_1~~~AJ584652~~~Amikacin;Gentamicin;Isepamicin;Kanamycin;Neomycin;Netilmicin;Sisomicin;Tobramycin	100.000	368	0	0	120589	120956	776	409	0.0	680	125021	987	resfinder~~~aac(6')-30-aac(6')-Ib'_1~~~AJ584652~~~Amikacin;Gentamicin;Isepamicin;Kanamycin;Neomycin;Netilmicin;Sisomicin;Tobramycin aac(6')-30-aac(6')-Ib'
contig_4	resfinder~~~aac(6')-Ib3_1~~~X60321~~~Amikacin;Tobramycin	99.709	344	1	0	120589	120932	344	1	4.57e-179	630	125021	555	resfinder~~~aac(6')-Ib3_1~~~X60321~~~Amikacin;Tobramycin aac(6')-Ib3
contig_4	resfinder~~~aac(3)-Ib-aac(6')-Ib_1~~~AF355189~~~Amikacin;Gentamicin;Streptomycin;Tobramycin	99.417	343	2	0	120589	120931	794	452	7.65e-177	623	125021	1005	resfinder~~~aac(3)-Ib-aac(6')-Ib_1~~~AF355189~~~Amikacin;Gentamicin;Streptomycin;Tobramycin aac(3)-Ib-aac(6')-Ib
contig_4	resfinder~~~aac(6')-Ib11_1~~~AY136758~~~Amikacin;Gentamicin;Netilmicin;Tobramycin	99.705	339	1	0	120589	120927	359	21	2.75e-176	621	125021	570	resfinder~~~aac(6')-Ib11_1~~~AY136758~~~Amikacin;Gentamicin;Netilmicin;Tobramycin aac(6')-Ib11
contig_4	resfinder~~~aac(6')Ib-cr_3~~~EF210035~~~Amikacin;Ciprofloxacin;Dibekacin;Fluoroquinolone;Netilmicin;Sisomicin;Tobramycin	99.675	308	1	0	120589	120896	308	1	4.70e-159	564	125021	519	resfinder~~~aac(6')Ib-cr_3~~~EF210035~~~Amikacin;Ciprofloxacin;Dibekacin;Fluoroquinolone;Netilmicin;Sisomicin;Tobramycin aac(6')Ib-cr
contig_4	resfinder~~~aac(6')-Ib-Hangzhou_1~~~FJ503047~~~Amikacin;Tobramycin	99.675	308	1	0	120589	120896	308	1	4.70e-159	564	125021	519	resfinder~~~aac(6')-Ib-Hangzhou_1~~~FJ503047~~~Amikacin;Tobramycin aac(6')-Ib-Hangzhou
contig_4	resfinder~~~aac(6')-Ib-cr_2~~~EF636461~~~Amikacin;Ciprofloxacin;Dibekacin;Fluoroquinolone;Netilmicin;Sisomicin;Tobramycin	99.351	308	2	0	120589	120896	308	1	2.19e-157	558	125021	519	resfinder~~~aac(6')-Ib-cr_2~~~EF636461~~~Amikacin;Ciprofloxacin;Dibekacin;Fluoroquinolone;Netilmicin;Sisomicin;Tobramycin aac(6')-Ib-cr
contig_4	resfinder~~~aac(6')-31_1~~~AM283489~~~Amikacin;Gentamicin;Isepamicin;Kanamycin;Neomycin;Netilmicin;Sisomicin;Tobramycin	86.688	308	41	0	120589	120896	308	1	2.40e-92	342	125021	519	resfinder~~~aac(6')-31_1~~~AM283489~~~Amikacin;Gentamicin;Isepamicin;Kanamycin;Neomycin;Netilmicin;Sisomicin;Tobramycin aac(6')-31
contig_7	resfinder~~~CmlA7_1~~~JQ639792~~~Chloramphenicol	99.772	1314	3	0	26049	27362	1	1314	0.0	2410	41154	1314	resfinder~~~CmlA7_1~~~JQ639792~~~Chloramphenicol CmlA7
contig_7	resfinder~~~cmlA1_1~~~M64556~~~Chloramphenicol	99.921	1260	1	0	26103	27362	1	1260	0.0	2322	41154	1260	resfinder~~~cmlA1_1~~~M64556~~~Chloramphenicol cmlA1
contig_7	resfinder~~~CmlA6_1~~~NG_047655~~~Chloramphenicol	99.841	1260	2	0	26103	27362	1	1260	0.0	2316	41154	1260	resfinder~~~CmlA6_1~~~NG_047655~~~Chloramphenicol CmlA6
contig_7	resfinder~~~CmlA5_1~~~NG_047653~~~Chloramphenicol	99.683	1260	4	0	26103	27362	1	1260	0.0	2305	41154	1260	resfinder~~~CmlA5_1~~~NG_047653~~~Chloramphenicol CmlA5
contig_7	resfinder~~~cmlA1_2~~~AB212941~~~Chloramphenicol	99.048	1260	12	0	26103	27362	1	1260	0.0	2261	41154	1260	resfinder~~~cmlA1_2~~~AB212941~~~Chloramphenicol cmlA1
contig_7	resfinder~~~CmlA10_1~~~AJ867810~~~Chloramphenicol	98.175	1260	23	0	26103	27362	1	1260	0.0	2200	41154	1260	resfinder~~~CmlA10_1~~~AJ867810~~~Chloramphenicol CmlA10
contig_7	resfinder~~~CmlA4_1~~~NG_047651~~~Chloramphenicol	97.857	1260	24	3	26103	27362	1	1257	0.0	2174	41154	1257	resfinder~~~CmlA4_1~~~NG_047651~~~Chloramphenicol CmlA4
contig_7	resfinder~~~CmlA8_1~~~NG_051879~~~Chloramphenicol	96.032	1260	50	0	26103	27362	1	1260	0.0	2050	41154	1260	resfinder~~~CmlA8_1~~~NG_051879~~~Chloramphenicol CmlA8
contig_7	resfinder~~~aph(4)-Ia_1~~~V01499~~~Hygromycin	100.000	1026	0	0	34615	35640	1	1026	0.0	1895	41154	1026	resfinder~~~aph(4)-Ia_1~~~V01499~~~Hygromycin aph(4)-Ia
contig_7	resfinder~~~cml_1~~~M22614~~~Chloramphenicol	96.663	929	4	21	26515	27436	1	909	0.0	1519	41154	909	resfinder~~~cml_1~~~M22614~~~Chloramphenicol cml
contig_7	resfinder~~~aadA2_1~~~NC_010870~~~Spectinomycin;Streptomycin	99.875	802	1	0	25040	25841	18	819	0.0	1476	41154	819	resfinder~~~aadA2_1~~~NC_010870~~~Spectinomycin;Streptomycin aadA2
contig_7	resfinder~~~aadA2_1~~~NC_010870~~~Spectinomycin;Streptomycin	89.750	800	82	0	27445	28244	18	817	0.0	1024	41154	819	resfinder~~~aadA2_1~~~NC_010870~~~Spectinomycin;Streptomycin aadA2
contig_7	resfinder~~~ant(3'')-Ia_1~~~X02340~~~Streptomycin	99.751	802	2	0	27445	28246	171	972	0.0	1471	41154	972	resfinder~~~ant(3'')-Ia_1~~~X02340~~~Streptomycin ant(3'')-Ia
contig_7	resfinder~~~ant(3'')-Ia_1~~~X02340~~~Streptomycin	89.500	800	84	0	25040	25839	171	970	0.0	1013	41154	972	resfinder~~~ant(3'')-Ia_1~~~X02340~~~Streptomycin ant(3'')-Ia
contig_7	resfinder~~~ant(3'')-Ia_1~~~X02340~~~Streptomycin	95.376	173	1	3	23252	23417	1	173	1.36e-70	268	41154	972	resfinder~~~ant(3'')-Ia_1~~~X02340~~~Streptomycin ant(3'')-Ia
contig_7	resfinder~~~sul3_2~~~AJ459418~~~Sulfamethoxazole	100.000	792	0	0	29928	30719	792	1	0.0	1463	41154	792	resfinder~~~sul3_2~~~AJ459418~~~Sulfamethoxazole sul3
contig_7	resfinder~~~aadA1_3~~~JQ414041~~~Spectinomycin;Streptomycin	100.000	792	0	0	27455	28246	1	792	0.0	1463	41154	792	resfinder~~~aadA1_3~~~JQ414041~~~Spectinomycin;Streptomycin aadA1
contig_7	resfinder~~~aadA1_3~~~JQ414041~~~Spectinomycin;Streptomycin	89.620	790	82	0	25050	25839	1	790	0.0	1005	41154	792	resfinder~~~aadA1_3~~~JQ414041~~~Spectinomycin;Streptomycin aadA1
contig_7	resfinder~~~aadA2_2~~~JQ364967~~~Spectinomycin;Streptomycin	99.747	792	2	0	25050	25841	1	792	0.0	1452	41154	792	resfinder~~~aadA2_2~~~JQ364967~~~Spectinomycin;Streptomycin aadA2
contig_7	resfinder~~~aadA2_2~~~JQ364967~~~Spectinomycin;Streptomycin	89.620	790	82	0	27455	28244	1	790	0.0	1005	41154	792	resfinder~~~aadA2_2~~~JQ364967~~~Spectinomycin;Streptomycin aadA2
contig_7	resfinder~~~aadA1_5~~~JX185132~~~Spectinomycin;Streptomycin	99.747	792	2	0	27455	28246	1	792	0.0	1452	41154	792	resfinder~~~aadA1_5~~~JX185132~~~Spectinomycin;Streptomycin aadA1
contig_7	resfinder~~~aadA1_5~~~JX185132~~~Spectinomycin;Streptomycin	89.494	790	83	0	25050	25839	1	790	0.0	1000	41154	792	resfinder~~~aadA1_5~~~JX185132~~~Spectinomycin;Streptomycin aadA1
contig_7	resfinder~~~aac(3)-IVa_1~~~X01385~~~Apramycin;Dibekacin;Gentamicin;Netilmicin;Sisomicin;Tobramycin	99.873	786	0	1	33610	34394	1	786	0.0	1445	41154	786	resfinder~~~aac(3)-IVa_1~~~X01385~~~Apramycin;Dibekacin;Gentamicin;Netilmicin;Sisomicin;Tobramycin aac(3)-IVa
contig_7	resfinder~~~aadA2b_1~~~D43625~~~Spectinomycin;Streptomycin	99.872	780	1	0	25062	25841	1	780	0.0	1435	41154	780	resfinder~~~aadA2b_1~~~D43625~~~Spectinomycin;Streptomycin aadA2b
contig_7	resfinder~~~aadA2b_1~~~D43625~~~Spectinomycin;Streptomycin	89.740	770	79	0	27475	28244	9	778	0.0	985	41154	780	resfinder~~~aadA2b_1~~~D43625~~~Spectinomycin;Streptomycin aadA2b
contig_7	resfinder~~~aadA1b_1~~~M95287~~~Spectinomycin;Streptomycin	99.369	792	5	0	27455	28246	1	792	0.0	1435	41154	792	resfinder~~~aadA1b_1~~~M95287~~~Spectinomycin;Streptomycin aadA1b
contig_7	resfinder~~~aadA1b_1~~~M95287~~~Spectinomycin;Streptomycin	89.114	790	86	0	25050	25839	1	790	0.0	983	41154	792	resfinder~~~aadA1b_1~~~M95287~~~Spectinomycin;Streptomycin aadA1b
contig_7	resfinder~~~aac(3)-IV_1~~~DQ241380~~~Gentamicin;Tobramycin	100.000	777	0	0	33610	34386	1	777	0.0	1435	41154	777	resfinder~~~aac(3)-IV_1~~~DQ241380~~~Gentamicin;Tobramycin aac(3)-IV
contig_7	resfinder~~~aadA1_4~~~JQ480156~~~Spectinomycin;Streptomycin	99.369	792	2	1	27455	28246	1	789	0.0	1432	41154	789	resfinder~~~aadA1_4~~~JQ480156~~~Spectinomycin;Streptomycin aadA1
contig_7	resfinder~~~aadA1_4~~~JQ480156~~~Spectinomycin;Streptomycin	89.494	790	80	1	25050	25839	1	787	0.0	996	41154	789	resfinder~~~aadA1_4~~~JQ480156~~~Spectinomycin;Streptomycin aadA1
contig_7	resfinder~~~aadA3_1~~~AF047479~~~Spectinomycin;Streptomycin	98.987	790	8	0	25050	25839	1	790	0.0	1415	41154	792	resfinder~~~aadA3_1~~~AF047479~~~Spectinomycin;Streptomycin aadA3
contig_7	resfinder~~~aadA3_1~~~AF047479~~~Spectinomycin;Streptomycin	90.657	792	74	0	27455	28246	1	792	0.0	1053	41154	792	resfinder~~~aadA3_1~~~AF047479~~~Spectinomycin;Streptomycin aadA3
contig_7	resfinder~~~aadA24_1~~~DQ677333~~~Spectinomycin;Streptomycin	98.834	772	9	0	27475	28246	9	780	0.0	1376	41154	780	resfinder~~~aadA24_1~~~DQ677333~~~Spectinomycin;Streptomycin aadA24
contig_7	resfinder~~~aadA24_1~~~DQ677333~~~Spectinomycin;Streptomycin	91.131	778	69	0	25062	25839	1	778	0.0	1055	41154	780	resfinder~~~aadA24_1~~~DQ677333~~~Spectinomycin;Streptomycin aadA24
contig_7	resfinder~~~aadA1_2~~~FJ591054~~~Spectinomycin;Streptomycin	97.348	792	21	0	27455	28246	1	792	0.0	1347	41154	792	resfinder~~~aadA1_2~~~FJ591054~~~Spectinomycin;Streptomycin aadA1
contig_7	resfinder~~~aadA1_2~~~FJ591054~~~Spectinomycin;Streptomycin	91.899	790	64	0	25050	25839	1	790	0.0	1105	41154	792	resfinder~~~aadA1_2~~~FJ591054~~~Spectinomycin;Streptomycin aadA1
contig_7	resfinder~~~aadA22_1~~~AM261837~~~Spectinomycin;Streptomycin	97.222	792	22	0	27455	28246	1	792	0.0	1341	41154	792	resfinder~~~aadA22_1~~~AM261837~~~Spectinomycin;Streptomycin aadA22
contig_7	resfinder~~~aadA22_1~~~AM261837~~~Spectinomycin;Streptomycin	92.278	777	60	0	25050	25826	1	777	0.0	1103	41154	792	resfinder~~~aadA22_1~~~AM261837~~~Spectinomycin;Streptomycin aadA22
contig_7	resfinder~~~aadA21_1~~~AY171244~~~Spectinomycin;Streptomycin	97.096	792	23	0	27455	28246	1	792	0.0	1336	41154	792	resfinder~~~aadA21_1~~~AY171244~~~Spectinomycin;Streptomycin aadA21
contig_7	resfinder~~~aadA21_1~~~AY171244~~~Spectinomycin;Streptomycin	91.646	790	66	0	25050	25839	1	790	0.0	1094	41154	792	resfinder~~~aadA21_1~~~AY171244~~~Spectinomycin;Streptomycin aadA21
contig_7	resfinder~~~aadA8b_1~~~AY139603~~~Spectinomycin;Streptomycin	96.962	790	24	0	25050	25839	1	790	0.0	1327	41154	792	resfinder~~~aadA8b_1~~~AY139603~~~Spectinomycin;Streptomycin aadA8b
contig_7	resfinder~~~aadA8b_1~~~AY139603~~~Spectinomycin;Streptomycin	92.551	792	59	0	27455	28246	1	792	0.0	1136	41154	792	resfinder~~~aadA8b_1~~~AY139603~~~Spectinomycin;Streptomycin aadA8b
contig_7	resfinder~~~aadA23_1~~~AJ809407~~~Spectinomycin;Streptomycin	97.668	772	18	0	27475	28246	9	780	0.0	1327	41154	780	resfinder~~~aadA23_1~~~AJ809407~~~Spectinomycin;Streptomycin aadA23
contig_7	resfinder~~~aadA23_1~~~AJ809407~~~Spectinomycin;Streptomycin	91.645	778	65	0	25062	25839	1	778	0.0	1077	41154	780	resfinder~~~aadA23_1~~~AJ809407~~~Spectinomycin;Streptomycin aadA23
contig_7	resfinder~~~aadA8b_2~~~AM040708~~~Spectinomycin;Streptomycin	96.709	790	26	0	25050	25839	1	790	0.0	1315	41154	792	resfinder~~~aadA8b_2~~~AM040708~~~Spectinomycin;Streptomycin aadA8b
contig_7	resfinder~~~aadA8b_2~~~AM040708~~~Spectinomycin;Streptomycin	92.298	792	61	0	27455	28246	1	792	0.0	1125	41154	792	resfinder~~~aadA8b_2~~~AM040708~~~Spectinomycin;Streptomycin aadA8b
contig_7	resfinder~~~aadA15_1~~~DQ393783~~~Spectinomycin;Streptomycin	96.709	790	26	0	27455	28244	1	790	0.0	1315	41154	792	resfinder~~~aadA15_1~~~DQ393783~~~Spectinomycin;Streptomycin aadA15
contig_7	resfinder~~~aadA15_1~~~DQ393783~~~Spectinomycin;Streptomycin	92.803	792	57	0	25050	25841	1	792	0.0	1147	41154	792	resfinder~~~aadA15_1~~~DQ393783~~~Spectinomycin;Streptomycin aadA15
contig_7	resfinder~~~aadA8_1~~~AF326210~~~Spectinomycin;Streptomycin	96.456	790	28	0	25050	25839	1	790	0.0	1304	41154	792	resfinder~~~aadA8_1~~~AF326210~~~Spectinomycin;Streptomycin aadA8
contig_7	resfinder~~~aadA8_1~~~AF326210~~~Spectinomycin;Streptomycin	92.045	792	63	0	27455	28246	1	792	0.0	1114	41154	792	resfinder~~~aadA8_1~~~AF326210~~~Spectinomycin;Streptomycin aadA8
contig_7	resfinder~~~aadA17_1~~~FJ460181~~~Spectinomycin;Streptomycin	96.086	792	31	0	25050	25841	1	792	0.0	1291	41154	792	resfinder~~~aadA17_1~~~FJ460181~~~Spectinomycin;Streptomycin aadA17
contig_7	resfinder~~~aadA17_1~~~FJ460181~~~Spectinomycin;Streptomycin	93.544	790	51	0	27455	28244	1	790	0.0	1177	41154	792	resfinder~~~aadA17_1~~~FJ460181~~~Spectinomycin;Streptomycin aadA17
contig_7	resfinder~~~aadA12_1~~~AY665771~~~Spectinomycin;Streptomycin	95.076	792	39	0	25050	25841	1	792	0.0	1247	41154	792	resfinder~~~aadA12_1~~~AY665771~~~Spectinomycin;Streptomycin aadA12
contig_7	resfinder~~~aadA12_1~~~AY665771~~~Spectinomycin;Streptomycin	94.557	790	43	0	27455	28244	1	790	0.0	1221	41154	792	resfinder~~~aadA12_1~~~AY665771~~~Spectinomycin;Streptomycin aadA12
contig_7	resfinder~~~CmlA2_1~~~NG_047657~~~Chloramphenicol	84.180	1220	187	6	26103	27319	1	1217	0.0	1179	41154	1230	resfinder~~~CmlA2_1~~~NG_047657~~~Chloramphenicol CmlA2
contig_7	resfinder~~~aadA24_1~~~AM711129~~~Spectinomycin;Streptomycin	93.445	778	51	0	27467	28244	1	778	0.0	1155	41154	780	resfinder~~~aadA24_1~~~AM711129~~~Spectinomycin;Streptomycin aadA24
contig_7	resfinder~~~aadA24_1~~~AM711129~~~Spectinomycin;Streptomycin	90.415	772	74	0	25070	25841	9	780	0.0	1016	41154	780	resfinder~~~aadA24_1~~~AM711129~~~Spectinomycin;Streptomycin aadA24
contig_7	resfinder~~~aadA11_2~~~AJ567827~~~Spectinomycin;Streptomycin	93.038	790	55	0	27455	28244	1	790	0.0	1155	41154	792	resfinder~~~aadA11_2~~~AJ567827~~~Spectinomycin;Streptomycin aadA11
contig_7	resfinder~~~aadA11_2~~~AJ567827~~~Spectinomycin;Streptomycin	92.045	792	63	0	25050	25841	1	792	0.0	1114	41154	792	resfinder~~~aadA11_2~~~AJ567827~~~Spectinomycin;Streptomycin aadA11
contig_7	resfinder~~~aadA13_1~~~AY713504~~~Spectinomycin;Streptomycin	89.612	799	82	1	27455	28253	1	798	0.0	1014	41154	798	resfinder~~~aadA13_1~~~AY713504~~~Spectinomycin;Streptomycin aadA13
contig_7	resfinder~~~aadA13_1~~~AY713504~~~Spectinomycin;Streptomycin	87.359	799	100	1	25050	25848	1	798	0.0	915	41154	798	resfinder~~~aadA13_1~~~AY713504~~~Spectinomycin;Streptomycin aadA13
contig_7	resfinder~~~aadA13_2~~~NC010643~~~Spectinomycin;Streptomycin	89.237	799	85	1	27455	28253	1	798	0.0	998	41154	798	resfinder~~~aadA13_2~~~NC010643~~~Spectinomycin;Streptomycin aadA13
contig_7	resfinder~~~aadA13_2~~~NC010643~~~Spectinomycin;Streptomycin	86.984	799	103	1	25050	25848	1	798	0.0	898	41154	798	resfinder~~~aadA13_2~~~NC010643~~~Spectinomycin;Streptomycin aadA13
contig_7	resfinder~~~aadA11_1~~~AY144590~~~Spectinomycin;Streptomycin	77.899	828	172	7	25070	25888	21	846	9.53e-142	505	41154	846	resfinder~~~aadA11_1~~~AY144590~~~Spectinomycin;Streptomycin aadA11
contig_7	resfinder~~~ant(3'')-Ii-aac(6')-IId_1~~~AF453998~~~Amikacin;Gentamicin;Spectinomycin;Streptomycin;Tobramycin	79.167	720	148	2	25070	25788	21	739	1.60e-139	497	41154	1392	resfinder~~~ant(3'')-Ii-aac(6')-IId_1~~~AF453998~~~Amikacin;Gentamicin;Spectinomycin;Streptomycin;Tobramycin ant(3'')-Ii-aac(6')-IId
contig_7	resfinder~~~aadA10_2~~~AM087405~~~Spectinomycin;Streptomycin	79.167	720	148	2	25070	25788	21	739	1.60e-139	497	41154	834	resfinder~~~aadA10_2~~~AM087405~~~Spectinomycin;Streptomycin aadA10
contig_7	resfinder~~~aadA6_1~~~AF140629~~~Spectinomycin;Streptomycin	77.630	827	176	6	25070	25888	21	846	2.06e-138	494	41154	846	resfinder~~~aadA6_1~~~AF140629~~~Spectinomycin;Streptomycin aadA6
contig_7	resfinder~~~mef(B)_1~~~FJ196385~~~Azithromycin;Erythromycin	99.620	263	1	0	32480	32742	1230	968	1.61e-134	481	41154	1230	resfinder~~~mef(B)_1~~~FJ196385~~~Azithromycin;Erythromycin mef(B)
contig_7	resfinder~~~aadA16_1~~~EU675686~~~Spectinomycin;Streptomycin	76.895	831	175	13	25070	25888	21	846	9.74e-127	455	41154	846	resfinder~~~aadA16_1~~~EU675686~~~Spectinomycin;Streptomycin aadA16
contig_7	resfinder~~~aadA7_1~~~AF224733~~~Spectinomycin;Streptomycin	77.437	718	154	8	25070	25783	21	734	9.88e-117	422	41154	798	resfinder~~~aadA7_1~~~AF224733~~~Spectinomycin;Streptomycin aadA7
contig_7	resfinder~~~aadA7_2~~~AB114632~~~Spectinomycin;Streptomycin	77.298	718	155	8	25070	25783	21	734	4.59e-115	416	41154	798	resfinder~~~aadA7_2~~~AB114632~~~Spectinomycin;Streptomycin aadA7
contig_7	resfinder~~~aac(3)-Ib_1~~~L06157~~~Astromicin;Fortimicin;Gentamicin	100.000	56	0	0	23362	23417	1	56	4.06e-21	104	41154	531	resfinder~~~aac(3)-Ib_1~~~L06157~~~Astromicin;Fortimicin;Gentamicin aac(3)-Ib
contig_7	resfinder~~~ARR-3_4~~~FM207631~~~Rifampicin	100.000	56	0	0	23362	23417	1	56	4.06e-21	104	41154	543	resfinder~~~ARR-3_4~~~FM207631~~~Rifampicin ARR-3
contig_8	resfinder~~~mph(A)_2~~~U36578~~~Azithromycin;Erythromycin;Spiramycin;Telithromycin	99.675	922	2	1	113816	114737	1	921	0.0	1685	214836	921	resfinder~~~mph(A)_2~~~U36578~~~Azithromycin;Erythromycin;Spiramycin;Telithromycin mph(A)
contig_8	resfinder~~~mph(A)_1~~~D16251~~~Azithromycin;Erythromycin;Spiramycin;Telithromycin	100.000	906	0	0	113816	114721	906	1	0.0	1674	214836	906	resfinder~~~mph(A)_1~~~D16251~~~Azithromycin;Erythromycin;Spiramycin;Telithromycin mph(A)
contig_8	resfinder~~~sul1_5~~~EU780013~~~Sulfamethoxazole	99.885	867	1	0	121359	122225	867	1	0.0	1596	214836	867	resfinder~~~sul1_5~~~EU780013~~~Sulfamethoxazole sul1
contig_8	resfinder~~~sul1_2~~~U12338~~~Sulfamethoxazole	100.000	840	0	0	121359	122198	840	1	0.0	1552	214836	840	resfinder~~~sul1_2~~~U12338~~~Sulfamethoxazole sul1
contig_8	resfinder~~~sul1_9~~~AY963803~~~Sulfamethoxazole	99.881	841	1	0	121359	122199	852	12	0.0	1548	214836	852	resfinder~~~sul1_9~~~AY963803~~~Sulfamethoxazole sul1
contig_8	resfinder~~~sul1_36~~~X15024~~~Sulfamethoxazole	99.881	840	1	0	121359	122198	840	1	0.0	1546	214836	840	resfinder~~~sul1_36~~~X15024~~~Sulfamethoxazole sul1
contig_8	resfinder~~~sul1_33~~~AJ564903~~~Sulfamethoxazole	99.881	840	1	0	121359	122198	840	1	0.0	1546	214836	840	resfinder~~~sul1_33~~~AJ564903~~~Sulfamethoxazole sul1
contig_8	resfinder~~~sul1_31~~~AM040449~~~Sulfamethoxazole	99.881	840	1	0	121359	122198	840	1	0.0	1546	214836	840	resfinder~~~sul1_31~~~AM040449~~~Sulfamethoxazole sul1
contig_8	resfinder~~~sul1_30~~~JF262178~~~Sulfamethoxazole	99.881	840	1	0	121359	122198	840	1	0.0	1546	214836	840	resfinder~~~sul1_30~~~JF262178~~~Sulfamethoxazole sul1
contig_8	resfinder~~~sul1_3~~~EU855787~~~Sulfamethoxazole	99.881	840	1	0	121359	122198	840	1	0.0	1546	214836	840	resfinder~~~sul1_3~~~EU855787~~~Sulfamethoxazole sul1
contig_8	resfinder~~~sul1_29~~~AJ746361~~~Sulfamethoxazole	99.881	840	1	0	121359	122198	840	1	0.0	1546	214836	840	resfinder~~~sul1_29~~~AJ746361~~~Sulfamethoxazole sul1
contig_8	resfinder~~~sul1_27~~~GU562437~~~Sulfamethoxazole	99.881	840	1	0	121359	122198	840	1	0.0	1546	214836	840	resfinder~~~sul1_27~~~GU562437~~~Sulfamethoxazole sul1
contig_8	resfinder~~~sul1_26~~~AY524415~~~Sulfamethoxazole	99.881	840	1	0	121359	122198	840	1	0.0	1546	214836	840	resfinder~~~sul1_26~~~AY524415~~~Sulfamethoxazole sul1
contig_8	resfinder~~~sul1_25~~~AY878717~~~Sulfamethoxazole	99.881	840	1	0	121359	122198	840	1	0.0	1546	214836	840	resfinder~~~sul1_25~~~AY878717~~~Sulfamethoxazole sul1
contig_8	resfinder~~~sul1_24~~~EU117158~~~Sulfamethoxazole	99.881	840	1	0	121359	122198	840	1	0.0	1546	214836	840	resfinder~~~sul1_24~~~EU117158~~~Sulfamethoxazole sul1
contig_8	resfinder~~~sul1_20~~~JF262165~~~Sulfamethoxazole	99.881	840	1	0	121359	122198	840	1	0.0	1546	214836	840	resfinder~~~sul1_20~~~JF262165~~~Sulfamethoxazole sul1
contig_8	resfinder~~~sul1_19~~~DQ125241~~~Sulfamethoxazole	99.881	840	1	0	121359	122198	840	1	0.0	1546	214836	840	resfinder~~~sul1_19~~~DQ125241~~~Sulfamethoxazole sul1
contig_8	resfinder~~~sul1_18~~~AY260546~~~Sulfamethoxazole	99.881	840	1	0	121359	122198	840	1	0.0	1546	214836	840	resfinder~~~sul1_18~~~AY260546~~~Sulfamethoxazole sul1
contig_8	resfinder~~~sul1_17~~~AM746675~~~Sulfamethoxazole	99.881	840	1	0	121359	122198	840	1	0.0	1546	214836	840	resfinder~~~sul1_17~~~AM746675~~~Sulfamethoxazole sul1
contig_8	resfinder~~~sul1_15~~~EF667294~~~Sulfamethoxazole	99.881	840	1	0	121359	122198	840	1	0.0	1546	214836	840	resfinder~~~sul1_15~~~EF667294~~~Sulfamethoxazole sul1
contig_8	resfinder~~~sul1_38~~~BX248359~~~Sulfamethoxazole	99.762	841	2	0	121359	122199	852	12	0.0	1543	214836	852	resfinder~~~sul1_38~~~BX248359~~~Sulfamethoxazole sul1
contig_8	resfinder~~~sul1_8~~~JN581942~~~Sulfamethoxazole	99.881	837	1	0	121359	122195	837	1	0.0	1541	214836	837	resfinder~~~sul1_8~~~JN581942~~~Sulfamethoxazole sul1
contig_8	resfinder~~~sul1_7~~~FJ715937~~~Sulfamethoxazole	99.762	840	2	0	121359	122198	840	1	0.0	1541	214836	840	resfinder~~~sul1_7~~~FJ715937~~~Sulfamethoxazole sul1
contig_8	resfinder~~~sul1_28~~~JN790946~~~Sulfamethoxazole	99.762	840	2	0	121359	122198	840	1	0.0	1541	214836	840	resfinder~~~sul1_28~~~JN790946~~~Sulfamethoxazole sul1
contig_8	resfinder~~~sul1_22~~~AY115475~~~Sulfamethoxazole	99.762	840	2	0	121359	122198	840	1	0.0	1541	214836	840	resfinder~~~sul1_22~~~AY115475~~~Sulfamethoxazole sul1
contig_8	resfinder~~~sul1_21~~~AJ971344~~~Sulfamethoxazole	99.762	840	2	0	121359	122198	840	1	0.0	1541	214836	840	resfinder~~~sul1_21~~~AJ971344~~~Sulfamethoxazole sul1
contig_8	resfinder~~~sul1_32~~~EF592571~~~Sulfamethoxazole	99.643	840	3	0	121359	122198	840	1	0.0	1535	214836	840	resfinder~~~sul1_32~~~EF592571~~~Sulfamethoxazole sul1
contig_8	resfinder~~~sul1_23~~~AJ621187~~~Sulfamethoxazole	99.643	840	3	0	121359	122198	840	1	0.0	1535	214836	840	resfinder~~~sul1_23~~~AJ621187~~~Sulfamethoxazole sul1
contig_8	resfinder~~~sul1_35~~~AB281182~~~Sulfamethoxazole	99.524	841	4	0	121359	122199	852	12	0.0	1531	214836	852	resfinder~~~sul1_35~~~AB281182~~~Sulfamethoxazole sul1
contig_8	resfinder~~~sul1_10~~~DQ143913~~~Sulfamethoxazole	99.880	831	1	0	121359	122189	831	1	0.0	1530	214836	831	resfinder~~~sul1_10~~~DQ143913~~~Sulfamethoxazole sul1
contig_8	resfinder~~~sul1_34~~~AY047357~~~Sulfamethoxazole	99.405	841	5	0	121359	122199	852	12	0.0	1526	214836	852	resfinder~~~sul1_34~~~AY047357~~~Sulfamethoxazole sul1
contig_8	resfinder~~~sul1_39~~~AY522923~~~Sulfamethoxazole	99.879	829	0	1	121370	122198	828	1	0.0	1524	214836	828	resfinder~~~sul1_39~~~AY522923~~~Sulfamethoxazole sul1
contig_8	resfinder~~~sul1_37~~~AF188331~~~Sulfamethoxazole	99.405	840	5	0	121359	122198	840	1	0.0	1524	214836	840	resfinder~~~sul1_37~~~AF188331~~~Sulfamethoxazole sul1
contig_8	resfinder~~~sul1_14~~~AJ517791~~~Sulfamethoxazole	99.167	840	7	0	121359	122198	840	1	0.0	1513	214836	840	resfinder~~~sul1_14~~~AJ517791~~~Sulfamethoxazole sul1
contig_8	resfinder~~~sul1_11~~~DQ914960~~~Sulfamethoxazole	100.000	819	0	0	121380	122198	819	1	0.0	1513	214836	882	resfinder~~~sul1_11~~~DQ914960~~~Sulfamethoxazole sul1
contig_8	resfinder~~~aph(3')-Ia_1~~~V00359~~~Kanamycin	100.000	816	0	0	112024	112839	816	1	0.0	1507	214836	816	resfinder~~~aph(3')-Ia_1~~~V00359~~~Kanamycin aph(3')-Ia
contig_8	resfinder~~~aph(3')-Ia_4~~~AF498082~~~Kanamycin	99.755	816	2	0	112024	112839	816	1	0.0	1500	214836	816	resfinder~~~aph(3')-Ia_4~~~AF498082~~~Kanamycin aph(3')-Ia
contig_8	resfinder~~~aph(3')-Ia_10~~~EU855787~~~Kanamycin	99.387	816	5	0	112024	112839	816	1	0.0	1480	214836	816	resfinder~~~aph(3')-Ia_10~~~EU855787~~~Kanamycin aph(3')-Ia
contig_8	resfinder~~~aph(3')-Ia_7~~~X62115~~~Kanamycin	99.386	814	5	0	112026	112839	814	1	0.0	1476	214836	816	resfinder~~~aph(3')-Ia_7~~~X62115~~~Kanamycin aph(3')-Ia
contig_8	resfinder~~~aadA2_1~~~NC_010870~~~Spectinomycin;Streptomycin	99.875	802	1	0	122703	123504	819	18	0.0	1476	214836	819	resfinder~~~aadA2_1~~~NC_010870~~~Spectinomycin;Streptomycin aadA2
contig_8	resfinder~~~aph(3')-Ia_6~~~L05392~~~Kanamycin	99.265	816	6	0	112024	112839	816	1	0.0	1474	214836	816	resfinder~~~aph(3')-Ia_6~~~L05392~~~Kanamycin aph(3')-Ia
contig_8	resfinder~~~aph(3')-Ia_8~~~Y00452~~~Kanamycin	99.263	814	6	0	112026	112839	814	1	0.0	1471	214836	816	resfinder~~~aph(3')-Ia_8~~~Y00452~~~Kanamycin aph(3')-Ia
contig_8	resfinder~~~aph(3')-Ia_9~~~EU722351~~~Kanamycin	99.140	814	7	0	112026	112839	814	1	0.0	1465	214836	816	resfinder~~~aph(3')-Ia_9~~~EU722351~~~Kanamycin aph(3')-Ia
contig_8	resfinder~~~aph(3')-Ia_3~~~EF015636~~~Kanamycin	99.140	814	7	0	112026	112839	814	1	0.0	1465	214836	816	resfinder~~~aph(3')-Ia_3~~~EF015636~~~Kanamycin aph(3')-Ia
contig_8	resfinder~~~aadA2_2~~~JQ364967~~~Spectinomycin;Streptomycin	100.000	792	0	0	122703	123494	792	1	0.0	1463	214836	792	resfinder~~~aadA2_2~~~JQ364967~~~Spectinomycin;Streptomycin aadA2
contig_8	resfinder~~~aph(3')-Ia_5~~~AP004237~~~Kanamycin	98.526	814	12	0	112026	112839	814	1	0.0	1437	214836	816	resfinder~~~aph(3')-Ia_5~~~AP004237~~~Kanamycin aph(3')-Ia
contig_8	resfinder~~~aadA2b_1~~~D43625~~~Spectinomycin;Streptomycin	99.744	780	2	0	122703	123482	780	1	0.0	1430	214836	780	resfinder~~~aadA2b_1~~~D43625~~~Spectinomycin;Streptomycin aadA2b
contig_8	resfinder~~~aadA3_1~~~AF047479~~~Spectinomycin;Streptomycin	98.734	790	10	0	122705	123494	790	1	0.0	1404	214836	792	resfinder~~~aadA3_1~~~AF047479~~~Spectinomycin;Streptomycin aadA3
contig_8	resfinder~~~aph(3')-Ia_2~~~EU287476~~~Kanamycin	97.426	816	21	0	112024	112839	816	1	0.0	1391	214836	816	resfinder~~~aph(3')-Ia_2~~~EU287476~~~Kanamycin aph(3')-Ia
contig_8	resfinder~~~aadA8b_2~~~AM040708~~~Spectinomycin;Streptomycin	96.962	790	24	0	122705	123494	790	1	0.0	1327	214836	792	resfinder~~~aadA8b_2~~~AM040708~~~Spectinomycin;Streptomycin aadA8b
contig_8	resfinder~~~aadA8b_1~~~AY139603~~~Spectinomycin;Streptomycin	96.709	790	26	0	122705	123494	790	1	0.0	1315	214836	792	resfinder~~~aadA8b_1~~~AY139603~~~Spectinomycin;Streptomycin aadA8b
contig_8	resfinder~~~aadA8_1~~~AF326210~~~Spectinomycin;Streptomycin	96.203	790	30	0	122705	123494	790	1	0.0	1293	214836	792	resfinder~~~aadA8_1~~~AF326210~~~Spectinomycin;Streptomycin aadA8
contig_8	resfinder~~~aadA17_1~~~FJ460181~~~Spectinomycin;Streptomycin	95.833	792	33	0	122703	123494	792	1	0.0	1280	214836	792	resfinder~~~aadA17_1~~~FJ460181~~~Spectinomycin;Streptomycin aadA17
contig_8	resfinder~~~aadA12_1~~~AY665771~~~Spectinomycin;Streptomycin	94.823	792	41	0	122703	123494	792	1	0.0	1236	214836	792	resfinder~~~aadA12_1~~~AY665771~~~Spectinomycin;Streptomycin aadA12
contig_8	resfinder~~~catA1_1~~~V00622~~~Chloramphenicol	99.848	660	1	0	131737	132396	660	1	0.0	1214	214836	660	resfinder~~~catA1_1~~~V00622~~~Chloramphenicol catA1
contig_8	resfinder~~~aadA15_1~~~DQ393783~~~Spectinomycin;Streptomycin	92.803	792	57	0	122703	123494	792	1	0.0	1147	214836	792	resfinder~~~aadA15_1~~~DQ393783~~~Spectinomycin;Streptomycin aadA15
contig_8	resfinder~~~aadA11_2~~~AJ567827~~~Spectinomycin;Streptomycin	92.045	792	63	0	122703	123494	792	1	0.0	1114	214836	792	resfinder~~~aadA11_2~~~AJ567827~~~Spectinomycin;Streptomycin aadA11
contig_8	resfinder~~~aadA1_2~~~FJ591054~~~Spectinomycin;Streptomycin	91.646	790	66	0	122705	123494	790	1	0.0	1094	214836	792	resfinder~~~aadA1_2~~~FJ591054~~~Spectinomycin;Streptomycin aadA1
contig_8	resfinder~~~aadA22_1~~~AM261837~~~Spectinomycin;Streptomycin	92.021	777	62	0	122718	123494	777	1	0.0	1092	214836	792	resfinder~~~aadA22_1~~~AM261837~~~Spectinomycin;Streptomycin aadA22
contig_8	resfinder~~~aadA21_1~~~AY171244~~~Spectinomycin;Streptomycin	91.392	790	68	0	122705	123494	790	1	0.0	1083	214836	792	resfinder~~~aadA21_1~~~AY171244~~~Spectinomycin;Streptomycin aadA21
contig_8	resfinder~~~aadA23_1~~~AJ809407~~~Spectinomycin;Streptomycin	91.517	778	66	0	122705	123482	778	1	0.0	1072	214836	780	resfinder~~~aadA23_1~~~AJ809407~~~Spectinomycin;Streptomycin aadA23
contig_8	resfinder~~~aadA24_1~~~DQ677333~~~Spectinomycin;Streptomycin	91.003	778	70	0	122705	123482	778	1	0.0	1050	214836	780	resfinder~~~aadA24_1~~~DQ677333~~~Spectinomycin;Streptomycin aadA24
contig_8	resfinder~~~ant(3'')-Ia_1~~~X02340~~~Streptomycin	89.500	800	84	0	122705	123504	970	171	0.0	1013	214836	972	resfinder~~~ant(3'')-Ia_1~~~X02340~~~Streptomycin ant(3'')-Ia
contig_8	resfinder~~~ant(3'')-Ia_1~~~X02340~~~Streptomycin	94.565	184	2	4	124396	124571	184	1	1.18e-72	278	214836	972	resfinder~~~ant(3'')-Ia_1~~~X02340~~~Streptomycin ant(3'')-Ia
contig_8	resfinder~~~aadA24_1~~~AM711129~~~Spectinomycin;Streptomycin	90.285	772	75	0	122703	123474	780	9	0.0	1011	214836	780	resfinder~~~aadA24_1~~~AM711129~~~Spectinomycin;Streptomycin aadA24
contig_8	resfinder~~~aadA1_3~~~JQ414041~~~Spectinomycin;Streptomycin	89.620	790	82	0	122705	123494	790	1	0.0	1005	214836	792	resfinder~~~aadA1_3~~~JQ414041~~~Spectinomycin;Streptomycin aadA1
contig_8	resfinder~~~aadA1_5~~~JX185132~~~Spectinomycin;Streptomycin	89.494	790	83	0	122705	123494	790	1	0.0	1000	214836	792	resfinder~~~aadA1_5~~~JX185132~~~Spectinomycin;Streptomycin aadA1
contig_8	resfinder~~~aadA1_4~~~JQ480156~~~Spectinomycin;Streptomycin	89.494	790	80	1	122705	123494	787	1	0.0	996	214836	789	resfinder~~~aadA1_4~~~JQ480156~~~Spectinomycin;Streptomycin aadA1
contig_8	resfinder~~~aadA1b_1~~~M95287~~~Spectinomycin;Streptomycin	89.114	790	86	0	122705	123494	790	1	0.0	983	214836	792	resfinder~~~aadA1b_1~~~M95287~~~Spectinomycin;Streptomycin aadA1b
contig_8	resfinder~~~aadA13_1~~~AY713504~~~Spectinomycin;Streptomycin	87.610	799	98	1	122696	123494	798	1	0.0	926	214836	798	resfinder~~~aadA13_1~~~AY713504~~~Spectinomycin;Streptomycin aadA13
contig_8	resfinder~~~dfrA12_8~~~AM040708~~~Trimethoprim	100.000	498	0	0	123902	124399	498	1	0.0	920	214836	498	resfinder~~~dfrA12_8~~~AM040708~~~Trimethoprim dfrA12
contig_8	resfinder~~~dfrA12_9~~~DQ995286~~~Trimethoprim	99.799	498	1	0	123902	124399	498	1	0.0	915	214836	498	resfinder~~~dfrA12_9~~~DQ995286~~~Trimethoprim dfrA12
contig_8	resfinder~~~dfrA12_4~~~EU650399~~~Trimethoprim	99.799	498	1	0	123902	124399	498	1	0.0	915	214836	498	resfinder~~~dfrA12_4~~~EU650399~~~Trimethoprim dfrA12
contig_8	resfinder~~~dfrA12_10~~~FM877486~~~Trimethoprim	99.799	498	1	0	123902	124399	498	1	0.0	915	214836	498	resfinder~~~dfrA12_10~~~FM877486~~~Trimethoprim dfrA12
contig_8	resfinder~~~dfrA12_7~~~AB196348~~~Trimethoprim	99.598	498	2	0	123902	124399	498	1	0.0	909	214836	498	resfinder~~~dfrA12_7~~~AB196348~~~Trimethoprim dfrA12
contig_8	resfinder~~~dfrA12_6~~~AY551331~~~Trimethoprim	99.598	498	2	0	123902	124399	498	1	0.0	909	214836	498	resfinder~~~dfrA12_6~~~AY551331~~~Trimethoprim dfrA12
contig_8	resfinder~~~aadA13_2~~~NC010643~~~Spectinomycin;Streptomycin	87.234	799	101	1	122696	123494	798	1	0.0	909	214836	798	resfinder~~~aadA13_2~~~NC010643~~~Spectinomycin;Streptomycin aadA13
contig_8	resfinder~~~dfrA12_5~~~FR875302~~~Trimethoprim	99.398	498	3	0	123902	124399	498	1	0.0	904	214836	498	resfinder~~~dfrA12_5~~~FR875302~~~Trimethoprim dfrA12
contig_8	resfinder~~~dfrA12_2~~~KJ546436~~~Trimethoprim	99.197	498	4	0	123902	124399	498	1	0.0	898	214836	498	resfinder~~~dfrA12_2~~~KJ546436~~~Trimethoprim dfrA12
contig_8	resfinder~~~dfrA12_1~~~FJ763641~~~Trimethoprim	99.197	498	4	0	123902	124399	498	1	0.0	898	214836	498	resfinder~~~dfrA12_1~~~FJ763641~~~Trimethoprim dfrA12
contig_8	resfinder~~~dfrA12_3~~~KJ568502~~~Trimethoprim	98.795	498	6	0	123902	124399	498	1	0.0	887	214836	498	resfinder~~~dfrA12_3~~~KJ568502~~~Trimethoprim dfrA12
contig_8	resfinder~~~aadA11_1~~~AY144590~~~Spectinomycin;Streptomycin	78.019	828	171	7	122656	123474	846	21	1.07e-142	510	214836	846	resfinder~~~aadA11_1~~~AY144590~~~Spectinomycin;Streptomycin aadA11
contig_8	resfinder~~~ant(3'')-Ii-aac(6')-IId_1~~~AF453998~~~Amikacin;Gentamicin;Spectinomycin;Streptomycin;Tobramycin	79.306	720	147	2	122756	123474	739	21	1.79e-140	503	214836	1392	resfinder~~~ant(3'')-Ii-aac(6')-IId_1~~~AF453998~~~Amikacin;Gentamicin;Spectinomycin;Streptomycin;Tobramycin ant(3'')-Ii-aac(6')-IId
contig_8	resfinder~~~aadA10_2~~~AM087405~~~Spectinomycin;Streptomycin	79.306	720	147	2	122756	123474	739	21	1.79e-140	503	214836	834	resfinder~~~aadA10_2~~~AM087405~~~Spectinomycin;Streptomycin aadA10
contig_8	resfinder~~~aadA6_1~~~AF140629~~~Spectinomycin;Streptomycin	77.751	827	175	6	122656	123474	846	21	2.31e-139	499	214836	846	resfinder~~~aadA6_1~~~AF140629~~~Spectinomycin;Streptomycin aadA6
contig_8	resfinder~~~dfrA22_1~~~KC200566~~~Trimethoprim	84.337	498	78	0	123902	124399	498	1	5.00e-136	488	214836	498	resfinder~~~dfrA22_1~~~KC200566~~~Trimethoprim dfrA22
contig_8	resfinder~~~dfrA22_3~~~FM957884~~~Trimethoprim	83.936	498	80	0	123902	124399	498	1	1.08e-132	477	214836	498	resfinder~~~dfrA22_3~~~FM957884~~~Trimethoprim dfrA22
contig_8	resfinder~~~dfrA22_4~~~AJ628423~~~Trimethoprim	83.735	498	81	0	123902	124399	498	1	5.04e-131	472	214836	498	resfinder~~~dfrA22_4~~~AJ628423~~~Trimethoprim dfrA22
contig_8	resfinder~~~dfrA22_5~~~AJ968952~~~Trimethoprim	83.534	498	82	0	123902	124399	498	1	2.34e-129	466	214836	498	resfinder~~~dfrA22_5~~~AJ968952~~~Trimethoprim dfrA22
contig_8	resfinder~~~dfrA22_2~~~KF525301~~~Trimethoprim	83.534	498	82	0	123902	124399	498	1	2.34e-129	466	214836	498	resfinder~~~dfrA22_2~~~KF525301~~~Trimethoprim dfrA22
contig_8	resfinder~~~aadA16_1~~~EU675686~~~Spectinomycin;Streptomycin	77.016	831	174	13	122656	123474	846	21	1.09e-127	460	214836	846	resfinder~~~aadA16_1~~~EU675686~~~Spectinomycin;Streptomycin aadA16
contig_8	resfinder~~~aadA7_1~~~AF224733~~~Spectinomycin;Streptomycin	77.577	718	153	8	122761	123474	734	21	1.11e-117	427	214836	798	resfinder~~~aadA7_1~~~AF224733~~~Spectinomycin;Streptomycin aadA7
contig_8	resfinder~~~aadA7_2~~~AB114632~~~Spectinomycin;Streptomycin	77.437	718	154	8	122761	123474	734	21	5.15e-116	422	214836	798	resfinder~~~aadA7_2~~~AB114632~~~Spectinomycin;Streptomycin aadA7
contig_8	resfinder~~~aac(3)-Ib_1~~~L06157~~~Astromicin;Fortimicin;Gentamicin	100.000	58	0	0	124404	124461	58	1	1.64e-21	108	214836	531	resfinder~~~aac(3)-Ib_1~~~L06157~~~Astromicin;Fortimicin;Gentamicin aac(3)-Ib
contig_8	resfinder~~~ARR-3_4~~~FM207631~~~Rifampicin	100.000	57	0	0	124405	124461	57	1	5.89e-21	106	214836	543	resfinder~~~ARR-3_4~~~FM207631~~~Rifampicin ARR-3
contig_9	resfinder~~~blaKPC-3_1~~~HM769262~~~Amoxicillin;Amoxicillin+Clavulanic_acid;Ampicillin;Ampicillin+Clavulanic_acid;Aztreonam;Cefepime;Cefotaxime;Cefoxitin;Ceftazidime;Ertapenem;Imipenem;Meropenem;Piperacillin;Piperacillin+Tazobactam;Ticarcillin;Ticarcillin+Clavulanic_acid	100.000	882	0	0	76689	77570	1	882	0.0	1629	79498	882	resfinder~~~blaKPC-3_1~~~HM769262~~~Amoxicillin;Amoxicillin+Clavulanic_acid;Ampicillin;Ampicillin+Clavulanic_acid;Aztreonam;Cefepime;Cefotaxime;Cefoxitin;Ceftazidime;Ertapenem;Imipenem;Meropenem;Piperacillin;Piperacillin+Tazobactam;Ticarcillin;Ticarcillin+Clavulanic_acid blaKPC-3
contig_9	resfinder~~~blaKPC-9_1~~~FJ624872~~~Amoxicillin;Amoxicillin+Clavulanic_acid;Ampicillin;Ampicillin+Clavulanic_acid;Aztreonam;Cefepime;Cefotaxime;Cefoxitin;Ceftazidime;Ertapenem;Imipenem;Meropenem;Piperacillin;Piperacillin+Tazobactam;Ticarcillin;Ticarcillin+Clavulanic_acid	99.887	882	1	0	76689	77570	1	882	0.0	1624	79498	882	resfinder~~~blaKPC-9_1~~~FJ624872~~~Amoxicillin;Amoxicillin+Clavulanic_acid;Ampicillin;Ampicillin+Clavulanic_acid;Aztreonam;Cefepime;Cefotaxime;Cefoxitin;Ceftazidime;Ertapenem;Imipenem;Meropenem;Piperacillin;Piperacillin+Tazobactam;Ticarcillin;Ticarcillin+Clavulanic_acid blaKPC-9
contig_9	resfinder~~~blaKPC-8_1~~~FJ234412~~~Amoxicillin;Amoxicillin+Clavulanic_acid;Ampicillin;Ampicillin+Clavulanic_acid;Aztreonam;Cefepime;Cefotaxime;Cefoxitin;Ceftazidime;Ertapenem;Imipenem;Meropenem;Piperacillin;Piperacillin+Tazobactam;Ticarcillin;Ticarcillin+Clavulanic_acid	99.887	882	1	0	76689	77570	1	882	0.0	1624	79498	882	resfinder~~~blaKPC-8_1~~~FJ234412~~~Amoxicillin;Amoxicillin+Clavulanic_acid;Ampicillin;Ampicillin+Clavulanic_acid;Aztreonam;Cefepime;Cefotaxime;Cefoxitin;Ceftazidime;Ertapenem;Imipenem;Meropenem;Piperacillin;Piperacillin+Tazobactam;Ticarcillin;Ticarcillin+Clavulanic_acid blaKPC-8
contig_9	resfinder~~~blaKPC-7_1~~~EU729727~~~Amoxicillin;Amoxicillin+Clavulanic_acid;Ampicillin;Ampicillin+Clavulanic_acid;Aztreonam;Cefepime;Cefotaxime;Cefoxitin;Ceftazidime;Ertapenem;Imipenem;Meropenem;Piperacillin;Piperacillin+Tazobactam;Ticarcillin;Ticarcillin+Clavulanic_acid	99.887	882	1	0	76689	77570	1	882	0.0	1624	79498	882	resfinder~~~blaKPC-7_1~~~EU729727~~~Amoxicillin;Amoxicillin+Clavulanic_acid;Ampicillin;Ampicillin+Clavulanic_acid;Aztreonam;Cefepime;Cefotaxime;Cefoxitin;Ceftazidime;Ertapenem;Imipenem;Meropenem;Piperacillin;Piperacillin+Tazobactam;Ticarcillin;Ticarcillin+Clavulanic_acid blaKPC-7
contig_9	resfinder~~~blaKPC-39_1~~~MK118771~~~Amoxicillin;Amoxicillin+Clavulanic_acid;Ampicillin;Ampicillin+Clavulanic_acid;Aztreonam;Cefepime;Cefotaxime;Cefoxitin;Ceftazidime;Ceftazidime+Avibactam;Ertapenem;Imipenem;Meropenem;Piperacillin;Piperacillin+Tazobactam;Ticarcillin;Ticarcillin+Clavulanic_acid	99.887	882	1	0	76689	77570	1	882	0.0	1624	79498	882	resfinder~~~blaKPC-39_1~~~MK118771~~~Amoxicillin;Amoxicillin+Clavulanic_acid;Ampicillin;Ampicillin+Clavulanic_acid;Aztreonam;Cefepime;Cefotaxime;Cefoxitin;Ceftazidime;Ceftazidime+Avibactam;Ertapenem;Imipenem;Meropenem;Piperacillin;Piperacillin+Tazobactam;Ticarcillin;Ticarcillin+Clavulanic_acid blaKPC-39
contig_9	resfinder~~~blaKPC-38_1~~~MK098861~~~Amoxicillin;Amoxicillin+Clavulanic_acid;Ampicillin;Ampicillin+Clavulanic_acid;Aztreonam;Cefepime;Cefotaxime;Cefoxitin;Ceftazidime;Ertapenem;Imipenem;Meropenem;Piperacillin;Piperacillin+Tazobactam;Ticarcillin;Ticarcillin+Clavulanic_acid	99.887	882	1	0	76689	77570	1	882	0.0	1624	79498	882	resfinder~~~blaKPC-38_1~~~MK098861~~~Amoxicillin;Amoxicillin+Clavulanic_acid;Ampicillin;Ampicillin+Clavulanic_acid;Aztreonam;Cefepime;Cefotaxime;Cefoxitin;Ceftazidime;Ertapenem;Imipenem;Meropenem;Piperacillin;Piperacillin+Tazobactam;Ticarcillin;Ticarcillin+Clavulanic_acid blaKPC-38
contig_9	resfinder~~~blaKPC-36_1~~~MH593787~~~Amoxicillin;Amoxicillin+Clavulanic_acid;Ampicillin;Ampicillin+Clavulanic_acid;Aztreonam;Cefepime;Cefotaxime;Cefoxitin;Ceftazidime;Ceftazidime+Avibactam;Ertapenem;Imipenem;Meropenem;Piperacillin;Piperacillin+Tazobactam;Ticarcillin;Ticarcillin+Clavulanic_acid	99.887	882	1	0	76689	77570	1	882	0.0	1624	79498	882	resfinder~~~blaKPC-36_1~~~MH593787~~~Amoxicillin;Amoxicillin+Clavulanic_acid;Ampicillin;Ampicillin+Clavulanic_acid;Aztreonam;Cefepime;Cefotaxime;Cefoxitin;Ceftazidime;Ceftazidime+Avibactam;Ertapenem;Imipenem;Meropenem;Piperacillin;Piperacillin+Tazobactam;Ticarcillin;Ticarcillin+Clavulanic_acid blaKPC-36
contig_9	resfinder~~~blaKPC-31_1~~~MAPH01000113~~~Amoxicillin;Amoxicillin+Clavulanic_acid;Ampicillin;Ampicillin+Clavulanic_acid;Aztreonam;Cefepime;Cefotaxime;Cefoxitin;Ceftazidime;Ertapenem;Imipenem;Meropenem;Piperacillin;Piperacillin+Tazobactam;Ticarcillin;Ticarcillin+Clavulanic_acid	99.887	882	1	0	76689	77570	1	882	0.0	1624	79498	882	resfinder~~~blaKPC-31_1~~~MAPH01000113~~~Amoxicillin;Amoxicillin+Clavulanic_acid;Ampicillin;Ampicillin+Clavulanic_acid;Aztreonam;Cefepime;Cefotaxime;Cefoxitin;Ceftazidime;Ertapenem;Imipenem;Meropenem;Piperacillin;Piperacillin+Tazobactam;Ticarcillin;Ticarcillin+Clavulanic_acid blaKPC-31
contig_9	resfinder~~~blaKPC-2_1~~~AY034847~~~Amoxicillin;Amoxicillin+Clavulanic_acid;Ampicillin;Ampicillin+Clavulanic_acid;Aztreonam;Cefepime;Cefotaxime;Cefoxitin;Ceftazidime;Ertapenem;Imipenem;Meropenem;Piperacillin;Piperacillin+Tazobactam;Ticarcillin;Ticarcillin+Clavulanic_acid	99.887	882	1	0	76689	77570	1	882	0.0	1624	79498	882	resfinder~~~blaKPC-2_1~~~AY034847~~~Amoxicillin;Amoxicillin+Clavulanic_acid;Ampicillin;Ampicillin+Clavulanic_acid;Aztreonam;Cefepime;Cefotaxime;Cefoxitin;Ceftazidime;Ertapenem;Imipenem;Meropenem;Piperacillin;Piperacillin+Tazobactam;Ticarcillin;Ticarcillin+Clavulanic_acid blaKPC-2
contig_9	resfinder~~~blaKPC-27_1~~~KX828722~~~Amoxicillin;Amoxicillin+Clavulanic_acid;Ampicillin;Ampicillin+Clavulanic_acid;Aztreonam;Cefepime;Cefotaxime;Cefoxitin;Ceftazidime;Ertapenem;Imipenem;Meropenem;Piperacillin;Piperacillin+Tazobactam;Ticarcillin;Ticarcillin+Clavulanic_acid	99.887	882	1	0	76689	77570	1	882	0.0	1624	79498	882	resfinder~~~blaKPC-27_1~~~KX828722~~~Amoxicillin;Amoxicillin+Clavulanic_acid;Ampicillin;Ampicillin+Clavulanic_acid;Aztreonam;Cefepime;Cefotaxime;Cefoxitin;Ceftazidime;Ertapenem;Imipenem;Meropenem;Piperacillin;Piperacillin+Tazobactam;Ticarcillin;Ticarcillin+Clavulanic_acid blaKPC-27
contig_9	resfinder~~~blaKPC-10_1~~~GQ140348~~~Amoxicillin;Amoxicillin+Clavulanic_acid;Ampicillin;Ampicillin+Clavulanic_acid;Aztreonam;Cefepime;Cefotaxime;Cefoxitin;Ceftazidime;Ertapenem;Imipenem;Meropenem;Piperacillin;Piperacillin+Tazobactam;Ticarcillin;Ticarcillin+Clavulanic_acid	99.887	882	1	0	76689	77570	1	882	0.0	1624	79498	882	resfinder~~~blaKPC-10_1~~~GQ140348~~~Amoxicillin;Amoxicillin+Clavulanic_acid;Ampicillin;Ampicillin+Clavulanic_acid;Aztreonam;Cefepime;Cefotaxime;Cefoxitin;Ceftazidime;Ertapenem;Imipenem;Meropenem;Piperacillin;Piperacillin+Tazobactam;Ticarcillin;Ticarcillin+Clavulanic_acid blaKPC-10
contig_9	resfinder~~~blaKPC-6_1~~~EU555534~~~Amoxicillin;Amoxicillin+Clavulanic_acid;Ampicillin;Ampicillin+Clavulanic_acid;Aztreonam;Cefepime;Cefotaxime;Cefoxitin;Ceftazidime;Ertapenem;Imipenem;Meropenem;Piperacillin;Piperacillin+Tazobactam;Ticarcillin;Ticarcillin+Clavulanic_acid	99.773	882	2	0	76689	77570	1	882	0.0	1618	79498	882	resfinder~~~blaKPC-6_1~~~EU555534~~~Amoxicillin;Amoxicillin+Clavulanic_acid;Ampicillin;Ampicillin+Clavulanic_acid;Aztreonam;Cefepime;Cefotaxime;Cefoxitin;Ceftazidime;Ertapenem;Imipenem;Meropenem;Piperacillin;Piperacillin+Tazobactam;Ticarcillin;Ticarcillin+Clavulanic_acid blaKPC-6
contig_9	resfinder~~~blaKPC-5_1~~~EU400222~~~Amoxicillin;Amoxicillin+Clavulanic_acid;Ampicillin;Ampicillin+Clavulanic_acid;Aztreonam;Cefepime;Cefotaxime;Cefoxitin;Ceftazidime;Ertapenem;Imipenem;Meropenem;Piperacillin;Piperacillin+Tazobactam;Ticarcillin;Ticarcillin+Clavulanic_acid	99.773	882	2	0	76689	77570	1	882	0.0	1618	79498	882	resfinder~~~blaKPC-5_1~~~EU400222~~~Amoxicillin;Amoxicillin+Clavulanic_acid;Ampicillin;Ampicillin+Clavulanic_acid;Aztreonam;Cefepime;Cefotaxime;Cefoxitin;Ceftazidime;Ertapenem;Imipenem;Meropenem;Piperacillin;Piperacillin+Tazobactam;Ticarcillin;Ticarcillin+Clavulanic_acid blaKPC-5
contig_9	resfinder~~~blaKPC-35_1~~~MH404098~~~Amoxicillin;Amoxicillin+Clavulanic_acid;Ampicillin;Ampicillin+Clavulanic_acid;Aztreonam;Cefepime;Cefotaxime;Cefoxitin;Ceftazidime;Ertapenem;Imipenem;Meropenem;Piperacillin;Piperacillin+Tazobactam;Ticarcillin;Ticarcillin+Clavulanic_acid	99.773	882	2	0	76689	77570	1	882	0.0	1618	79498	882	resfinder~~~blaKPC-35_1~~~MH404098~~~Amoxicillin;Amoxicillin+Clavulanic_acid;Ampicillin;Ampicillin+Clavulanic_acid;Aztreonam;Cefepime;Cefotaxime;Cefoxitin;Ceftazidime;Ertapenem;Imipenem;Meropenem;Piperacillin;Piperacillin+Tazobactam;Ticarcillin;Ticarcillin+Clavulanic_acid blaKPC-35
contig_9	resfinder~~~blaKPC-33_1~~~CP025144~~~Amoxicillin;Amoxicillin+Clavulanic_acid;Ampicillin;Ampicillin+Clavulanic_acid;Aztreonam;Cefepime;Cefotaxime;Cefoxitin;Ceftazidime;Ertapenem;Imipenem;Meropenem;Piperacillin;Piperacillin+Tazobactam;Ticarcillin;Ticarcillin+Clavulanic_acid	99.773	882	2	0	76689	77570	1	882	0.0	1618	79498	882	resfinder~~~blaKPC-33_1~~~CP025144~~~Amoxicillin;Amoxicillin+Clavulanic_acid;Ampicillin;Ampicillin+Clavulanic_acid;Aztreonam;Cefepime;Cefotaxime;Cefoxitin;Ceftazidime;Ertapenem;Imipenem;Meropenem;Piperacillin;Piperacillin+Tazobactam;Ticarcillin;Ticarcillin+Clavulanic_acid blaKPC-33
contig_9	resfinder~~~blaKPC-32_1~~~MAPO01000050~~~Amoxicillin;Amoxicillin+Clavulanic_acid;Ampicillin;Ampicillin+Clavulanic_acid;Aztreonam;Cefepime;Cefotaxime;Cefoxitin;Ceftazidime;Ertapenem;Imipenem;Meropenem;Piperacillin;Piperacillin+Tazobactam;Ticarcillin;Ticarcillin+Clavulanic_acid	99.773	882	2	0	76689	77570	1	882	0.0	1618	79498	882	resfinder~~~blaKPC-32_1~~~MAPO01000050~~~Amoxicillin;Amoxicillin+Clavulanic_acid;Ampicillin;Ampicillin+Clavulanic_acid;Aztreonam;Cefepime;Cefotaxime;Cefoxitin;Ceftazidime;Ertapenem;Imipenem;Meropenem;Piperacillin;Piperacillin+Tazobactam;Ticarcillin;Ticarcillin+Clavulanic_acid blaKPC-32
contig_9	resfinder~~~blaKPC-30_1~~~KY646302~~~Amoxicillin;Amoxicillin+Clavulanic_acid;Ampicillin;Ampicillin+Clavulanic_acid;Aztreonam;Cefepime;Cefotaxime;Cefoxitin;Ceftazidime;Ertapenem;Imipenem;Meropenem;Piperacillin;Piperacillin+Tazobactam;Ticarcillin;Ticarcillin+Clavulanic_acid	99.773	882	2	0	76689	77570	1	882	0.0	1618	79498	882	resfinder~~~blaKPC-30_1~~~KY646302~~~Amoxicillin;Amoxicillin+Clavulanic_acid;Ampicillin;Ampicillin+Clavulanic_acid;Aztreonam;Cefepime;Cefotaxime;Cefoxitin;Ceftazidime;Ertapenem;Imipenem;Meropenem;Piperacillin;Piperacillin+Tazobactam;Ticarcillin;Ticarcillin+Clavulanic_acid blaKPC-30
contig_9	resfinder~~~blaKPC-26_1~~~KX619622~~~Amoxicillin;Amoxicillin+Clavulanic_acid;Ampicillin;Ampicillin+Clavulanic_acid;Aztreonam;Cefepime;Cefotaxime;Cefoxitin;Ceftazidime;Ertapenem;Imipenem;Meropenem;Piperacillin;Piperacillin+Tazobactam;Ticarcillin;Ticarcillin+Clavulanic_acid	99.773	882	2	0	76689	77570	1	882	0.0	1618	79498	882	resfinder~~~blaKPC-26_1~~~KX619622~~~Amoxicillin;Amoxicillin+Clavulanic_acid;Ampicillin;Ampicillin+Clavulanic_acid;Aztreonam;Cefepime;Cefotaxime;Cefoxitin;Ceftazidime;Ertapenem;Imipenem;Meropenem;Piperacillin;Piperacillin+Tazobactam;Ticarcillin;Ticarcillin+Clavulanic_acid blaKPC-26
contig_9	resfinder~~~blaKPC-24_1~~~KR052099~~~Amoxicillin;Amoxicillin+Clavulanic_acid;Ampicillin;Ampicillin+Clavulanic_acid;Aztreonam;Cefepime;Cefotaxime;Cefoxitin;Ceftazidime;Ertapenem;Imipenem;Meropenem;Piperacillin;Piperacillin+Tazobactam;Ticarcillin;Ticarcillin+Clavulanic_acid	99.773	882	2	0	76689	77570	1	882	0.0	1618	79498	882	resfinder~~~blaKPC-24_1~~~KR052099~~~Amoxicillin;Amoxicillin+Clavulanic_acid;Ampicillin;Ampicillin+Clavulanic_acid;Aztreonam;Cefepime;Cefotaxime;Cefoxitin;Ceftazidime;Ertapenem;Imipenem;Meropenem;Piperacillin;Piperacillin+Tazobactam;Ticarcillin;Ticarcillin+Clavulanic_acid blaKPC-24
contig_9	resfinder~~~blaKPC-21_1~~~LN609376~~~Amoxicillin;Amoxicillin+Clavulanic_acid;Ampicillin;Ampicillin+Clavulanic_acid;Aztreonam;Cefepime;Cefotaxime;Cefoxitin;Ceftazidime;Ertapenem;Imipenem;Meropenem;Piperacillin;Piperacillin+Tazobactam;Ticarcillin;Ticarcillin+Clavulanic_acid	99.773	882	2	0	76689	77570	1	882	0.0	1618	79498	882	resfinder~~~blaKPC-21_1~~~LN609376~~~Amoxicillin;Amoxicillin+Clavulanic_acid;Ampicillin;Ampicillin+Clavulanic_acid;Aztreonam;Cefepime;Cefotaxime;Cefoxitin;Ceftazidime;Ertapenem;Imipenem;Meropenem;Piperacillin;Piperacillin+Tazobactam;Ticarcillin;Ticarcillin+Clavulanic_acid blaKPC-21
contig_9	resfinder~~~blaKPC-19_1~~~KJ775801~~~Amoxicillin;Amoxicillin+Clavulanic_acid;Ampicillin;Ampicillin+Clavulanic_acid;Aztreonam;Cefepime;Cefotaxime;Cefoxitin;Ceftazidime;Ertapenem;Imipenem;Meropenem;Piperacillin;Piperacillin+Tazobactam;Ticarcillin;Ticarcillin+Clavulanic_acid	99.773	882	2	0	76689	77570	1	882	0.0	1618	79498	882	resfinder~~~blaKPC-19_1~~~KJ775801~~~Amoxicillin;Amoxicillin+Clavulanic_acid;Ampicillin;Ampicillin+Clavulanic_acid;Aztreonam;Cefepime;Cefotaxime;Cefoxitin;Ceftazidime;Ertapenem;Imipenem;Meropenem;Piperacillin;Piperacillin+Tazobactam;Ticarcillin;Ticarcillin+Clavulanic_acid blaKPC-19
contig_9	resfinder~~~blaKPC-18_1~~~KT884517~~~Amoxicillin;Amoxicillin+Clavulanic_acid;Ampicillin;Ampicillin+Clavulanic_acid;Aztreonam;Cefepime;Cefotaxime;Cefoxitin;Ceftazidime;Ertapenem;Imipenem;Meropenem;Piperacillin;Piperacillin+Tazobactam;Ticarcillin;Ticarcillin+Clavulanic_acid	99.773	882	2	0	76689	77570	1	882	0.0	1618	79498	882	resfinder~~~blaKPC-18_1~~~KT884517~~~Amoxicillin;Amoxicillin+Clavulanic_acid;Ampicillin;Ampicillin+Clavulanic_acid;Aztreonam;Cefepime;Cefotaxime;Cefoxitin;Ceftazidime;Ertapenem;Imipenem;Meropenem;Piperacillin;Piperacillin+Tazobactam;Ticarcillin;Ticarcillin+Clavulanic_acid blaKPC-18
contig_9	resfinder~~~blaKPC-17_1~~~KC465200~~~Amoxicillin;Amoxicillin+Clavulanic_acid;Ampicillin;Ampicillin+Clavulanic_acid;Aztreonam;Cefepime;Cefotaxime;Cefoxitin;Ceftazidime;Ertapenem;Imipenem;Meropenem;Piperacillin;Piperacillin+Tazobactam;Ticarcillin;Ticarcillin+Clavulanic_acid	99.773	882	2	0	76689	77570	1	882	0.0	1618	79498	882	resfinder~~~blaKPC-17_1~~~KC465200~~~Amoxicillin;Amoxicillin+Clavulanic_acid;Ampicillin;Ampicillin+Clavulanic_acid;Aztreonam;Cefepime;Cefotaxime;Cefoxitin;Ceftazidime;Ertapenem;Imipenem;Meropenem;Piperacillin;Piperacillin+Tazobactam;Ticarcillin;Ticarcillin+Clavulanic_acid blaKPC-17
contig_9	resfinder~~~blaKPC-13_1~~~HQ342889~~~Amoxicillin;Amoxicillin+Clavulanic_acid;Ampicillin;Ampicillin+Clavulanic_acid;Aztreonam;Cefepime;Cefotaxime;Cefoxitin;Ceftazidime;Ertapenem;Imipenem;Meropenem;Piperacillin;Piperacillin+Tazobactam;Ticarcillin;Ticarcillin+Clavulanic_acid	99.773	882	2	0	76689	77570	1	882	0.0	1618	79498	882	resfinder~~~blaKPC-13_1~~~HQ342889~~~Amoxicillin;Amoxicillin+Clavulanic_acid;Ampicillin;Ampicillin+Clavulanic_acid;Aztreonam;Cefepime;Cefotaxime;Cefoxitin;Ceftazidime;Ertapenem;Imipenem;Meropenem;Piperacillin;Piperacillin+Tazobactam;Ticarcillin;Ticarcillin+Clavulanic_acid blaKPC-13
contig_9	resfinder~~~blaKPC-12_1~~~HQ641422~~~Amoxicillin;Amoxicillin+Clavulanic_acid;Ampicillin;Ampicillin+Clavulanic_acid;Aztreonam;Cefepime;Cefotaxime;Cefoxitin;Ceftazidime;Ertapenem;Imipenem;Meropenem;Piperacillin;Piperacillin+Tazobactam;Ticarcillin;Ticarcillin+Clavulanic_acid	99.773	882	2	0	76689	77570	1	882	0.0	1618	79498	882	resfinder~~~blaKPC-12_1~~~HQ641422~~~Amoxicillin;Amoxicillin+Clavulanic_acid;Ampicillin;Ampicillin+Clavulanic_acid;Aztreonam;Cefepime;Cefotaxime;Cefoxitin;Ceftazidime;Ertapenem;Imipenem;Meropenem;Piperacillin;Piperacillin+Tazobactam;Ticarcillin;Ticarcillin+Clavulanic_acid blaKPC-12
contig_9	resfinder~~~blaKPC-11_1~~~HM066995~~~Amoxicillin;Amoxicillin+Clavulanic_acid;Ampicillin;Ampicillin+Clavulanic_acid;Aztreonam;Cefepime;Cefotaxime;Cefoxitin;Ceftazidime;Ertapenem;Imipenem;Meropenem;Piperacillin;Piperacillin+Tazobactam;Ticarcillin;Ticarcillin+Clavulanic_acid	99.773	882	2	0	76689	77570	1	882	0.0	1618	79498	882	resfinder~~~blaKPC-11_1~~~HM066995~~~Amoxicillin;Amoxicillin+Clavulanic_acid;Ampicillin;Ampicillin+Clavulanic_acid;Aztreonam;Cefepime;Cefotaxime;Cefoxitin;Ceftazidime;Ertapenem;Imipenem;Meropenem;Piperacillin;Piperacillin+Tazobactam;Ticarcillin;Ticarcillin+Clavulanic_acid blaKPC-11
contig_9	resfinder~~~blaKPC-4_1~~~FJ473382~~~Amoxicillin;Amoxicillin+Clavulanic_acid;Ampicillin;Ampicillin+Clavulanic_acid;Aztreonam;Cefepime;Cefotaxime;Cefoxitin;Ceftazidime;Ertapenem;Imipenem;Meropenem;Piperacillin;Piperacillin+Tazobactam;Ticarcillin;Ticarcillin+Clavulanic_acid	99.660	882	3	0	76689	77570	1	882	0.0	1613	79498	882	resfinder~~~blaKPC-4_1~~~FJ473382~~~Amoxicillin;Amoxicillin+Clavulanic_acid;Ampicillin;Ampicillin+Clavulanic_acid;Aztreonam;Cefepime;Cefotaxime;Cefoxitin;Ceftazidime;Ertapenem;Imipenem;Meropenem;Piperacillin;Piperacillin+Tazobactam;Ticarcillin;Ticarcillin+Clavulanic_acid blaKPC-4
contig_9	resfinder~~~blaKPC-37_1~~~MH718730~~~Amoxicillin;Amoxicillin+Clavulanic_acid;Ampicillin;Ampicillin+Clavulanic_acid;Aztreonam;Cefepime;Cefotaxime;Cefoxitin;Ceftazidime;Ertapenem;Imipenem;Meropenem;Piperacillin;Piperacillin+Tazobactam;Ticarcillin;Ticarcillin+Clavulanic_acid	99.660	882	3	0	76689	77570	1	882	0.0	1613	79498	882	resfinder~~~blaKPC-37_1~~~MH718730~~~Amoxicillin;Amoxicillin+Clavulanic_acid;Ampicillin;Ampicillin+Clavulanic_acid;Aztreonam;Cefepime;Cefotaxime;Cefoxitin;Ceftazidime;Ertapenem;Imipenem;Meropenem;Piperacillin;Piperacillin+Tazobactam;Ticarcillin;Ticarcillin+Clavulanic_acid blaKPC-37
contig_9	resfinder~~~blaKPC-22_1~~~KM379100~~~Amoxicillin;Amoxicillin+Clavulanic_acid;Ampicillin;Ampicillin+Clavulanic_acid;Aztreonam;Cefepime;Cefotaxime;Cefoxitin;Ceftazidime;Ertapenem;Imipenem;Meropenem;Piperacillin;Piperacillin+Tazobactam;Ticarcillin;Ticarcillin+Clavulanic_acid	99.660	882	3	0	76689	77570	1	882	0.0	1613	79498	882	resfinder~~~blaKPC-22_1~~~KM379100~~~Amoxicillin;Amoxicillin+Clavulanic_acid;Ampicillin;Ampicillin+Clavulanic_acid;Aztreonam;Cefepime;Cefotaxime;Cefoxitin;Ceftazidime;Ertapenem;Imipenem;Meropenem;Piperacillin;Piperacillin+Tazobactam;Ticarcillin;Ticarcillin+Clavulanic_acid blaKPC-22
contig_9	resfinder~~~blaKPC-16_1~~~KC465199~~~Amoxicillin;Amoxicillin+Clavulanic_acid;Ampicillin;Ampicillin+Clavulanic_acid;Aztreonam;Cefepime;Cefotaxime;Cefoxitin;Ceftazidime;Ertapenem;Imipenem;Meropenem;Piperacillin;Piperacillin+Tazobactam;Ticarcillin;Ticarcillin+Clavulanic_acid	99.546	882	4	0	76689	77570	1	882	0.0	1607	79498	882	resfinder~~~blaKPC-16_1~~~KC465199~~~Amoxicillin;Amoxicillin+Clavulanic_acid;Ampicillin;Ampicillin+Clavulanic_acid;Aztreonam;Cefepime;Cefotaxime;Cefoxitin;Ceftazidime;Ertapenem;Imipenem;Meropenem;Piperacillin;Piperacillin+Tazobactam;Ticarcillin;Ticarcillin+Clavulanic_acid blaKPC-16
contig_9	resfinder~~~blaKPC-40_1~~~NG_064726:101-988~~~	99.212	888	1	1	76689	77570	1	888	0.0	1596	79498	888	resfinder~~~blaKPC-40_1~~~NG_064726:101-988~~~ blaKPC-40
contig_9	resfinder~~~blaKPC-25_1~~~KU216748~~~Amoxicillin;Amoxicillin+Clavulanic_acid;Ampicillin;Ampicillin+Clavulanic_acid;Aztreonam;Cefepime;Cefotaxime;Cefoxitin;Ceftazidime;Ertapenem;Imipenem;Meropenem;Piperacillin;Piperacillin+Tazobactam;Ticarcillin;Ticarcillin+Clavulanic_acid	99.212	888	1	1	76689	77570	1	888	0.0	1596	79498	888	resfinder~~~blaKPC-25_1~~~KU216748~~~Amoxicillin;Amoxicillin+Clavulanic_acid;Ampicillin;Ampicillin+Clavulanic_acid;Aztreonam;Cefepime;Cefotaxime;Cefoxitin;Ceftazidime;Ertapenem;Imipenem;Meropenem;Piperacillin;Piperacillin+Tazobactam;Ticarcillin;Ticarcillin+Clavulanic_acid blaKPC-25
contig_9	resfinder~~~blaTEM-1A_1~~~HM749966~~~Amoxicillin;Ampicillin;Cephalothin;Piperacillin;Ticarcillin	100.000	861	0	0	63778	64638	861	1	0.0	1591	79498	861	resfinder~~~blaTEM-1A_1~~~HM749966~~~Amoxicillin;Ampicillin;Cephalothin;Piperacillin;Ticarcillin blaTEM-1A
contig_9	resfinder~~~blaKPC-28_1~~~KY282958~~~Amoxicillin;Amoxicillin+Clavulanic_acid;Ampicillin;Ampicillin+Clavulanic_acid;Aztreonam;Cefepime;Cefotaxime;Cefoxitin;Ceftazidime;Ertapenem;Imipenem;Meropenem;Piperacillin;Piperacillin+Tazobactam;Ticarcillin;Ticarcillin+Clavulanic_acid	99.320	882	0	1	76689	77570	1	876	0.0	1591	79498	876	resfinder~~~blaKPC-28_1~~~KY282958~~~Amoxicillin;Amoxicillin+Clavulanic_acid;Ampicillin;Ampicillin+Clavulanic_acid;Aztreonam;Cefepime;Cefotaxime;Cefoxitin;Ceftazidime;Ertapenem;Imipenem;Meropenem;Piperacillin;Piperacillin+Tazobactam;Ticarcillin;Ticarcillin+Clavulanic_acid blaKPC-28
contig_9	resfinder~~~blaKPC-29_1~~~KY563764~~~Amoxicillin;Amoxicillin+Clavulanic_acid;Ampicillin;Ampicillin+Clavulanic_acid;Aztreonam;Cefepime;Cefotaxime;Cefoxitin;Ceftazidime;Ertapenem;Imipenem;Meropenem;Piperacillin;Piperacillin+Tazobactam;Ticarcillin;Ticarcillin+Clavulanic_acid	98.990	891	0	1	76689	77570	1	891	0.0	1587	79498	891	resfinder~~~blaKPC-29_1~~~KY563764~~~Amoxicillin;Amoxicillin+Clavulanic_acid;Ampicillin;Ampicillin+Clavulanic_acid;Aztreonam;Cefepime;Cefotaxime;Cefoxitin;Ceftazidime;Ertapenem;Imipenem;Meropenem;Piperacillin;Piperacillin+Tazobactam;Ticarcillin;Ticarcillin+Clavulanic_acid blaKPC-29
contig_9	resfinder~~~blaTEM-90_1~~~AF351241~~~Amoxicillin;Ampicillin;Cephalothin;Piperacillin;Ticarcillin	99.884	861	1	0	63778	64638	861	1	0.0	1585	79498	861	resfinder~~~blaTEM-90_1~~~AF351241~~~Amoxicillin;Ampicillin;Cephalothin;Piperacillin;Ticarcillin blaTEM-90
contig_9	resfinder~~~blaTEM-54_1~~~AF104442~~~Amoxicillin;Amoxicillin+Clavulanic_acid;Ampicillin;Ampicillin+Clavulanic_acid;Piperacillin;Piperacillin+Tazobactam;Ticarcillin;Ticarcillin+Clavulanic_acid	99.884	861	1	0	63778	64638	861	1	0.0	1585	79498	861	resfinder~~~blaTEM-54_1~~~AF104442~~~Amoxicillin;Amoxicillin+Clavulanic_acid;Ampicillin;Ampicillin+Clavulanic_acid;Piperacillin;Piperacillin+Tazobactam;Ticarcillin;Ticarcillin+Clavulanic_acid blaTEM-54
contig_9	resfinder~~~blaTEM-231_1~~~MG821378~~~	99.884	861	1	0	63778	64638	861	1	0.0	1585	79498	861	resfinder~~~blaTEM-231_1~~~MG821378~~~ blaTEM-231
contig_9	resfinder~~~blaTEM-1C_1~~~FJ560503~~~Amoxicillin;Ampicillin;Cephalothin;Piperacillin;Ticarcillin	99.884	861	1	0	63778	64638	861	1	0.0	1585	79498	861	resfinder~~~blaTEM-1C_1~~~FJ560503~~~Amoxicillin;Ampicillin;Cephalothin;Piperacillin;Ticarcillin blaTEM-1C
contig_9	resfinder~~~blaTEM-183_1~~~HQ529916~~~Amoxicillin;Ampicillin;Cephalothin;Piperacillin;Ticarcillin	99.884	861	1	0	63778	64638	861	1	0.0	1585	79498	861	resfinder~~~blaTEM-183_1~~~HQ529916~~~Amoxicillin;Ampicillin;Cephalothin;Piperacillin;Ticarcillin blaTEM-183
contig_9	resfinder~~~blaTEM-181_1~~~KM977568~~~	99.884	861	1	0	63778	64638	861	1	0.0	1585	79498	861	resfinder~~~blaTEM-181_1~~~KM977568~~~ blaTEM-181
contig_9	resfinder~~~blaTEM-171_1~~~GQ149347~~~	99.884	861	1	0	63778	64638	861	1	0.0	1585	79498	861	resfinder~~~blaTEM-171_1~~~GQ149347~~~ blaTEM-171
contig_9	resfinder~~~blaTEM-168_1~~~FJ919776~~~Amoxicillin;Ampicillin;Aztreonam;Cefepime;Cefotaxime;Ceftazidime;Ceftriaxone;Piperacillin;Ticarcillin	99.884	861	1	0	63778	64638	861	1	0.0	1585	79498	861	resfinder~~~blaTEM-168_1~~~FJ919776~~~Amoxicillin;Ampicillin;Aztreonam;Cefepime;Cefotaxime;Ceftazidime;Ceftriaxone;Piperacillin;Ticarcillin blaTEM-168
contig_9	resfinder~~~blaTEM-156_1~~~AM941159~~~	99.884	861	1	0	63778	64638	861	1	0.0	1585	79498	861	resfinder~~~blaTEM-156_1~~~AM941159~~~ blaTEM-156
contig_9	resfinder~~~blaTEM-150_1~~~AM183304~~~	99.884	861	1	0	63778	64638	861	1	0.0	1585	79498	861	resfinder~~~blaTEM-150_1~~~AM183304~~~ blaTEM-150
contig_9	resfinder~~~blaKPC-15_1~~~KC433553~~~Amoxicillin;Amoxicillin+Clavulanic_acid;Ampicillin;Ampicillin+Clavulanic_acid;Aztreonam;Cefepime;Cefotaxime;Cefoxitin;Ceftazidime;Ertapenem;Imipenem;Meropenem;Piperacillin;Piperacillin+Tazobactam;Ticarcillin;Ticarcillin+Clavulanic_acid	99.093	882	8	0	76689	77570	1	882	0.0	1585	79498	882	resfinder~~~blaKPC-15_1~~~KC433553~~~Amoxicillin;Amoxicillin+Clavulanic_acid;Ampicillin;Ampicillin+Clavulanic_acid;Aztreonam;Cefepime;Cefotaxime;Cefoxitin;Ceftazidime;Ertapenem;Imipenem;Meropenem;Piperacillin;Piperacillin+Tazobactam;Ticarcillin;Ticarcillin+Clavulanic_acid blaKPC-15
contig_9	resfinder~~~blaKPC-14_1~~~JX524191~~~Amoxicillin;Amoxicillin+Clavulanic_acid;Ampicillin;Ampicillin+Clavulanic_acid;Aztreonam;Cefepime;Cefotaxime;Cefoxitin;Ceftazidime;Ertapenem;Imipenem;Meropenem;Piperacillin;Piperacillin+Tazobactam;Ticarcillin;Ticarcillin+Clavulanic_acid	99.206	882	1	1	76689	77570	1	876	0.0	1585	79498	876	resfinder~~~blaKPC-14_1~~~JX524191~~~Amoxicillin;Amoxicillin+Clavulanic_acid;Ampicillin;Ampicillin+Clavulanic_acid;Aztreonam;Cefepime;Cefotaxime;Cefoxitin;Ceftazidime;Ertapenem;Imipenem;Meropenem;Piperacillin;Piperacillin+Tazobactam;Ticarcillin;Ticarcillin+Clavulanic_acid blaKPC-14
contig_9	resfinder~~~blaKPC-41_1~~~MK497255~~~Amoxicillin;Amoxicillin+Clavulanic_acid;Ampicillin;Ampicillin+Clavulanic_acid;Aztreonam;Cefepime;Cefotaxime;Cefoxitin;Ceftazidime;Ceftazidime+Avibactam;Ertapenem;Imipenem;Meropenem;Piperacillin;Piperacillin+Tazobactam;Ticarcillin;Ticarcillin+Clavulanic_acid	98.878	891	1	1	76689	77570	1	891	0.0	1583	79498	891	resfinder~~~blaKPC-41_1~~~MK497255~~~Amoxicillin;Amoxicillin+Clavulanic_acid;Ampicillin;Ampicillin+Clavulanic_acid;Aztreonam;Cefepime;Cefotaxime;Cefoxitin;Ceftazidime;Ceftazidime+Avibactam;Ertapenem;Imipenem;Meropenem;Piperacillin;Piperacillin+Tazobactam;Ticarcillin;Ticarcillin+Clavulanic_acid blaKPC-41
contig_9	resfinder~~~blaTEM-82_1~~~AF427128~~~Amoxicillin;Amoxicillin+Clavulanic_acid;Ampicillin;Ampicillin+Clavulanic_acid;Piperacillin;Piperacillin+Tazobactam;Ticarcillin;Ticarcillin+Clavulanic_acid	99.768	861	2	0	63778	64638	861	1	0.0	1580	79498	861	resfinder~~~blaTEM-82_1~~~AF427128~~~Amoxicillin;Amoxicillin+Clavulanic_acid;Ampicillin;Ampicillin+Clavulanic_acid;Piperacillin;Piperacillin+Tazobactam;Ticarcillin;Ticarcillin+Clavulanic_acid blaTEM-82
contig_9	resfinder~~~blaTEM-81_1~~~AF427127~~~Amoxicillin;Amoxicillin+Clavulanic_acid;Ampicillin;Ampicillin+Clavulanic_acid;Piperacillin;Piperacillin+Tazobactam;Ticarcillin;Ticarcillin+Clavulanic_acid	99.768	861	2	0	63778	64638	861	1	0.0	1580	79498	861	resfinder~~~blaTEM-81_1~~~AF427127~~~Amoxicillin;Amoxicillin+Clavulanic_acid;Ampicillin;Ampicillin+Clavulanic_acid;Piperacillin;Piperacillin+Tazobactam;Ticarcillin;Ticarcillin+Clavulanic_acid blaTEM-81
contig_9	resfinder~~~blaTEM-6_1~~~X57972~~~Amoxicillin;Ampicillin;Aztreonam;Cefepime;Cefotaxime;Ceftazidime;Ceftriaxone;Piperacillin;Ticarcillin	99.768	861	2	0	63778	64638	861	1	0.0	1580	79498	861	resfinder~~~blaTEM-6_1~~~X57972~~~Amoxicillin;Ampicillin;Aztreonam;Cefepime;Cefotaxime;Ceftazidime;Ceftriaxone;Piperacillin;Ticarcillin blaTEM-6
contig_9	resfinder~~~blaTEM-40_1~~~FR717535~~~Amoxicillin;Amoxicillin+Clavulanic_acid;Ampicillin;Ampicillin+Clavulanic_acid;Piperacillin;Piperacillin+Tazobactam;Ticarcillin;Ticarcillin+Clavulanic_acid	99.768	861	2	0	63778	64638	861	1	0.0	1580	79498	861	resfinder~~~blaTEM-40_1~~~FR717535~~~Amoxicillin;Amoxicillin+Clavulanic_acid;Ampicillin;Ampicillin+Clavulanic_acid;Piperacillin;Piperacillin+Tazobactam;Ticarcillin;Ticarcillin+Clavulanic_acid blaTEM-40
contig_9	resfinder~~~blaTEM-26_1~~~LDCJ01000052~~~Amoxicillin;Ampicillin;Aztreonam;Cefepime;Cefotaxime;Ceftazidime;Ceftriaxone;Piperacillin;Ticarcillin	99.768	861	2	0	63778	64638	861	1	0.0	1580	79498	861	resfinder~~~blaTEM-26_1~~~LDCJ01000052~~~Amoxicillin;Ampicillin;Aztreonam;Cefepime;Cefotaxime;Ceftazidime;Ceftriaxone;Piperacillin;Ticarcillin blaTEM-26
contig_9	resfinder~~~blaTEM-219_1~~~KM114268~~~	99.768	861	2	0	63778	64638	861	1	0.0	1580	79498	861	resfinder~~~blaTEM-219_1~~~KM114268~~~ blaTEM-219
contig_9	resfinder~~~blaTEM-189_1~~~JN254627~~~	99.768	861	2	0	63778	64638	861	1	0.0	1580	79498	861	resfinder~~~blaTEM-189_1~~~JN254627~~~ blaTEM-189
contig_9	resfinder~~~blaTEM-154_1~~~FJ807656~~~Amoxicillin;Amoxicillin+Clavulanic_acid;Ampicillin;Ampicillin+Clavulanic_acid;Aztreonam;Cefepime;Cefotaxime;Ceftazidime;Ceftriaxone;Piperacillin;Piperacillin+Tazobactam;Ticarcillin;Ticarcillin+Clavulanic_acid	99.768	861	2	0	63778	64638	861	1	0.0	1580	79498	861	resfinder~~~blaTEM-154_1~~~FJ807656~~~Amoxicillin;Amoxicillin+Clavulanic_acid;Ampicillin;Ampicillin+Clavulanic_acid;Aztreonam;Cefepime;Cefotaxime;Ceftazidime;Ceftriaxone;Piperacillin;Piperacillin+Tazobactam;Ticarcillin;Ticarcillin+Clavulanic_acid blaTEM-154
contig_9	resfinder~~~blaTEM-146_1~~~DQ105529~~~	99.768	861	2	0	63778	64638	861	1	0.0	1580	79498	861	resfinder~~~blaTEM-146_1~~~DQ105529~~~ blaTEM-146
contig_9	resfinder~~~blaTEM-116_1~~~AY425988~~~Amoxicillin;Ampicillin;Cephalothin;Piperacillin;Ticarcillin	99.768	861	2	0	63778	64638	861	1	0.0	1580	79498	861	resfinder~~~blaTEM-116_1~~~AY425988~~~Amoxicillin;Ampicillin;Cephalothin;Piperacillin;Ticarcillin blaTEM-116
contig_9	resfinder~~~blaTEM-112_1~~~AY589493~~~Amoxicillin;Ampicillin;Aztreonam;Cefepime;Cefotaxime;Ceftazidime;Ceftriaxone;Piperacillin;Ticarcillin	99.768	861	2	0	63778	64638	861	1	0.0	1580	79498	861	resfinder~~~blaTEM-112_1~~~AY589493~~~Amoxicillin;Ampicillin;Aztreonam;Cefepime;Cefotaxime;Ceftazidime;Ceftriaxone;Piperacillin;Ticarcillin blaTEM-112
contig_9	resfinder~~~blaTEM-96_1~~~AY092401~~~	99.652	861	3	0	63778	64638	861	1	0.0	1574	79498	861	resfinder~~~blaTEM-96_1~~~AY092401~~~ blaTEM-96
contig_9	resfinder~~~blaTEM-93_1~~~AJ318093~~~Amoxicillin;Ampicillin;Aztreonam;Cefepime;Cefotaxime;Ceftazidime;Ceftriaxone;Piperacillin;Ticarcillin	99.652	861	3	0	63778	64638	861	1	0.0	1574	79498	861	resfinder~~~blaTEM-93_1~~~AJ318093~~~Amoxicillin;Ampicillin;Aztreonam;Cefepime;Cefotaxime;Ceftazidime;Ceftriaxone;Piperacillin;Ticarcillin blaTEM-93
contig_9	resfinder~~~blaTEM-80_1~~~AF347054~~~Amoxicillin;Amoxicillin+Clavulanic_acid;Ampicillin;Ampicillin+Clavulanic_acid;Piperacillin;Piperacillin+Tazobactam;Ticarcillin;Ticarcillin+Clavulanic_acid	99.652	861	3	0	63778	64638	861	1	0.0	1574	79498	861	resfinder~~~blaTEM-80_1~~~AF347054~~~Amoxicillin;Amoxicillin+Clavulanic_acid;Ampicillin;Ampicillin+Clavulanic_acid;Piperacillin;Piperacillin+Tazobactam;Ticarcillin;Ticarcillin+Clavulanic_acid blaTEM-80
contig_9	resfinder~~~blaTEM-79_1~~~AF190692~~~Amoxicillin;Amoxicillin+Clavulanic_acid;Ampicillin;Ampicillin+Clavulanic_acid;Piperacillin;Piperacillin+Tazobactam;Ticarcillin;Ticarcillin+Clavulanic_acid	99.652	861	3	0	63778	64638	861	1	0.0	1574	79498	861	resfinder~~~blaTEM-79_1~~~AF190692~~~Amoxicillin;Amoxicillin+Clavulanic_acid;Ampicillin;Ampicillin+Clavulanic_acid;Piperacillin;Piperacillin+Tazobactam;Ticarcillin;Ticarcillin+Clavulanic_acid blaTEM-79
contig_9	resfinder~~~blaTEM-57_1~~~FJ405211~~~Amoxicillin;Ampicillin;Cephalothin;Piperacillin;Ticarcillin	99.652	861	3	0	63778	64638	861	1	0.0	1574	79498	861	resfinder~~~blaTEM-57_1~~~FJ405211~~~Amoxicillin;Ampicillin;Cephalothin;Piperacillin;Ticarcillin blaTEM-57
contig_9	resfinder~~~blaTEM-55_1~~~DQ286729~~~Amoxicillin;Ampicillin;Cephalothin;Piperacillin;Ticarcillin	99.652	861	3	0	63778	64638	861	1	0.0	1574	79498	861	resfinder~~~blaTEM-55_1~~~DQ286729~~~Amoxicillin;Ampicillin;Cephalothin;Piperacillin;Ticarcillin blaTEM-55
contig_9	resfinder~~~blaTEM-52_1~~~Y13612~~~Amoxicillin;Ampicillin;Aztreonam;Cefepime;Cefotaxime;Ceftazidime;Ceftriaxone;Piperacillin;Ticarcillin	99.652	861	3	0	63778	64638	861	1	0.0	1574	79498	861	resfinder~~~blaTEM-52_1~~~Y13612~~~Amoxicillin;Ampicillin;Aztreonam;Cefepime;Cefotaxime;Ceftazidime;Ceftriaxone;Piperacillin;Ticarcillin blaTEM-52
contig_9	resfinder~~~blaTEM-32_1~~~CXLQ01000061~~~Amoxicillin;Amoxicillin+Clavulanic_acid;Ampicillin;Ampicillin+Clavulanic_acid;Piperacillin;Piperacillin+Tazobactam;Ticarcillin;Ticarcillin+Clavulanic_acid	99.652	861	3	0	63778	64638	861	1	0.0	1574	79498	861	resfinder~~~blaTEM-32_1~~~CXLQ01000061~~~Amoxicillin;Amoxicillin+Clavulanic_acid;Ampicillin;Ampicillin+Clavulanic_acid;Piperacillin;Piperacillin+Tazobactam;Ticarcillin;Ticarcillin+Clavulanic_acid blaTEM-32
contig_9	resfinder~~~blaTEM-29_1~~~DQ269440~~~Amoxicillin;Ampicillin;Aztreonam;Cefepime;Cefotaxime;Ceftazidime;Ceftriaxone;Piperacillin;Ticarcillin	99.652	861	3	0	63778	64638	861	1	0.0	1574	79498	861	resfinder~~~blaTEM-29_1~~~DQ269440~~~Amoxicillin;Ampicillin;Aztreonam;Cefepime;Cefotaxime;Ceftazidime;Ceftriaxone;Piperacillin;Ticarcillin blaTEM-29
contig_9	resfinder~~~blaTEM-229_1~~~MG821356~~~	99.652	861	3	0	63778	64638	861	1	0.0	1574	79498	861	resfinder~~~blaTEM-229_1~~~MG821356~~~ blaTEM-229
contig_9	resfinder~~~blaTEM-20_1~~~EU527189~~~Amoxicillin;Ampicillin;Aztreonam;Cefepime;Cefotaxime;Ceftazidime;Ceftriaxone;Piperacillin;Ticarcillin	99.652	861	3	0	63778	64638	861	1	0.0	1574	79498	861	resfinder~~~blaTEM-20_1~~~EU527189~~~Amoxicillin;Ampicillin;Aztreonam;Cefepime;Cefotaxime;Ceftazidime;Ceftriaxone;Piperacillin;Ticarcillin blaTEM-20
contig_9	resfinder~~~blaTEM-209_1~~~KF240808~~~	99.652	861	3	0	63778	64638	861	1	0.0	1574	79498	861	resfinder~~~blaTEM-209_1~~~KF240808~~~ blaTEM-209
contig_9	resfinder~~~blaTEM-1B_1~~~AY458016~~~Amoxicillin;Ampicillin;Cephalothin;Piperacillin;Ticarcillin	99.652	861	3	0	63778	64638	861	1	0.0	1574	79498	861	resfinder~~~blaTEM-1B_1~~~AY458016~~~Amoxicillin;Ampicillin;Cephalothin;Piperacillin;Ticarcillin blaTEM-1B
contig_9	resfinder~~~blaTEM-197_1~~~HQ877606~~~Amoxicillin;Ampicillin;Aztreonam;Cefepime;Cefotaxime;Ceftazidime;Ceftriaxone;Piperacillin;Ticarcillin	99.652	861	3	0	63778	64638	861	1	0.0	1574	79498	861	resfinder~~~blaTEM-197_1~~~HQ877606~~~Amoxicillin;Ampicillin;Aztreonam;Cefepime;Cefotaxime;Ceftazidime;Ceftriaxone;Piperacillin;Ticarcillin blaTEM-197
contig_9	resfinder~~~blaTEM-141_1~~~AY956335~~~Amoxicillin;Ampicillin;Cephalothin;Piperacillin;Ticarcillin	99.652	861	3	0	63778	64638	861	1	0.0	1574	79498	861	resfinder~~~blaTEM-141_1~~~AY956335~~~Amoxicillin;Ampicillin;Cephalothin;Piperacillin;Ticarcillin blaTEM-141
contig_9	resfinder~~~blaTEM-135_1~~~GQ896333~~~Amoxicillin;Ampicillin;Cephalothin;Piperacillin;Ticarcillin	99.652	861	3	0	63778	64638	861	1	0.0	1574	79498	861	resfinder~~~blaTEM-135_1~~~GQ896333~~~Amoxicillin;Ampicillin;Cephalothin;Piperacillin;Ticarcillin blaTEM-135
contig_9	resfinder~~~blaTEM-122_1~~~AY307100~~~Amoxicillin;Amoxicillin+Clavulanic_acid;Ampicillin;Ampicillin+Clavulanic_acid;Piperacillin;Piperacillin+Tazobactam;Ticarcillin;Ticarcillin+Clavulanic_acid	99.652	861	3	0	63778	64638	861	1	0.0	1574	79498	861	resfinder~~~blaTEM-122_1~~~AY307100~~~Amoxicillin;Amoxicillin+Clavulanic_acid;Ampicillin;Ampicillin+Clavulanic_acid;Piperacillin;Piperacillin+Tazobactam;Ticarcillin;Ticarcillin+Clavulanic_acid blaTEM-122
contig_9	resfinder~~~blaTEM-98_1~~~AF397068~~~Amoxicillin;Ampicillin;Cephalothin;Piperacillin;Ticarcillin	99.883	853	1	0	63778	64630	861	9	0.0	1570	79498	861	resfinder~~~blaTEM-98_1~~~AF397068~~~Amoxicillin;Ampicillin;Cephalothin;Piperacillin;Ticarcillin blaTEM-98
contig_9	resfinder~~~blaTEM-95_1~~~AJ308558~~~Amoxicillin;Ampicillin;Cephalothin;Piperacillin;Ticarcillin	99.535	861	4	0	63778	64638	861	1	0.0	1568	79498	861	resfinder~~~blaTEM-95_1~~~AJ308558~~~Amoxicillin;Ampicillin;Cephalothin;Piperacillin;Ticarcillin blaTEM-95
contig_9	resfinder~~~blaTEM-91_1~~~AB049569~~~Amoxicillin;Ampicillin;Aztreonam;Cefepime;Cefotaxime;Ceftazidime;Ceftriaxone;Piperacillin;Ticarcillin	99.535	861	4	0	63778	64638	861	1	0.0	1568	79498	861	resfinder~~~blaTEM-91_1~~~AB049569~~~Amoxicillin;Ampicillin;Aztreonam;Cefepime;Cefotaxime;Ceftazidime;Ceftriaxone;Piperacillin;Ticarcillin blaTEM-91
contig_9	resfinder~~~blaTEM-76_1~~~AF190694~~~Amoxicillin;Amoxicillin+Clavulanic_acid;Ampicillin;Ampicillin+Clavulanic_acid;Piperacillin;Piperacillin+Tazobactam;Ticarcillin;Ticarcillin+Clavulanic_acid	99.535	861	4	0	63778	64638	861	1	0.0	1568	79498	861	resfinder~~~blaTEM-76_1~~~AF190694~~~Amoxicillin;Amoxicillin+Clavulanic_acid;Ampicillin;Ampicillin+Clavulanic_acid;Piperacillin;Piperacillin+Tazobactam;Ticarcillin;Ticarcillin+Clavulanic_acid blaTEM-76
contig_9	resfinder~~~blaTEM-70_1~~~AF188199~~~	99.535	861	4	0	63778	64638	861	1	0.0	1568	79498	861	resfinder~~~blaTEM-70_1~~~AF188199~~~ blaTEM-70
contig_9	resfinder~~~blaTEM-52C_2~~~EF141186~~~Amoxicillin;Ampicillin;Aztreonam;Cefepime;Cefotaxime;Ceftazidime;Ceftriaxone;Piperacillin;Ticarcillin	99.535	861	4	0	63778	64638	861	1	0.0	1568	79498	861	resfinder~~~blaTEM-52C_2~~~EF141186~~~Amoxicillin;Ampicillin;Aztreonam;Cefepime;Cefotaxime;Ceftazidime;Ceftriaxone;Piperacillin;Ticarcillin blaTEM-52C
contig_9	resfinder~~~blaTEM-34_1~~~KC292503~~~Amoxicillin;Amoxicillin+Clavulanic_acid;Ampicillin;Ampicillin+Clavulanic_acid;Piperacillin;Piperacillin+Tazobactam;Ticarcillin;Ticarcillin+Clavulanic_acid	99.535	861	4	0	63778	64638	861	1	0.0	1568	79498	861	resfinder~~~blaTEM-34_1~~~KC292503~~~Amoxicillin;Amoxicillin+Clavulanic_acid;Ampicillin;Ampicillin+Clavulanic_acid;Piperacillin;Piperacillin+Tazobactam;Ticarcillin;Ticarcillin+Clavulanic_acid blaTEM-34
contig_9	resfinder~~~blaTEM-33_1~~~GU371926~~~Amoxicillin;Amoxicillin+Clavulanic_acid;Ampicillin;Ampicillin+Clavulanic_acid;Piperacillin;Piperacillin+Tazobactam;Ticarcillin;Ticarcillin+Clavulanic_acid	99.535	861	4	0	63778	64638	861	1	0.0	1568	79498	861	resfinder~~~blaTEM-33_1~~~GU371926~~~Amoxicillin;Amoxicillin+Clavulanic_acid;Ampicillin;Ampicillin+Clavulanic_acid;Piperacillin;Piperacillin+Tazobactam;Ticarcillin;Ticarcillin+Clavulanic_acid blaTEM-33
contig_9	resfinder~~~blaTEM-30_1~~~AJ437107~~~Amoxicillin;Amoxicillin+Clavulanic_acid;Ampicillin;Ampicillin+Clavulanic_acid;Piperacillin;Piperacillin+Tazobactam;Ticarcillin;Ticarcillin+Clavulanic_acid	99.535	861	4	0	63778	64638	861	1	0.0	1568	79498	861	resfinder~~~blaTEM-30_1~~~AJ437107~~~Amoxicillin;Amoxicillin+Clavulanic_acid;Ampicillin;Ampicillin+Clavulanic_acid;Piperacillin;Piperacillin+Tazobactam;Ticarcillin;Ticarcillin+Clavulanic_acid blaTEM-30
contig_9	resfinder~~~blaTEM-234_1~~~MH243353~~~	99.535	861	4	0	63778	64638	861	1	0.0	1568	79498	861	resfinder~~~blaTEM-234_1~~~MH243353~~~ blaTEM-234
contig_9	resfinder~~~blaTEM-217_1~~~HG934763~~~	99.535	861	4	0	63778	64638	861	1	0.0	1568	79498	861	resfinder~~~blaTEM-217_1~~~HG934763~~~ blaTEM-217
contig_9	resfinder~~~blaTEM-215_1~~~KP050492~~~	99.535	861	4	0	63778	64638	861	1	0.0	1568	79498	861	resfinder~~~blaTEM-215_1~~~KP050492~~~ blaTEM-215
contig_9	resfinder~~~blaTEM-214_1~~~KP050491~~~	99.535	861	4	0	63778	64638	861	1	0.0	1568	79498	861	resfinder~~~blaTEM-214_1~~~KP050491~~~ blaTEM-214
contig_9	resfinder~~~blaTEM-213_1~~~LJEE02000034~~~Amoxicillin;Ampicillin;Aztreonam;Cefepime;Cefotaxime;Ceftazidime;Ceftriaxone;Piperacillin;Ticarcillin	99.535	861	4	0	63778	64638	861	1	0.0	1568	79498	861	resfinder~~~blaTEM-213_1~~~LJEE02000034~~~Amoxicillin;Ampicillin;Aztreonam;Cefepime;Cefotaxime;Ceftazidime;Ceftriaxone;Piperacillin;Ticarcillin blaTEM-213
contig_9	resfinder~~~blaTEM-208_1~~~KC865667~~~	99.535	861	4	0	63778	64638	861	1	0.0	1568	79498	861	resfinder~~~blaTEM-208_1~~~KC865667~~~ blaTEM-208
contig_9	resfinder~~~blaTEM-207_1~~~KC818234~~~Amoxicillin;Ampicillin;Aztreonam;Cefepime;Cefotaxime;Ceftazidime;Ceftriaxone;Piperacillin;Ticarcillin	99.535	861	4	0	63778	64638	861	1	0.0	1568	79498	861	resfinder~~~blaTEM-207_1~~~KC818234~~~Amoxicillin;Ampicillin;Aztreonam;Cefepime;Cefotaxime;Ceftazidime;Ceftriaxone;Piperacillin;Ticarcillin blaTEM-207
contig_9	resfinder~~~blaTEM-206_1~~~KC783461~~~Amoxicillin;Ampicillin;Cephalothin;Piperacillin;Ticarcillin	99.535	861	4	0	63778	64638	861	1	0.0	1568	79498	861	resfinder~~~blaTEM-206_1~~~KC783461~~~Amoxicillin;Ampicillin;Cephalothin;Piperacillin;Ticarcillin blaTEM-206
contig_9	resfinder~~~blaTEM-1D_1~~~AF188200~~~Amoxicillin;Ampicillin;Cephalothin;Piperacillin;Ticarcillin	99.535	861	4	0	63778	64638	861	1	0.0	1568	79498	861	resfinder~~~blaTEM-1D_1~~~AF188200~~~Amoxicillin;Ampicillin;Cephalothin;Piperacillin;Ticarcillin blaTEM-1D
contig_9	resfinder~~~blaTEM-198_1~~~AB700703~~~	99.535	861	4	0	63778	64638	861	1	0.0	1568	79498	861	resfinder~~~blaTEM-198_1~~~AB700703~~~ blaTEM-198
contig_9	resfinder~~~blaTEM-186_1~~~JN227084~~~Amoxicillin;Ampicillin;Cephalothin;Piperacillin;Ticarcillin	99.535	861	4	0	63778	64638	861	1	0.0	1568	79498	861	resfinder~~~blaTEM-186_1~~~JN227084~~~Amoxicillin;Ampicillin;Cephalothin;Piperacillin;Ticarcillin blaTEM-186
contig_9	resfinder~~~blaTEM-176_1~~~GU550123~~~	99.535	861	4	0	63778	64638	861	1	0.0	1568	79498	861	resfinder~~~blaTEM-176_1~~~GU550123~~~ blaTEM-176
contig_9	resfinder~~~blaTEM-169_1~~~KP012538~~~Amoxicillin;Ampicillin;Aztreonam;Cefepime;Cefotaxime;Ceftazidime;Ceftriaxone;Piperacillin;Ticarcillin	99.535	861	4	0	63778	64638	861	1	0.0	1568	79498	861	resfinder~~~blaTEM-169_1~~~KP012538~~~Amoxicillin;Ampicillin;Aztreonam;Cefepime;Cefotaxime;Ceftazidime;Ceftriaxone;Piperacillin;Ticarcillin blaTEM-169
contig_9	resfinder~~~blaTEM-166_1~~~FJ197316~~~	99.535	861	4	0	63778	64638	861	1	0.0	1568	79498	861	resfinder~~~blaTEM-166_1~~~FJ197316~~~ blaTEM-166
contig_9	resfinder~~~blaTEM-163_1~~~EU815939~~~Amoxicillin;Amoxicillin+Clavulanic_acid;Ampicillin;Ampicillin+Clavulanic_acid;Piperacillin;Piperacillin+Tazobactam;Ticarcillin;Ticarcillin+Clavulanic_acid	99.535	861	4	0	63778	64638	861	1	0.0	1568	79498	861	resfinder~~~blaTEM-163_1~~~EU815939~~~Amoxicillin;Amoxicillin+Clavulanic_acid;Ampicillin;Ampicillin+Clavulanic_acid;Piperacillin;Piperacillin+Tazobactam;Ticarcillin;Ticarcillin+Clavulanic_acid blaTEM-163
contig_9	resfinder~~~blaTEM-157_1~~~DQ909059~~~Amoxicillin;Ampicillin;Aztreonam;Cefepime;Cefotaxime;Ceftazidime;Ceftriaxone;Piperacillin;Ticarcillin	99.535	861	4	0	63778	64638	861	1	0.0	1568	79498	861	resfinder~~~blaTEM-157_1~~~DQ909059~~~Amoxicillin;Ampicillin;Aztreonam;Cefepime;Cefotaxime;Ceftazidime;Ceftriaxone;Piperacillin;Ticarcillin blaTEM-157
contig_9	resfinder~~~blaTEM-153_1~~~KC149518~~~Amoxicillin;Ampicillin;Aztreonam;Cefepime;Cefotaxime;Ceftazidime;Ceftriaxone;Piperacillin;Ticarcillin	99.535	861	4	0	63778	64638	861	1	0.0	1568	79498	861	resfinder~~~blaTEM-153_1~~~KC149518~~~Amoxicillin;Ampicillin;Aztreonam;Cefepime;Cefotaxime;Ceftazidime;Ceftriaxone;Piperacillin;Ticarcillin blaTEM-153
contig_9	resfinder~~~blaTEM-148_1~~~AM087454~~~	99.535	861	4	0	63778	64638	861	1	0.0	1568	79498	861	resfinder~~~blaTEM-148_1~~~AM087454~~~ blaTEM-148
contig_9	resfinder~~~blaTEM-147_1~~~DQ279850~~~Amoxicillin;Ampicillin;Aztreonam;Cefepime;Cefotaxime;Ceftazidime;Ceftriaxone;Piperacillin;Ticarcillin	99.535	861	4	0	63778	64638	861	1	0.0	1568	79498	861	resfinder~~~blaTEM-147_1~~~DQ279850~~~Amoxicillin;Ampicillin;Aztreonam;Cefepime;Cefotaxime;Ceftazidime;Ceftriaxone;Piperacillin;Ticarcillin blaTEM-147
contig_9	resfinder~~~blaTEM-143_1~~~DQ075245~~~Amoxicillin;Ampicillin;Aztreonam;Cefepime;Cefotaxime;Ceftazidime;Ceftriaxone;Piperacillin;Ticarcillin	99.535	861	4	0	63778	64638	861	1	0.0	1568	79498	861	resfinder~~~blaTEM-143_1~~~DQ075245~~~Amoxicillin;Ampicillin;Aztreonam;Cefepime;Cefotaxime;Ceftazidime;Ceftriaxone;Piperacillin;Ticarcillin blaTEM-143
contig_9	resfinder~~~blaTEM-128_1~~~AY368237~~~Amoxicillin;Ampicillin;Cephalothin;Piperacillin;Ticarcillin	99.535	861	4	0	63778	64638	861	1	0.0	1568	79498	861	resfinder~~~blaTEM-128_1~~~AY368237~~~Amoxicillin;Ampicillin;Cephalothin;Piperacillin;Ticarcillin blaTEM-128
contig_9	resfinder~~~blaTEM-127_1~~~AY368236~~~Amoxicillin;Ampicillin;Cephalothin;Piperacillin;Ticarcillin	99.535	861	4	0	63778	64638	861	1	0.0	1568	79498	861	resfinder~~~blaTEM-127_1~~~AY368236~~~Amoxicillin;Ampicillin;Cephalothin;Piperacillin;Ticarcillin blaTEM-127
contig_9	resfinder~~~blaTEM-105_1~~~AF516720~~~	99.535	861	4	0	63778	64638	861	1	0.0	1568	79498	861	resfinder~~~blaTEM-105_1~~~AF516720~~~ blaTEM-105
contig_9	resfinder~~~blaTEM-84_1~~~AF427130~~~Amoxicillin;Amoxicillin+Clavulanic_acid;Ampicillin;Ampicillin+Clavulanic_acid;Piperacillin;Piperacillin+Tazobactam;Ticarcillin;Ticarcillin+Clavulanic_acid	99.419	861	5	0	63778	64638	861	1	0.0	1563	79498	861	resfinder~~~blaTEM-84_1~~~AF427130~~~Amoxicillin;Amoxicillin+Clavulanic_acid;Ampicillin;Ampicillin+Clavulanic_acid;Piperacillin;Piperacillin+Tazobactam;Ticarcillin;Ticarcillin+Clavulanic_acid blaTEM-84
contig_9	resfinder~~~blaTEM-77_1~~~AF190695~~~Amoxicillin;Amoxicillin+Clavulanic_acid;Ampicillin;Ampicillin+Clavulanic_acid;Piperacillin;Piperacillin+Tazobactam;Ticarcillin;Ticarcillin+Clavulanic_acid	99.419	861	5	0	63778	64638	861	1	0.0	1563	79498	861	resfinder~~~blaTEM-77_1~~~AF190695~~~Amoxicillin;Amoxicillin+Clavulanic_acid;Ampicillin;Ampicillin+Clavulanic_acid;Piperacillin;Piperacillin+Tazobactam;Ticarcillin;Ticarcillin+Clavulanic_acid blaTEM-77
contig_9	resfinder~~~blaTEM-43_1~~~U95363~~~Amoxicillin;Ampicillin;Aztreonam;Cefepime;Cefotaxime;Ceftazidime;Ceftriaxone;Piperacillin;Ticarcillin	99.419	861	5	0	63778	64638	861	1	0.0	1563	79498	861	resfinder~~~blaTEM-43_1~~~U95363~~~Amoxicillin;Ampicillin;Aztreonam;Cefepime;Cefotaxime;Ceftazidime;Ceftriaxone;Piperacillin;Ticarcillin blaTEM-43
contig_9	resfinder~~~blaTEM-36_1~~~KY305958~~~Amoxicillin;Amoxicillin+Clavulanic_acid;Ampicillin;Ampicillin+Clavulanic_acid;Piperacillin;Piperacillin+Tazobactam;Ticarcillin;Ticarcillin+Clavulanic_acid	99.419	861	5	0	63778	64638	861	1	0.0	1563	79498	861	resfinder~~~blaTEM-36_1~~~KY305958~~~Amoxicillin;Amoxicillin+Clavulanic_acid;Ampicillin;Ampicillin+Clavulanic_acid;Piperacillin;Piperacillin+Tazobactam;Ticarcillin;Ticarcillin+Clavulanic_acid blaTEM-36
contig_9	resfinder~~~blaTEM-35_1~~~KP860986~~~Amoxicillin;Amoxicillin+Clavulanic_acid;Ampicillin;Ampicillin+Clavulanic_acid;Piperacillin;Piperacillin+Tazobactam;Ticarcillin;Ticarcillin+Clavulanic_acid	99.419	861	5	0	63778	64638	861	1	0.0	1563	79498	861	resfinder~~~blaTEM-35_1~~~KP860986~~~Amoxicillin;Amoxicillin+Clavulanic_acid;Ampicillin;Ampicillin+Clavulanic_acid;Piperacillin;Piperacillin+Tazobactam;Ticarcillin;Ticarcillin+Clavulanic_acid blaTEM-35
contig_9	resfinder~~~blaTEM-2_1~~~X54606~~~Amoxicillin;Ampicillin;Cephalothin;Piperacillin;Ticarcillin	99.419	861	5	0	63778	64638	861	1	0.0	1563	79498	861	resfinder~~~blaTEM-2_1~~~X54606~~~Amoxicillin;Ampicillin;Cephalothin;Piperacillin;Ticarcillin blaTEM-2
contig_9	resfinder~~~blaTEM-28_1~~~U37195~~~Amoxicillin;Ampicillin;Aztreonam;Cefepime;Cefotaxime;Ceftazidime;Ceftriaxone;Piperacillin;Ticarcillin	99.419	861	5	0	63778	64638	861	1	0.0	1563	79498	861	resfinder~~~blaTEM-28_1~~~U37195~~~Amoxicillin;Ampicillin;Aztreonam;Cefepime;Cefotaxime;Ceftazidime;Ceftriaxone;Piperacillin;Ticarcillin blaTEM-28
contig_9	resfinder~~~blaTEM-232_1~~~MH079593~~~	99.419	861	5	0	63778	64638	861	1	0.0	1563	79498	861	resfinder~~~blaTEM-232_1~~~MH079593~~~ blaTEM-232
contig_9	resfinder~~~blaTEM-230_1~~~MG821377~~~	99.419	861	5	0	63778	64638	861	1	0.0	1563	79498	861	resfinder~~~blaTEM-230_1~~~MG821377~~~ blaTEM-230
contig_9	resfinder~~~blaTEM-225_1~~~KY432403~~~	99.419	861	5	0	63778	64638	861	1	0.0	1563	79498	861	resfinder~~~blaTEM-225_1~~~KY432403~~~ blaTEM-225
contig_9	resfinder~~~blaTEM-220_1~~~KM998962~~~	99.419	861	5	0	63778	64638	861	1	0.0	1563	79498	861	resfinder~~~blaTEM-220_1~~~KM998962~~~ blaTEM-220
contig_9	resfinder~~~blaTEM-216_1~~~KF944358~~~	99.419	861	5	0	63778	64638	861	1	0.0	1563	79498	861	resfinder~~~blaTEM-216_1~~~KF944358~~~ blaTEM-216
contig_9	resfinder~~~blaTEM-212_1~~~KF481968~~~	99.419	861	5	0	63778	64638	861	1	0.0	1563	79498	861	resfinder~~~blaTEM-212_1~~~KF481968~~~ blaTEM-212
contig_9	resfinder~~~blaTEM-210_1~~~KJ484630~~~	99.419	861	5	0	63778	64638	861	1	0.0	1563	79498	861	resfinder~~~blaTEM-210_1~~~KJ484630~~~ blaTEM-210
contig_9	resfinder~~~blaTEM-201_1~~~JX310327~~~	99.419	861	5	0	63778	64638	861	1	0.0	1563	79498	861	resfinder~~~blaTEM-201_1~~~JX310327~~~ blaTEM-201
contig_9	resfinder~~~blaTEM-19_1~~~JX042489~~~Amoxicillin;Ampicillin;Aztreonam;Cefepime;Cefotaxime;Ceftazidime;Ceftriaxone;Piperacillin;Ticarcillin	99.419	861	5	0	63778	64638	861	1	0.0	1563	79498	861	resfinder~~~blaTEM-19_1~~~JX042489~~~Amoxicillin;Ampicillin;Aztreonam;Cefepime;Cefotaxime;Ceftazidime;Ceftriaxone;Piperacillin;Ticarcillin blaTEM-19
contig_9	resfinder~~~blaTEM-196_1~~~JQ034306~~~	99.419	861	5	0	63778	64638	861	1	0.0	1563	79498	861	resfinder~~~blaTEM-196_1~~~JQ034306~~~ blaTEM-196
contig_9	resfinder~~~blaTEM-191_1~~~KY432484~~~	99.419	861	5	0	63778	64638	861	1	0.0	1563	79498	861	resfinder~~~blaTEM-191_1~~~KY432484~~~ blaTEM-191
contig_9	resfinder~~~blaTEM-185_1~~~JF795538~~~Amoxicillin;Amoxicillin+Clavulanic_acid;Ampicillin;Ampicillin+Clavulanic_acid;Cefoxitin;Cephalothin;Piperacillin;Piperacillin+Tazobactam;Ticarcillin;Ticarcillin+Clavulanic_acid	99.419	861	5	0	63778	64638	861	1	0.0	1563	79498	861	resfinder~~~blaTEM-185_1~~~JF795538~~~Amoxicillin;Amoxicillin+Clavulanic_acid;Ampicillin;Ampicillin+Clavulanic_acid;Cefoxitin;Cephalothin;Piperacillin;Piperacillin+Tazobactam;Ticarcillin;Ticarcillin+Clavulanic_acid blaTEM-185
contig_9	resfinder~~~blaTEM-17_1~~~Y14574~~~Amoxicillin;Ampicillin;Aztreonam;Cefepime;Cefotaxime;Ceftazidime;Ceftriaxone;Piperacillin;Ticarcillin	99.419	861	5	0	63778	64638	861	1	0.0	1563	79498	861	resfinder~~~blaTEM-17_1~~~Y14574~~~Amoxicillin;Ampicillin;Aztreonam;Cefepime;Cefotaxime;Ceftazidime;Ceftriaxone;Piperacillin;Ticarcillin blaTEM-17
contig_9	resfinder~~~blaTEM-164_1~~~EU274580~~~Amoxicillin;Ampicillin;Aztreonam;Cefepime;Cefotaxime;Ceftazidime;Ceftriaxone;Piperacillin;Ticarcillin	99.419	861	5	0	63778	64638	861	1	0.0	1563	79498	861	resfinder~~~blaTEM-164_1~~~EU274580~~~Amoxicillin;Ampicillin;Aztreonam;Cefepime;Cefotaxime;Ceftazidime;Ceftriaxone;Piperacillin;Ticarcillin blaTEM-164
contig_9	resfinder~~~blaTEM-15_1~~~AM849805~~~Amoxicillin;Ampicillin;Aztreonam;Cefepime;Cefotaxime;Ceftazidime;Ceftriaxone;Piperacillin;Ticarcillin	99.419	861	5	0	63778	64638	861	1	0.0	1563	79498	861	resfinder~~~blaTEM-15_1~~~AM849805~~~Amoxicillin;Ampicillin;Aztreonam;Cefepime;Cefotaxime;Ceftazidime;Ceftriaxone;Piperacillin;Ticarcillin blaTEM-15
contig_9	resfinder~~~blaTEM-155_1~~~DQ679961~~~Amoxicillin;Ampicillin;Aztreonam;Cefepime;Cefotaxime;Ceftazidime;Ceftriaxone;Piperacillin;Ticarcillin	99.419	861	5	0	63778	64638	861	1	0.0	1563	79498	861	resfinder~~~blaTEM-155_1~~~DQ679961~~~Amoxicillin;Ampicillin;Aztreonam;Cefepime;Cefotaxime;Ceftazidime;Ceftriaxone;Piperacillin;Ticarcillin blaTEM-155
contig_9	resfinder~~~blaTEM-145_1~~~DQ105528~~~Amoxicillin;Amoxicillin+Clavulanic_acid;Ampicillin;Ampicillin+Clavulanic_acid;Piperacillin;Piperacillin+Tazobactam;Ticarcillin;Ticarcillin+Clavulanic_acid	99.419	861	5	0	63778	64638	861	1	0.0	1563	79498	861	resfinder~~~blaTEM-145_1~~~DQ105528~~~Amoxicillin;Amoxicillin+Clavulanic_acid;Ampicillin;Ampicillin+Clavulanic_acid;Piperacillin;Piperacillin+Tazobactam;Ticarcillin;Ticarcillin+Clavulanic_acid blaTEM-145
contig_9	resfinder~~~blaTEM-144_1~~~AM049400~~~Amoxicillin;Ampicillin;Aztreonam;Cefepime;Cefotaxime;Ceftazidime;Ceftriaxone;Piperacillin;Ticarcillin	99.419	861	5	0	63778	64638	861	1	0.0	1563	79498	861	resfinder~~~blaTEM-144_1~~~AM049400~~~Amoxicillin;Ampicillin;Aztreonam;Cefepime;Cefotaxime;Ceftazidime;Ceftriaxone;Piperacillin;Ticarcillin blaTEM-144
contig_9	resfinder~~~blaTEM-12_1~~~M88143~~~Amoxicillin;Ampicillin;Aztreonam;Cefepime;Cefotaxime;Ceftazidime;Ceftriaxone;Piperacillin;Ticarcillin	99.419	861	5	0	63778	64638	861	1	0.0	1563	79498	861	resfinder~~~blaTEM-12_1~~~M88143~~~Amoxicillin;Ampicillin;Aztreonam;Cefepime;Cefotaxime;Ceftazidime;Ceftriaxone;Piperacillin;Ticarcillin blaTEM-12
contig_9	resfinder~~~blaTEM-126_1~~~AY628199~~~Amoxicillin;Ampicillin;Aztreonam;Cefepime;Cefotaxime;Ceftazidime;Ceftriaxone;Piperacillin;Ticarcillin	99.419	861	5	0	63778	64638	861	1	0.0	1563	79498	861	resfinder~~~blaTEM-126_1~~~AY628199~~~Amoxicillin;Ampicillin;Aztreonam;Cefepime;Cefotaxime;Ceftazidime;Ceftriaxone;Piperacillin;Ticarcillin blaTEM-126
contig_9	resfinder~~~blaTEM-120_1~~~AY243512~~~Amoxicillin;Ampicillin;Aztreonam;Cefepime;Cefotaxime;Ceftazidime;Ceftriaxone;Piperacillin;Ticarcillin	99.419	861	5	0	63778	64638	861	1	0.0	1563	79498	861	resfinder~~~blaTEM-120_1~~~AY243512~~~Amoxicillin;Ampicillin;Aztreonam;Cefepime;Cefotaxime;Ceftazidime;Ceftriaxone;Piperacillin;Ticarcillin blaTEM-120
contig_9	resfinder~~~blaTEM-115_1~~~AF535127~~~Amoxicillin;Ampicillin;Aztreonam;Cefepime;Cefotaxime;Ceftazidime;Ceftriaxone;Piperacillin;Ticarcillin	99.419	861	5	0	63778	64638	861	1	0.0	1563	79498	861	resfinder~~~blaTEM-115_1~~~AF535127~~~Amoxicillin;Ampicillin;Aztreonam;Cefepime;Cefotaxime;Ceftazidime;Ceftriaxone;Piperacillin;Ticarcillin blaTEM-115
contig_9	resfinder~~~blaTEM-10_1~~~AF093512~~~Amoxicillin;Ampicillin;Aztreonam;Cefepime;Cefotaxime;Ceftazidime;Ceftriaxone;Piperacillin;Ticarcillin	99.419	861	5	0	63778	64638	861	1	0.0	1563	79498	861	resfinder~~~blaTEM-10_1~~~AF093512~~~Amoxicillin;Ampicillin;Aztreonam;Cefepime;Cefotaxime;Ceftazidime;Ceftriaxone;Piperacillin;Ticarcillin blaTEM-10
contig_9	resfinder~~~blaTEM-109_1~~~AY628175~~~Amoxicillin;Amoxicillin+Clavulanic_acid;Ampicillin;Ampicillin+Clavulanic_acid;Aztreonam;Cefepime;Cefotaxime;Ceftazidime;Ceftriaxone;Piperacillin;Piperacillin+Tazobactam;Ticarcillin;Ticarcillin+Clavulanic_acid	99.419	861	5	0	63778	64638	861	1	0.0	1563	79498	861	resfinder~~~blaTEM-109_1~~~AY628175~~~Amoxicillin;Amoxicillin+Clavulanic_acid;Ampicillin;Ampicillin+Clavulanic_acid;Aztreonam;Cefepime;Cefotaxime;Ceftazidime;Ceftriaxone;Piperacillin;Piperacillin+Tazobactam;Ticarcillin;Ticarcillin+Clavulanic_acid blaTEM-109
contig_9	resfinder~~~blaTEM-106_1~~~AY101578~~~Amoxicillin;Ampicillin;Aztreonam;Cefepime;Cefotaxime;Ceftazidime;Ceftriaxone;Piperacillin;Ticarcillin	99.419	861	5	0	63778	64638	861	1	0.0	1563	79498	861	resfinder~~~blaTEM-106_1~~~AY101578~~~Amoxicillin;Ampicillin;Aztreonam;Cefepime;Cefotaxime;Ceftazidime;Ceftriaxone;Piperacillin;Ticarcillin blaTEM-106
contig_9	resfinder~~~blaTEM-104_1~~~AF516719~~~	99.419	861	5	0	63778	64638	861	1	0.0	1563	79498	861	resfinder~~~blaTEM-104_1~~~AF516719~~~ blaTEM-104
contig_9	resfinder~~~blaTEM-97_1~~~AF397067~~~Amoxicillin;Amoxicillin+Clavulanic_acid;Ampicillin;Ampicillin+Clavulanic_acid;Piperacillin;Piperacillin+Tazobactam;Ticarcillin;Ticarcillin+Clavulanic_acid	99.648	853	3	0	63778	64630	861	9	0.0	1559	79498	861	resfinder~~~blaTEM-97_1~~~AF397067~~~Amoxicillin;Amoxicillin+Clavulanic_acid;Ampicillin;Ampicillin+Clavulanic_acid;Piperacillin;Piperacillin+Tazobactam;Ticarcillin;Ticarcillin+Clavulanic_acid blaTEM-97
contig_9	resfinder~~~blaTEM-71_1~~~AF203816~~~Amoxicillin;Ampicillin;Aztreonam;Cefepime;Cefotaxime;Ceftazidime;Ceftriaxone;Piperacillin;Ticarcillin	99.303	861	6	0	63778	64638	861	1	0.0	1557	79498	861	resfinder~~~blaTEM-71_1~~~AF203816~~~Amoxicillin;Ampicillin;Aztreonam;Cefepime;Cefotaxime;Ceftazidime;Ceftriaxone;Piperacillin;Ticarcillin blaTEM-71
contig_9	resfinder~~~blaTEM-53_1~~~AF104441~~~Amoxicillin;Ampicillin;Aztreonam;Cefepime;Cefotaxime;Ceftazidime;Ceftriaxone;Piperacillin;Ticarcillin	99.303	861	6	0	63778	64638	861	1	0.0	1557	79498	861	resfinder~~~blaTEM-53_1~~~AF104441~~~Amoxicillin;Ampicillin;Aztreonam;Cefepime;Cefotaxime;Ceftazidime;Ceftriaxone;Piperacillin;Ticarcillin blaTEM-53
contig_9	resfinder~~~blaTEM-52B_1~~~AF027199~~~Amoxicillin;Ampicillin;Aztreonam;Cefepime;Cefotaxime;Ceftazidime;Ceftriaxone;Piperacillin;Ticarcillin	99.303	861	6	0	63778	64638	861	1	0.0	1557	79498	861	resfinder~~~blaTEM-52B_1~~~AF027199~~~Amoxicillin;Ampicillin;Aztreonam;Cefepime;Cefotaxime;Ceftazidime;Ceftriaxone;Piperacillin;Ticarcillin blaTEM-52B
contig_9	resfinder~~~blaTEM-45_1~~~X95401~~~Amoxicillin;Amoxicillin+Clavulanic_acid;Ampicillin;Ampicillin+Clavulanic_acid;Piperacillin;Piperacillin+Tazobactam;Ticarcillin;Ticarcillin+Clavulanic_acid	99.303	861	6	0	63778	64638	861	1	0.0	1557	79498	861	resfinder~~~blaTEM-45_1~~~X95401~~~Amoxicillin;Amoxicillin+Clavulanic_acid;Ampicillin;Ampicillin+Clavulanic_acid;Piperacillin;Piperacillin+Tazobactam;Ticarcillin;Ticarcillin+Clavulanic_acid blaTEM-45
contig_9	resfinder~~~blaTEM-2_2~~~AJ251946~~~Amoxicillin;Ampicillin;Cephalothin;Piperacillin;Ticarcillin	99.303	861	6	0	63778	64638	861	1	0.0	1557	79498	861	resfinder~~~blaTEM-2_2~~~AJ251946~~~Amoxicillin;Ampicillin;Cephalothin;Piperacillin;Ticarcillin blaTEM-2
contig_9	resfinder~~~blaTEM-226_1~~~KY646301~~~	99.303	861	6	0	63778	64638	861	1	0.0	1557	79498	861	resfinder~~~blaTEM-226_1~~~KY646301~~~ blaTEM-226
contig_9	resfinder~~~blaTEM-182_1~~~HQ317449~~~Amoxicillin;Amoxicillin+Clavulanic_acid;Ampicillin;Ampicillin+Clavulanic_acid;Piperacillin;Piperacillin+Tazobactam;Ticarcillin;Ticarcillin+Clavulanic_acid	99.303	861	6	0	63778	64638	861	1	0.0	1557	79498	861	resfinder~~~blaTEM-182_1~~~HQ317449~~~Amoxicillin;Amoxicillin+Clavulanic_acid;Ampicillin;Ampicillin+Clavulanic_acid;Piperacillin;Piperacillin+Tazobactam;Ticarcillin;Ticarcillin+Clavulanic_acid blaTEM-182
contig_9	resfinder~~~blaTEM-160_1~~~EF136377~~~Amoxicillin;Amoxicillin+Clavulanic_acid;Ampicillin;Ampicillin+Clavulanic_acid;Piperacillin;Piperacillin+Tazobactam;Ticarcillin;Ticarcillin+Clavulanic_acid	99.303	861	6	0	63778	64638	861	1	0.0	1557	79498	861	resfinder~~~blaTEM-160_1~~~EF136377~~~Amoxicillin;Amoxicillin+Clavulanic_acid;Ampicillin;Ampicillin+Clavulanic_acid;Piperacillin;Piperacillin+Tazobactam;Ticarcillin;Ticarcillin+Clavulanic_acid blaTEM-160
contig_9	resfinder~~~blaTEM-159_1~~~EF136376~~~Amoxicillin;Amoxicillin+Clavulanic_acid;Ampicillin;Ampicillin+Clavulanic_acid;Piperacillin;Piperacillin+Tazobactam;Ticarcillin;Ticarcillin+Clavulanic_acid	99.303	861	6	0	63778	64638	861	1	0.0	1557	79498	861	resfinder~~~blaTEM-159_1~~~EF136376~~~Amoxicillin;Amoxicillin+Clavulanic_acid;Ampicillin;Ampicillin+Clavulanic_acid;Piperacillin;Piperacillin+Tazobactam;Ticarcillin;Ticarcillin+Clavulanic_acid blaTEM-159
contig_9	resfinder~~~blaTEM-158_1~~~EF534736~~~Amoxicillin;Amoxicillin+Clavulanic_acid;Ampicillin;Ampicillin+Clavulanic_acid;Aztreonam;Cefepime;Cefotaxime;Ceftazidime;Ceftriaxone;Piperacillin;Piperacillin+Tazobactam;Ticarcillin;Ticarcillin+Clavulanic_acid	99.303	861	6	0	63778	64638	861	1	0.0	1557	79498	861	resfinder~~~blaTEM-158_1~~~EF534736~~~Amoxicillin;Amoxicillin+Clavulanic_acid;Ampicillin;Ampicillin+Clavulanic_acid;Aztreonam;Cefepime;Cefotaxime;Ceftazidime;Ceftriaxone;Piperacillin;Piperacillin+Tazobactam;Ticarcillin;Ticarcillin+Clavulanic_acid blaTEM-158
contig_9	resfinder~~~blaTEM-136_1~~~AY826417~~~Amoxicillin;Ampicillin;Aztreonam;Cefepime;Cefotaxime;Ceftazidime;Ceftriaxone;Piperacillin;Ticarcillin	99.303	861	6	0	63778	64638	861	1	0.0	1557	79498	861	resfinder~~~blaTEM-136_1~~~AY826417~~~Amoxicillin;Ampicillin;Aztreonam;Cefepime;Cefotaxime;Ceftazidime;Ceftriaxone;Piperacillin;Ticarcillin blaTEM-136
contig_9	resfinder~~~blaTEM-133_1~~~AY528425~~~Amoxicillin;Ampicillin;Aztreonam;Cefepime;Cefotaxime;Ceftazidime;Ceftriaxone;Piperacillin;Ticarcillin	99.303	861	6	0	63778	64638	861	1	0.0	1557	79498	861	resfinder~~~blaTEM-133_1~~~AY528425~~~Amoxicillin;Ampicillin;Aztreonam;Cefepime;Cefotaxime;Ceftazidime;Ceftriaxone;Piperacillin;Ticarcillin blaTEM-133
contig_9	resfinder~~~blaTEM-132_1~~~AY491682~~~Amoxicillin;Ampicillin;Aztreonam;Cefepime;Cefotaxime;Ceftazidime;Ceftriaxone;Piperacillin;Ticarcillin	99.303	861	6	0	63778	64638	861	1	0.0	1557	79498	861	resfinder~~~blaTEM-132_1~~~AY491682~~~Amoxicillin;Ampicillin;Aztreonam;Cefepime;Cefotaxime;Ceftazidime;Ceftriaxone;Piperacillin;Ticarcillin blaTEM-132
contig_9	resfinder~~~blaTEM-11_1~~~AY874537~~~Amoxicillin;Ampicillin;Aztreonam;Cefepime;Cefotaxime;Ceftazidime;Ceftriaxone;Piperacillin;Ticarcillin	99.303	861	6	0	63778	64638	861	1	0.0	1557	79498	861	resfinder~~~blaTEM-11_1~~~AY874537~~~Amoxicillin;Ampicillin;Aztreonam;Cefepime;Cefotaxime;Ceftazidime;Ceftriaxone;Piperacillin;Ticarcillin blaTEM-11
contig_9	resfinder~~~blaTEM-110_1~~~AY072920~~~Amoxicillin;Ampicillin;Cephalothin;Piperacillin;Ticarcillin	99.303	861	6	0	63778	64638	861	1	0.0	1557	79498	861	resfinder~~~blaTEM-110_1~~~AY072920~~~Amoxicillin;Ampicillin;Cephalothin;Piperacillin;Ticarcillin blaTEM-110
contig_9	resfinder~~~blaTEM-99_1~~~AF397066~~~Amoxicillin;Amoxicillin+Clavulanic_acid;Ampicillin;Ampicillin+Clavulanic_acid;Piperacillin;Piperacillin+Tazobactam;Ticarcillin;Ticarcillin+Clavulanic_acid	99.531	853	4	0	63778	64630	861	9	0.0	1554	79498	861	resfinder~~~blaTEM-99_1~~~AF397066~~~Amoxicillin;Amoxicillin+Clavulanic_acid;Ampicillin;Ampicillin+Clavulanic_acid;Piperacillin;Piperacillin+Tazobactam;Ticarcillin;Ticarcillin+Clavulanic_acid blaTEM-99
contig_9	resfinder~~~blaTEM-88_1~~~AY027590~~~Amoxicillin;Ampicillin;Aztreonam;Cefepime;Cefotaxime;Ceftazidime;Ceftriaxone;Piperacillin;Ticarcillin	99.187	861	7	0	63778	64638	861	1	0.0	1552	79498	861	resfinder~~~blaTEM-88_1~~~AY027590~~~Amoxicillin;Ampicillin;Aztreonam;Cefepime;Cefotaxime;Ceftazidime;Ceftriaxone;Piperacillin;Ticarcillin blaTEM-88
contig_9	resfinder~~~blaTEM-83_1~~~AF427129~~~Amoxicillin;Amoxicillin+Clavulanic_acid;Ampicillin;Ampicillin+Clavulanic_acid;Piperacillin;Piperacillin+Tazobactam;Ticarcillin;Ticarcillin+Clavulanic_acid	99.187	861	7	0	63778	64638	861	1	0.0	1552	79498	861	resfinder~~~blaTEM-83_1~~~AF427129~~~Amoxicillin;Amoxicillin+Clavulanic_acid;Ampicillin;Ampicillin+Clavulanic_acid;Piperacillin;Piperacillin+Tazobactam;Ticarcillin;Ticarcillin+Clavulanic_acid blaTEM-83
contig_9	resfinder~~~blaTEM-78_1~~~AF190693~~~Amoxicillin;Amoxicillin+Clavulanic_acid;Ampicillin;Ampicillin+Clavulanic_acid;Piperacillin;Piperacillin+Tazobactam;Ticarcillin;Ticarcillin+Clavulanic_acid	99.187	861	7	0	63778	64638	861	1	0.0	1552	79498	861	resfinder~~~blaTEM-78_1~~~AF190693~~~Amoxicillin;Amoxicillin+Clavulanic_acid;Ampicillin;Ampicillin+Clavulanic_acid;Piperacillin;Piperacillin+Tazobactam;Ticarcillin;Ticarcillin+Clavulanic_acid blaTEM-78
contig_9	resfinder~~~blaTEM-67_1~~~AF091113~~~Amoxicillin;Amoxicillin+Clavulanic_acid;Ampicillin;Ampicillin+Clavulanic_acid;Piperacillin;Piperacillin+Tazobactam;Ticarcillin;Ticarcillin+Clavulanic_acid	99.187	861	7	0	63778	64638	861	1	0.0	1552	79498	861	resfinder~~~blaTEM-67_1~~~AF091113~~~Amoxicillin;Amoxicillin+Clavulanic_acid;Ampicillin;Ampicillin+Clavulanic_acid;Piperacillin;Piperacillin+Tazobactam;Ticarcillin;Ticarcillin+Clavulanic_acid blaTEM-67
contig_9	resfinder~~~blaTEM-47_1~~~Y10279~~~Amoxicillin;Ampicillin;Aztreonam;Cefepime;Cefotaxime;Ceftazidime;Ceftriaxone;Piperacillin;Ticarcillin	99.187	861	7	0	63778	64638	861	1	0.0	1552	79498	861	resfinder~~~blaTEM-47_1~~~Y10279~~~Amoxicillin;Ampicillin;Aztreonam;Cefepime;Cefotaxime;Ceftazidime;Ceftriaxone;Piperacillin;Ticarcillin blaTEM-47
contig_9	resfinder~~~blaTEM-3_1~~~X64523~~~Amoxicillin;Ampicillin;Aztreonam;Cefepime;Cefotaxime;Ceftazidime;Ceftriaxone;Piperacillin;Ticarcillin	99.187	861	7	0	63778	64638	861	1	0.0	1552	79498	861	resfinder~~~blaTEM-3_1~~~X64523~~~Amoxicillin;Ampicillin;Aztreonam;Cefepime;Cefotaxime;Ceftazidime;Ceftriaxone;Piperacillin;Ticarcillin blaTEM-3
contig_9	resfinder~~~blaTEM-205_1~~~KC900516~~~	99.187	861	7	0	63778	64638	861	1	0.0	1552	79498	861	resfinder~~~blaTEM-205_1~~~KC900516~~~ blaTEM-205
contig_9	resfinder~~~blaTEM-190_1~~~JN416112~~~	99.187	861	7	0	63778	64638	861	1	0.0	1552	79498	861	resfinder~~~blaTEM-190_1~~~JN416112~~~ blaTEM-190
contig_9	resfinder~~~blaTEM-188_1~~~JN211012~~~Amoxicillin;Ampicillin;Aztreonam;Cefepime;Cefotaxime;Ceftazidime;Ceftriaxone;Piperacillin;Ticarcillin	99.187	861	7	0	63778	64638	861	1	0.0	1552	79498	861	resfinder~~~blaTEM-188_1~~~JN211012~~~Amoxicillin;Ampicillin;Aztreonam;Cefepime;Cefotaxime;Ceftazidime;Ceftriaxone;Piperacillin;Ticarcillin blaTEM-188
contig_9	resfinder~~~blaTEM-16_1~~~X65254~~~Amoxicillin;Ampicillin;Aztreonam;Cefepime;Cefotaxime;Ceftazidime;Ceftriaxone;Piperacillin;Ticarcillin	99.187	861	7	0	63778	64638	861	1	0.0	1552	79498	861	resfinder~~~blaTEM-16_1~~~X65254~~~Amoxicillin;Ampicillin;Aztreonam;Cefepime;Cefotaxime;Ceftazidime;Ceftriaxone;Piperacillin;Ticarcillin blaTEM-16
contig_9	resfinder~~~blaTEM-138_1~~~AY853593~~~Amoxicillin;Ampicillin;Aztreonam;Cefepime;Cefotaxime;Ceftazidime;Ceftriaxone;Piperacillin;Ticarcillin	99.187	861	7	0	63778	64638	861	1	0.0	1552	79498	861	resfinder~~~blaTEM-138_1~~~AY853593~~~Amoxicillin;Ampicillin;Aztreonam;Cefepime;Cefotaxime;Ceftazidime;Ceftriaxone;Piperacillin;Ticarcillin blaTEM-138
contig_9	resfinder~~~blaTEM-137_1~~~AM286274~~~Amoxicillin;Ampicillin;Aztreonam;Cefepime;Cefotaxime;Ceftazidime;Ceftriaxone;Piperacillin;Ticarcillin	99.187	861	7	0	63778	64638	861	1	0.0	1552	79498	861	resfinder~~~blaTEM-137_1~~~AM286274~~~Amoxicillin;Ampicillin;Aztreonam;Cefepime;Cefotaxime;Ceftazidime;Ceftriaxone;Piperacillin;Ticarcillin blaTEM-137
contig_9	resfinder~~~blaTEM-111_1~~~AF468003~~~	99.187	861	7	0	63778	64638	861	1	0.0	1552	79498	861	resfinder~~~blaTEM-111_1~~~AF468003~~~ blaTEM-111
contig_9	resfinder~~~blaTEM-107_1~~~AY101764~~~Amoxicillin;Ampicillin;Aztreonam;Cefepime;Cefotaxime;Ceftazidime;Ceftriaxone;Piperacillin;Ticarcillin	99.187	861	7	0	63778	64638	861	1	0.0	1552	79498	861	resfinder~~~blaTEM-107_1~~~AY101764~~~Amoxicillin;Ampicillin;Aztreonam;Cefepime;Cefotaxime;Ceftazidime;Ceftriaxone;Piperacillin;Ticarcillin blaTEM-107
contig_9	resfinder~~~blaTEM-9_1~~~KY271103~~~Amoxicillin;Ampicillin;Aztreonam;Cefepime;Cefotaxime;Ceftazidime;Ceftriaxone;Piperacillin;Ticarcillin	99.071	861	8	0	63778	64638	861	1	0.0	1546	79498	861	resfinder~~~blaTEM-9_1~~~KY271103~~~Amoxicillin;Ampicillin;Aztreonam;Cefepime;Cefotaxime;Ceftazidime;Ceftriaxone;Piperacillin;Ticarcillin blaTEM-9
contig_9	resfinder~~~blaTEM-92_1~~~AF143804~~~Amoxicillin;Ampicillin;Aztreonam;Cefepime;Cefotaxime;Ceftazidime;Ceftriaxone;Piperacillin;Ticarcillin	99.071	861	8	0	63778	64638	861	1	0.0	1546	79498	861	resfinder~~~blaTEM-92_1~~~AF143804~~~Amoxicillin;Ampicillin;Aztreonam;Cefepime;Cefotaxime;Ceftazidime;Ceftriaxone;Piperacillin;Ticarcillin blaTEM-92
contig_9	resfinder~~~blaTEM-8_1~~~X65252~~~Amoxicillin;Ampicillin;Aztreonam;Cefepime;Cefotaxime;Ceftazidime;Ceftriaxone;Piperacillin;Ticarcillin	99.071	861	8	0	63778	64638	861	1	0.0	1546	79498	861	resfinder~~~blaTEM-8_1~~~X65252~~~Amoxicillin;Ampicillin;Aztreonam;Cefepime;Cefotaxime;Ceftazidime;Ceftriaxone;Piperacillin;Ticarcillin blaTEM-8
contig_9	resfinder~~~blaTEM-85_1~~~AJ277414~~~Amoxicillin;Ampicillin;Aztreonam;Cefepime;Cefotaxime;Ceftazidime;Ceftriaxone;Piperacillin;Ticarcillin	99.071	861	8	0	63778	64638	861	1	0.0	1546	79498	861	resfinder~~~blaTEM-85_1~~~AJ277414~~~Amoxicillin;Ampicillin;Aztreonam;Cefepime;Cefotaxime;Ceftazidime;Ceftriaxone;Piperacillin;Ticarcillin blaTEM-85
contig_9	resfinder~~~blaTEM-72_1~~~AF157553~~~Amoxicillin;Ampicillin;Aztreonam;Cefepime;Cefotaxime;Ceftazidime;Ceftriaxone;Piperacillin;Ticarcillin	99.071	861	8	0	63778	64638	861	1	0.0	1546	79498	861	resfinder~~~blaTEM-72_1~~~AF157553~~~Amoxicillin;Ampicillin;Aztreonam;Cefepime;Cefotaxime;Ceftazidime;Ceftriaxone;Piperacillin;Ticarcillin blaTEM-72
contig_9	resfinder~~~blaTEM-68_1~~~AJ239002~~~Amoxicillin;Amoxicillin+Clavulanic_acid;Ampicillin;Ampicillin+Clavulanic_acid;Aztreonam;Cefepime;Cefotaxime;Ceftazidime;Ceftriaxone;Piperacillin;Piperacillin+Tazobactam;Ticarcillin;Ticarcillin+Clavulanic_acid	99.071	861	8	0	63778	64638	861	1	0.0	1546	79498	861	resfinder~~~blaTEM-68_1~~~AJ239002~~~Amoxicillin;Amoxicillin+Clavulanic_acid;Ampicillin;Ampicillin+Clavulanic_acid;Aztreonam;Cefepime;Cefotaxime;Ceftazidime;Ceftriaxone;Piperacillin;Piperacillin+Tazobactam;Ticarcillin;Ticarcillin+Clavulanic_acid blaTEM-68
contig_9	resfinder~~~blaTEM-63_1~~~AF332513~~~Amoxicillin;Ampicillin;Aztreonam;Cefepime;Cefotaxime;Ceftazidime;Ceftriaxone;Piperacillin;Ticarcillin	99.071	861	8	0	63778	64638	861	1	0.0	1546	79498	861	resfinder~~~blaTEM-63_1~~~AF332513~~~Amoxicillin;Ampicillin;Aztreonam;Cefepime;Cefotaxime;Ceftazidime;Ceftriaxone;Piperacillin;Ticarcillin blaTEM-63
contig_9	resfinder~~~blaTEM-4_1~~~LK391770~~~Amoxicillin;Ampicillin;Aztreonam;Cefepime;Cefotaxime;Ceftazidime;Ceftriaxone;Piperacillin;Ticarcillin	99.071	861	8	0	63778	64638	861	1	0.0	1546	79498	861	resfinder~~~blaTEM-4_1~~~LK391770~~~Amoxicillin;Ampicillin;Aztreonam;Cefepime;Cefotaxime;Ceftazidime;Ceftriaxone;Piperacillin;Ticarcillin blaTEM-4
contig_9	resfinder~~~blaTEM-48_1~~~Y10280~~~Amoxicillin;Ampicillin;Aztreonam;Cefepime;Cefotaxime;Ceftazidime;Ceftriaxone;Piperacillin;Ticarcillin	99.071	861	8	0	63778	64638	861	1	0.0	1546	79498	861	resfinder~~~blaTEM-48_1~~~Y10280~~~Amoxicillin;Ampicillin;Aztreonam;Cefepime;Cefotaxime;Ceftazidime;Ceftriaxone;Piperacillin;Ticarcillin blaTEM-48
contig_9	resfinder~~~blaTEM-24_1~~~GQ293500~~~Amoxicillin;Ampicillin;Aztreonam;Cefepime;Cefotaxime;Ceftazidime;Ceftriaxone;Piperacillin;Ticarcillin	99.071	861	8	0	63778	64638	861	1	0.0	1546	79498	861	resfinder~~~blaTEM-24_1~~~GQ293500~~~Amoxicillin;Ampicillin;Aztreonam;Cefepime;Cefotaxime;Ceftazidime;Ceftriaxone;Piperacillin;Ticarcillin blaTEM-24
contig_9	resfinder~~~blaTEM-233_1~~~MH270416~~~	99.071	861	8	0	63778	64638	861	1	0.0	1546	79498	861	resfinder~~~blaTEM-233_1~~~MH270416~~~ blaTEM-233
contig_9	resfinder~~~blaTEM-22_1~~~Y17583~~~Amoxicillin;Ampicillin;Aztreonam;Cefepime;Cefotaxime;Ceftazidime;Ceftriaxone;Piperacillin;Ticarcillin	99.071	861	8	0	63778	64638	861	1	0.0	1546	79498	861	resfinder~~~blaTEM-22_1~~~Y17583~~~Amoxicillin;Ampicillin;Aztreonam;Cefepime;Cefotaxime;Ceftazidime;Ceftriaxone;Piperacillin;Ticarcillin blaTEM-22
contig_9	resfinder~~~blaTEM-21_1~~~Y17582~~~Amoxicillin;Ampicillin;Aztreonam;Cefepime;Cefotaxime;Ceftazidime;Ceftriaxone;Piperacillin;Ticarcillin	99.071	861	8	0	63778	64638	861	1	0.0	1546	79498	861	resfinder~~~blaTEM-21_1~~~Y17582~~~Amoxicillin;Ampicillin;Aztreonam;Cefepime;Cefotaxime;Ceftazidime;Ceftriaxone;Piperacillin;Ticarcillin blaTEM-21
contig_9	resfinder~~~blaTEM-184_1~~~FR848831~~~Amoxicillin;Ampicillin;Aztreonam;Cefepime;Cefotaxime;Ceftazidime;Ceftriaxone;Piperacillin;Ticarcillin	99.071	861	8	0	63778	64638	861	1	0.0	1546	79498	861	resfinder~~~blaTEM-184_1~~~FR848831~~~Amoxicillin;Ampicillin;Aztreonam;Cefepime;Cefotaxime;Ceftazidime;Ceftriaxone;Piperacillin;Ticarcillin blaTEM-184
contig_9	resfinder~~~blaTEM-162_1~~~EF468463~~~	99.071	861	8	0	63778	64638	861	1	0.0	1546	79498	861	resfinder~~~blaTEM-162_1~~~EF468463~~~ blaTEM-162
contig_9	resfinder~~~blaTEM-152_1~~~DQ834728~~~Amoxicillin;Amoxicillin+Clavulanic_acid;Ampicillin;Ampicillin+Clavulanic_acid;Aztreonam;Cefepime;Cefotaxime;Ceftazidime;Ceftriaxone;Piperacillin;Piperacillin+Tazobactam;Ticarcillin;Ticarcillin+Clavulanic_acid	99.071	861	8	0	63778	64638	861	1	0.0	1546	79498	861	resfinder~~~blaTEM-152_1~~~DQ834728~~~Amoxicillin;Amoxicillin+Clavulanic_acid;Ampicillin;Ampicillin+Clavulanic_acid;Aztreonam;Cefepime;Cefotaxime;Ceftazidime;Ceftriaxone;Piperacillin;Piperacillin+Tazobactam;Ticarcillin;Ticarcillin+Clavulanic_acid blaTEM-152
contig_9	resfinder~~~blaTEM-151_1~~~DQ834729~~~Amoxicillin;Amoxicillin+Clavulanic_acid;Ampicillin;Ampicillin+Clavulanic_acid;Aztreonam;Cefepime;Cefotaxime;Ceftazidime;Ceftriaxone;Piperacillin;Piperacillin+Tazobactam;Ticarcillin;Ticarcillin+Clavulanic_acid	99.071	861	8	0	63778	64638	861	1	0.0	1546	79498	861	resfinder~~~blaTEM-151_1~~~DQ834729~~~Amoxicillin;Amoxicillin+Clavulanic_acid;Ampicillin;Ampicillin+Clavulanic_acid;Aztreonam;Cefepime;Cefotaxime;Ceftazidime;Ceftriaxone;Piperacillin;Piperacillin+Tazobactam;Ticarcillin;Ticarcillin+Clavulanic_acid blaTEM-151
contig_9	resfinder~~~blaTEM-149_1~~~DQ369751~~~Amoxicillin;Ampicillin;Aztreonam;Cefepime;Cefotaxime;Ceftazidime;Ceftriaxone;Piperacillin;Ticarcillin	99.071	861	8	0	63778	64638	861	1	0.0	1546	79498	861	resfinder~~~blaTEM-149_1~~~DQ369751~~~Amoxicillin;Ampicillin;Aztreonam;Cefepime;Cefotaxime;Ceftazidime;Ceftriaxone;Piperacillin;Ticarcillin blaTEM-149
contig_9	resfinder~~~blaTEM-142_1~~~DQ388882~~~	99.071	861	8	0	63778	64638	861	1	0.0	1546	79498	861	resfinder~~~blaTEM-142_1~~~DQ388882~~~ blaTEM-142
contig_9	resfinder~~~blaTEM-134_1~~~AY574271~~~Amoxicillin;Ampicillin;Aztreonam;Cefepime;Cefotaxime;Ceftazidime;Ceftriaxone;Piperacillin;Ticarcillin	99.071	861	8	0	63778	64638	861	1	0.0	1546	79498	861	resfinder~~~blaTEM-134_1~~~AY574271~~~Amoxicillin;Ampicillin;Aztreonam;Cefepime;Cefotaxime;Ceftazidime;Ceftriaxone;Piperacillin;Ticarcillin blaTEM-134
contig_9	resfinder~~~blaTEM-129_1~~~AJ746225~~~Amoxicillin;Ampicillin;Aztreonam;Cefepime;Cefotaxime;Ceftazidime;Ceftriaxone;Piperacillin;Ticarcillin	99.071	861	8	0	63778	64638	861	1	0.0	1546	79498	861	resfinder~~~blaTEM-129_1~~~AJ746225~~~Amoxicillin;Ampicillin;Aztreonam;Cefepime;Cefotaxime;Ceftazidime;Ceftriaxone;Piperacillin;Ticarcillin blaTEM-129
contig_9	resfinder~~~blaTEM-114_1~~~AY589495~~~Amoxicillin;Ampicillin;Aztreonam;Cefepime;Cefotaxime;Ceftazidime;Ceftriaxone;Piperacillin;Ticarcillin	99.071	861	8	0	63778	64638	861	1	0.0	1546	79498	861	resfinder~~~blaTEM-114_1~~~AY589495~~~Amoxicillin;Ampicillin;Aztreonam;Cefepime;Cefotaxime;Ceftazidime;Ceftriaxone;Piperacillin;Ticarcillin blaTEM-114
contig_9	resfinder~~~blaKPC-228_1~~~PP860922~~~Amoxicillin;Amoxicillin+Clavulanic_acid;Ampicillin;Ampicillin+Clavulanic_acid;Aztreonam;Cefepime;Cefotaxime;Cefoxitin;Ceftazidime;Ertapenem;Imipenem;Meropenem;Piperacillin;Piperacillin+Tazobactam;Ticarcillin;Ticarcillin+Clavulanic_acid	98.526	882	1	1	76689	77570	1	870	0.0	1546	79498	870	resfinder~~~blaKPC-228_1~~~PP860922~~~Amoxicillin;Amoxicillin+Clavulanic_acid;Ampicillin;Ampicillin+Clavulanic_acid;Aztreonam;Cefepime;Cefotaxime;Cefoxitin;Ceftazidime;Ertapenem;Imipenem;Meropenem;Piperacillin;Piperacillin+Tazobactam;Ticarcillin;Ticarcillin+Clavulanic_acid blaKPC-228
contig_9	resfinder~~~blaTEM-131_1~~~AY436361~~~Amoxicillin;Ampicillin;Aztreonam;Cefepime;Cefotaxime;Ceftazidime;Ceftriaxone;Piperacillin;Ticarcillin	98.955	861	9	0	63778	64638	861	1	0.0	1543	79498	861	resfinder~~~blaTEM-131_1~~~AY436361~~~Amoxicillin;Ampicillin;Aztreonam;Cefepime;Cefotaxime;Ceftazidime;Ceftriaxone;Piperacillin;Ticarcillin blaTEM-131
contig_9	resfinder~~~blaTEM-108_1~~~AF506748~~~	99.297	853	6	0	63778	64630	861	9	0.0	1543	79498	861	resfinder~~~blaTEM-108_1~~~AF506748~~~ blaTEM-108
contig_9	resfinder~~~blaTEM-94_1~~~AJ318094~~~Amoxicillin;Ampicillin;Aztreonam;Cefepime;Cefotaxime;Ceftazidime;Ceftriaxone;Piperacillin;Ticarcillin	98.955	861	9	0	63778	64638	861	1	0.0	1541	79498	861	resfinder~~~blaTEM-94_1~~~AJ318094~~~Amoxicillin;Ampicillin;Aztreonam;Cefepime;Cefotaxime;Ceftazidime;Ceftriaxone;Piperacillin;Ticarcillin blaTEM-94
contig_9	resfinder~~~blaTEM-87_1~~~AF250872~~~Amoxicillin;Ampicillin;Aztreonam;Cefepime;Cefotaxime;Ceftazidime;Ceftriaxone;Piperacillin;Ticarcillin	98.955	861	9	0	63778	64638	861	1	0.0	1541	79498	861	resfinder~~~blaTEM-87_1~~~AF250872~~~Amoxicillin;Ampicillin;Aztreonam;Cefepime;Cefotaxime;Ceftazidime;Ceftriaxone;Piperacillin;Ticarcillin blaTEM-87
contig_9	resfinder~~~blaTEM-86_1~~~AJ277415~~~Amoxicillin;Ampicillin;Aztreonam;Cefepime;Cefotaxime;Ceftazidime;Ceftriaxone;Piperacillin;Ticarcillin	98.955	861	9	0	63778	64638	861	1	0.0	1541	79498	861	resfinder~~~blaTEM-86_1~~~AJ277415~~~Amoxicillin;Ampicillin;Aztreonam;Cefepime;Cefotaxime;Ceftazidime;Ceftriaxone;Piperacillin;Ticarcillin blaTEM-86
contig_9	resfinder~~~blaTEM-49_1~~~Y10281~~~Amoxicillin;Ampicillin;Aztreonam;Cefepime;Cefotaxime;Ceftazidime;Ceftriaxone;Piperacillin;Ticarcillin	98.955	861	9	0	63778	64638	861	1	0.0	1541	79498	861	resfinder~~~blaTEM-49_1~~~Y10281~~~Amoxicillin;Ampicillin;Aztreonam;Cefepime;Cefotaxime;Ceftazidime;Ceftriaxone;Piperacillin;Ticarcillin blaTEM-49
contig_9	resfinder~~~blaTEM-227_1~~~KY418040~~~	98.955	861	9	0	63778	64638	861	1	0.0	1541	79498	861	resfinder~~~blaTEM-227_1~~~KY418040~~~ blaTEM-227
contig_9	resfinder~~~blaTEM-224_1~~~KU664545~~~	98.955	861	9	0	63778	64638	861	1	0.0	1541	79498	861	resfinder~~~blaTEM-224_1~~~KU664545~~~ blaTEM-224
contig_9	resfinder~~~blaTEM-167_1~~~FJ360884~~~Amoxicillin;Ampicillin;Aztreonam;Cefepime;Cefotaxime;Ceftazidime;Ceftriaxone;Piperacillin;Ticarcillin	98.955	861	9	0	63778	64638	861	1	0.0	1541	79498	861	resfinder~~~blaTEM-167_1~~~FJ360884~~~Amoxicillin;Ampicillin;Aztreonam;Cefepime;Cefotaxime;Ceftazidime;Ceftriaxone;Piperacillin;Ticarcillin blaTEM-167
contig_9	resfinder~~~blaTEM-139_1~~~DQ072853~~~Amoxicillin;Ampicillin;Aztreonam;Cefepime;Cefotaxime;Ceftazidime;Ceftriaxone;Piperacillin;Ticarcillin	98.955	861	9	0	63778	64638	861	1	0.0	1541	79498	861	resfinder~~~blaTEM-139_1~~~DQ072853~~~Amoxicillin;Ampicillin;Aztreonam;Cefepime;Cefotaxime;Ceftazidime;Ceftriaxone;Piperacillin;Ticarcillin blaTEM-139
contig_9	resfinder~~~blaTEM-121_1~~~AY307374~~~Amoxicillin;Amoxicillin+Clavulanic_acid;Ampicillin;Ampicillin+Clavulanic_acid;Aztreonam;Cefepime;Cefotaxime;Ceftazidime;Ceftriaxone;Piperacillin;Piperacillin+Tazobactam;Ticarcillin;Ticarcillin+Clavulanic_acid	98.955	861	9	0	63778	64638	861	1	0.0	1541	79498	861	resfinder~~~blaTEM-121_1~~~AY307374~~~Amoxicillin;Amoxicillin+Clavulanic_acid;Ampicillin;Ampicillin+Clavulanic_acid;Aztreonam;Cefepime;Cefotaxime;Ceftazidime;Ceftriaxone;Piperacillin;Piperacillin+Tazobactam;Ticarcillin;Ticarcillin+Clavulanic_acid blaTEM-121
contig_9	resfinder~~~blaTEM-113_1~~~AY589494~~~Amoxicillin;Ampicillin;Aztreonam;Cefepime;Cefotaxime;Ceftazidime;Ceftriaxone;Piperacillin;Ticarcillin	98.955	861	9	0	63778	64638	861	1	0.0	1541	79498	861	resfinder~~~blaTEM-113_1~~~AY589494~~~Amoxicillin;Ampicillin;Aztreonam;Cefepime;Cefotaxime;Ceftazidime;Ceftriaxone;Piperacillin;Ticarcillin blaTEM-113
contig_9	resfinder~~~blaTEM-101_1~~~AF495873~~~Amoxicillin;Ampicillin;Aztreonam;Cefepime;Cefotaxime;Ceftazidime;Ceftriaxone;Piperacillin;Ticarcillin	98.955	861	9	0	63778	64638	861	1	0.0	1541	79498	861	resfinder~~~blaTEM-101_1~~~AF495873~~~Amoxicillin;Ampicillin;Aztreonam;Cefepime;Cefotaxime;Ceftazidime;Ceftriaxone;Piperacillin;Ticarcillin blaTEM-101
contig_9	resfinder~~~blaTEM-187_1~~~HM246246~~~Amoxicillin;Ampicillin;Aztreonam;Cefepime;Cefotaxime;Ceftazidime;Ceftriaxone;Piperacillin;Ticarcillin	99.067	857	8	0	63782	64638	857	1	0.0	1539	79498	858	resfinder~~~blaTEM-187_1~~~HM246246~~~Amoxicillin;Ampicillin;Aztreonam;Cefepime;Cefotaxime;Ceftazidime;Ceftriaxone;Piperacillin;Ticarcillin blaTEM-187
contig_9	resfinder~~~blaTEM-211_1~~~KF513179~~~Amoxicillin;Ampicillin;Aztreonam;Cefepime;Cefotaxime;Ceftazidime;Ceftriaxone;Piperacillin;Ticarcillin	98.839	861	10	0	63778	64638	861	1	0.0	1535	79498	861	resfinder~~~blaTEM-211_1~~~KF513179~~~Amoxicillin;Ampicillin;Aztreonam;Cefepime;Cefotaxime;Ceftazidime;Ceftriaxone;Piperacillin;Ticarcillin blaTEM-211
contig_9	resfinder~~~blaTEM-177_1~~~FN652295~~~Amoxicillin;Ampicillin;Aztreonam;Cefepime;Cefotaxime;Ceftazidime;Ceftriaxone;Piperacillin;Ticarcillin	98.839	861	10	0	63778	64638	861	1	0.0	1535	79498	861	resfinder~~~blaTEM-177_1~~~FN652295~~~Amoxicillin;Ampicillin;Aztreonam;Cefepime;Cefotaxime;Ceftazidime;Ceftriaxone;Piperacillin;Ticarcillin blaTEM-177
contig_9	resfinder~~~blaTEM-130_1~~~AJ866988~~~Amoxicillin;Ampicillin;Aztreonam;Cefepime;Cefotaxime;Ceftazidime;Ceftriaxone;Piperacillin;Ticarcillin	98.839	861	10	0	63778	64638	861	1	0.0	1535	79498	861	resfinder~~~blaTEM-130_1~~~AJ866988~~~Amoxicillin;Ampicillin;Aztreonam;Cefepime;Cefotaxime;Ceftazidime;Ceftriaxone;Piperacillin;Ticarcillin blaTEM-130
contig_9	resfinder~~~blaTEM-125_1~~~AY628176~~~Amoxicillin;Amoxicillin+Clavulanic_acid;Ampicillin;Ampicillin+Clavulanic_acid;Aztreonam;Cefepime;Cefotaxime;Ceftazidime;Ceftriaxone;Piperacillin;Piperacillin+Tazobactam;Ticarcillin;Ticarcillin+Clavulanic_acid	98.722	861	11	0	63778	64638	861	1	0.0	1530	79498	861	resfinder~~~blaTEM-125_1~~~AY628176~~~Amoxicillin;Amoxicillin+Clavulanic_acid;Ampicillin;Ampicillin+Clavulanic_acid;Aztreonam;Cefepime;Cefotaxime;Ceftazidime;Ceftriaxone;Piperacillin;Piperacillin+Tazobactam;Ticarcillin;Ticarcillin+Clavulanic_acid blaTEM-125
contig_9	resfinder~~~blaTEM-124_1~~~AY327540~~~Amoxicillin;Ampicillin;Aztreonam;Cefepime;Cefotaxime;Ceftazidime;Ceftriaxone;Piperacillin;Ticarcillin	98.722	861	8	1	63778	64638	858	1	0.0	1526	79498	858	resfinder~~~blaTEM-124_1~~~AY327540~~~Amoxicillin;Ampicillin;Aztreonam;Cefepime;Cefotaxime;Ceftazidime;Ceftriaxone;Piperacillin;Ticarcillin blaTEM-124
contig_9	resfinder~~~blaTEM-123_1~~~AY327539~~~Amoxicillin;Ampicillin;Aztreonam;Cefepime;Cefotaxime;Ceftazidime;Ceftriaxone;Piperacillin;Ticarcillin	98.722	861	8	1	63778	64638	858	1	0.0	1526	79498	858	resfinder~~~blaTEM-123_1~~~AY327539~~~Amoxicillin;Ampicillin;Aztreonam;Cefepime;Cefotaxime;Ceftazidime;Ceftriaxone;Piperacillin;Ticarcillin blaTEM-123
contig_9	resfinder~~~blaOXA-9_1~~~KQ089875~~~Amoxicillin;Ampicillin	100.000	825	0	0	65338	66162	825	1	0.0	1524	79498	825	resfinder~~~blaOXA-9_1~~~KQ089875~~~Amoxicillin;Ampicillin blaOXA-9
contig_9	resfinder~~~blaTEM-195_1~~~JN935137~~~	98.490	861	13	0	63778	64638	861	1	0.0	1519	79498	861	resfinder~~~blaTEM-195_1~~~JN935137~~~ blaTEM-195
contig_9	resfinder~~~blaTEM-102_1~~~AY040093~~~Amoxicillin;Ampicillin;Aztreonam;Cefepime;Cefotaxime;Ceftazidime;Ceftriaxone;Piperacillin;Ticarcillin	98.490	861	13	0	63778	64638	861	1	0.0	1519	79498	861	resfinder~~~blaTEM-102_1~~~AY040093~~~Amoxicillin;Ampicillin;Aztreonam;Cefepime;Cefotaxime;Ceftazidime;Ceftriaxone;Piperacillin;Ticarcillin blaTEM-102
contig_9	resfinder~~~blaKPC-34_1~~~KU985429~~~Amoxicillin;Amoxicillin+Clavulanic_acid;Ampicillin;Ampicillin+Clavulanic_acid;Aztreonam;Cefepime;Cefotaxime;Cefoxitin;Ceftazidime;Ertapenem;Imipenem;Meropenem;Piperacillin;Piperacillin+Tazobactam;Ticarcillin;Ticarcillin+Clavulanic_acid	99.879	825	1	0	76689	77513	1	825	0.0	1519	79498	906	resfinder~~~blaKPC-34_1~~~KU985429~~~Amoxicillin;Amoxicillin+Clavulanic_acid;Ampicillin;Ampicillin+Clavulanic_acid;Aztreonam;Cefepime;Cefotaxime;Cefoxitin;Ceftazidime;Ertapenem;Imipenem;Meropenem;Piperacillin;Piperacillin+Tazobactam;Ticarcillin;Ticarcillin+Clavulanic_acid blaKPC-34
contig_9	resfinder~~~blaKPC-34_1~~~KU985429~~~Amoxicillin;Amoxicillin+Clavulanic_acid;Ampicillin;Ampicillin+Clavulanic_acid;Aztreonam;Cefepime;Cefotaxime;Cefoxitin;Ceftazidime;Ertapenem;Imipenem;Meropenem;Piperacillin;Piperacillin+Tazobactam;Ticarcillin;Ticarcillin+Clavulanic_acid	100.000	68	0	0	77503	77570	839	906	1.67e-27	126	79498	906	resfinder~~~blaKPC-34_1~~~KU985429~~~Amoxicillin;Amoxicillin+Clavulanic_acid;Ampicillin;Ampicillin+Clavulanic_acid;Aztreonam;Cefepime;Cefotaxime;Cefoxitin;Ceftazidime;Ertapenem;Imipenem;Meropenem;Piperacillin;Piperacillin+Tazobactam;Ticarcillin;Ticarcillin+Clavulanic_acid blaKPC-34
contig_9	resfinder~~~blaTEM-60_1~~~AF047171~~~Amoxicillin;Ampicillin;Aztreonam;Cefepime;Cefotaxime;Ceftazidime;Ceftriaxone;Piperacillin;Ticarcillin	98.374	861	14	0	63778	64638	861	1	0.0	1513	79498	861	resfinder~~~blaTEM-60_1~~~AF047171~~~Amoxicillin;Ampicillin;Aztreonam;Cefepime;Cefotaxime;Ceftazidime;Ceftriaxone;Piperacillin;Ticarcillin blaTEM-60
contig_9	resfinder~~~blaTEM-193_1~~~JN935135~~~	97.912	862	16	2	63778	64638	861	1	0.0	1491	79498	861	resfinder~~~blaTEM-193_1~~~JN935135~~~ blaTEM-193
contig_9	resfinder~~~blaTEM-194_1~~~JN935136~~~	97.445	861	22	0	63778	64638	861	1	0.0	1469	79498	861	resfinder~~~blaTEM-194_1~~~JN935136~~~ blaTEM-194
contig_9	resfinder~~~blaTEM-178_1~~~X97254~~~Amoxicillin;Amoxicillin+Clavulanic_acid;Ampicillin;Ampicillin+Clavulanic_acid;Aztreonam;Cefepime;Cefotaxime;Ceftazidime;Ceftriaxone;Piperacillin;Piperacillin+Tazobactam;Ticarcillin;Ticarcillin+Clavulanic_acid	97.448	862	17	3	63778	64638	858	1	0.0	1465	79498	858	resfinder~~~blaTEM-178_1~~~X97254~~~Amoxicillin;Amoxicillin+Clavulanic_acid;Ampicillin;Ampicillin+Clavulanic_acid;Aztreonam;Cefepime;Cefotaxime;Ceftazidime;Ceftriaxone;Piperacillin;Piperacillin+Tazobactam;Ticarcillin;Ticarcillin+Clavulanic_acid blaTEM-178
contig_9	resfinder~~~aadA1_4~~~JQ480156~~~Spectinomycin;Streptomycin	100.000	789	0	0	66222	67010	789	1	0.0	1458	79498	789	resfinder~~~aadA1_4~~~JQ480156~~~Spectinomycin;Streptomycin aadA1
contig_9	resfinder~~~ant(3'')-Ia_1~~~X02340~~~Streptomycin	99.257	807	2	2	66222	67025	972	167	0.0	1454	79498	972	resfinder~~~ant(3'')-Ia_1~~~X02340~~~Streptomycin ant(3'')-Ia
contig_9	resfinder~~~aadA1_5~~~JX185132~~~Spectinomycin;Streptomycin	99.369	792	2	1	66222	67010	792	1	0.0	1432	79498	792	resfinder~~~aadA1_5~~~JX185132~~~Spectinomycin;Streptomycin aadA1
contig_9	resfinder~~~aadA1_3~~~JQ414041~~~Spectinomycin;Streptomycin	99.369	792	2	1	66222	67010	792	1	0.0	1432	79498	792	resfinder~~~aadA1_3~~~JQ414041~~~Spectinomycin;Streptomycin aadA1
contig_9	resfinder~~~aadA1b_1~~~M95287~~~Spectinomycin;Streptomycin	98.990	792	5	1	66222	67010	792	1	0.0	1415	79498	792	resfinder~~~aadA1b_1~~~M95287~~~Spectinomycin;Streptomycin aadA1b
contig_9	resfinder~~~aadA24_1~~~DQ677333~~~Spectinomycin;Streptomycin	98.187	772	11	1	66222	66990	780	9	0.0	1345	79498	780	resfinder~~~aadA24_1~~~DQ677333~~~Spectinomycin;Streptomycin aadA24
contig_9	resfinder~~~aadA1_2~~~FJ591054~~~Spectinomycin;Streptomycin	96.970	792	21	1	66222	67010	792	1	0.0	1327	79498	792	resfinder~~~aadA1_2~~~FJ591054~~~Spectinomycin;Streptomycin aadA1
contig_9	resfinder~~~aadA22_1~~~AM261837~~~Spectinomycin;Streptomycin	96.843	792	22	1	66222	67010	792	1	0.0	1321	79498	792	resfinder~~~aadA22_1~~~AM261837~~~Spectinomycin;Streptomycin aadA22
contig_9	resfinder~~~aadA21_1~~~AY171244~~~Spectinomycin;Streptomycin	96.717	792	23	1	66222	67010	792	1	0.0	1315	79498	792	resfinder~~~aadA21_1~~~AY171244~~~Spectinomycin;Streptomycin aadA21
contig_9	resfinder~~~aadA23_1~~~AJ809407~~~Spectinomycin;Streptomycin	97.280	772	18	1	66222	66990	780	9	0.0	1306	79498	780	resfinder~~~aadA23_1~~~AJ809407~~~Spectinomycin;Streptomycin aadA23
contig_9	resfinder~~~aadA15_1~~~DQ393783~~~Spectinomycin;Streptomycin	96.582	790	24	1	66224	67010	790	1	0.0	1306	79498	792	resfinder~~~aadA15_1~~~DQ393783~~~Spectinomycin;Streptomycin aadA15
contig_9	resfinder~~~aadA12_1~~~AY665771~~~Spectinomycin;Streptomycin	94.430	790	41	1	66224	67010	790	1	0.0	1212	79498	792	resfinder~~~aadA12_1~~~AY665771~~~Spectinomycin;Streptomycin aadA12
contig_9	resfinder~~~aadA17_1~~~FJ460181~~~Spectinomycin;Streptomycin	93.418	790	49	1	66224	67010	790	1	0.0	1168	79498	792	resfinder~~~aadA17_1~~~FJ460181~~~Spectinomycin;Streptomycin aadA17
contig_9	resfinder~~~aadA11_2~~~AJ567827~~~Spectinomycin;Streptomycin	92.785	790	54	1	66224	67010	790	1	0.0	1140	79498	792	resfinder~~~aadA11_2~~~AJ567827~~~Spectinomycin;Streptomycin aadA11
contig_9	resfinder~~~aadA24_1~~~AM711129~~~Spectinomycin;Streptomycin	93.059	778	51	1	66224	66998	778	1	0.0	1134	79498	780	resfinder~~~aadA24_1~~~AM711129~~~Spectinomycin;Streptomycin aadA24
contig_9	resfinder~~~aac(6')-Ib_1~~~M21682~~~Amikacin;Kanamycin;Tobramycin	100.000	606	0	0	67080	67685	606	1	0.0	1120	79498	606	resfinder~~~aac(6')-Ib_1~~~M21682~~~Amikacin;Kanamycin;Tobramycin aac(6')-Ib
contig_9	resfinder~~~aadA8b_1~~~AY139603~~~Spectinomycin;Streptomycin	92.172	792	59	1	66222	67010	792	1	0.0	1116	79498	792	resfinder~~~aadA8b_1~~~AY139603~~~Spectinomycin;Streptomycin aadA8b
contig_9	resfinder~~~aadA8b_2~~~AM040708~~~Spectinomycin;Streptomycin	91.919	792	61	1	66222	67010	792	1	0.0	1105	79498	792	resfinder~~~aadA8b_2~~~AM040708~~~Spectinomycin;Streptomycin aadA8b
contig_9	resfinder~~~aac(6')-Ib_2~~~M23634~~~Amikacin;Kanamycin;Tobramycin	99.505	606	3	0	67080	67685	606	1	0.0	1103	79498	606	resfinder~~~aac(6')-Ib_2~~~M23634~~~Amikacin;Kanamycin;Tobramycin aac(6')-Ib
contig_9	resfinder~~~aadA8_1~~~AF326210~~~Spectinomycin;Streptomycin	91.667	792	63	1	66222	67010	792	1	0.0	1094	79498	792	resfinder~~~aadA8_1~~~AF326210~~~Spectinomycin;Streptomycin aadA8
contig_9	resfinder~~~ant(3'')-Ii-aac(6')-IId_1~~~AF453998~~~Amikacin;Gentamicin;Spectinomycin;Streptomycin;Tobramycin	99.659	587	2	0	67080	67666	1392	806	0.0	1074	79498	1392	resfinder~~~ant(3'')-Ii-aac(6')-IId_1~~~AF453998~~~Amikacin;Gentamicin;Spectinomycin;Streptomycin;Tobramycin ant(3'')-Ii-aac(6')-IId
contig_9	resfinder~~~aac(6')-Ib-cr_1~~~DQ303918~~~Amikacin;Ciprofloxacin;Dibekacin;Fluoroquinolone;Netilmicin;Sisomicin;Tobramycin	99.489	587	3	0	67080	67666	600	14	0.0	1068	79498	600	resfinder~~~aac(6')-Ib-cr_1~~~DQ303918~~~Amikacin;Ciprofloxacin;Dibekacin;Fluoroquinolone;Netilmicin;Sisomicin;Tobramycin aac(6')-Ib-cr
contig_9	resfinder~~~aac(6')-30-aac(6')-Ib'_1~~~AJ584652~~~Amikacin;Gentamicin;Isepamicin;Kanamycin;Neomycin;Netilmicin;Sisomicin;Tobramycin	99.827	579	1	0	67080	67658	987	409	0.0	1064	79498	987	resfinder~~~aac(6')-30-aac(6')-Ib'_1~~~AJ584652~~~Amikacin;Gentamicin;Isepamicin;Kanamycin;Neomycin;Netilmicin;Sisomicin;Tobramycin aac(6')-30-aac(6')-Ib'
contig_9	resfinder~~~aadA3_1~~~AF047479~~~Spectinomycin;Streptomycin	90.530	792	72	1	66222	67010	792	1	0.0	1044	79498	792	resfinder~~~aadA3_1~~~AF047479~~~Spectinomycin;Streptomycin aadA3
contig_9	resfinder~~~aac(6')-Ib3_1~~~X60321~~~Amikacin;Tobramycin	99.820	555	1	0	67080	67634	555	1	0.0	1020	79498	555	resfinder~~~aac(6')-Ib3_1~~~X60321~~~Amikacin;Tobramycin aac(6')-Ib3
contig_9	resfinder~~~aadA2_1~~~NC_010870~~~Spectinomycin;Streptomycin	89.565	805	80	2	66224	67025	817	14	0.0	1018	79498	819	resfinder~~~aadA2_1~~~NC_010870~~~Spectinomycin;Streptomycin aadA2
contig_9	resfinder~~~aadA13_1~~~AY713504~~~Spectinomycin;Streptomycin	89.362	799	81	2	66215	67010	798	1	0.0	1002	79498	798	resfinder~~~aadA13_1~~~AY713504~~~Spectinomycin;Streptomycin aadA13
contig_9	resfinder~~~aac(3)-Ib-aac(6')-Ib_1~~~AF355189~~~Amikacin;Gentamicin;Streptomycin;Tobramycin	99.278	554	4	0	67080	67633	1005	452	0.0	1002	79498	1005	resfinder~~~aac(3)-Ib-aac(6')-Ib_1~~~AF355189~~~Amikacin;Gentamicin;Streptomycin;Tobramycin aac(3)-Ib-aac(6')-Ib
contig_9	resfinder~~~aac(6')-Ib11_1~~~AY136758~~~Amikacin;Gentamicin;Netilmicin;Tobramycin	99.455	550	3	0	67080	67629	570	21	0.0	1000	79498	570	resfinder~~~aac(6')-Ib11_1~~~AY136758~~~Amikacin;Gentamicin;Netilmicin;Tobramycin aac(6')-Ib11
contig_9	resfinder~~~aadA2_2~~~JQ364967~~~Spectinomycin;Streptomycin	89.494	790	80	1	66224	67010	790	1	0.0	996	79498	792	resfinder~~~aadA2_2~~~JQ364967~~~Spectinomycin;Streptomycin aadA2
contig_9	resfinder~~~aadA13_2~~~NC010643~~~Spectinomycin;Streptomycin	88.986	799	84	2	66215	67010	798	1	0.0	985	79498	798	resfinder~~~aadA13_2~~~NC010643~~~Spectinomycin;Streptomycin aadA13
contig_9	resfinder~~~aadA2b_1~~~D43625~~~Spectinomycin;Streptomycin	89.610	770	77	1	66224	66990	778	9	0.0	976	79498	780	resfinder~~~aadA2b_1~~~D43625~~~Spectinomycin;Streptomycin aadA2b
contig_9	resfinder~~~aac(6')Ib-cr_3~~~EF210035~~~Amikacin;Ciprofloxacin;Dibekacin;Fluoroquinolone;Netilmicin;Sisomicin;Tobramycin	99.422	519	3	0	67080	67598	519	1	0.0	942	79498	519	resfinder~~~aac(6')Ib-cr_3~~~EF210035~~~Amikacin;Ciprofloxacin;Dibekacin;Fluoroquinolone;Netilmicin;Sisomicin;Tobramycin aac(6')Ib-cr
contig_9	resfinder~~~aac(6')-Ib-cr_2~~~EF636461~~~Amikacin;Ciprofloxacin;Dibekacin;Fluoroquinolone;Netilmicin;Sisomicin;Tobramycin	99.422	519	3	0	67080	67598	519	1	0.0	942	79498	519	resfinder~~~aac(6')-Ib-cr_2~~~EF636461~~~Amikacin;Ciprofloxacin;Dibekacin;Fluoroquinolone;Netilmicin;Sisomicin;Tobramycin aac(6')-Ib-cr
contig_9	resfinder~~~aac(6')-Ib-Hangzhou_1~~~FJ503047~~~Amikacin;Tobramycin	99.422	519	3	0	67080	67598	519	1	0.0	942	79498	519	resfinder~~~aac(6')-Ib-Hangzhou_1~~~FJ503047~~~Amikacin;Tobramycin aac(6')-Ib-Hangzhou
contig_9	resfinder~~~aac(6')-31_1~~~AM283489~~~Amikacin;Gentamicin;Isepamicin;Kanamycin;Neomycin;Netilmicin;Sisomicin;Tobramycin	84.971	519	78	0	67080	67598	519	1	3.93e-148	527	79498	519	resfinder~~~aac(6')-31_1~~~AM283489~~~Amikacin;Gentamicin;Isepamicin;Kanamycin;Neomycin;Netilmicin;Sisomicin;Tobramycin aac(6')-31
