contig	subject	pct_id	aln_len	mismatches	gapopen	qstart	qend	sstart	send	evalue	bitscore	qlen	slen	subject_title	pct_cov_of_ref	db
contig_3	card~~~oqxB~~~EU370913.1:47850-51003~~~diaminopyrimidine;fluoroquinolone;glycylcycline;nitrofuran;tetracycline	100.0	3153	0	0	2597799	2600951	3153	1	0.0	5823	5306069	3153	card~~~oqxB~~~EU370913.1:47850-51003~~~diaminopyrimidine;fluoroquinolone;glycylcycline;nitrofuran;tetracycline RND efflux pump conferring resistance to fluoroquinolone.	100.0	card
contig_3	card~~~LptD~~~CP007727.1:809555-807206~~~aminocoumarin;carbapenem;peptide;rifamycin	100.0	2349	0	0	524803	527151	1	2349	0.0	4338	5306069	2349	card~~~LptD~~~CP007727.1:809555-807206~~~aminocoumarin;carbapenem;peptide;rifamycin LptD is involved in LPS transport in a ABC Transporter efflux system. It confers resistance to rifamycin, aminocoumarin, and peptide antibiotics.	100.0	card
contig_3	card~~~eptB~~~FO203501.1:5123640-5125365~~~peptide	99.652	1725	6	0	1586494	1588218	1	1725	0.0	3153	5306069	1725	card~~~eptB~~~FO203501.1:5123640-5125365~~~peptide eptB is a phosphoethanolamine transferase. It confers resistance to peptide antibiotics.	100.0	card
contig_3	card~~~ArnT~~~FO834906.1:304977-306633~~~peptide	99.819	1656	3	0	1668201	1669856	1	1656	0.0	3042	5306069	1656	card~~~ArnT~~~FO834906.1:304977-306633~~~peptide ArnT is involved in Cell Wall Biosynthesis, specifically 4-amino-4-deoxy-L-arabinose (Ara4N). It confers resistance to peptide antibiotics.	100.0	card
contig_3	card~~~MdtQ~~~CP133868.1:5053037-5051597~~~carbapenem;cephalosporin;monobactam;penicillin_beta-lactam	99.375	1440	9	0	3085876	3087315	1	1440	0.0	2610	5306069	1440	card~~~MdtQ~~~CP133868.1:5053037-5051597~~~carbapenem;cephalosporin;monobactam;penicillin_beta-lactam MdtQ is a putative multidrug resistance outer membrane protein found in carbapenem-resistant Klebsiella pneumoniae.	100.0	card
contig_3	card~~~oqxA~~~EU370913.1:46651-47827~~~diaminopyrimidine;fluoroquinolone;glycylcycline;nitrofuran;tetracycline	100.0	1176	0	0	2600975	2602150	1176	1	0.0	2172	5306069	1176	card~~~oqxA~~~EU370913.1:46651-47827~~~diaminopyrimidine;fluoroquinolone;glycylcycline;nitrofuran;tetracycline RND efflux pump conferring resistance to fluoroquinolone.	100.0	card
contig_3	card~~~Klebsiella_pneumoniae_KpnG~~~ACWO01000051.1:22092-23265~~~aminoglycoside;carbapenem;cephalosporin;fluoroquinolone;macrolide;penicillin_beta-lactam;peptide	99.488	1173	6	0	2551701	2552873	1173	1	0.0	2134	5306069	1173	card~~~Klebsiella_pneumoniae_KpnG~~~ACWO01000051.1:22092-23265~~~aminoglycoside;carbapenem;cephalosporin;fluoroquinolone;macrolide;penicillin_beta-lactam;peptide KpnG consists of ~390 residues and resembles EmrA of E. coli. Disruption of the pump components KpnG-KpnH signficantly decrease resistance to azithromycin, ceftazidime, ciprofloxacin, ertapenem, erythromycin, gentamicin, imipenem, ticarcillin, norfloxacin, polymyxin-B, piperacillin, spectinomycin, tobramycin, and streptomycin.	100.0	card
contig_3	card~~~OmpA~~~FO834906.1:2175099-2173974~~~peptide	99.822	1125	2	0	4754343	4755467	1	1125	0.0	2067	5306069	1125	card~~~OmpA~~~FO834906.1:2175099-2173974~~~peptide OmpA is a porin that confers resistance to beta-lactam antibiotics.	100.0	card
contig_3	card~~~Klebsiella_pneumoniae_acrA~~~AJ318073.1:793-1990~~~cephalosporin;disinfecting_agents_and_antiseptics;fluoroquinolone;glycylcycline;penicillin_beta-lactam;phenicol;rifamycin;tetracycline	97.744	1197	24	2	88180	89373	1	1197	0.0	2058	5306069	1197	card~~~Klebsiella_pneumoniae_acrA~~~AJ318073.1:793-1990~~~cephalosporin;disinfecting_agents_and_antiseptics;fluoroquinolone;glycylcycline;penicillin_beta-lactam;phenicol;rifamycin;tetracycline AcrA is a subunit of the AcrAB multidrug efflux system that is found in K. pneumoniae, which is encoded by the acrRAB operon.	100.0	card
contig_3	card~~~Klebsiella_pneumoniae_OmpK37~~~AJ011502.1:300-1425~~~carbapenem;cephalosporin;monobactam;penicillin_beta-lactam	95.498	1155	22	14	4314517	4315671	1	1125	0.0	1818	5306069	1125	card~~~Klebsiella_pneumoniae_OmpK37~~~AJ011502.1:300-1425~~~carbapenem;cephalosporin;monobactam;penicillin_beta-lactam Klebsiella pneumoniae outer membrane porin protein. Is preferentially detected in porin-deficient strains. Functional characterization of this new porin revealed a narrower pore than those of porins OmpK35 and OmpK36, which did not allow penetration by certain beta-lactams. Also, when a resistant strain expresses porin OmpK37 is less susceptible to cefotaxime and cefoxitin than when it is expressing either OmpK36 or OmpK35.	102.66666666666667	card
contig_3	card~~~SHV-182~~~KP050489.1:0-861~~~cephalosporin;penicillin_beta-lactam	99.884	861	1	0	4148681	4149541	1	861	0.0	1585	5306069	861	card~~~SHV-182~~~KP050489.1:0-861~~~cephalosporin;penicillin_beta-lactam SHV-182 is a beta-lactamase. Name originally from the historical Lahey list of beta-lactamases, some of which did not include sequence data.	100.0	card
contig_3	card~~~SHV-159~~~JX121126.1:0-858~~~cephalosporin;penicillin_beta-lactam	99.883	858	1	0	4148681	4149538	1	858	0.0	1580	5306069	858	card~~~SHV-159~~~JX121126.1:0-858~~~cephalosporin;penicillin_beta-lactam SHV-159 is a beta-lactamase.	100.0	card
contig_3	card~~~SHV-158~~~JX121125.1:0-858~~~cephalosporin;penicillin_beta-lactam	99.883	858	1	0	4148681	4149538	1	858	0.0	1580	5306069	858	card~~~SHV-158~~~JX121125.1:0-858~~~cephalosporin;penicillin_beta-lactam SHV-158 is a beta-lactamase.	100.0	card
contig_3	card~~~SHV-11~~~X98101.1:73-934~~~cephalosporin;penicillin_beta-lactam	99.768	861	2	0	4148681	4149541	1	861	0.0	1580	5306069	861	card~~~SHV-11~~~X98101.1:73-934~~~cephalosporin;penicillin_beta-lactam SHV-11 is a broad-spectrum beta-lactamase found in E. coli, Klebsiella pneumoniae, Proteus mirabilis, and Shigella dysenteriae.	100.0	card
contig_3	card~~~SHV-155~~~JX121122.1:0-858~~~cephalosporin;penicillin_beta-lactam	99.883	856	1	0	4148681	4149536	1	856	0.0	1576	5306069	858	card~~~SHV-155~~~JX121122.1:0-858~~~cephalosporin;penicillin_beta-lactam SHV-155 is a beta-lactamase.	99.76689976689977	card
contig_3	card~~~SHV-156~~~JX121123.1:0-861~~~cephalosporin;penicillin_beta-lactam	99.652	861	3	0	4148681	4149541	1	861	0.0	1574	5306069	861	card~~~SHV-156~~~JX121123.1:0-861~~~cephalosporin;penicillin_beta-lactam SHV-156 is a beta-lactamase.	100.0	card
contig_3	card~~~SHV-75~~~AM176550.2:30-891~~~cephalosporin;penicillin_beta-lactam	99.535	861	4	0	4148681	4149541	1	861	0.0	1568	5306069	861	card~~~SHV-75~~~AM176550.2:30-891~~~cephalosporin;penicillin_beta-lactam SHV-75 is a broad-spectrum beta-lactamase that is found in clinical isolates.	100.0	card
contig_3	card~~~SHV-74~~~AM176549.2:30-891~~~cephalosporin;penicillin_beta-lactam	99.535	861	4	0	4148681	4149541	1	861	0.0	1568	5306069	861	card~~~SHV-74~~~AM176549.2:30-891~~~cephalosporin;penicillin_beta-lactam SHV-74 is a broad-spectrum beta-lactamase found in Klebsiella pneumoniae.	100.0	card
contig_3	card~~~SHV-70~~~DQ013287.1:0-861~~~cephalosporin;penicillin_beta-lactam	99.535	861	4	0	4148681	4149541	1	861	0.0	1568	5306069	861	card~~~SHV-70~~~DQ013287.1:0-861~~~cephalosporin;penicillin_beta-lactam SHV-70 is an extended-spectrum beta-lactamase found in Enterobacter cloacae.	100.0	card
contig_3	card~~~SHV-69~~~DQ174308.1:4-865~~~cephalosporin;penicillin_beta-lactam	99.535	861	4	0	4148681	4149541	1	861	0.0	1568	5306069	861	card~~~SHV-69~~~DQ174308.1:4-865~~~cephalosporin;penicillin_beta-lactam SHV-69 is a beta-lactamase found in Klebsiella pneumoniae.	100.0	card
contig_3	card~~~SHV-67~~~DQ174307.1:4-865~~~cephalosporin;penicillin_beta-lactam	99.535	861	4	0	4148681	4149541	1	861	0.0	1568	5306069	861	card~~~SHV-67~~~DQ174307.1:4-865~~~cephalosporin;penicillin_beta-lactam SHV-67 is a beta-lactamase found in Klebsiella pneumoniae.	100.0	card
contig_3	card~~~SHV-31~~~AY277255.2:66-927~~~cephalosporin;penicillin_beta-lactam	99.535	861	4	0	4148681	4149541	1	861	0.0	1568	5306069	861	card~~~SHV-31~~~AY277255.2:66-927~~~cephalosporin;penicillin_beta-lactam SHV-31 is an extended-spectrum beta-lactamase found in Klebsiella pneumoniae.	100.0	card
contig_3	card~~~SHV-25~~~AF208796.2:0-861~~~cephalosporin;penicillin_beta-lactam	99.535	861	4	0	4148681	4149541	1	861	0.0	1568	5306069	861	card~~~SHV-25~~~AF208796.2:0-861~~~cephalosporin;penicillin_beta-lactam SHV-25 is a broad-spectrum beta-lactamase found in Klebsiella pneumoniae.	100.0	card
contig_3	card~~~SHV-228~~~NG_062300.1:0-861~~~cephalosporin;penicillin_beta-lactam	99.535	861	4	0	4148681	4149541	1	861	0.0	1568	5306069	861	card~~~SHV-228~~~NG_062300.1:0-861~~~cephalosporin;penicillin_beta-lactam A beta-lactamase gene found in Klebsiella pneumoniae.	100.0	card
contig_3	card~~~SHV-227~~~NG_062299.1:0-861~~~cephalosporin;penicillin_beta-lactam	99.535	861	4	0	4148681	4149541	1	861	0.0	1568	5306069	861	card~~~SHV-227~~~NG_062299.1:0-861~~~cephalosporin;penicillin_beta-lactam Beta-lactamase gene from Klebsiella pneumoniae.	100.0	card
contig_3	card~~~SHV-215~~~NG_062287.1:0-861~~~cephalosporin;penicillin_beta-lactam	99.535	861	4	0	4148681	4149541	1	861	0.0	1568	5306069	861	card~~~SHV-215~~~NG_062287.1:0-861~~~cephalosporin;penicillin_beta-lactam A beta-lactamase gene found in Klebsiella pneumoniae.	100.0	card
contig_3	card~~~SHV-187~~~LN515533.1:0-867~~~cephalosporin;penicillin_beta-lactam	99.308	867	6	0	4148675	4149541	1	867	0.0	1568	5306069	867	card~~~SHV-187~~~LN515533.1:0-867~~~cephalosporin;penicillin_beta-lactam SHV-187 is a beta-lactamase. Name originally from the historical Lahey list of beta-lactamases, some of which did not include sequence data.	100.0	card
contig_3	card~~~SHV-185~~~KM233164.1:0-861~~~cephalosporin;penicillin_beta-lactam	99.535	861	4	0	4148681	4149541	1	861	0.0	1568	5306069	861	card~~~SHV-185~~~KM233164.1:0-861~~~cephalosporin;penicillin_beta-lactam SHV-185 is a beta-lactamase. Name originally from the historical Lahey list of beta-lactamases, some of which did not include sequence data.	100.0	card
contig_3	card~~~SHV-173~~~KF513178.1:0-861~~~cephalosporin;penicillin_beta-lactam	99.535	861	4	0	4148681	4149541	1	861	0.0	1568	5306069	861	card~~~SHV-173~~~KF513178.1:0-861~~~cephalosporin;penicillin_beta-lactam SHV-173 is a beta-lactamase. Name originally from the historical Lahey list of beta-lactamases, some of which did not include sequence data.	100.0	card
contig_3	card~~~SHV-13~~~AF164577.1:0-861~~~cephalosporin;penicillin_beta-lactam	99.535	861	4	0	4148681	4149541	1	861	0.0	1568	5306069	861	card~~~SHV-13~~~AF164577.1:0-861~~~cephalosporin;penicillin_beta-lactam SHV-13 is an extended-spectrum beta-lactamase found in Klebsiella pneumoniae.	100.0	card
contig_3	card~~~SHV-116~~~NG_068211.1:100-961~~~cephalosporin;penicillin_beta-lactam	99.535	861	4	0	4148681	4149541	1	861	0.0	1568	5306069	861	card~~~SHV-116~~~NG_068211.1:100-961~~~cephalosporin;penicillin_beta-lactam SHV-116 is a beta-lactamase that has been found in clinical isolates.	100.0	card
contig_3	card~~~SHV-107~~~AM941848.1:0-861~~~cephalosporin;penicillin_beta-lactam	99.535	861	4	0	4148681	4149541	1	861	0.0	1568	5306069	861	card~~~SHV-107~~~AM941848.1:0-861~~~cephalosporin;penicillin_beta-lactam SHV-107 is an inhibitor-resistant beta-lactamase found in Klebsiella pneumoniae.	100.0	card
contig_3	card~~~SHV-99~~~AM941845.1:0-861~~~cephalosporin;penicillin_beta-lactam	99.419	861	5	0	4148681	4149541	1	861	0.0	1563	5306069	861	card~~~SHV-99~~~AM941845.1:0-861~~~cephalosporin;penicillin_beta-lactam SHV-99 is a beta-lactamase found in Klebsiella pneumoniae.	100.0	card
contig_3	card~~~SHV-96~~~EF373971.1:0-861~~~cephalosporin;penicillin_beta-lactam	99.419	861	5	0	4148681	4149541	1	861	0.0	1563	5306069	861	card~~~SHV-96~~~EF373971.1:0-861~~~cephalosporin;penicillin_beta-lactam SHV-96 is a beta-lactamase found in Acinetobacter baumannii.	100.0	card
contig_3	card~~~SHV-94~~~EF373970.1:0-861~~~cephalosporin;penicillin_beta-lactam	99.419	861	5	0	4148681	4149541	1	861	0.0	1563	5306069	861	card~~~SHV-94~~~EF373970.1:0-861~~~cephalosporin;penicillin_beta-lactam SHV-94 is a beta-lactamase found in Klebsiella pneumoniae.	100.0	card
contig_3	card~~~SHV-89~~~DQ193536.1:0-861~~~cephalosporin;penicillin_beta-lactam	99.419	861	5	0	4148681	4149541	1	861	0.0	1563	5306069	861	card~~~SHV-89~~~DQ193536.1:0-861~~~cephalosporin;penicillin_beta-lactam SHV-89 is a broad-spectrum beta-lactamase found in Klebsiella pneumoniae.	100.0	card
contig_3	card~~~SHV-85~~~DQ322460.1:15-876~~~cephalosporin;penicillin_beta-lactam	99.419	861	5	0	4148681	4149541	1	861	0.0	1563	5306069	861	card~~~SHV-85~~~DQ322460.1:15-876~~~cephalosporin;penicillin_beta-lactam SHV-85 is a broad-spectrum beta-lactamase found in Klebsiella pneumoniae.	100.0	card
contig_3	card~~~SHV-81~~~AM176556.2:25-886~~~cephalosporin;penicillin_beta-lactam	99.419	861	5	0	4148681	4149541	1	861	0.0	1563	5306069	861	card~~~SHV-81~~~AM176556.2:25-886~~~cephalosporin;penicillin_beta-lactam SHV-81 is a broad-spectrum beta-lactamase found in Klebsiella pneumoniae.	100.0	card
contig_3	card~~~SHV-79~~~AM176554.2:30-891~~~cephalosporin;penicillin_beta-lactam	99.419	861	5	0	4148681	4149541	1	861	0.0	1563	5306069	861	card~~~SHV-79~~~AM176554.2:30-891~~~cephalosporin;penicillin_beta-lactam SHV-79 is a broad-spectrum beta-lactamase found in Klebsiella pneumoniae.	100.0	card
contig_3	card~~~SHV-77~~~AM176552.2:30-891~~~cephalosporin;penicillin_beta-lactam	99.419	861	5	0	4148681	4149541	1	861	0.0	1563	5306069	861	card~~~SHV-77~~~AM176552.2:30-891~~~cephalosporin;penicillin_beta-lactam SHV-77 is a broad-spectrum beta-lactamase found in Klebsiella pneumoniae and E. coli.	100.0	card
contig_3	card~~~SHV-61~~~AJ866284.2:0-861~~~cephalosporin;penicillin_beta-lactam	99.419	861	5	0	4148681	4149541	1	861	0.0	1563	5306069	861	card~~~SHV-61~~~AJ866284.2:0-861~~~cephalosporin;penicillin_beta-lactam SHV-61 is a broad-spectrum beta-lactamase found in Klebsiella pneumoniae.	100.0	card
contig_3	card~~~SHV-60~~~AB302939.1:8-869~~~cephalosporin;penicillin_beta-lactam	99.419	861	5	0	4148681	4149541	1	861	0.0	1563	5306069	861	card~~~SHV-60~~~AB302939.1:8-869~~~cephalosporin;penicillin_beta-lactam SHV-60 is a broad-spectrum beta-lactamase found in Klebsiella pneumoniae.	100.0	card
contig_3	card~~~SHV-56~~~EU586041.1:0-861~~~cephalosporin;penicillin_beta-lactam	99.419	861	5	0	4148681	4149541	1	861	0.0	1563	5306069	861	card~~~SHV-56~~~EU586041.1:0-861~~~cephalosporin;penicillin_beta-lactam SHV-56 is an inhibitor-resistant beta-lactamase found in Klebsiella pneumoniae.	100.0	card
contig_3	card~~~SHV-40~~~AF535128.1:0-861~~~cephalosporin;penicillin_beta-lactam	99.419	861	5	0	4148681	4149541	1	861	0.0	1563	5306069	861	card~~~SHV-40~~~AF535128.1:0-861~~~cephalosporin;penicillin_beta-lactam SHV-40 is an extended-spectrum beta-lactamase found in Klebsiella pneumoniae.	100.0	card
contig_3	card~~~SHV-35~~~AY070258.1:0-861~~~cephalosporin;penicillin_beta-lactam	99.419	861	5	0	4148681	4149541	1	861	0.0	1563	5306069	861	card~~~SHV-35~~~AY070258.1:0-861~~~cephalosporin;penicillin_beta-lactam SHV-35 is a beta-lactamase found in Klebsiella pneumoniae.	100.0	card
contig_3	card~~~SHV-28~~~AF299299.1:0-861~~~cephalosporin;penicillin_beta-lactam	99.419	861	5	0	4148681	4149541	1	861	0.0	1563	5306069	861	card~~~SHV-28~~~AF299299.1:0-861~~~cephalosporin;penicillin_beta-lactam SHV-28 is a beta-lactamase found in Klebsiella pneumoniae.	100.0	card
contig_3	card~~~SHV-27~~~AF293345.1:0-861~~~cephalosporin;penicillin_beta-lactam	99.419	861	5	0	4148681	4149541	1	861	0.0	1563	5306069	861	card~~~SHV-27~~~AF293345.1:0-861~~~cephalosporin;penicillin_beta-lactam SHV-27 is an extended-spectrum beta-lactamase found in Klebsiella pneumoniae.	100.0	card
contig_3	card~~~SHV-240~~~OR876332.1:0-861~~~cephalosporin;penicillin_beta-lactam	99.419	861	5	0	4148681	4149541	1	861	0.0	1563	5306069	861	card~~~SHV-240~~~OR876332.1:0-861~~~cephalosporin;penicillin_beta-lactam Inhibitor-resistant class A beta-lactamase SHV-240.	100.0	card
contig_3	card~~~SHV-235~~~OR863407.1:0-861~~~cephalosporin;penicillin_beta-lactam	99.419	861	5	0	4148681	4149541	1	861	0.0	1563	5306069	861	card~~~SHV-235~~~OR863407.1:0-861~~~cephalosporin;penicillin_beta-lactam Class A beta-lactamase SHV-235.	100.0	card
contig_3	card~~~SHV-224~~~NG_062296.1:0-861~~~cephalosporin;penicillin_beta-lactam	99.419	861	5	0	4148681	4149541	1	861	0.0	1563	5306069	861	card~~~SHV-224~~~NG_062296.1:0-861~~~cephalosporin;penicillin_beta-lactam A beta-lactamase gene found in Klebsiella pneumoniae.	100.0	card
contig_3	card~~~SHV-217~~~NG_062289.1:0-861~~~cephalosporin;penicillin_beta-lactam	99.419	861	5	0	4148681	4149541	1	861	0.0	1563	5306069	861	card~~~SHV-217~~~NG_062289.1:0-861~~~cephalosporin;penicillin_beta-lactam A beta-lactamase gene found in Klebsiella pneumoniae.	100.0	card
contig_3	card~~~SHV-214~~~NG_062286.1:0-861~~~cephalosporin;penicillin_beta-lactam	99.419	861	5	0	4148681	4149541	1	861	0.0	1563	5306069	861	card~~~SHV-214~~~NG_062286.1:0-861~~~cephalosporin;penicillin_beta-lactam A beta-lactamase gene found in Klebsiella pneumoniae.	100.0	card
contig_3	card~~~SHV-213~~~NG_062285.1:0-861~~~cephalosporin;penicillin_beta-lactam	99.419	861	5	0	4148681	4149541	1	861	0.0	1563	5306069	861	card~~~SHV-213~~~NG_062285.1:0-861~~~cephalosporin;penicillin_beta-lactam A beta-lactamase gene found in Klebsiella pneumoniae.	100.0	card
contig_3	card~~~SHV-209~~~NG_062281.1:0-861~~~cephalosporin;penicillin_beta-lactam	99.419	861	5	0	4148681	4149541	1	861	0.0	1563	5306069	861	card~~~SHV-209~~~NG_062281.1:0-861~~~cephalosporin;penicillin_beta-lactam A beta-lactamase gene found in Klebsiella pneumoniae.	100.0	card
contig_3	card~~~SHV-208~~~NG_062280.1:0-861~~~cephalosporin;penicillin_beta-lactam	99.419	861	5	0	4148681	4149541	1	861	0.0	1563	5306069	861	card~~~SHV-208~~~NG_062280.1:0-861~~~cephalosporin;penicillin_beta-lactam A beta-lactamase gene found in Klebsiella pneumoniae.	100.0	card
contig_3	card~~~SHV-203~~~NG_055668.1:0-861~~~cephalosporin;penicillin_beta-lactam	99.419	861	5	0	4148681	4149541	1	861	0.0	1563	5306069	861	card~~~SHV-203~~~NG_055668.1:0-861~~~cephalosporin;penicillin_beta-lactam A beta-lactamase gene found in Klebsiella pneumoniae.	100.0	card
contig_3	card~~~SHV-202~~~MF804906.1:0-867~~~cephalosporin;penicillin_beta-lactam	99.193	867	7	0	4148675	4149541	1	867	0.0	1563	5306069	867	card~~~SHV-202~~~MF804906.1:0-867~~~cephalosporin;penicillin_beta-lactam A beta-lactamase gene found in Klebsiella pneumoniae.	100.0	card
contig_3	card~~~SHV-172~~~KF513177.1:0-861~~~cephalosporin;penicillin_beta-lactam	99.419	861	5	0	4148681	4149541	1	861	0.0	1563	5306069	861	card~~~SHV-172~~~KF513177.1:0-861~~~cephalosporin;penicillin_beta-lactam SHV-172 is a beta-lactamase. Name originally from the historical Lahey list of beta-lactamases, some of which did not include sequence data.	100.0	card
contig_3	card~~~SHV-144~~~JQ926986.1:0-861~~~cephalosporin;penicillin_beta-lactam	99.419	861	5	0	4148681	4149541	1	861	0.0	1563	5306069	861	card~~~SHV-144~~~JQ926986.1:0-861~~~cephalosporin;penicillin_beta-lactam SHV-144 is a beta-lactamase found in Klebsiella pneumoniae.	100.0	card
contig_3	card~~~SHV-137~~~HQ661363.1:71-932~~~cephalosporin;penicillin_beta-lactam	99.419	861	5	0	4148681	4149541	1	861	0.0	1563	5306069	861	card~~~SHV-137~~~HQ661363.1:71-932~~~cephalosporin;penicillin_beta-lactam SHV-137 is a beta-lactamase.	100.0	card
contig_3	card~~~SHV-121~~~HQ661362.1:71-932~~~cephalosporin;penicillin_beta-lactam	99.419	861	5	0	4148681	4149541	1	861	0.0	1563	5306069	861	card~~~SHV-121~~~HQ661362.1:71-932~~~cephalosporin;penicillin_beta-lactam SHV-121 is a beta-lactamase that has been found in clinical isolates. Identical to SHV-136.	100.0	card
contig_3	card~~~SHV-12~~~KF976405.1:7837-8698~~~cephalosporin;penicillin_beta-lactam	99.419	861	5	0	4148681	4149541	1	861	0.0	1563	5306069	861	card~~~SHV-12~~~KF976405.1:7837-8698~~~cephalosporin;penicillin_beta-lactam SHV-12 is an extended-spectrum beta-lactamase found in Acinetobacter baumannii.	100.0	card
contig_3	card~~~SHV-119~~~KJ776406.1:16-877~~~cephalosporin;penicillin_beta-lactam	99.419	861	5	0	4148681	4149541	1	861	0.0	1563	5306069	861	card~~~SHV-119~~~KJ776406.1:16-877~~~cephalosporin;penicillin_beta-lactam SHV-119 is a beta-lactamase. Name originally from the historical Lahey list of beta-lactamases, some of which did not include sequence data.	100.0	card
contig_3	card~~~SHV-110~~~HQ877615.1:0-861~~~cephalosporin;penicillin_beta-lactam	99.419	861	5	0	4148681	4149541	1	861	0.0	1563	5306069	861	card~~~SHV-110~~~HQ877615.1:0-861~~~cephalosporin;penicillin_beta-lactam SHV-110 is a beta-lactamase found in Klebsiella pneumoniae.	100.0	card
contig_3	card~~~SHV-1~~~FJ668814.1:76-937~~~cephalosporin;penicillin_beta-lactam	99.419	861	5	0	4148681	4149541	1	861	0.0	1563	5306069	861	card~~~SHV-1~~~FJ668814.1:76-937~~~cephalosporin;penicillin_beta-lactam SHV-1 is a broad-spectrum beta-lactamase found in Klebsiella spp., as well as Acinetobacter spp., E. coli., Raoultella terrigena, and Yersinia pestis.	100.0	card
contig_3	card~~~SHV-83~~~AM176558.2:0-861~~~cephalosporin;penicillin_beta-lactam	99.418	859	5	0	4148683	4149541	3	861	0.0	1559	5306069	861	card~~~SHV-83~~~AM176558.2:0-861~~~cephalosporin;penicillin_beta-lactam SHV-83 is a broad-spectrum beta-lactamase found in Klebsiella pneumoniae.	99.76771196283391	card
contig_3	card~~~SHV-98~~~AM941844.1:0-861~~~cephalosporin;penicillin_beta-lactam	99.303	861	6	0	4148681	4149541	1	861	0.0	1557	5306069	861	card~~~SHV-98~~~AM941844.1:0-861~~~cephalosporin;penicillin_beta-lactam SHV-98 is a beta-lactamase found in Klebsiella pneumoniae.	100.0	card
contig_3	card~~~SHV-97~~~EF373973.1:0-861~~~cephalosporin;penicillin_beta-lactam	99.303	861	6	0	4148681	4149541	1	861	0.0	1557	5306069	861	card~~~SHV-97~~~EF373973.1:0-861~~~cephalosporin;penicillin_beta-lactam SHV-97 is a beta-lactamase found in Enterococcus faecalis.	100.0	card
contig_3	card~~~SHV-95~~~EF373972.1:0-861~~~cephalosporin;penicillin_beta-lactam	99.303	861	6	0	4148681	4149541	1	861	0.0	1557	5306069	861	card~~~SHV-95~~~EF373972.1:0-861~~~cephalosporin;penicillin_beta-lactam SHV-95 is a beta-lactamase found in Citrobacter freundii.	100.0	card
contig_3	card~~~SHV-93~~~EF373969.1:0-861~~~cephalosporin;penicillin_beta-lactam	99.303	861	6	0	4148681	4149541	1	861	0.0	1557	5306069	861	card~~~SHV-93~~~EF373969.1:0-861~~~cephalosporin;penicillin_beta-lactam SHV-93 is a beta-lactamase found in Klebsiella pneumoniae.	100.0	card
contig_3	card~~~SHV-80~~~AM176555.2:0-861~~~cephalosporin;penicillin_beta-lactam	99.303	861	6	0	4148681	4149541	1	861	0.0	1557	5306069	861	card~~~SHV-80~~~AM176555.2:0-861~~~cephalosporin;penicillin_beta-lactam SHV-80 is a broad-spectrum beta-lactamase found in Klebsiella pneumoniae.	100.0	card
contig_3	card~~~SHV-78~~~AM176553.2:30-891~~~cephalosporin;penicillin_beta-lactam	99.303	861	6	0	4148681	4149541	1	861	0.0	1557	5306069	861	card~~~SHV-78~~~AM176553.2:30-891~~~cephalosporin;penicillin_beta-lactam SHV-78 is a broad-spectrum beta-lactamase found in Klebsiella pneumoniae.	100.0	card
contig_3	card~~~SHV-66~~~DQ174306.1:4-865~~~cephalosporin;penicillin_beta-lactam	99.303	861	6	0	4148681	4149541	1	861	0.0	1557	5306069	861	card~~~SHV-66~~~DQ174306.1:4-865~~~cephalosporin;penicillin_beta-lactam SHV-66 is an extended-spectrum beta-lactamase found in Klebsiella pneumoniae.	100.0	card
contig_3	card~~~SHV-62~~~AJ866285.2:0-861~~~cephalosporin;penicillin_beta-lactam	99.303	861	6	0	4148681	4149541	1	861	0.0	1557	5306069	861	card~~~SHV-62~~~AJ866285.2:0-861~~~cephalosporin;penicillin_beta-lactam SHV-62 is a broad-spectrum beta-lactamase found in Klebsiella pneumoniae.	100.0	card
contig_3	card~~~SHV-6~~~DAGOBI010000132.1:1383-2244~~~cephalosporin;penicillin_beta-lactam	99.303	861	6	0	4148681	4149541	1	861	0.0	1557	5306069	861	card~~~SHV-6~~~DAGOBI010000132.1:1383-2244~~~cephalosporin;penicillin_beta-lactam SHV-6 is an extended-spectrum beta-lactamase that has been found in clinical isolates.	100.0	card
contig_3	card~~~SHV-51~~~AY289548.1:0-861~~~cephalosporin;penicillin_beta-lactam	99.303	861	6	0	4148681	4149541	1	861	0.0	1557	5306069	861	card~~~SHV-51~~~AY289548.1:0-861~~~cephalosporin;penicillin_beta-lactam SHV-51 is a beta-lactamase found in Klebsiella pneumoniae.	100.0	card
contig_3	card~~~SHV-44~~~AY259119.1:116-977~~~cephalosporin;penicillin_beta-lactam	99.303	861	6	0	4148681	4149541	1	861	0.0	1557	5306069	861	card~~~SHV-44~~~AY259119.1:116-977~~~cephalosporin;penicillin_beta-lactam SHV-44 is a broad-spectrum beta-lactamase found in Klebsiella pneumoniae.	100.0	card
contig_3	card~~~SHV-42~~~AF535130.1:0-861~~~cephalosporin;penicillin_beta-lactam	99.303	861	6	0	4148681	4149541	1	861	0.0	1557	5306069	861	card~~~SHV-42~~~AF535130.1:0-861~~~cephalosporin;penicillin_beta-lactam SHV-42 is an extended-spectrum beta-lactamase found in Klebsiella pneumoniae.	100.0	card
contig_3	card~~~SHV-38~~~AY079099.1:148-1009~~~cephalosporin;penicillin_beta-lactam	99.303	861	6	0	4148681	4149541	1	861	0.0	1557	5306069	861	card~~~SHV-38~~~AY079099.1:148-1009~~~cephalosporin;penicillin_beta-lactam SHV-38 is an extended-spectrum beta-lactamase found in Klebsiella pneumoniae.	100.0	card
contig_3	card~~~SHV-36~~~AF467947.1:0-861~~~cephalosporin;penicillin_beta-lactam	99.303	861	6	0	4148681	4149541	1	861	0.0	1557	5306069	861	card~~~SHV-36~~~AF467947.1:0-861~~~cephalosporin;penicillin_beta-lactam SHV-36 is a beta-lactamase found in Klebsiella pneumoniae.	100.0	card
contig_3	card~~~SHV-33~~~JX268631.1:0-861~~~cephalosporin;penicillin_beta-lactam	99.303	861	6	0	4148681	4149541	1	861	0.0	1557	5306069	861	card~~~SHV-33~~~JX268631.1:0-861~~~cephalosporin;penicillin_beta-lactam SHV-33 is an broad-spectrum beta-lactamase found in Klebsiella pneumoniae.	100.0	card
contig_3	card~~~SHV-32~~~AY037778.1:91-952~~~cephalosporin;penicillin_beta-lactam	99.303	861	6	0	4148681	4149541	1	861	0.0	1557	5306069	861	card~~~SHV-32~~~AY037778.1:91-952~~~cephalosporin;penicillin_beta-lactam SHV-32 is a broad-spectrum beta-lactamase found in Klebsiella pneumoniae.	100.0	card
contig_3	card~~~SHV-2A~~~X98102.1:73-934~~~cephalosporin;penicillin_beta-lactam	99.303	861	6	0	4148681	4149541	1	861	0.0	1557	5306069	861	card~~~SHV-2A~~~X98102.1:73-934~~~cephalosporin;penicillin_beta-lactam SHV-2A is an extended-spectrum beta-lactamase found in Enterobacter cloacae, Klebsiella pneumoniae, Pseudomonas aeruginosa, and Salmonella enterica.	100.0	card
contig_3	card~~~SHV-26~~~AF227204.1:73-934~~~cephalosporin;penicillin_beta-lactam	99.303	861	6	0	4148681	4149541	1	861	0.0	1557	5306069	861	card~~~SHV-26~~~AF227204.1:73-934~~~cephalosporin;penicillin_beta-lactam SHV-26 is an inhibitor-resistant beta-lactamase found in Klebsiella pneumoniae.	100.0	card
contig_3	card~~~SHV-244~~~PP532823.1:0-861~~~cephalosporin;penicillin_beta-lactam	99.303	861	6	0	4148681	4149541	1	861	0.0	1557	5306069	861	card~~~SHV-244~~~PP532823.1:0-861~~~cephalosporin;penicillin_beta-lactam Class A beta-lactamase SHV-244.	100.0	card
contig_3	card~~~SHV-242~~~OR876334.1:0-861~~~cephalosporin;penicillin_beta-lactam	99.303	861	6	0	4148681	4149541	1	861	0.0	1557	5306069	861	card~~~SHV-242~~~OR876334.1:0-861~~~cephalosporin;penicillin_beta-lactam Inhibitor-resistant class A beta-lactamase SHV-242.	100.0	card
contig_3	card~~~SHV-238~~~OR880707.1:0-861~~~cephalosporin;penicillin_beta-lactam	99.303	861	6	0	4148681	4149541	1	861	0.0	1557	5306069	861	card~~~SHV-238~~~OR880707.1:0-861~~~cephalosporin;penicillin_beta-lactam Inhibitor-resistant extended-spectrum class A beta-lactamase SHV-238.	100.0	card
contig_3	card~~~SHV-236~~~OR863408.1:0-861~~~cephalosporin;penicillin_beta-lactam	99.303	861	6	0	4148681	4149541	1	861	0.0	1557	5306069	861	card~~~SHV-236~~~OR863408.1:0-861~~~cephalosporin;penicillin_beta-lactam Class A beta-lactamase SHV-236.	100.0	card
contig_3	card~~~SHV-234~~~OR863406.1:0-861~~~cephalosporin;penicillin_beta-lactam	99.303	861	6	0	4148681	4149541	1	861	0.0	1557	5306069	861	card~~~SHV-234~~~OR863406.1:0-861~~~cephalosporin;penicillin_beta-lactam Inhibitor-resistant class A beta-lactamase SHV-234.	100.0	card
contig_3	card~~~SHV-232~~~OR224963.1:0-861~~~cephalosporin;penicillin_beta-lactam	99.303	861	6	0	4148681	4149541	1	861	0.0	1557	5306069	861	card~~~SHV-232~~~OR224963.1:0-861~~~cephalosporin;penicillin_beta-lactam Class A beta-lactamase SHV-232.	100.0	card
contig_3	card~~~SHV-230~~~OP762696.1:861-0~~~cephalosporin;penicillin_beta-lactam	99.303	861	6	0	4148681	4149541	1	861	0.0	1557	5306069	861	card~~~SHV-230~~~OP762696.1:861-0~~~cephalosporin;penicillin_beta-lactam Extended-spectrum class A beta-lactamase SHV-230.	100.0	card
contig_3	card~~~SHV-229~~~MZ748304.1:0-861~~~cephalosporin;penicillin_beta-lactam	99.303	861	6	0	4148681	4149541	1	861	0.0	1557	5306069	861	card~~~SHV-229~~~MZ748304.1:0-861~~~cephalosporin;penicillin_beta-lactam Broad-spectrum class A beta-lactamase SHV-229.	100.0	card
contig_3	card~~~SHV-226~~~NG_062298.1:0-861~~~cephalosporin;penicillin_beta-lactam	99.303	861	6	0	4148681	4149541	1	861	0.0	1557	5306069	861	card~~~SHV-226~~~NG_062298.1:0-861~~~cephalosporin;penicillin_beta-lactam A beta-lactamase gene found in Klebsiella pneumoniae.	100.0	card
contig_3	card~~~SHV-219~~~NG_062291.1:0-861~~~cephalosporin;penicillin_beta-lactam	99.303	861	6	0	4148681	4149541	1	861	0.0	1557	5306069	861	card~~~SHV-219~~~NG_062291.1:0-861~~~cephalosporin;penicillin_beta-lactam Beta-lactamase gene from Klebsiella pneumoniae.	100.0	card
contig_3	card~~~SHV-216~~~NG_062288.1:0-861~~~cephalosporin;penicillin_beta-lactam	99.303	861	6	0	4148681	4149541	1	861	0.0	1557	5306069	861	card~~~SHV-216~~~NG_062288.1:0-861~~~cephalosporin;penicillin_beta-lactam A beta-lactamase gene from Klebsiella pneumoniae.	100.0	card
contig_3	card~~~SHV-212~~~NG_062284.1:0-861~~~cephalosporin;penicillin_beta-lactam	99.303	861	6	0	4148681	4149541	1	861	0.0	1557	5306069	861	card~~~SHV-212~~~NG_062284.1:0-861~~~cephalosporin;penicillin_beta-lactam A beta-lactamase gene from Klebsiella pneumoniae.	100.0	card
contig_3	card~~~SHV-207~~~NG_062279.1:0-861~~~cephalosporin;penicillin_beta-lactam	99.303	861	6	0	4148681	4149541	1	861	0.0	1557	5306069	861	card~~~SHV-207~~~NG_062279.1:0-861~~~cephalosporin;penicillin_beta-lactam A beta-lactamase gene found in Klebsiella penumoniae.	100.0	card
contig_3	card~~~SHV-206~~~NG_062278.1:0-861~~~cephalosporin;penicillin_beta-lactam	99.303	861	6	0	4148681	4149541	1	861	0.0	1557	5306069	861	card~~~SHV-206~~~NG_062278.1:0-861~~~cephalosporin;penicillin_beta-lactam A beta-lactamase gene from Klebsiella pneumoniae.	100.0	card
contig_3	card~~~SHV-1b-b~~~NG_050059.1:0-861~~~cephalosporin;penicillin_beta-lactam	99.303	861	6	0	4148681	4149541	1	861	0.0	1557	5306069	861	card~~~SHV-1b-b~~~NG_050059.1:0-861~~~cephalosporin;penicillin_beta-lactam A beta-lactamase gene found in Klebsiella pneumoniae.	100.0	card
contig_3	card~~~SHV-199~~~NG_055503.1:0-861~~~cephalosporin;penicillin_beta-lactam	99.303	861	6	0	4148681	4149541	1	861	0.0	1557	5306069	861	card~~~SHV-199~~~NG_055503.1:0-861~~~cephalosporin;penicillin_beta-lactam A beta-lactamase gene found in Escherichia coli.	100.0	card
contig_3	card~~~SHV-196~~~NG_051521.1:0-861~~~cephalosporin;penicillin_beta-lactam	99.303	861	6	0	4148681	4149541	1	861	0.0	1557	5306069	861	card~~~SHV-196~~~NG_051521.1:0-861~~~cephalosporin;penicillin_beta-lactam A beta-lactamase gene found in Klebsiella pneumoniae.	100.0	card
contig_3	card~~~SHV-194~~~NG_051169.1:0-861~~~cephalosporin;penicillin_beta-lactam	99.303	861	6	0	4148681	4149541	1	861	0.0	1557	5306069	861	card~~~SHV-194~~~NG_051169.1:0-861~~~cephalosporin;penicillin_beta-lactam Beta-lactamase gene from Klebsiella pneumoniae.	100.0	card
contig_3	card~~~SHV-193~~~NG_050058.1:0-861~~~cephalosporin;penicillin_beta-lactam	99.303	861	6	0	4148681	4149541	1	861	0.0	1557	5306069	861	card~~~SHV-193~~~NG_050058.1:0-861~~~cephalosporin;penicillin_beta-lactam A beta-lactamase gene found in Klebsiella pneumoniae.	100.0	card
contig_3	card~~~SHV-19~~~DAGGWD010000033.1:85-946~~~cephalosporin;penicillin_beta-lactam	99.303	861	6	0	4148681	4149541	1	861	0.0	1557	5306069	861	card~~~SHV-19~~~DAGGWD010000033.1:85-946~~~cephalosporin;penicillin_beta-lactam SHV-19 is a broad-spectrum beta-lactamase that has been found in clinical isolates.	100.0	card
contig_3	card~~~SHV-179~~~KF705208.1:0-861~~~cephalosporin;penicillin_beta-lactam	99.303	861	6	0	4148681	4149541	1	861	0.0	1557	5306069	861	card~~~SHV-179~~~KF705208.1:0-861~~~cephalosporin;penicillin_beta-lactam SHV-179 is a beta-lactamase. Name originally from the historical Lahey list of beta-lactamases, some of which did not include sequence data.	100.0	card
contig_3	card~~~SHV-178~~~KF705209.1:0-861~~~cephalosporin;penicillin_beta-lactam	99.303	861	6	0	4148681	4149541	1	861	0.0	1557	5306069	861	card~~~SHV-178~~~KF705209.1:0-861~~~cephalosporin;penicillin_beta-lactam SHV-178 is a beta-lactamase. Name originally from the historical Lahey list of beta-lactamases, some of which did not include sequence data.	100.0	card
contig_3	card~~~SHV-161~~~JX121128.1:0-861~~~cephalosporin;penicillin_beta-lactam	99.303	861	6	0	4148681	4149541	1	861	0.0	1557	5306069	861	card~~~SHV-161~~~JX121128.1:0-861~~~cephalosporin;penicillin_beta-lactam SHV-161 is a beta-lactamase.	100.0	card
contig_3	card~~~SHV-160~~~JX121127.1:0-861~~~cephalosporin;penicillin_beta-lactam	99.303	861	6	0	4148681	4149541	1	861	0.0	1557	5306069	861	card~~~SHV-160~~~JX121127.1:0-861~~~cephalosporin;penicillin_beta-lactam SHV-160 is a beta-lactamase.	100.0	card
contig_3	card~~~SHV-157~~~JX121124.1:0-861~~~cephalosporin;penicillin_beta-lactam	99.303	861	6	0	4148681	4149541	1	861	0.0	1557	5306069	861	card~~~SHV-157~~~JX121124.1:0-861~~~cephalosporin;penicillin_beta-lactam SHV-157 is a beta-lactamase.	100.0	card
contig_3	card~~~SHV-145~~~JX013655.1:0-861~~~cephalosporin;penicillin_beta-lactam	99.303	861	6	0	4148681	4149541	1	861	0.0	1557	5306069	861	card~~~SHV-145~~~JX013655.1:0-861~~~cephalosporin;penicillin_beta-lactam SHV-145 is a beta-lactamase.	100.0	card
contig_3	card~~~SHV-143~~~JQ341060.1:1742-881~~~cephalosporin;penicillin_beta-lactam	99.303	861	6	0	4148681	4149541	1	861	0.0	1557	5306069	861	card~~~SHV-143~~~JQ341060.1:1742-881~~~cephalosporin;penicillin_beta-lactam SHV-143 is a beta-lactamase. Name originally from the historical Lahey list of beta-lactamases, some of which did not include sequence data.	100.0	card
contig_3	card~~~SHV-142~~~JQ029959.1:28-889~~~cephalosporin;penicillin_beta-lactam	99.303	861	6	0	4148681	4149541	1	861	0.0	1557	5306069	861	card~~~SHV-142~~~JQ029959.1:28-889~~~cephalosporin;penicillin_beta-lactam SHV-142 is a beta-lactamase.	100.0	card
contig_3	card~~~SHV-14~~~AF226622.1:54-915~~~cephalosporin;penicillin_beta-lactam	99.303	861	6	0	4148681	4149541	1	861	0.0	1557	5306069	861	card~~~SHV-14~~~AF226622.1:54-915~~~cephalosporin;penicillin_beta-lactam SHV-14 is an broad-spectrum beta-lactamase found in Klebsiella pneumoniae.	100.0	card
contig_3	card~~~SHV-135~~~HQ637576.1:0-861~~~cephalosporin;penicillin_beta-lactam	99.303	861	6	0	4148681	4149541	1	861	0.0	1557	5306069	861	card~~~SHV-135~~~HQ637576.1:0-861~~~cephalosporin;penicillin_beta-lactam SHV-135 is a beta-lactamase.	100.0	card
contig_3	card~~~SHV-134~~~HM559945.1:0-861~~~cephalosporin;penicillin_beta-lactam	99.303	861	6	0	4148681	4149541	1	861	0.0	1557	5306069	861	card~~~SHV-134~~~HM559945.1:0-861~~~cephalosporin;penicillin_beta-lactam SHV-134 is an extended-spectrum beta-lactamase.	100.0	card
contig_3	card~~~SHV-132~~~NG_050009.1:100-961~~~cephalosporin;penicillin_beta-lactam	99.303	861	6	0	4148681	4149541	1	861	0.0	1557	5306069	861	card~~~SHV-132~~~NG_050009.1:100-961~~~cephalosporin;penicillin_beta-lactam SHV-132 is a beta-lactamase. Name originally from the historical Lahey list of beta-lactamases, some of which did not include sequence data.	100.0	card
contig_3	card~~~SHV-111~~~AB372881.1:8-869~~~cephalosporin;penicillin_beta-lactam	99.303	861	6	0	4148681	4149541	1	861	0.0	1557	5306069	861	card~~~SHV-111~~~AB372881.1:8-869~~~cephalosporin;penicillin_beta-lactam SHV-111 is a beta-lactamase found in Klebsiella pneumoniae.	100.0	card
contig_3	card~~~SHV-108~~~HM751100.1:0-861~~~cephalosporin;penicillin_beta-lactam	99.303	861	6	0	4148681	4149541	1	861	0.0	1557	5306069	861	card~~~SHV-108~~~HM751100.1:0-861~~~cephalosporin;penicillin_beta-lactam SHV-108 is a beta-lactamase found in Klebsiella pneumoniae.	100.0	card
contig_3	card~~~SHV-101~~~EU155018.1:0-861~~~cephalosporin;penicillin_beta-lactam	99.303	861	6	0	4148681	4149541	1	861	0.0	1557	5306069	861	card~~~SHV-101~~~EU155018.1:0-861~~~cephalosporin;penicillin_beta-lactam SHV-101 is a beta-lactamase found in Klebsiella pneumoniae.	100.0	card
contig_3	card~~~SHV-104~~~EU274581.1:0-861~~~cephalosporin;penicillin_beta-lactam	99.302	860	6	0	4148682	4149541	2	861	0.0	1555	5306069	861	card~~~SHV-104~~~EU274581.1:0-861~~~cephalosporin;penicillin_beta-lactam SHV-104 is an extended-spectrum beta-lactamase that has been found in clinical isolates.	99.88385598141696	card
contig_3	card~~~SHV-148~~~JX121115.1:0-858~~~cephalosporin;penicillin_beta-lactam	99.416	856	5	0	4148681	4149536	1	856	0.0	1554	5306069	858	card~~~SHV-148~~~JX121115.1:0-858~~~cephalosporin;penicillin_beta-lactam SHV-148 is a beta-lactamase.	99.76689976689977	card
contig_3	card~~~SHV-86~~~DQ328802.1:0-861~~~cephalosporin;penicillin_beta-lactam	99.187	861	7	0	4148681	4149541	1	861	0.0	1552	5306069	861	card~~~SHV-86~~~DQ328802.1:0-861~~~cephalosporin;penicillin_beta-lactam SHV-86 is an extended-spectrum beta-lactamase that has been found in clinical isolates.	100.0	card
contig_3	card~~~SHV-82~~~AM176557.2:0-861~~~cephalosporin;penicillin_beta-lactam	99.187	861	7	0	4148681	4149541	1	861	0.0	1552	5306069	861	card~~~SHV-82~~~AM176557.2:0-861~~~cephalosporin;penicillin_beta-lactam SHV-82 is a broad-spectrum beta-lactamase found in Klebsiella pneumoniae.	100.0	card
contig_3	card~~~SHV-8~~~U92041.1:0-861~~~cephalosporin;penicillin_beta-lactam	99.187	861	7	0	4148681	4149541	1	861	0.0	1552	5306069	861	card~~~SHV-8~~~U92041.1:0-861~~~cephalosporin;penicillin_beta-lactam SHV-8 is an extended-spectrum beta-lactamase found in E. coli.	100.0	card
contig_3	card~~~SHV-76~~~AM176551.2:30-891~~~cephalosporin;penicillin_beta-lactam	99.187	861	7	0	4148681	4149541	1	861	0.0	1552	5306069	861	card~~~SHV-76~~~AM176551.2:30-891~~~cephalosporin;penicillin_beta-lactam SHV-76 is a broad-spectrum beta-lactamase found in Klebsiella pneumoniae.	100.0	card
contig_3	card~~~SHV-71~~~AM176546.2:0-861~~~cephalosporin;penicillin_beta-lactam	99.187	861	7	0	4148681	4149541	1	861	0.0	1552	5306069	861	card~~~SHV-71~~~AM176546.2:0-861~~~cephalosporin;penicillin_beta-lactam SHV-71 is a broad-spectrum beta-lactamase found in Klebsiella pneumoniae and Shigella.	100.0	card
contig_3	card~~~SHV-65~~~DQ174305.1:4-865~~~cephalosporin;penicillin_beta-lactam	99.187	861	7	0	4148681	4149541	1	861	0.0	1552	5306069	861	card~~~SHV-65~~~DQ174305.1:4-865~~~cephalosporin;penicillin_beta-lactam SHV-65 is a beta-lactamase found in Klebsiella pneumoniae.	100.0	card
contig_3	card~~~SHV-64~~~DQ174304.1:4-865~~~cephalosporin;penicillin_beta-lactam	99.187	861	7	0	4148681	4149541	1	861	0.0	1552	5306069	861	card~~~SHV-64~~~DQ174304.1:4-865~~~cephalosporin;penicillin_beta-lactam SHV-64 is an extended-spectrum beta-lactamase found in Klebsiella pneumoniae.	100.0	card
contig_3	card~~~SHV-59~~~AY790341.1:0-861~~~cephalosporin;penicillin_beta-lactam	99.187	861	7	0	4148681	4149541	1	861	0.0	1552	5306069	861	card~~~SHV-59~~~AY790341.1:0-861~~~cephalosporin;penicillin_beta-lactam SHV-59 is a beta-lactamase found in Klebsiella pneumoniae.	100.0	card
contig_3	card~~~SHV-57~~~AY223863.1:170-1031~~~cephalosporin;penicillin_beta-lactam	99.187	861	7	0	4148681	4149541	1	861	0.0	1552	5306069	861	card~~~SHV-57~~~AY223863.1:170-1031~~~cephalosporin;penicillin_beta-lactam SHV-57 is an extended-spectrum beta-lactamase found in E. coli.	100.0	card
contig_3	card~~~SHV-50~~~AY288915.1:0-861~~~cephalosporin;penicillin_beta-lactam	99.187	861	7	0	4148681	4149541	1	861	0.0	1552	5306069	861	card~~~SHV-50~~~AY288915.1:0-861~~~cephalosporin;penicillin_beta-lactam SHV-50 is a beta-lactamase found in Klebsiella pneumoniae.	100.0	card
contig_3	card~~~SHV-49~~~AY528718.1:413-1274~~~cephalosporin;penicillin_beta-lactam	99.187	861	7	0	4148681	4149541	1	861	0.0	1552	5306069	861	card~~~SHV-49~~~AY528718.1:413-1274~~~cephalosporin;penicillin_beta-lactam SHV-49 is an inhibitor-resistant beta-lactamase found in Klebsiella pneumoniae.	100.0	card
contig_3	card~~~SHV-37~~~AF467948.1:0-861~~~cephalosporin;penicillin_beta-lactam	99.187	861	7	0	4148681	4149541	1	861	0.0	1552	5306069	861	card~~~SHV-37~~~AF467948.1:0-861~~~cephalosporin;penicillin_beta-lactam SHV-37 is a beta-lactamase found in Klebsiella pneumoniae.	100.0	card
contig_3	card~~~SHV-29~~~AF301532.1:7-868~~~cephalosporin;penicillin_beta-lactam	99.187	861	7	0	4148681	4149541	1	861	0.0	1552	5306069	861	card~~~SHV-29~~~AF301532.1:7-868~~~cephalosporin;penicillin_beta-lactam SHV-29 is an extended-spectrum beta-lactamase found in Klebsiella pneumoniae.	100.0	card
contig_3	card~~~SHV-243~~~OR876335.1:0-861~~~cephalosporin;penicillin_beta-lactam	99.187	861	7	0	4148681	4149541	1	861	0.0	1552	5306069	861	card~~~SHV-243~~~OR876335.1:0-861~~~cephalosporin;penicillin_beta-lactam Class A beta-lactamase SHV-243.	100.0	card
contig_3	card~~~SHV-24~~~AB023477.1:0-861~~~cephalosporin;penicillin_beta-lactam	99.187	861	7	0	4148681	4149541	1	861	0.0	1552	5306069	861	card~~~SHV-24~~~AB023477.1:0-861~~~cephalosporin;penicillin_beta-lactam SHV-24 is an extended-spectrum beta-lactamase found in E. coli.	100.0	card
contig_3	card~~~SHV-239~~~OR876331.1:0-861~~~cephalosporin;penicillin_beta-lactam	99.187	861	7	0	4148681	4149541	1	861	0.0	1552	5306069	861	card~~~SHV-239~~~OR876331.1:0-861~~~cephalosporin;penicillin_beta-lactam Inhibitor-resistant class A beta-lactamase SHV-239.	100.0	card
contig_3	card~~~SHV-225~~~NG_062297.1:0-861~~~cephalosporin;penicillin_beta-lactam	99.187	861	7	0	4148681	4149541	1	861	0.0	1552	5306069	861	card~~~SHV-225~~~NG_062297.1:0-861~~~cephalosporin;penicillin_beta-lactam A beta-lactamase gene found in Klebsiella pneumoniae.	100.0	card
contig_3	card~~~SHV-211~~~NG_062283.1:0-861~~~cephalosporin;penicillin_beta-lactam	99.187	861	7	0	4148681	4149541	1	861	0.0	1552	5306069	861	card~~~SHV-211~~~NG_062283.1:0-861~~~cephalosporin;penicillin_beta-lactam A beta-lactamase gene found in Klebsiella pneumoniae.	100.0	card
contig_3	card~~~SHV-210~~~NG_062282.1:0-861~~~cephalosporin;penicillin_beta-lactam	99.187	861	7	0	4148681	4149541	1	861	0.0	1552	5306069	861	card~~~SHV-210~~~NG_062282.1:0-861~~~cephalosporin;penicillin_beta-lactam Beta-lactamase gene from Klebsiella pneumoniae.	100.0	card
contig_3	card~~~SHV-205~~~NG_062276.1:0-861~~~cephalosporin;penicillin_beta-lactam	99.187	861	7	0	4148681	4149541	1	861	0.0	1552	5306069	861	card~~~SHV-205~~~NG_062276.1:0-861~~~cephalosporin;penicillin_beta-lactam A beta-lactamase gene found in Klebsiella pneumoniae.	100.0	card
contig_3	card~~~SHV-204~~~NG_057611.1:0-861~~~cephalosporin;penicillin_beta-lactam	99.187	861	7	0	4148681	4149541	1	861	0.0	1552	5306069	861	card~~~SHV-204~~~NG_057611.1:0-861~~~cephalosporin;penicillin_beta-lactam A beta-lactamase gene from Klebsiella pneumoniae.	100.0	card
contig_3	card~~~SHV-201~~~NG_062244.1:0-861~~~cephalosporin;penicillin_beta-lactam	99.187	861	7	0	4148681	4149541	1	861	0.0	1552	5306069	861	card~~~SHV-201~~~NG_062244.1:0-861~~~cephalosporin;penicillin_beta-lactam Beta-lactamase gene from Klebsiella pneumoniae.	100.0	card
contig_3	card~~~SHV-2~~~AF148851.1:5-866~~~cephalosporin;penicillin_beta-lactam	99.187	861	7	0	4148681	4149541	1	861	0.0	1552	5306069	861	card~~~SHV-2~~~AF148851.1:5-866~~~cephalosporin;penicillin_beta-lactam SHV-2 is an extended-spectrum beta-lactamase found in E. coli., Klebsiella pneumoniae, and Shigella flexneri.	100.0	card
contig_3	card~~~SHV-195~~~NG_051484.1:0-861~~~cephalosporin;penicillin_beta-lactam	99.187	861	7	0	4148681	4149541	1	861	0.0	1552	5306069	861	card~~~SHV-195~~~NG_051484.1:0-861~~~cephalosporin;penicillin_beta-lactam Beta-lactamase gene from Klebsiella pneumoniae.	100.0	card
contig_3	card~~~SHV-191~~~NG_050057.1:0-861~~~cephalosporin;penicillin_beta-lactam	99.187	861	7	0	4148681	4149541	1	861	0.0	1552	5306069	861	card~~~SHV-191~~~NG_050057.1:0-861~~~cephalosporin;penicillin_beta-lactam SHV-191 is a beta-lactamase. Name originally from the historical Lahey list of beta-lactamases, some of which did not include sequence data.	100.0	card
contig_3	card~~~SHV-186~~~KM233165.1:0-861~~~cephalosporin;penicillin_beta-lactam	99.187	861	7	0	4148681	4149541	1	861	0.0	1552	5306069	861	card~~~SHV-186~~~KM233165.1:0-861~~~cephalosporin;penicillin_beta-lactam SHV-186 is a beta-lactamase. Name originally from the historical Lahey list of beta-lactamases, some of which did not include sequence data.	100.0	card
contig_3	card~~~SHV-180~~~KP050487.1:0-861~~~cephalosporin;penicillin_beta-lactam	99.187	861	7	0	4148681	4149541	1	861	0.0	1552	5306069	861	card~~~SHV-180~~~KP050487.1:0-861~~~cephalosporin;penicillin_beta-lactam SHV-180 is a beta-lactamase. Name originally from the historical Lahey list of beta-lactamases, some of which did not include sequence data.	100.0	card
contig_3	card~~~SHV-171~~~NG_068212.1:100-961~~~cephalosporin;penicillin_beta-lactam	99.187	861	7	0	4148681	4149541	1	861	0.0	1552	5306069	861	card~~~SHV-171~~~NG_068212.1:100-961~~~cephalosporin;penicillin_beta-lactam SHV-171 is a beta-lactamase. Name originally from the historical Lahey list of beta-lactamases, some of which did not include sequence data.	100.0	card
contig_3	card~~~SHV-164~~~HE981194.1:0-861~~~cephalosporin;penicillin_beta-lactam	99.187	861	7	0	4148681	4149541	1	861	0.0	1552	5306069	861	card~~~SHV-164~~~HE981194.1:0-861~~~cephalosporin;penicillin_beta-lactam SHV-164 is a beta-lactamase. Name originally from the historical Lahey list of beta-lactamases, some of which did not include sequence data.	100.0	card
contig_3	card~~~SHV-152~~~JX121119.1:0-858~~~cephalosporin;penicillin_beta-lactam	99.301	858	6	0	4148681	4149538	1	858	0.0	1552	5306069	858	card~~~SHV-152~~~JX121119.1:0-858~~~cephalosporin;penicillin_beta-lactam SHV-152 is a beta-lactamase.	100.0	card
contig_3	card~~~SHV-15~~~AJ011428.2:0-861~~~cephalosporin;penicillin_beta-lactam	99.187	861	7	0	4148681	4149541	1	861	0.0	1552	5306069	861	card~~~SHV-15~~~AJ011428.2:0-861~~~cephalosporin;penicillin_beta-lactam SHV-15 is an extended-spectrum beta-lactamase found in E. coli.	100.0	card
contig_3	card~~~SHV-141~~~JQ388884.1:0-861~~~cephalosporin;penicillin_beta-lactam	99.187	861	7	0	4148681	4149541	1	861	0.0	1552	5306069	861	card~~~SHV-141~~~JQ388884.1:0-861~~~cephalosporin;penicillin_beta-lactam SHV-141 is a broad-spectrum beta-lactamase.	100.0	card
contig_3	card~~~SHV-133~~~AB551737.1:14-875~~~cephalosporin;penicillin_beta-lactam	99.187	861	7	0	4148681	4149541	1	861	0.0	1552	5306069	861	card~~~SHV-133~~~AB551737.1:14-875~~~cephalosporin;penicillin_beta-lactam SHV-133 is a beta-lactamase.	100.0	card
contig_3	card~~~SHV-120~~~JF812965.1:0-861~~~cephalosporin;penicillin_beta-lactam	99.187	861	7	0	4148681	4149541	1	861	0.0	1552	5306069	861	card~~~SHV-120~~~JF812965.1:0-861~~~cephalosporin;penicillin_beta-lactam SHV-120 is a beta-lactamase that has been found in clinical isolates.	100.0	card
contig_3	card~~~SHV-109~~~EU418913.1:16-877~~~cephalosporin;penicillin_beta-lactam	99.187	861	7	0	4148681	4149541	1	861	0.0	1552	5306069	861	card~~~SHV-109~~~EU418913.1:16-877~~~cephalosporin;penicillin_beta-lactam SHV-109 is a broad-spectrum beta-lactamase found in Klebsiella pneumoniae.	100.0	card
contig_3	card~~~SHV-106~~~AM941847.1:0-861~~~cephalosporin;penicillin_beta-lactam	99.187	861	7	0	4148681	4149541	1	861	0.0	1552	5306069	861	card~~~SHV-106~~~AM941847.1:0-861~~~cephalosporin;penicillin_beta-lactam SHV-106 is an extended-spectrum beta-lactamase that has been found in clinical isolates.	100.0	card
contig_3	card~~~SHV-103~~~EU032604.1:0-861~~~cephalosporin;penicillin_beta-lactam	99.187	861	7	0	4148681	4149541	1	861	0.0	1552	5306069	861	card~~~SHV-103~~~EU032604.1:0-861~~~cephalosporin;penicillin_beta-lactam SHV-103 is a beta-lactamase that has been found in clinical isolates.	100.0	card
contig_3	card~~~SHV-183~~~HG934764.1:0-864~~~cephalosporin;penicillin_beta-lactam	99.074	864	5	1	4148681	4149541	1	864	0.0	1548	5306069	864	card~~~SHV-183~~~HG934764.1:0-864~~~cephalosporin;penicillin_beta-lactam SHV-183 is a beta-lactamase. Name originally from the historical Lahey list of beta-lactamases, some of which did not include sequence data.	100.0	card
contig_3	card~~~SHV-140~~~JN051143.1:0-861~~~cephalosporin;penicillin_beta-lactam	99.185	859	7	0	4148683	4149541	3	861	0.0	1548	5306069	861	card~~~SHV-140~~~JN051143.1:0-861~~~cephalosporin;penicillin_beta-lactam SHV-140 is a broad-spectrum beta-lactamase.	99.76771196283391	card
contig_3	card~~~SHV-122~~~HM751103.1:0-864~~~cephalosporin;penicillin_beta-lactam	99.074	864	5	3	4148681	4149541	1	864	0.0	1548	5306069	864	card~~~SHV-122~~~HM751103.1:0-864~~~cephalosporin;penicillin_beta-lactam SHV-122 is a beta-lactamase that has been found in clinical isolates.	100.0	card
contig_3	card~~~SHV-92~~~DQ836922.1:0-861~~~cephalosporin;penicillin_beta-lactam	99.071	861	8	0	4148681	4149541	1	861	0.0	1546	5306069	861	card~~~SHV-92~~~DQ836922.1:0-861~~~cephalosporin;penicillin_beta-lactam SHV-92 is a beta-lactamase found in Klebsiella pneumoniae.	100.0	card
contig_3	card~~~SHV-84~~~DAGGVK010000093.1:2639-3500~~~cephalosporin;penicillin_beta-lactam	99.071	861	8	0	4148681	4149541	1	861	0.0	1546	5306069	861	card~~~SHV-84~~~DAGGVK010000093.1:2639-3500~~~cephalosporin;penicillin_beta-lactam SHV-84 is an inhibitor-resistant beta-lactamase that has been found in clinical isolates.	100.0	card
contig_3	card~~~SHV-72~~~AM176547.2:30-891~~~cephalosporin;penicillin_beta-lactam	99.071	861	8	0	4148681	4149541	1	861	0.0	1546	5306069	861	card~~~SHV-72~~~AM176547.2:30-891~~~cephalosporin;penicillin_beta-lactam SHV-72 is an inhibitor-resistant beta-lactamase found in Klebsiella pneumoniae.	100.0	card
contig_3	card~~~SHV-63~~~EU342351.1:172-1033~~~cephalosporin;penicillin_beta-lactam	99.071	861	8	0	4148681	4149541	1	861	0.0	1546	5306069	861	card~~~SHV-63~~~EU342351.1:172-1033~~~cephalosporin;penicillin_beta-lactam SHV-63 is a beta-lactamase found in Klebsiella pneumoniae.	100.0	card
contig_3	card~~~SHV-55~~~AJ863560.2:0-861~~~cephalosporin;penicillin_beta-lactam	99.071	861	8	0	4148681	4149541	1	861	0.0	1546	5306069	861	card~~~SHV-55~~~AJ863560.2:0-861~~~cephalosporin;penicillin_beta-lactam SHV-55 is an extended-spectrum beta-lactamase found in Klebsiella pneumoniae.	100.0	card
contig_3	card~~~SHV-5~~~X55640.1:111-972~~~cephalosporin;penicillin_beta-lactam	99.071	861	8	0	4148681	4149541	1	861	0.0	1546	5306069	861	card~~~SHV-5~~~X55640.1:111-972~~~cephalosporin;penicillin_beta-lactam SHV-5 is an extended-spectrum beta-lactamase found in Acinetobacter baumannii, Enterobacter cloacae, E. coli, Klebsiella pneumoniae, Pseudomonas aeruginosa, and Salmonella enterica.	100.0	card
contig_3	card~~~SHV-48~~~AY263404.1:0-861~~~cephalosporin;penicillin_beta-lactam	99.071	861	8	0	4148681	4149541	1	861	0.0	1546	5306069	861	card~~~SHV-48~~~AY263404.1:0-861~~~cephalosporin;penicillin_beta-lactam SHV-48 is a broad-spectrum beta-lactamase found in Klebsiella pneumoniae.	100.0	card
contig_3	card~~~SHV-45~~~AF547625.1:0-861~~~cephalosporin;penicillin_beta-lactam	99.071	861	8	0	4148681	4149541	1	861	0.0	1546	5306069	861	card~~~SHV-45~~~AF547625.1:0-861~~~cephalosporin;penicillin_beta-lactam SHV-45 is an extended-spectrum beta-lactamase found in Klebsiella pneumoniae.	100.0	card
contig_3	card~~~SHV-43~~~AY065991.1:6-867~~~cephalosporin;penicillin_beta-lactam	99.071	861	8	0	4148681	4149541	1	861	0.0	1546	5306069	861	card~~~SHV-43~~~AY065991.1:6-867~~~cephalosporin;penicillin_beta-lactam SHV-43 is a broad-spectrum beta-lactamase found in Klebsiella pneumoniae.	100.0	card
contig_3	card~~~SHV-41~~~AF535129.1:0-861~~~cephalosporin;penicillin_beta-lactam	99.071	861	8	0	4148681	4149541	1	861	0.0	1546	5306069	861	card~~~SHV-41~~~AF535129.1:0-861~~~cephalosporin;penicillin_beta-lactam SHV-41 is an extended-spectrum beta-lactamase found in Klebsiella pneumoniae.	100.0	card
contig_3	card~~~SHV-4~~~LT985229.1:36107-36968~~~cephalosporin;penicillin_beta-lactam	99.071	861	8	0	4148681	4149541	1	861	0.0	1546	5306069	861	card~~~SHV-4~~~LT985229.1:36107-36968~~~cephalosporin;penicillin_beta-lactam SHV-4 is an extended-spectrum beta-lactamase that has been found in clinical isolates.	100.0	card
contig_3	card~~~SHV-30~~~AY661885.1:48-909~~~cephalosporin;penicillin_beta-lactam	99.071	861	8	0	4148681	4149541	1	861	0.0	1546	5306069	861	card~~~SHV-30~~~AY661885.1:48-909~~~cephalosporin;penicillin_beta-lactam SHV-30 is an extended-spectrum beta-lactamase found in Enterobacter cloacae.	100.0	card
contig_3	card~~~SHV-3~~~KX092356.1:192-1053~~~cephalosporin;penicillin_beta-lactam	99.071	861	8	0	4148681	4149541	1	861	0.0	1546	5306069	861	card~~~SHV-3~~~KX092356.1:192-1053~~~cephalosporin;penicillin_beta-lactam SHV-3 is an extended-spectrum beta-lactamase found in Klebsiella pneumoniae.	100.0	card
contig_3	card~~~SHV-241~~~OR876333.1:0-861~~~cephalosporin;penicillin_beta-lactam	99.071	861	8	0	4148681	4149541	1	861	0.0	1546	5306069	861	card~~~SHV-241~~~OR876333.1:0-861~~~cephalosporin;penicillin_beta-lactam Inhibitor-resistant class A beta-lactamase SHV-241.	100.0	card
contig_3	card~~~SHV-233~~~OR826346.1:0-861~~~cephalosporin;penicillin_beta-lactam	99.071	861	8	0	4148681	4149541	1	861	0.0	1546	5306069	861	card~~~SHV-233~~~OR826346.1:0-861~~~cephalosporin;penicillin_beta-lactam Inhibitor-resistant class A beta-lactamase SHV-233.	100.0	card
contig_3	card~~~SHV-221~~~NG_062293.1:0-861~~~cephalosporin;penicillin_beta-lactam	99.071	861	8	0	4148681	4149541	1	861	0.0	1546	5306069	861	card~~~SHV-221~~~NG_062293.1:0-861~~~cephalosporin;penicillin_beta-lactam A beta-lactamase gene found in Klebsiella pneumonia.	100.0	card
contig_3	card~~~SHV-198~~~NG_055284.1:0-861~~~cephalosporin;penicillin_beta-lactam	99.071	861	8	0	4148681	4149541	1	861	0.0	1546	5306069	861	card~~~SHV-198~~~NG_055284.1:0-861~~~cephalosporin;penicillin_beta-lactam A beta-lactamase gene from Klebsiella pneumoniae.	100.0	card
contig_3	card~~~SHV-197~~~NG_052582.1:0-861~~~cephalosporin;penicillin_beta-lactam	99.071	861	8	0	4148681	4149541	1	861	0.0	1546	5306069	861	card~~~SHV-197~~~NG_052582.1:0-861~~~cephalosporin;penicillin_beta-lactam A beta-lactamase gene from Escherichia coli.	100.0	card
contig_3	card~~~SHV-189~~~KP050494.1:0-861~~~cephalosporin;penicillin_beta-lactam	99.071	861	8	0	4148681	4149541	1	861	0.0	1546	5306069	861	card~~~SHV-189~~~KP050494.1:0-861~~~cephalosporin;penicillin_beta-lactam SHV-189 is a beta-lactamase. Name originally from the historical Lahey list of beta-lactamases, some of which did not include sequence data.	100.0	card
contig_3	card~~~SHV-168~~~JX870080.1:0-861~~~cephalosporin;penicillin_beta-lactam	99.071	861	8	0	4148681	4149541	1	861	0.0	1546	5306069	861	card~~~SHV-168~~~JX870080.1:0-861~~~cephalosporin;penicillin_beta-lactam SHV-168 is a beta-lactamase. Name originally from the historical Lahey list of beta-lactamases, some of which did not include sequence data.	100.0	card
contig_3	card~~~SHV-154~~~JX121121.1:0-858~~~cephalosporin;penicillin_beta-lactam	99.184	858	7	0	4148681	4149538	1	858	0.0	1546	5306069	858	card~~~SHV-154~~~JX121121.1:0-858~~~cephalosporin;penicillin_beta-lactam SHV-154 is a beta-lactamase.	100.0	card
contig_3	card~~~SHV-150~~~JX121117.1:0-858~~~cephalosporin;penicillin_beta-lactam	99.184	858	7	0	4148681	4149538	1	858	0.0	1546	5306069	858	card~~~SHV-150~~~JX121117.1:0-858~~~cephalosporin;penicillin_beta-lactam SHV-150 is a beta-lactamase.	100.0	card
contig_3	card~~~SHV-147~~~JX121114.1:0-858~~~cephalosporin;penicillin_beta-lactam	99.184	858	7	0	4148681	4149538	1	858	0.0	1546	5306069	858	card~~~SHV-147~~~JX121114.1:0-858~~~cephalosporin;penicillin_beta-lactam SHV-147 is a beta-lactamase.	100.0	card
contig_3	card~~~SHV-129~~~GU827715.1:0-861~~~cephalosporin;penicillin_beta-lactam	99.071	861	8	0	4148681	4149541	1	861	0.0	1546	5306069	861	card~~~SHV-129~~~GU827715.1:0-861~~~cephalosporin;penicillin_beta-lactam SHV-129 is an extended-spectrum beta-lactamase that has been found in clinical isolates.	100.0	card
contig_3	card~~~SHV-115~~~NG_067162.1:0-861~~~cephalosporin;penicillin_beta-lactam	99.071	861	8	0	4148681	4149541	1	861	0.0	1546	5306069	861	card~~~SHV-115~~~NG_067162.1:0-861~~~cephalosporin;penicillin_beta-lactam SHV-115 is an extended-spectrum beta-lactamase that has been found in clinical isolates.	100.0	card
contig_3	card~~~SHV-102~~~EU024485.1:0-861~~~cephalosporin;penicillin_beta-lactam	99.071	861	8	0	4148681	4149541	1	861	0.0	1546	5306069	861	card~~~SHV-102~~~EU024485.1:0-861~~~cephalosporin;penicillin_beta-lactam SHV-102 is an extended spectrum beta-lactamase found in E. coli.	100.0	card
contig_3	card~~~SHV-163~~~JX121130.1:0-858~~~cephalosporin;penicillin_beta-lactam	99.182	856	7	0	4148681	4149536	1	856	0.0	1543	5306069	858	card~~~SHV-163~~~JX121130.1:0-858~~~cephalosporin;penicillin_beta-lactam SHV-163 is a beta-lactamase.	99.76689976689977	card
contig_3	card~~~SHV-7~~~U20270.1:124-985~~~cephalosporin;penicillin_beta-lactam	98.955	861	9	0	4148681	4149541	1	861	0.0	1541	5306069	861	card~~~SHV-7~~~U20270.1:124-985~~~cephalosporin;penicillin_beta-lactam SHV-7 is an extended-spectrum beta-lactamase found in E. coli.	100.0	card
contig_3	card~~~SHV-52~~~HQ845196.1:0-861~~~cephalosporin;penicillin_beta-lactam	98.955	861	9	0	4148681	4149541	1	861	0.0	1541	5306069	861	card~~~SHV-52~~~HQ845196.1:0-861~~~cephalosporin;penicillin_beta-lactam SHV-52 is a beta-lactamase that has been found in clinical isolates.	100.0	card
contig_3	card~~~SHV-34~~~AY036620.1:88-949~~~cephalosporin;penicillin_beta-lactam	98.955	861	9	0	4148681	4149541	1	861	0.0	1541	5306069	861	card~~~SHV-34~~~AY036620.1:88-949~~~cephalosporin;penicillin_beta-lactam SHV-34 is an extended-spectrum beta-lactamase found in E. coli.	100.0	card
contig_3	card~~~SHV-245~~~PP847210.1:0-861~~~cephalosporin;penicillin_beta-lactam	98.955	861	9	0	4148681	4149541	1	861	0.0	1541	5306069	861	card~~~SHV-245~~~PP847210.1:0-861~~~cephalosporin;penicillin_beta-lactam Class A beta-lactamase SHV-245.	100.0	card
contig_3	card~~~SHV-237~~~OR863410.1:0-861~~~cephalosporin;penicillin_beta-lactam	98.955	861	9	0	4148681	4149541	1	861	0.0	1541	5306069	861	card~~~SHV-237~~~OR863410.1:0-861~~~cephalosporin;penicillin_beta-lactam Class A beta-lactamase SHV-237.	100.0	card
contig_3	card~~~SHV-223~~~NG_062295.1:0-861~~~cephalosporin;penicillin_beta-lactam	98.955	861	9	0	4148681	4149541	1	861	0.0	1541	5306069	861	card~~~SHV-223~~~NG_062295.1:0-861~~~cephalosporin;penicillin_beta-lactam A beta-lactamase gene found in Klebsiella pneumonia.	100.0	card
contig_3	card~~~SHV-222~~~NG_062294.1:0-861~~~cephalosporin;penicillin_beta-lactam	98.955	861	9	0	4148681	4149541	1	861	0.0	1541	5306069	861	card~~~SHV-222~~~NG_062294.1:0-861~~~cephalosporin;penicillin_beta-lactam A beta-lactamase gene from Klebsiella pneumoniae.	100.0	card
contig_3	card~~~SHV-220~~~NG_062292.1:0-861~~~cephalosporin;penicillin_beta-lactam	98.955	861	9	0	4148681	4149541	1	861	0.0	1541	5306069	861	card~~~SHV-220~~~NG_062292.1:0-861~~~cephalosporin;penicillin_beta-lactam Beta-lactamase gene from Klebsiella pneumoniae.	100.0	card
contig_3	card~~~SHV-218~~~NG_062290.1:0-861~~~cephalosporin;penicillin_beta-lactam	98.955	861	9	0	4148681	4149541	1	861	0.0	1541	5306069	861	card~~~SHV-218~~~NG_062290.1:0-861~~~cephalosporin;penicillin_beta-lactam A beta-lactamase gene found in Klebsiella pneumoniae.	100.0	card
contig_3	card~~~SHV-200~~~NG_055588.1:0-861~~~cephalosporin;penicillin_beta-lactam	98.955	861	9	0	4148681	4149541	1	861	0.0	1541	5306069	861	card~~~SHV-200~~~NG_055588.1:0-861~~~cephalosporin;penicillin_beta-lactam A beta-lactamase gene found in Klebsiella pneumoniae.	100.0	card
contig_3	card~~~SHV-190~~~NG_050056.1:0-861~~~cephalosporin;penicillin_beta-lactam	98.955	861	9	0	4148681	4149541	1	861	0.0	1541	5306069	861	card~~~SHV-190~~~NG_050056.1:0-861~~~cephalosporin;penicillin_beta-lactam SHV-190 is a beta-lactamase. Name originally from the historical Lahey list of beta-lactamases, some of which did not include sequence data.	100.0	card
contig_3	card~~~SHV-188~~~LN515534.1:0-873~~~cephalosporin;penicillin_beta-lactam	98.625	873	6	1	4148675	4149541	1	873	0.0	1541	5306069	873	card~~~SHV-188~~~LN515534.1:0-873~~~cephalosporin;penicillin_beta-lactam SHV-188 is a beta-lactamase. Name originally from the historical Lahey list of beta-lactamases, some of which did not include sequence data.	100.0	card
contig_3	card~~~SHV-18~~~AF132290.1:87-948~~~cephalosporin;penicillin_beta-lactam	98.955	861	9	0	4148681	4149541	1	861	0.0	1541	5306069	861	card~~~SHV-18~~~AF132290.1:87-948~~~cephalosporin;penicillin_beta-lactam SHV-18 is an extended-spectrum beta-lactamase found in Acinetobacter baumannii and Klebsiella pneumoniae.	100.0	card
contig_3	card~~~SHV-153~~~JX121120.1:0-858~~~cephalosporin;penicillin_beta-lactam	99.068	858	8	0	4148681	4149538	1	858	0.0	1541	5306069	858	card~~~SHV-153~~~JX121120.1:0-858~~~cephalosporin;penicillin_beta-lactam SHV-153 is a beta-lactamase.	100.0	card
contig_3	card~~~SHV-151~~~JX121118.1:0-858~~~cephalosporin;penicillin_beta-lactam	99.068	858	8	0	4148681	4149538	1	858	0.0	1541	5306069	858	card~~~SHV-151~~~JX121118.1:0-858~~~cephalosporin;penicillin_beta-lactam SHV-151 is a beta-lactamase.	100.0	card
contig_3	card~~~SHV-149~~~JX121116.1:0-858~~~cephalosporin;penicillin_beta-lactam	99.068	858	8	0	4148681	4149538	1	858	0.0	1541	5306069	858	card~~~SHV-149~~~JX121116.1:0-858~~~cephalosporin;penicillin_beta-lactam SHV-149 is a beta-lactamase.	100.0	card
contig_3	card~~~SHV-146~~~NG_050020.1:0-861~~~cephalosporin;penicillin_beta-lactam	98.955	861	9	0	4148681	4149541	1	861	0.0	1541	5306069	861	card~~~SHV-146~~~NG_050020.1:0-861~~~cephalosporin;penicillin_beta-lactam SHV-146 is a beta-lactamase. Name originally from the historical Lahey list of beta-lactamases, some of which did not include sequence data.	100.0	card
contig_3	card~~~SHV-46~~~AY210887.1:111-972~~~cephalosporin;penicillin_beta-lactam	98.839	861	10	0	4148681	4149541	1	861	0.0	1535	5306069	861	card~~~SHV-46~~~AY210887.1:111-972~~~cephalosporin;penicillin_beta-lactam SHV-46 is an extended-spectrum beta-lactamase found in Klebsiella oxytoca.	100.0	card
contig_3	card~~~SHV-231~~~OP951208.1:0-861~~~cephalosporin;penicillin_beta-lactam	98.839	861	10	0	4148681	4149541	1	861	0.0	1535	5306069	861	card~~~SHV-231~~~OP951208.1:0-861~~~cephalosporin;penicillin_beta-lactam Inhibitor-resistant extended-spectrum class A beta-lactamase SHV-231.	100.0	card
contig_3	card~~~SHV-165~~~JX121131.1:0-858~~~cephalosporin;penicillin_beta-lactam	98.951	858	9	0	4148681	4149538	1	858	0.0	1535	5306069	858	card~~~SHV-165~~~JX121131.1:0-858~~~cephalosporin;penicillin_beta-lactam SHV-165 is a beta-lactamase.	100.0	card
contig_3	card~~~SHV-162~~~JX121129.1:0-858~~~cephalosporin;penicillin_beta-lactam	98.951	858	9	0	4148681	4149538	1	858	0.0	1535	5306069	858	card~~~SHV-162~~~JX121129.1:0-858~~~cephalosporin;penicillin_beta-lactam SHV-162 is a beta-lactamase.	100.0	card
contig_3	card~~~SHV-128~~~GU932590.1:0-861~~~cephalosporin;penicillin_beta-lactam	98.839	861	10	0	4148681	4149541	1	861	0.0	1535	5306069	861	card~~~SHV-128~~~GU932590.1:0-861~~~cephalosporin;penicillin_beta-lactam SHV-128 is an extended-spectrum beta-lactamase that has been found in clinical isolates.	100.0	card
contig_3	card~~~SHV-105~~~FJ194944.1:46-907~~~cephalosporin;penicillin_beta-lactam	98.839	861	10	0	4148681	4149541	1	861	0.0	1535	5306069	861	card~~~SHV-105~~~FJ194944.1:46-907~~~cephalosporin;penicillin_beta-lactam SHV-105 is an extended-spectrum beta-lactamase found in Klebsiella pneumoniae.	100.0	card
contig_3	card~~~SHV-73~~~AM176548.2:16-874~~~cephalosporin;penicillin_beta-lactam	99.062	853	8	0	4148689	4149541	6	858	0.0	1531	5306069	858	card~~~SHV-73~~~AM176548.2:16-874~~~cephalosporin;penicillin_beta-lactam SHV-73 is a broad-spectrum beta-lactamase found in Klebsiella pneumoniae.	99.41724941724942	card
contig_3	card~~~SHV-167~~~AB733453.1:3-849~~~cephalosporin;penicillin_beta-lactam	99.054	846	8	0	4148681	4149526	1	846	0.0	1519	5306069	846	card~~~SHV-167~~~AB733453.1:3-849~~~cephalosporin;penicillin_beta-lactam SHV-167 is a beta-lactamase.	100.0	card
contig_3	card~~~SHV-9~~~S82452.1:120-978~~~cephalosporin;penicillin_beta-lactam	98.026	861	14	1	4148681	4149541	1	858	0.0	1493	5306069	858	card~~~SHV-9~~~S82452.1:120-978~~~cephalosporin;penicillin_beta-lactam SHV-9 is an extended-spectrum beta-lactamase found in Klebsiella pneumoniae.	100.34965034965035	card
contig_3	card~~~SHV-16~~~AF072684.2:117-993~~~cephalosporin;penicillin_beta-lactam	97.377	877	6	3	4148681	4149541	1	876	0.0	1476	5306069	876	card~~~SHV-16~~~AF072684.2:117-993~~~cephalosporin;penicillin_beta-lactam SHV-16 is an extended-spectrum beta-lactamase that has been found in clinical isolates. It differs from SHV-1 by a 163DRWET167 insertion.	100.11415525114155	card
contig_3	card~~~SHV-125~~~GQ390807.1:0-813~~~cephalosporin;penicillin_beta-lactam	99.016	813	8	0	4148681	4149493	1	813	0.0	1458	5306069	813	card~~~SHV-125~~~GQ390807.1:0-813~~~cephalosporin;penicillin_beta-lactam SHV-125 is a beta-lactamase that has been found in clinical isolates.	100.0	card
contig_3	card~~~SHV-127~~~GQ390809.1:0-813~~~cephalosporin;penicillin_beta-lactam	98.893	813	9	0	4148681	4149493	1	813	0.0	1452	5306069	813	card~~~SHV-127~~~GQ390809.1:0-813~~~cephalosporin;penicillin_beta-lactam SHV-127 is a beta-lactamase that has been found in clinical isolates.	100.0	card
contig_3	card~~~SHV-126~~~GQ390808.1:0-813~~~cephalosporin;penicillin_beta-lactam	98.893	813	9	0	4148681	4149493	1	813	0.0	1452	5306069	813	card~~~SHV-126~~~GQ390808.1:0-813~~~cephalosporin;penicillin_beta-lactam SHV-126 is a beta-lactamase that has been found in clinical isolates.	100.0	card
contig_3	card~~~SHV-124~~~GQ390806.1:0-813~~~cephalosporin;penicillin_beta-lactam	98.893	813	9	0	4148681	4149493	1	813	0.0	1452	5306069	813	card~~~SHV-124~~~GQ390806.1:0-813~~~cephalosporin;penicillin_beta-lactam SHV-124 is a beta-lactamase that has been found in clinical isolates.	100.0	card
contig_3	card~~~SHV-123~~~GQ390805.1:0-813~~~cephalosporin;penicillin_beta-lactam	98.77	813	10	0	4148681	4149493	1	813	0.0	1447	5306069	813	card~~~SHV-123~~~GQ390805.1:0-813~~~cephalosporin;penicillin_beta-lactam SHV-123 is a beta-lactamase that has been found in clinical isolates.	100.0	card
contig_3	card~~~OHIO-1~~~NG_049352.1:100-961~~~cephalosporin	96.875	864	21	6	4148681	4149541	1	861	0.0	1441	5306069	861	card~~~OHIO-1~~~NG_049352.1:100-961~~~cephalosporin OHIO-1 is a OHIO beta-lactamase.	100.34843205574913	card
contig_3	card~~~AAK-1~~~NG_070893.1:0-861~~~carbapenem	96.262	856	32	0	4148681	4149536	1	856	0.0	1404	5306069	861	card~~~AAK-1~~~NG_070893.1:0-861~~~carbapenem AAK-1 is a AAK beta-lactamase.	99.41927990708479	card
contig_3	card~~~SHV-100~~~AM941846.1:0-900~~~cephalosporin;penicillin_beta-lactam	99.481	770	4	0	4148772	4149541	131	900	0.0	1400	5306069	900	card~~~SHV-100~~~AM941846.1:0-900~~~cephalosporin;penicillin_beta-lactam SHV-100 is a beta-lactamase found in Klebsiella pneumoniae. It differs from SHV-1 by a 35SESQLSGRVGMIE36 insertion.	85.55555555555556	card
contig_3	card~~~SHV-20~~~AF117744.1:0-780~~~cephalosporin;penicillin_beta-lactam	98.974	780	8	0	4148711	4149490	1	780	0.0	1397	5306069	780	card~~~SHV-20~~~AF117744.1:0-780~~~cephalosporin;penicillin_beta-lactam SHV-20 is a broad-spectrum beta-lactamase that has been found in clinical isolates.	100.0	card
contig_3	card~~~SHV-22~~~AF117746.1:0-780~~~cephalosporin;penicillin_beta-lactam	98.846	780	9	0	4148711	4149490	1	780	0.0	1391	5306069	780	card~~~SHV-22~~~AF117746.1:0-780~~~cephalosporin;penicillin_beta-lactam SHV-22 is a broad-spectrum beta-lactamase that has been found in clinical isolates.	100.0	card
contig_3	card~~~SHV-21~~~AF117745.1:0-780~~~cephalosporin;penicillin_beta-lactam	98.846	780	9	0	4148711	4149490	1	780	0.0	1391	5306069	780	card~~~SHV-21~~~AF117745.1:0-780~~~cephalosporin;penicillin_beta-lactam SHV-21 is a broad-spectrum beta-lactamase that has been found in clinical isolates.	100.0	card
contig_3	card~~~SHV-23~~~AF117747.1:0-780~~~cephalosporin;penicillin_beta-lactam	98.718	780	10	0	4148711	4149490	1	780	0.0	1386	5306069	780	card~~~SHV-23~~~AF117747.1:0-780~~~cephalosporin;penicillin_beta-lactam SHV-23 is an extended-spectrum beta-lactamase that has been found in clinical isolates.	100.0	card
contig_3	card~~~SHV-53~~~AY590467.1:1-727~~~cephalosporin;penicillin_beta-lactam	99.449	726	4	0	4148702	4149427	1	726	0.0	1319	5306069	726	card~~~SHV-53~~~AY590467.1:1-727~~~cephalosporin;penicillin_beta-lactam SHV-53 is a beta-lactamase that has been found in clinical isolates.	100.0	card
contig_3	card~~~OKP-C-1~~~NG_067155.1:0-861~~~cephalosporin;penicillin_beta-lactam	92.575	862	62	2	4148681	4149541	1	861	0.0	1236	5306069	861	card~~~OKP-C-1~~~NG_067155.1:0-861~~~cephalosporin;penicillin_beta-lactam OKP-C-1 is a OKP beta-lactamase.	100.11614401858304	card
contig_3	card~~~LEN-41~~~MK161461.1:0-861~~~penicillin_beta-lactam	91.647	862	70	2	4148681	4149541	1	861	0.0	1192	5306069	861	card~~~LEN-41~~~MK161461.1:0-861~~~penicillin_beta-lactam A class-A broad-spectrum beta-lactamase identified from Klebsiella.	100.11614401858304	card
contig_3	card~~~LEN-40~~~MK161459.1:0-861~~~penicillin_beta-lactam	91.415	862	72	2	4148681	4149541	1	861	0.0	1181	5306069	861	card~~~LEN-40~~~MK161459.1:0-861~~~penicillin_beta-lactam A class-A broad-spectrum beta-lactamase identified from Klebsiella sp.	100.11614401858304	card
contig_3	card~~~LEN-22~~~AM850912.2:0-861~~~penicillin_beta-lactam	91.299	862	73	2	4148681	4149541	1	861	0.0	1175	5306069	861	card~~~LEN-22~~~AM850912.2:0-861~~~penicillin_beta-lactam LEN-22 is a beta-lactamase found in Klebsiella pneumoniae.	100.11614401858304	card
contig_3	card~~~LEN-2~~~AY037780.1:88-949~~~penicillin_beta-lactam	91.299	862	73	2	4148681	4149541	1	861	0.0	1175	5306069	861	card~~~LEN-2~~~AY037780.1:88-949~~~penicillin_beta-lactam LEN-2 is a beta-lactamase found in Klebsiella pneumoniae.	100.11614401858304	card
contig_3	card~~~LEN-19~~~AM850909.2:0-861~~~penicillin_beta-lactam	91.299	862	73	2	4148681	4149541	1	861	0.0	1175	5306069	861	card~~~LEN-19~~~AM850909.2:0-861~~~penicillin_beta-lactam LEN-19 is a beta-lactamase found in Klebsiella pneumoniae.	100.11614401858304	card
contig_3	card~~~LEN-12~~~QIXO01000012.1:31069-30208~~~penicillin_beta-lactam	91.299	862	73	2	4148681	4149541	1	861	0.0	1175	5306069	861	card~~~LEN-12~~~QIXO01000012.1:31069-30208~~~penicillin_beta-lactam LEN-12 is a beta-lactamase found in Klebsiella pneumoniae.	100.11614401858304	card
contig_3	card~~~LEN-11~~~FLES01000010.1:120291-121152~~~penicillin_beta-lactam	91.299	862	73	2	4148681	4149541	1	861	0.0	1175	5306069	861	card~~~LEN-11~~~FLES01000010.1:120291-121152~~~penicillin_beta-lactam LEN-11 is a beta-lactamase found in Klebsiella pneumoniae.	100.11614401858304	card
contig_3	card~~~LEN-5~~~AY633109.1:0-861~~~penicillin_beta-lactam	91.183	862	74	2	4148681	4149541	1	861	0.0	1170	5306069	861	card~~~LEN-5~~~AY633109.1:0-861~~~penicillin_beta-lactam LEN-5 is a beta-lactamase found in Klebsiella pneumoniae.	100.11614401858304	card
contig_3	card~~~LEN-43~~~MK161460.1:0-861~~~penicillin_beta-lactam	91.183	862	74	2	4148681	4149541	1	861	0.0	1170	5306069	861	card~~~LEN-43~~~MK161460.1:0-861~~~penicillin_beta-lactam A class-A broad-spectrum beta-lactamase from Klebsiella.	100.11614401858304	card
contig_3	card~~~LEN-30~~~FWOA01000001.1:577656-576795~~~penicillin_beta-lactam	91.183	862	74	2	4148681	4149541	1	861	0.0	1170	5306069	861	card~~~LEN-30~~~FWOA01000001.1:577656-576795~~~penicillin_beta-lactam A class-A beta-lactamase from Klebsiella pneumoniae.	100.11614401858304	card
contig_3	card~~~LEN-28~~~NG_060510.1:100-961~~~penicillin_beta-lactam	91.183	862	74	2	4148681	4149541	1	861	0.0	1170	5306069	861	card~~~LEN-28~~~NG_060510.1:100-961~~~penicillin_beta-lactam LEN-28 is a LEN beta-lactamase.	100.11614401858304	card
contig_3	card~~~LEN-21~~~AM850911.2:0-861~~~penicillin_beta-lactam	91.183	862	74	2	4148681	4149541	1	861	0.0	1170	5306069	861	card~~~LEN-21~~~AM850911.2:0-861~~~penicillin_beta-lactam LEN-21 is a beta-lactamase found in Klebsiella pneumoniae.	100.11614401858304	card
contig_3	card~~~LEN-20~~~AM850910.2:0-861~~~penicillin_beta-lactam	91.183	862	74	2	4148681	4149541	1	861	0.0	1170	5306069	861	card~~~LEN-20~~~AM850910.2:0-861~~~penicillin_beta-lactam LEN-20 is a beta-lactamase found in Klebsiella pneumoniae.	100.11614401858304	card
contig_3	card~~~LEN-17~~~DQ149134.1:0-861~~~penicillin_beta-lactam	91.183	862	74	2	4148681	4149541	1	861	0.0	1170	5306069	861	card~~~LEN-17~~~DQ149134.1:0-861~~~penicillin_beta-lactam LEN-17 is a beta-lactamase found in Escherichia coli.	100.11614401858304	card
contig_3	card~~~LEN-9~~~CP016344.1:2782791-2783652~~~penicillin_beta-lactam	91.067	862	75	2	4148681	4149541	1	861	0.0	1164	5306069	861	card~~~LEN-9~~~CP016344.1:2782791-2783652~~~penicillin_beta-lactam LEN-9 is a beta-lactamase found in Klebsiella pneumoniae.	100.11614401858304	card
contig_3	card~~~LEN-7~~~CXPA01000063.1:153489-154350~~~penicillin_beta-lactam	91.067	862	75	2	4148681	4149541	1	861	0.0	1164	5306069	861	card~~~LEN-7~~~CXPA01000063.1:153489-154350~~~penicillin_beta-lactam LEN-7 is a beta-lactamase found in Klebsiella pneumoniae.	100.11614401858304	card
contig_3	card~~~LEN-58~~~UKAA01000001.1:323063-322202~~~penicillin_beta-lactam	91.067	862	75	2	4148681	4149541	1	861	0.0	1164	5306069	861	card~~~LEN-58~~~UKAA01000001.1:323063-322202~~~penicillin_beta-lactam A class-A broad-spectrum beta-lactamase from Klebsiella.	100.11614401858304	card
contig_3	card~~~LEN-36~~~KR738738.1:0-861~~~penicillin_beta-lactam	91.067	862	75	2	4148681	4149541	1	861	0.0	1164	5306069	861	card~~~LEN-36~~~KR738738.1:0-861~~~penicillin_beta-lactam LEN-36 is a class A beta-lactamase gene found in Klebsiella variicola.	100.11614401858304	card
contig_3	card~~~LEN-34~~~CXPB01000032.1:60038-60899~~~penicillin_beta-lactam	91.078	863	73	4	4148681	4149541	1	861	0.0	1164	5306069	861	card~~~LEN-34~~~CXPB01000032.1:60038-60899~~~penicillin_beta-lactam A class-A beta-lactamase from Klebsiella variicola.	100.23228803716609	card
contig_3	card~~~LEN-27~~~NG_068509.1:100-961~~~penicillin_beta-lactam	91.067	862	75	2	4148681	4149541	1	861	0.0	1164	5306069	861	card~~~LEN-27~~~NG_068509.1:100-961~~~penicillin_beta-lactam LEN-27 is a LEN beta-lactamase.	100.11614401858304	card
contig_3	card~~~LEN-24~~~AM850914.2:30-891~~~penicillin_beta-lactam	91.067	862	75	2	4148681	4149541	1	861	0.0	1164	5306069	861	card~~~LEN-24~~~AM850914.2:30-891~~~penicillin_beta-lactam LEN-24 is a beta-lactamase found in Klebsiella pneumoniae.	100.11614401858304	card
contig_3	card~~~LEN-18~~~AM850908.2:0-861~~~penicillin_beta-lactam	91.067	862	75	2	4148681	4149541	1	861	0.0	1164	5306069	861	card~~~LEN-18~~~AM850908.2:0-861~~~penicillin_beta-lactam LEN-18 is a beta-lactamase found in Klebsiella pneumoniae.	100.11614401858304	card
contig_3	card~~~LEN-16~~~AY743416.1:67-928~~~penicillin_beta-lactam	91.067	862	75	2	4148681	4149541	1	861	0.0	1164	5306069	861	card~~~LEN-16~~~AY743416.1:67-928~~~penicillin_beta-lactam LEN-16 is a beta-lactamase found in Klebsiella pneumoniae.	100.11614401858304	card
contig_3	card~~~LEN-13~~~CP001891.1:2841996-2842857~~~penicillin_beta-lactam	91.067	862	75	2	4148681	4149541	1	861	0.0	1164	5306069	861	card~~~LEN-13~~~CP001891.1:2841996-2842857~~~penicillin_beta-lactam LEN-13 is a beta-lactamase found in Klebsiella pneumoniae and Klebsiella variicola.	100.11614401858304	card
contig_3	card~~~LEN-55~~~NLDD01000006.1:119723-120584~~~penicillin_beta-lactam	90.951	862	76	2	4148681	4149541	1	861	0.0	1158	5306069	861	card~~~LEN-55~~~NLDD01000006.1:119723-120584~~~penicillin_beta-lactam A class-A broad-spectrum beta-lactamase from Klebsiella.	100.11614401858304	card
contig_3	card~~~LEN-51~~~CP033631.1:3042328-3043189~~~penicillin_beta-lactam	90.951	862	76	2	4148681	4149541	1	861	0.0	1158	5306069	861	card~~~LEN-51~~~CP033631.1:3042328-3043189~~~penicillin_beta-lactam A class-A broad-spectrum beta-lactamase from Klebsiella.	100.11614401858304	card
contig_3	card~~~LEN-39~~~MK161458.1:0-861~~~penicillin_beta-lactam	90.951	862	76	2	4148681	4149541	1	861	0.0	1158	5306069	861	card~~~LEN-39~~~MK161458.1:0-861~~~penicillin_beta-lactam A class-A broad-spectrum beta-lactamase identified from Klebsiella sp.	100.11614401858304	card
contig_3	card~~~LEN-38~~~MK161457.1:0-861~~~penicillin_beta-lactam	90.951	862	76	2	4148681	4149541	1	861	0.0	1158	5306069	861	card~~~LEN-38~~~MK161457.1:0-861~~~penicillin_beta-lactam A class-A beta-lactamase from Klebsiella.	100.11614401858304	card
contig_3	card~~~LEN-35~~~KR738737.1:0-861~~~penicillin_beta-lactam	90.962	863	74	4	4148681	4149541	1	861	0.0	1158	5306069	861	card~~~LEN-35~~~KR738737.1:0-861~~~penicillin_beta-lactam LEN-35 is a Class A beta-lactamase gene found in Klebsiella variicola.	100.23228803716609	card
contig_3	card~~~LEN-31~~~NG_050605.1:100-961~~~penicillin_beta-lactam	90.951	862	76	2	4148681	4149541	1	861	0.0	1158	5306069	861	card~~~LEN-31~~~NG_050605.1:100-961~~~penicillin_beta-lactam LEN-31 is a LEN beta-lactamase.	100.11614401858304	card
contig_3	card~~~LEN-10~~~CBBA010000184.1:3395-4256~~~penicillin_beta-lactam	90.951	862	76	2	4148681	4149541	1	861	0.0	1158	5306069	861	card~~~LEN-10~~~CBBA010000184.1:3395-4256~~~penicillin_beta-lactam LEN-10 is a beta-lactamase found in Klebsiella pneumoniae.	100.11614401858304	card
contig_3	card~~~LEN-42~~~MK161462.1:0-861~~~penicillin_beta-lactam	90.835	862	77	2	4148681	4149541	1	861	0.0	1153	5306069	861	card~~~LEN-42~~~MK161462.1:0-861~~~penicillin_beta-lactam A class-A broad-spectrum beta-lactamase from Klebsiella.	100.11614401858304	card
contig_3	card~~~LEN-32~~~CDMV01000010.1:131908-132769~~~penicillin_beta-lactam	90.835	862	77	2	4148681	4149541	1	861	0.0	1153	5306069	861	card~~~LEN-32~~~CDMV01000010.1:131908-132769~~~penicillin_beta-lactam A class-A beta-lactamase from Klebsiella variicola.	100.11614401858304	card
contig_3	card~~~LEN-25~~~HQ709169.1:0-861~~~penicillin_beta-lactam	90.835	862	77	2	4148681	4149541	1	861	0.0	1153	5306069	861	card~~~LEN-25~~~HQ709169.1:0-861~~~penicillin_beta-lactam LEN-25 is a beta-lactamase. From the Pasteur Institute list of LEN beta-lactamases.	100.11614401858304	card
contig_3	card~~~LEN-23~~~AM850913.2:0-861~~~penicillin_beta-lactam	90.835	862	77	2	4148681	4149541	1	861	0.0	1153	5306069	861	card~~~LEN-23~~~AM850913.2:0-861~~~penicillin_beta-lactam LEN-23 is a beta-lactamase found in Klebsiella pneumoniae.	100.11614401858304	card
contig_3	card~~~LEN-8~~~CEGG01000030.1:7354-8215~~~penicillin_beta-lactam	90.719	862	78	2	4148681	4149541	1	861	0.0	1147	5306069	861	card~~~LEN-8~~~CEGG01000030.1:7354-8215~~~penicillin_beta-lactam LEN-8 is a beta-lactamase found in Klebsiella pneumoniae.	100.11614401858304	card
contig_3	card~~~LEN-37~~~KR738739.1:0-861~~~penicillin_beta-lactam	90.719	862	78	2	4148681	4149541	1	861	0.0	1147	5306069	861	card~~~LEN-37~~~KR738739.1:0-861~~~penicillin_beta-lactam LEN-37 is a Class A beta-lactamase gene found in Klebsiella variicola.	100.11614401858304	card
contig_3	card~~~LEN-26~~~JX124390.1:0-861~~~penicillin_beta-lactam	90.603	862	79	2	4148681	4149541	1	861	0.0	1142	5306069	861	card~~~LEN-26~~~JX124390.1:0-861~~~penicillin_beta-lactam LEN-26 is a beta-lactamase found in Escherichia coli and Klebsiella pneumoniae.	100.11614401858304	card
contig_3	card~~~LEN-15~~~AF452105.1:0-840~~~penicillin_beta-lactam	90.855	842	74	3	4148681	4149521	1	840	0.0	1125	5306069	840	card~~~LEN-15~~~AF452105.1:0-840~~~penicillin_beta-lactam LEN-15 is a beta-lactamase. From the Pasteur Institute list of LEN beta-lactamases.	100.23809523809524	card
contig_3	card~~~LEN-4~~~AY130287.1:1-823~~~penicillin_beta-lactam	91.241	822	70	2	4148703	4149523	2	822	0.0	1118	5306069	822	card~~~LEN-4~~~AY130287.1:1-823~~~penicillin_beta-lactam LEN-4 is a beta-lactamase found in Escherichia coli.	100.0	card
contig_3	card~~~LEN-1~~~X04515.1:285-1125~~~penicillin_beta-lactam	90.618	842	76	3	4148681	4149521	1	840	0.0	1114	5306069	840	card~~~LEN-1~~~X04515.1:285-1125~~~penicillin_beta-lactam LEN-1 is a beta-lactamase found in Klebsiella pneumoniae.	100.23809523809524	card
contig_3	card~~~LEN-3~~~AY130286.1:1-823~~~penicillin_beta-lactam	91.119	822	71	2	4148703	4149523	2	822	0.0	1112	5306069	822	card~~~LEN-3~~~AY130286.1:1-823~~~penicillin_beta-lactam LEN-3 is a beta-lactamase. From the Pasteur Institute list of LEN beta-lactamases.	100.0	card
contig_3	card~~~FosA6~~~KU254579.1:59421-59841~~~phosphonic_acid	98.81	420	5	0	684595	685014	420	1	0.0	749	5306069	420	card~~~FosA6~~~KU254579.1:59421-59841~~~phosphonic_acid FosA6 is a plasmid-encoded enzyme that confers resistance to fosfomycin in Escherichia coli by breaking the epoxide ring of the molecule.	100.0	card
contig_3	card~~~fosA5~~~KP143090.1:1619-1199~~~aminoglycoside;fluoroquinolone;phosphonic_acid	98.544	412	6	0	684603	685014	412	1	0.0	728	5306069	420	card~~~fosA5~~~KP143090.1:1619-1199~~~aminoglycoside;fluoroquinolone;phosphonic_acid fosA5 is a fosfomycin resistance gene isolated from clinical strain of Escherichia coli E265. It is susceptible to amikacin, tetracycline and imipenem, and resistant to sulphonamide, cephalosporins, gentamicin, ciprofloxacin, chloramphenicol and streptomycin.	98.0952380952381	card
contig_3	card~~~Klebsiella_pneumoniae_KpnE~~~AP006725.1:2483889-2484252~~~aminoglycoside;cephalosporin;disinfecting_agents_and_antiseptics;macrolide;peptide;rifamycin;tetracycline	99.449	363	2	0	4186949	4187311	363	1	0.0	660	5306069	363	card~~~Klebsiella_pneumoniae_KpnE~~~AP006725.1:2483889-2484252~~~aminoglycoside;cephalosporin;disinfecting_agents_and_antiseptics;macrolide;peptide;rifamycin;tetracycline KpnE subunit of KpnEF resembles EbrAB from E. coli. Mutation in KpnEF resulted in increased susceptibility to cefepime, ceftriaxon, colistin, erythromycin, rifampin, tetracycline, and streptomycin as well as enhanced sensitivity toward sodium dodecyl sulfate, deoxycholate, dyes, benzalkonium chloride, chlorhexidine, and triclosan.	100.0	card
contig_3	card~~~LEN-6~~~AY265890.1:1-472~~~penicillin_beta-lactam	91.72	471	39	0	4148702	4149172	1	471	0.0	654	5306069	471	card~~~LEN-6~~~AY265890.1:1-472~~~penicillin_beta-lactam LEN-6 is a beta-lactamase. From the Pasteur Institute list of LEN beta-lactamases.	100.0	card
contig_3	card~~~LEN-14~~~AY265889.1:2-458~~~penicillin_beta-lactam	91.009	456	41	0	4148708	4149163	1	456	1.06e-172	616	5306069	456	card~~~LEN-14~~~AY265889.1:2-458~~~penicillin_beta-lactam LEN-14 is a beta-lactamase. From the Pasteur Institute list of LEN beta-lactamases.	100.0	card
contig_3	card~~~Klebsiella_pneumoniae_KpnF~~~AP006725.1:2484238-2484568~~~aminoglycoside;cephalosporin;disinfecting_agents_and_antiseptics;macrolide;peptide;rifamycin;tetracycline	100.0	330	0	0	4186633	4186962	330	1	4.92e-171	610	5306069	330	card~~~Klebsiella_pneumoniae_KpnF~~~AP006725.1:2484238-2484568~~~aminoglycoside;cephalosporin;disinfecting_agents_and_antiseptics;macrolide;peptide;rifamycin;tetracycline KpnF subunit of KpnEF resembles EbrAB from E. coli. Mutation in KpnEF resulted in increased susceptibility to cefepime, ceftriaxon, colistin, erythromycin, rifampin, tetracycline, and streptomycin as well as enhanced sensitivity toward sodium dodecyl sulfate, deoxycholate, dyes, benzalkonium chloride, chlorhexidine, and triclosan.	100.0	card
contig_4	card~~~SHV-12~~~KF976405.1:7837-8698~~~cephalosporin;penicillin_beta-lactam	100.0	861	0	0	121966	122826	1	861	0.0	1591	125021	861	card~~~SHV-12~~~KF976405.1:7837-8698~~~cephalosporin;penicillin_beta-lactam SHV-12 is an extended-spectrum beta-lactamase found in Acinetobacter baumannii.	100.0	card
contig_4	card~~~SHV-66~~~DQ174306.1:4-865~~~cephalosporin;penicillin_beta-lactam	99.884	861	1	0	121966	122826	1	861	0.0	1585	125021	861	card~~~SHV-66~~~DQ174306.1:4-865~~~cephalosporin;penicillin_beta-lactam SHV-66 is an extended-spectrum beta-lactamase found in Klebsiella pneumoniae.	100.0	card
contig_4	card~~~SHV-244~~~PP532823.1:0-861~~~cephalosporin;penicillin_beta-lactam	99.884	861	1	0	121966	122826	1	861	0.0	1585	125021	861	card~~~SHV-244~~~PP532823.1:0-861~~~cephalosporin;penicillin_beta-lactam Class A beta-lactamase SHV-244.	100.0	card
contig_4	card~~~SHV-238~~~OR880707.1:0-861~~~cephalosporin;penicillin_beta-lactam	99.884	861	1	0	121966	122826	1	861	0.0	1585	125021	861	card~~~SHV-238~~~OR880707.1:0-861~~~cephalosporin;penicillin_beta-lactam Inhibitor-resistant extended-spectrum class A beta-lactamase SHV-238.	100.0	card
contig_4	card~~~SHV-230~~~OP762696.1:861-0~~~cephalosporin;penicillin_beta-lactam	99.884	861	1	0	121966	122826	1	861	0.0	1585	125021	861	card~~~SHV-230~~~OP762696.1:861-0~~~cephalosporin;penicillin_beta-lactam Extended-spectrum class A beta-lactamase SHV-230.	100.0	card
contig_4	card~~~SHV-160~~~JX121127.1:0-861~~~cephalosporin;penicillin_beta-lactam	99.884	861	1	0	121966	122826	1	861	0.0	1585	125021	861	card~~~SHV-160~~~JX121127.1:0-861~~~cephalosporin;penicillin_beta-lactam SHV-160 is a beta-lactamase.	100.0	card
contig_4	card~~~SHV-134~~~HM559945.1:0-861~~~cephalosporin;penicillin_beta-lactam	99.884	861	1	0	121966	122826	1	861	0.0	1585	125021	861	card~~~SHV-134~~~HM559945.1:0-861~~~cephalosporin;penicillin_beta-lactam SHV-134 is an extended-spectrum beta-lactamase.	100.0	card
contig_4	card~~~SHV-86~~~DQ328802.1:0-861~~~cephalosporin;penicillin_beta-lactam	99.768	861	2	0	121966	122826	1	861	0.0	1580	125021	861	card~~~SHV-86~~~DQ328802.1:0-861~~~cephalosporin;penicillin_beta-lactam SHV-86 is an extended-spectrum beta-lactamase that has been found in clinical isolates.	100.0	card
contig_4	card~~~SHV-64~~~DQ174304.1:4-865~~~cephalosporin;penicillin_beta-lactam	99.768	861	2	0	121966	122826	1	861	0.0	1580	125021	861	card~~~SHV-64~~~DQ174304.1:4-865~~~cephalosporin;penicillin_beta-lactam SHV-64 is an extended-spectrum beta-lactamase found in Klebsiella pneumoniae.	100.0	card
contig_4	card~~~SHV-15~~~AJ011428.2:0-861~~~cephalosporin;penicillin_beta-lactam	99.768	861	2	0	121966	122826	1	861	0.0	1580	125021	861	card~~~SHV-15~~~AJ011428.2:0-861~~~cephalosporin;penicillin_beta-lactam SHV-15 is an extended-spectrum beta-lactamase found in E. coli.	100.0	card
contig_4	card~~~SHV-183~~~HG934764.1:0-864~~~cephalosporin;penicillin_beta-lactam	99.653	864	0	1	121966	122826	1	864	0.0	1576	125021	864	card~~~SHV-183~~~HG934764.1:0-864~~~cephalosporin;penicillin_beta-lactam SHV-183 is a beta-lactamase. Name originally from the historical Lahey list of beta-lactamases, some of which did not include sequence data.	100.0	card
contig_4	card~~~SHV-70~~~DQ013287.1:0-861~~~cephalosporin;penicillin_beta-lactam	99.652	861	3	0	121966	122826	1	861	0.0	1574	125021	861	card~~~SHV-70~~~DQ013287.1:0-861~~~cephalosporin;penicillin_beta-lactam SHV-70 is an extended-spectrum beta-lactamase found in Enterobacter cloacae.	100.0	card
contig_4	card~~~SHV-5~~~X55640.1:111-972~~~cephalosporin;penicillin_beta-lactam	99.652	861	3	0	121966	122826	1	861	0.0	1574	125021	861	card~~~SHV-5~~~X55640.1:111-972~~~cephalosporin;penicillin_beta-lactam SHV-5 is an extended-spectrum beta-lactamase found in Acinetobacter baumannii, Enterobacter cloacae, E. coli, Klebsiella pneumoniae, Pseudomonas aeruginosa, and Salmonella enterica.	100.0	card
contig_4	card~~~SHV-31~~~AY277255.2:66-927~~~cephalosporin;penicillin_beta-lactam	99.652	861	3	0	121966	122826	1	861	0.0	1574	125021	861	card~~~SHV-31~~~AY277255.2:66-927~~~cephalosporin;penicillin_beta-lactam SHV-31 is an extended-spectrum beta-lactamase found in Klebsiella pneumoniae.	100.0	card
contig_4	card~~~SHV-2A~~~X98102.1:73-934~~~cephalosporin;penicillin_beta-lactam	99.652	861	3	0	121966	122826	1	861	0.0	1574	125021	861	card~~~SHV-2A~~~X98102.1:73-934~~~cephalosporin;penicillin_beta-lactam SHV-2A is an extended-spectrum beta-lactamase found in Enterobacter cloacae, Klebsiella pneumoniae, Pseudomonas aeruginosa, and Salmonella enterica.	100.0	card
contig_4	card~~~SHV-228~~~NG_062300.1:0-861~~~cephalosporin;penicillin_beta-lactam	99.652	861	3	0	121966	122826	1	861	0.0	1574	125021	861	card~~~SHV-228~~~NG_062300.1:0-861~~~cephalosporin;penicillin_beta-lactam A beta-lactamase gene found in Klebsiella pneumoniae.	100.0	card
contig_4	card~~~SHV-13~~~AF164577.1:0-861~~~cephalosporin;penicillin_beta-lactam	99.652	861	3	0	121966	122826	1	861	0.0	1574	125021	861	card~~~SHV-13~~~AF164577.1:0-861~~~cephalosporin;penicillin_beta-lactam SHV-13 is an extended-spectrum beta-lactamase found in Klebsiella pneumoniae.	100.0	card
contig_4	card~~~SHV-129~~~GU827715.1:0-861~~~cephalosporin;penicillin_beta-lactam	99.652	861	3	0	121966	122826	1	861	0.0	1574	125021	861	card~~~SHV-129~~~GU827715.1:0-861~~~cephalosporin;penicillin_beta-lactam SHV-129 is an extended-spectrum beta-lactamase that has been found in clinical isolates.	100.0	card
contig_4	card~~~SHV-11~~~X98101.1:73-934~~~cephalosporin;penicillin_beta-lactam	99.652	861	3	0	121966	122826	1	861	0.0	1574	125021	861	card~~~SHV-11~~~X98101.1:73-934~~~cephalosporin;penicillin_beta-lactam SHV-11 is a broad-spectrum beta-lactamase found in E. coli, Klebsiella pneumoniae, Proteus mirabilis, and Shigella dysenteriae.	100.0	card
contig_4	card~~~SHV-61~~~AJ866284.2:0-861~~~cephalosporin;penicillin_beta-lactam	99.535	861	4	0	121966	122826	1	861	0.0	1568	125021	861	card~~~SHV-61~~~AJ866284.2:0-861~~~cephalosporin;penicillin_beta-lactam SHV-61 is a broad-spectrum beta-lactamase found in Klebsiella pneumoniae.	100.0	card
contig_4	card~~~SHV-60~~~AB302939.1:8-869~~~cephalosporin;penicillin_beta-lactam	99.535	861	4	0	121966	122826	1	861	0.0	1568	125021	861	card~~~SHV-60~~~AB302939.1:8-869~~~cephalosporin;penicillin_beta-lactam SHV-60 is a broad-spectrum beta-lactamase found in Klebsiella pneumoniae.	100.0	card
contig_4	card~~~SHV-245~~~PP847210.1:0-861~~~cephalosporin;penicillin_beta-lactam	99.535	861	4	0	121966	122826	1	861	0.0	1568	125021	861	card~~~SHV-245~~~PP847210.1:0-861~~~cephalosporin;penicillin_beta-lactam Class A beta-lactamase SHV-245.	100.0	card
contig_4	card~~~SHV-213~~~NG_062285.1:0-861~~~cephalosporin;penicillin_beta-lactam	99.535	861	4	0	121966	122826	1	861	0.0	1568	125021	861	card~~~SHV-213~~~NG_062285.1:0-861~~~cephalosporin;penicillin_beta-lactam A beta-lactamase gene found in Klebsiella pneumoniae.	100.0	card
contig_4	card~~~SHV-203~~~NG_055668.1:0-861~~~cephalosporin;penicillin_beta-lactam	99.535	861	4	0	121966	122826	1	861	0.0	1568	125021	861	card~~~SHV-203~~~NG_055668.1:0-861~~~cephalosporin;penicillin_beta-lactam A beta-lactamase gene found in Klebsiella pneumoniae.	100.0	card
contig_4	card~~~SHV-200~~~NG_055588.1:0-861~~~cephalosporin;penicillin_beta-lactam	99.535	861	4	0	121966	122826	1	861	0.0	1568	125021	861	card~~~SHV-200~~~NG_055588.1:0-861~~~cephalosporin;penicillin_beta-lactam A beta-lactamase gene found in Klebsiella pneumoniae.	100.0	card
contig_4	card~~~SHV-2~~~AF148851.1:5-866~~~cephalosporin;penicillin_beta-lactam	99.535	861	4	0	121966	122826	1	861	0.0	1568	125021	861	card~~~SHV-2~~~AF148851.1:5-866~~~cephalosporin;penicillin_beta-lactam SHV-2 is an extended-spectrum beta-lactamase found in E. coli., Klebsiella pneumoniae, and Shigella flexneri.	100.0	card
contig_4	card~~~SHV-172~~~KF513177.1:0-861~~~cephalosporin;penicillin_beta-lactam	99.535	861	4	0	121966	122826	1	861	0.0	1568	125021	861	card~~~SHV-172~~~KF513177.1:0-861~~~cephalosporin;penicillin_beta-lactam SHV-172 is a beta-lactamase. Name originally from the historical Lahey list of beta-lactamases, some of which did not include sequence data.	100.0	card
contig_4	card~~~SHV-120~~~JF812965.1:0-861~~~cephalosporin;penicillin_beta-lactam	99.535	861	4	0	121966	122826	1	861	0.0	1568	125021	861	card~~~SHV-120~~~JF812965.1:0-861~~~cephalosporin;penicillin_beta-lactam SHV-120 is a beta-lactamase that has been found in clinical isolates.	100.0	card
contig_4	card~~~SHV-1~~~FJ668814.1:76-937~~~cephalosporin;penicillin_beta-lactam	99.535	861	4	0	121966	122826	1	861	0.0	1568	125021	861	card~~~SHV-1~~~FJ668814.1:76-937~~~cephalosporin;penicillin_beta-lactam SHV-1 is a broad-spectrum beta-lactamase found in Klebsiella spp., as well as Acinetobacter spp., E. coli., Raoultella terrigena, and Yersinia pestis.	100.0	card
contig_4	card~~~SHV-98~~~AM941844.1:0-861~~~cephalosporin;penicillin_beta-lactam	99.419	861	5	0	121966	122826	1	861	0.0	1563	125021	861	card~~~SHV-98~~~AM941844.1:0-861~~~cephalosporin;penicillin_beta-lactam SHV-98 is a beta-lactamase found in Klebsiella pneumoniae.	100.0	card
contig_4	card~~~SHV-97~~~EF373973.1:0-861~~~cephalosporin;penicillin_beta-lactam	99.419	861	5	0	121966	122826	1	861	0.0	1563	125021	861	card~~~SHV-97~~~EF373973.1:0-861~~~cephalosporin;penicillin_beta-lactam SHV-97 is a beta-lactamase found in Enterococcus faecalis.	100.0	card
contig_4	card~~~SHV-80~~~AM176555.2:0-861~~~cephalosporin;penicillin_beta-lactam	99.419	861	5	0	121966	122826	1	861	0.0	1563	125021	861	card~~~SHV-80~~~AM176555.2:0-861~~~cephalosporin;penicillin_beta-lactam SHV-80 is a broad-spectrum beta-lactamase found in Klebsiella pneumoniae.	100.0	card
contig_4	card~~~SHV-78~~~AM176553.2:30-891~~~cephalosporin;penicillin_beta-lactam	99.419	861	5	0	121966	122826	1	861	0.0	1563	125021	861	card~~~SHV-78~~~AM176553.2:30-891~~~cephalosporin;penicillin_beta-lactam SHV-78 is a broad-spectrum beta-lactamase found in Klebsiella pneumoniae.	100.0	card
contig_4	card~~~SHV-74~~~AM176549.2:30-891~~~cephalosporin;penicillin_beta-lactam	99.419	861	5	0	121966	122826	1	861	0.0	1563	125021	861	card~~~SHV-74~~~AM176549.2:30-891~~~cephalosporin;penicillin_beta-lactam SHV-74 is a broad-spectrum beta-lactamase found in Klebsiella pneumoniae.	100.0	card
contig_4	card~~~SHV-69~~~DQ174308.1:4-865~~~cephalosporin;penicillin_beta-lactam	99.419	861	5	0	121966	122826	1	861	0.0	1563	125021	861	card~~~SHV-69~~~DQ174308.1:4-865~~~cephalosporin;penicillin_beta-lactam SHV-69 is a beta-lactamase found in Klebsiella pneumoniae.	100.0	card
contig_4	card~~~SHV-67~~~DQ174307.1:4-865~~~cephalosporin;penicillin_beta-lactam	99.419	861	5	0	121966	122826	1	861	0.0	1563	125021	861	card~~~SHV-67~~~DQ174307.1:4-865~~~cephalosporin;penicillin_beta-lactam SHV-67 is a beta-lactamase found in Klebsiella pneumoniae.	100.0	card
contig_4	card~~~SHV-46~~~AY210887.1:111-972~~~cephalosporin;penicillin_beta-lactam	99.419	861	5	0	121966	122826	1	861	0.0	1563	125021	861	card~~~SHV-46~~~AY210887.1:111-972~~~cephalosporin;penicillin_beta-lactam SHV-46 is an extended-spectrum beta-lactamase found in Klebsiella oxytoca.	100.0	card
contig_4	card~~~SHV-45~~~AF547625.1:0-861~~~cephalosporin;penicillin_beta-lactam	99.419	861	5	0	121966	122826	1	861	0.0	1563	125021	861	card~~~SHV-45~~~AF547625.1:0-861~~~cephalosporin;penicillin_beta-lactam SHV-45 is an extended-spectrum beta-lactamase found in Klebsiella pneumoniae.	100.0	card
contig_4	card~~~SHV-4~~~LT985229.1:36107-36968~~~cephalosporin;penicillin_beta-lactam	99.419	861	5	0	121966	122826	1	861	0.0	1563	125021	861	card~~~SHV-4~~~LT985229.1:36107-36968~~~cephalosporin;penicillin_beta-lactam SHV-4 is an extended-spectrum beta-lactamase that has been found in clinical isolates.	100.0	card
contig_4	card~~~SHV-36~~~AF467947.1:0-861~~~cephalosporin;penicillin_beta-lactam	99.419	861	5	0	121966	122826	1	861	0.0	1563	125021	861	card~~~SHV-36~~~AF467947.1:0-861~~~cephalosporin;penicillin_beta-lactam SHV-36 is a beta-lactamase found in Klebsiella pneumoniae.	100.0	card
contig_4	card~~~SHV-26~~~AF227204.1:73-934~~~cephalosporin;penicillin_beta-lactam	99.419	861	5	0	121966	122826	1	861	0.0	1563	125021	861	card~~~SHV-26~~~AF227204.1:73-934~~~cephalosporin;penicillin_beta-lactam SHV-26 is an inhibitor-resistant beta-lactamase found in Klebsiella pneumoniae.	100.0	card
contig_4	card~~~SHV-25~~~AF208796.2:0-861~~~cephalosporin;penicillin_beta-lactam	99.419	861	5	0	121966	122826	1	861	0.0	1563	125021	861	card~~~SHV-25~~~AF208796.2:0-861~~~cephalosporin;penicillin_beta-lactam SHV-25 is a broad-spectrum beta-lactamase found in Klebsiella pneumoniae.	100.0	card
contig_4	card~~~SHV-236~~~OR863408.1:0-861~~~cephalosporin;penicillin_beta-lactam	99.419	861	5	0	121966	122826	1	861	0.0	1563	125021	861	card~~~SHV-236~~~OR863408.1:0-861~~~cephalosporin;penicillin_beta-lactam Class A beta-lactamase SHV-236.	100.0	card
contig_4	card~~~SHV-233~~~OR826346.1:0-861~~~cephalosporin;penicillin_beta-lactam	99.419	861	5	0	121966	122826	1	861	0.0	1563	125021	861	card~~~SHV-233~~~OR826346.1:0-861~~~cephalosporin;penicillin_beta-lactam Inhibitor-resistant class A beta-lactamase SHV-233.	100.0	card
contig_4	card~~~SHV-231~~~OP951208.1:0-861~~~cephalosporin;penicillin_beta-lactam	99.419	861	5	0	121966	122826	1	861	0.0	1563	125021	861	card~~~SHV-231~~~OP951208.1:0-861~~~cephalosporin;penicillin_beta-lactam Inhibitor-resistant extended-spectrum class A beta-lactamase SHV-231.	100.0	card
contig_4	card~~~SHV-227~~~NG_062299.1:0-861~~~cephalosporin;penicillin_beta-lactam	99.419	861	5	0	121966	122826	1	861	0.0	1563	125021	861	card~~~SHV-227~~~NG_062299.1:0-861~~~cephalosporin;penicillin_beta-lactam Beta-lactamase gene from Klebsiella pneumoniae.	100.0	card
contig_4	card~~~SHV-226~~~NG_062298.1:0-861~~~cephalosporin;penicillin_beta-lactam	99.419	861	5	0	121966	122826	1	861	0.0	1563	125021	861	card~~~SHV-226~~~NG_062298.1:0-861~~~cephalosporin;penicillin_beta-lactam A beta-lactamase gene found in Klebsiella pneumoniae.	100.0	card
contig_4	card~~~SHV-215~~~NG_062287.1:0-861~~~cephalosporin;penicillin_beta-lactam	99.419	861	5	0	121966	122826	1	861	0.0	1563	125021	861	card~~~SHV-215~~~NG_062287.1:0-861~~~cephalosporin;penicillin_beta-lactam A beta-lactamase gene found in Klebsiella pneumoniae.	100.0	card
contig_4	card~~~SHV-199~~~NG_055503.1:0-861~~~cephalosporin;penicillin_beta-lactam	99.419	861	5	0	121966	122826	1	861	0.0	1563	125021	861	card~~~SHV-199~~~NG_055503.1:0-861~~~cephalosporin;penicillin_beta-lactam A beta-lactamase gene found in Escherichia coli.	100.0	card
contig_4	card~~~SHV-194~~~NG_051169.1:0-861~~~cephalosporin;penicillin_beta-lactam	99.419	861	5	0	121966	122826	1	861	0.0	1563	125021	861	card~~~SHV-194~~~NG_051169.1:0-861~~~cephalosporin;penicillin_beta-lactam Beta-lactamase gene from Klebsiella pneumoniae.	100.0	card
contig_4	card~~~SHV-193~~~NG_050058.1:0-861~~~cephalosporin;penicillin_beta-lactam	99.419	861	5	0	121966	122826	1	861	0.0	1563	125021	861	card~~~SHV-193~~~NG_050058.1:0-861~~~cephalosporin;penicillin_beta-lactam A beta-lactamase gene found in Klebsiella pneumoniae.	100.0	card
contig_4	card~~~SHV-187~~~LN515533.1:0-867~~~cephalosporin;penicillin_beta-lactam	99.193	867	7	0	121960	122826	1	867	0.0	1563	125021	867	card~~~SHV-187~~~LN515533.1:0-867~~~cephalosporin;penicillin_beta-lactam SHV-187 is a beta-lactamase. Name originally from the historical Lahey list of beta-lactamases, some of which did not include sequence data.	100.0	card
contig_4	card~~~SHV-185~~~KM233164.1:0-861~~~cephalosporin;penicillin_beta-lactam	99.419	861	5	0	121966	122826	1	861	0.0	1563	125021	861	card~~~SHV-185~~~KM233164.1:0-861~~~cephalosporin;penicillin_beta-lactam SHV-185 is a beta-lactamase. Name originally from the historical Lahey list of beta-lactamases, some of which did not include sequence data.	100.0	card
contig_4	card~~~SHV-179~~~KF705208.1:0-861~~~cephalosporin;penicillin_beta-lactam	99.419	861	5	0	121966	122826	1	861	0.0	1563	125021	861	card~~~SHV-179~~~KF705208.1:0-861~~~cephalosporin;penicillin_beta-lactam SHV-179 is a beta-lactamase. Name originally from the historical Lahey list of beta-lactamases, some of which did not include sequence data.	100.0	card
contig_4	card~~~SHV-178~~~KF705209.1:0-861~~~cephalosporin;penicillin_beta-lactam	99.419	861	5	0	121966	122826	1	861	0.0	1563	125021	861	card~~~SHV-178~~~KF705209.1:0-861~~~cephalosporin;penicillin_beta-lactam SHV-178 is a beta-lactamase. Name originally from the historical Lahey list of beta-lactamases, some of which did not include sequence data.	100.0	card
contig_4	card~~~SHV-173~~~KF513178.1:0-861~~~cephalosporin;penicillin_beta-lactam	99.419	861	5	0	121966	122826	1	861	0.0	1563	125021	861	card~~~SHV-173~~~KF513178.1:0-861~~~cephalosporin;penicillin_beta-lactam SHV-173 is a beta-lactamase. Name originally from the historical Lahey list of beta-lactamases, some of which did not include sequence data.	100.0	card
contig_4	card~~~SHV-165~~~JX121131.1:0-858~~~cephalosporin;penicillin_beta-lactam	99.534	858	4	0	121966	122823	1	858	0.0	1563	125021	858	card~~~SHV-165~~~JX121131.1:0-858~~~cephalosporin;penicillin_beta-lactam SHV-165 is a beta-lactamase.	100.0	card
contig_4	card~~~SHV-161~~~JX121128.1:0-861~~~cephalosporin;penicillin_beta-lactam	99.419	861	5	0	121966	122826	1	861	0.0	1563	125021	861	card~~~SHV-161~~~JX121128.1:0-861~~~cephalosporin;penicillin_beta-lactam SHV-161 is a beta-lactamase.	100.0	card
contig_4	card~~~SHV-154~~~JX121121.1:0-858~~~cephalosporin;penicillin_beta-lactam	99.534	858	4	0	121966	122823	1	858	0.0	1563	125021	858	card~~~SHV-154~~~JX121121.1:0-858~~~cephalosporin;penicillin_beta-lactam SHV-154 is a beta-lactamase.	100.0	card
contig_4	card~~~SHV-145~~~JX013655.1:0-861~~~cephalosporin;penicillin_beta-lactam	99.419	861	5	0	121966	122826	1	861	0.0	1563	125021	861	card~~~SHV-145~~~JX013655.1:0-861~~~cephalosporin;penicillin_beta-lactam SHV-145 is a beta-lactamase.	100.0	card
contig_4	card~~~SHV-142~~~JQ029959.1:28-889~~~cephalosporin;penicillin_beta-lactam	99.419	861	5	0	121966	122826	1	861	0.0	1563	125021	861	card~~~SHV-142~~~JQ029959.1:28-889~~~cephalosporin;penicillin_beta-lactam SHV-142 is a beta-lactamase.	100.0	card
contig_4	card~~~SHV-135~~~HQ637576.1:0-861~~~cephalosporin;penicillin_beta-lactam	99.419	861	5	0	121966	122826	1	861	0.0	1563	125021	861	card~~~SHV-135~~~HQ637576.1:0-861~~~cephalosporin;penicillin_beta-lactam SHV-135 is a beta-lactamase.	100.0	card
contig_4	card~~~SHV-128~~~GU932590.1:0-861~~~cephalosporin;penicillin_beta-lactam	99.419	861	5	0	121966	122826	1	861	0.0	1563	125021	861	card~~~SHV-128~~~GU932590.1:0-861~~~cephalosporin;penicillin_beta-lactam SHV-128 is an extended-spectrum beta-lactamase that has been found in clinical isolates.	100.0	card
contig_4	card~~~SHV-116~~~NG_068211.1:100-961~~~cephalosporin;penicillin_beta-lactam	99.419	861	5	0	121966	122826	1	861	0.0	1563	125021	861	card~~~SHV-116~~~NG_068211.1:100-961~~~cephalosporin;penicillin_beta-lactam SHV-116 is a beta-lactamase that has been found in clinical isolates.	100.0	card
contig_4	card~~~SHV-115~~~NG_067162.1:0-861~~~cephalosporin;penicillin_beta-lactam	99.419	861	5	0	121966	122826	1	861	0.0	1563	125021	861	card~~~SHV-115~~~NG_067162.1:0-861~~~cephalosporin;penicillin_beta-lactam SHV-115 is an extended-spectrum beta-lactamase that has been found in clinical isolates.	100.0	card
contig_4	card~~~SHV-107~~~AM941848.1:0-861~~~cephalosporin;penicillin_beta-lactam	99.419	861	5	0	121966	122826	1	861	0.0	1563	125021	861	card~~~SHV-107~~~AM941848.1:0-861~~~cephalosporin;penicillin_beta-lactam SHV-107 is an inhibitor-resistant beta-lactamase found in Klebsiella pneumoniae.	100.0	card
contig_4	card~~~SHV-104~~~EU274581.1:0-861~~~cephalosporin;penicillin_beta-lactam	99.419	860	5	0	121967	122826	2	861	0.0	1561	125021	861	card~~~SHV-104~~~EU274581.1:0-861~~~cephalosporin;penicillin_beta-lactam SHV-104 is an extended-spectrum beta-lactamase that has been found in clinical isolates.	99.88385598141696	card
contig_4	card~~~SHV-155~~~JX121122.1:0-858~~~cephalosporin;penicillin_beta-lactam	99.533	856	4	0	121966	122821	1	856	0.0	1559	125021	858	card~~~SHV-155~~~JX121122.1:0-858~~~cephalosporin;penicillin_beta-lactam SHV-155 is a beta-lactamase.	99.76689976689977	card
contig_4	card~~~SHV-148~~~JX121115.1:0-858~~~cephalosporin;penicillin_beta-lactam	99.533	856	4	0	121966	122821	1	856	0.0	1559	125021	858	card~~~SHV-148~~~JX121115.1:0-858~~~cephalosporin;penicillin_beta-lactam SHV-148 is a beta-lactamase.	99.76689976689977	card
contig_4	card~~~SHV-96~~~EF373971.1:0-861~~~cephalosporin;penicillin_beta-lactam	99.303	861	6	0	121966	122826	1	861	0.0	1557	125021	861	card~~~SHV-96~~~EF373971.1:0-861~~~cephalosporin;penicillin_beta-lactam SHV-96 is a beta-lactamase found in Acinetobacter baumannii.	100.0	card
contig_4	card~~~SHV-94~~~EF373970.1:0-861~~~cephalosporin;penicillin_beta-lactam	99.303	861	6	0	121966	122826	1	861	0.0	1557	125021	861	card~~~SHV-94~~~EF373970.1:0-861~~~cephalosporin;penicillin_beta-lactam SHV-94 is a beta-lactamase found in Klebsiella pneumoniae.	100.0	card
contig_4	card~~~SHV-89~~~DQ193536.1:0-861~~~cephalosporin;penicillin_beta-lactam	99.303	861	6	0	121966	122826	1	861	0.0	1557	125021	861	card~~~SHV-89~~~DQ193536.1:0-861~~~cephalosporin;penicillin_beta-lactam SHV-89 is a broad-spectrum beta-lactamase found in Klebsiella pneumoniae.	100.0	card
contig_4	card~~~SHV-85~~~DQ322460.1:15-876~~~cephalosporin;penicillin_beta-lactam	99.303	861	6	0	121966	122826	1	861	0.0	1557	125021	861	card~~~SHV-85~~~DQ322460.1:15-876~~~cephalosporin;penicillin_beta-lactam SHV-85 is a broad-spectrum beta-lactamase found in Klebsiella pneumoniae.	100.0	card
contig_4	card~~~SHV-82~~~AM176557.2:0-861~~~cephalosporin;penicillin_beta-lactam	99.303	861	6	0	121966	122826	1	861	0.0	1557	125021	861	card~~~SHV-82~~~AM176557.2:0-861~~~cephalosporin;penicillin_beta-lactam SHV-82 is a broad-spectrum beta-lactamase found in Klebsiella pneumoniae.	100.0	card
contig_4	card~~~SHV-81~~~AM176556.2:25-886~~~cephalosporin;penicillin_beta-lactam	99.303	861	6	0	121966	122826	1	861	0.0	1557	125021	861	card~~~SHV-81~~~AM176556.2:25-886~~~cephalosporin;penicillin_beta-lactam SHV-81 is a broad-spectrum beta-lactamase found in Klebsiella pneumoniae.	100.0	card
contig_4	card~~~SHV-8~~~U92041.1:0-861~~~cephalosporin;penicillin_beta-lactam	99.303	861	6	0	121966	122826	1	861	0.0	1557	125021	861	card~~~SHV-8~~~U92041.1:0-861~~~cephalosporin;penicillin_beta-lactam SHV-8 is an extended-spectrum beta-lactamase found in E. coli.	100.0	card
contig_4	card~~~SHV-79~~~AM176554.2:30-891~~~cephalosporin;penicillin_beta-lactam	99.303	861	6	0	121966	122826	1	861	0.0	1557	125021	861	card~~~SHV-79~~~AM176554.2:30-891~~~cephalosporin;penicillin_beta-lactam SHV-79 is a broad-spectrum beta-lactamase found in Klebsiella pneumoniae.	100.0	card
contig_4	card~~~SHV-77~~~AM176552.2:30-891~~~cephalosporin;penicillin_beta-lactam	99.303	861	6	0	121966	122826	1	861	0.0	1557	125021	861	card~~~SHV-77~~~AM176552.2:30-891~~~cephalosporin;penicillin_beta-lactam SHV-77 is a broad-spectrum beta-lactamase found in Klebsiella pneumoniae and E. coli.	100.0	card
contig_4	card~~~SHV-7~~~U20270.1:124-985~~~cephalosporin;penicillin_beta-lactam	99.303	861	6	0	121966	122826	1	861	0.0	1557	125021	861	card~~~SHV-7~~~U20270.1:124-985~~~cephalosporin;penicillin_beta-lactam SHV-7 is an extended-spectrum beta-lactamase found in E. coli.	100.0	card
contig_4	card~~~SHV-65~~~DQ174305.1:4-865~~~cephalosporin;penicillin_beta-lactam	99.303	861	6	0	121966	122826	1	861	0.0	1557	125021	861	card~~~SHV-65~~~DQ174305.1:4-865~~~cephalosporin;penicillin_beta-lactam SHV-65 is a beta-lactamase found in Klebsiella pneumoniae.	100.0	card
contig_4	card~~~SHV-57~~~AY223863.1:170-1031~~~cephalosporin;penicillin_beta-lactam	99.303	861	6	0	121966	122826	1	861	0.0	1557	125021	861	card~~~SHV-57~~~AY223863.1:170-1031~~~cephalosporin;penicillin_beta-lactam SHV-57 is an extended-spectrum beta-lactamase found in E. coli.	100.0	card
contig_4	card~~~SHV-56~~~EU586041.1:0-861~~~cephalosporin;penicillin_beta-lactam	99.303	861	6	0	121966	122826	1	861	0.0	1557	125021	861	card~~~SHV-56~~~EU586041.1:0-861~~~cephalosporin;penicillin_beta-lactam SHV-56 is an inhibitor-resistant beta-lactamase found in Klebsiella pneumoniae.	100.0	card
contig_4	card~~~SHV-50~~~AY288915.1:0-861~~~cephalosporin;penicillin_beta-lactam	99.303	861	6	0	121966	122826	1	861	0.0	1557	125021	861	card~~~SHV-50~~~AY288915.1:0-861~~~cephalosporin;penicillin_beta-lactam SHV-50 is a beta-lactamase found in Klebsiella pneumoniae.	100.0	card
contig_4	card~~~SHV-49~~~AY528718.1:413-1274~~~cephalosporin;penicillin_beta-lactam	99.303	861	6	0	121966	122826	1	861	0.0	1557	125021	861	card~~~SHV-49~~~AY528718.1:413-1274~~~cephalosporin;penicillin_beta-lactam SHV-49 is an inhibitor-resistant beta-lactamase found in Klebsiella pneumoniae.	100.0	card
contig_4	card~~~SHV-40~~~AF535128.1:0-861~~~cephalosporin;penicillin_beta-lactam	99.303	861	6	0	121966	122826	1	861	0.0	1557	125021	861	card~~~SHV-40~~~AF535128.1:0-861~~~cephalosporin;penicillin_beta-lactam SHV-40 is an extended-spectrum beta-lactamase found in Klebsiella pneumoniae.	100.0	card
contig_4	card~~~SHV-35~~~AY070258.1:0-861~~~cephalosporin;penicillin_beta-lactam	99.303	861	6	0	121966	122826	1	861	0.0	1557	125021	861	card~~~SHV-35~~~AY070258.1:0-861~~~cephalosporin;penicillin_beta-lactam SHV-35 is a beta-lactamase found in Klebsiella pneumoniae.	100.0	card
contig_4	card~~~SHV-27~~~AF293345.1:0-861~~~cephalosporin;penicillin_beta-lactam	99.303	861	6	0	121966	122826	1	861	0.0	1557	125021	861	card~~~SHV-27~~~AF293345.1:0-861~~~cephalosporin;penicillin_beta-lactam SHV-27 is an extended-spectrum beta-lactamase found in Klebsiella pneumoniae.	100.0	card
contig_4	card~~~SHV-240~~~OR876332.1:0-861~~~cephalosporin;penicillin_beta-lactam	99.303	861	6	0	121966	122826	1	861	0.0	1557	125021	861	card~~~SHV-240~~~OR876332.1:0-861~~~cephalosporin;penicillin_beta-lactam Inhibitor-resistant class A beta-lactamase SHV-240.	100.0	card
contig_4	card~~~SHV-24~~~AB023477.1:0-861~~~cephalosporin;penicillin_beta-lactam	99.303	861	6	0	121966	122826	1	861	0.0	1557	125021	861	card~~~SHV-24~~~AB023477.1:0-861~~~cephalosporin;penicillin_beta-lactam SHV-24 is an extended-spectrum beta-lactamase found in E. coli.	100.0	card
contig_4	card~~~SHV-225~~~NG_062297.1:0-861~~~cephalosporin;penicillin_beta-lactam	99.303	861	6	0	121966	122826	1	861	0.0	1557	125021	861	card~~~SHV-225~~~NG_062297.1:0-861~~~cephalosporin;penicillin_beta-lactam A beta-lactamase gene found in Klebsiella pneumoniae.	100.0	card
contig_4	card~~~SHV-224~~~NG_062296.1:0-861~~~cephalosporin;penicillin_beta-lactam	99.303	861	6	0	121966	122826	1	861	0.0	1557	125021	861	card~~~SHV-224~~~NG_062296.1:0-861~~~cephalosporin;penicillin_beta-lactam A beta-lactamase gene found in Klebsiella pneumoniae.	100.0	card
contig_4	card~~~SHV-217~~~NG_062289.1:0-861~~~cephalosporin;penicillin_beta-lactam	99.303	861	6	0	121966	122826	1	861	0.0	1557	125021	861	card~~~SHV-217~~~NG_062289.1:0-861~~~cephalosporin;penicillin_beta-lactam A beta-lactamase gene found in Klebsiella pneumoniae.	100.0	card
contig_4	card~~~SHV-211~~~NG_062283.1:0-861~~~cephalosporin;penicillin_beta-lactam	99.303	861	6	0	121966	122826	1	861	0.0	1557	125021	861	card~~~SHV-211~~~NG_062283.1:0-861~~~cephalosporin;penicillin_beta-lactam A beta-lactamase gene found in Klebsiella pneumoniae.	100.0	card
contig_4	card~~~SHV-210~~~NG_062282.1:0-861~~~cephalosporin;penicillin_beta-lactam	99.303	861	6	0	121966	122826	1	861	0.0	1557	125021	861	card~~~SHV-210~~~NG_062282.1:0-861~~~cephalosporin;penicillin_beta-lactam Beta-lactamase gene from Klebsiella pneumoniae.	100.0	card
contig_4	card~~~SHV-209~~~NG_062281.1:0-861~~~cephalosporin;penicillin_beta-lactam	99.303	861	6	0	121966	122826	1	861	0.0	1557	125021	861	card~~~SHV-209~~~NG_062281.1:0-861~~~cephalosporin;penicillin_beta-lactam A beta-lactamase gene found in Klebsiella pneumoniae.	100.0	card
contig_4	card~~~SHV-202~~~MF804906.1:0-867~~~cephalosporin;penicillin_beta-lactam	99.077	867	8	0	121960	122826	1	867	0.0	1557	125021	867	card~~~SHV-202~~~MF804906.1:0-867~~~cephalosporin;penicillin_beta-lactam A beta-lactamase gene found in Klebsiella pneumoniae.	100.0	card
contig_4	card~~~SHV-201~~~NG_062244.1:0-861~~~cephalosporin;penicillin_beta-lactam	99.303	861	6	0	121966	122826	1	861	0.0	1557	125021	861	card~~~SHV-201~~~NG_062244.1:0-861~~~cephalosporin;penicillin_beta-lactam Beta-lactamase gene from Klebsiella pneumoniae.	100.0	card
contig_4	card~~~SHV-186~~~KM233165.1:0-861~~~cephalosporin;penicillin_beta-lactam	99.303	861	6	0	121966	122826	1	861	0.0	1557	125021	861	card~~~SHV-186~~~KM233165.1:0-861~~~cephalosporin;penicillin_beta-lactam SHV-186 is a beta-lactamase. Name originally from the historical Lahey list of beta-lactamases, some of which did not include sequence data.	100.0	card
contig_4	card~~~SHV-182~~~KP050489.1:0-861~~~cephalosporin;penicillin_beta-lactam	99.303	861	6	0	121966	122826	1	861	0.0	1557	125021	861	card~~~SHV-182~~~KP050489.1:0-861~~~cephalosporin;penicillin_beta-lactam SHV-182 is a beta-lactamase. Name originally from the historical Lahey list of beta-lactamases, some of which did not include sequence data.	100.0	card
contig_4	card~~~SHV-180~~~KP050487.1:0-861~~~cephalosporin;penicillin_beta-lactam	99.303	861	6	0	121966	122826	1	861	0.0	1557	125021	861	card~~~SHV-180~~~KP050487.1:0-861~~~cephalosporin;penicillin_beta-lactam SHV-180 is a beta-lactamase. Name originally from the historical Lahey list of beta-lactamases, some of which did not include sequence data.	100.0	card
contig_4	card~~~SHV-156~~~JX121123.1:0-861~~~cephalosporin;penicillin_beta-lactam	99.303	861	6	0	121966	122826	1	861	0.0	1557	125021	861	card~~~SHV-156~~~JX121123.1:0-861~~~cephalosporin;penicillin_beta-lactam SHV-156 is a beta-lactamase.	100.0	card
contig_4	card~~~SHV-153~~~JX121120.1:0-858~~~cephalosporin;penicillin_beta-lactam	99.417	858	5	0	121966	122823	1	858	0.0	1557	125021	858	card~~~SHV-153~~~JX121120.1:0-858~~~cephalosporin;penicillin_beta-lactam SHV-153 is a beta-lactamase.	100.0	card
contig_4	card~~~SHV-152~~~JX121119.1:0-858~~~cephalosporin;penicillin_beta-lactam	99.417	858	5	0	121966	122823	1	858	0.0	1557	125021	858	card~~~SHV-152~~~JX121119.1:0-858~~~cephalosporin;penicillin_beta-lactam SHV-152 is a beta-lactamase.	100.0	card
contig_4	card~~~SHV-146~~~NG_050020.1:0-861~~~cephalosporin;penicillin_beta-lactam	99.303	861	6	0	121966	122826	1	861	0.0	1557	125021	861	card~~~SHV-146~~~NG_050020.1:0-861~~~cephalosporin;penicillin_beta-lactam SHV-146 is a beta-lactamase. Name originally from the historical Lahey list of beta-lactamases, some of which did not include sequence data.	100.0	card
contig_4	card~~~SHV-144~~~JQ926986.1:0-861~~~cephalosporin;penicillin_beta-lactam	99.303	861	6	0	121966	122826	1	861	0.0	1557	125021	861	card~~~SHV-144~~~JQ926986.1:0-861~~~cephalosporin;penicillin_beta-lactam SHV-144 is a beta-lactamase found in Klebsiella pneumoniae.	100.0	card
contig_4	card~~~SHV-141~~~JQ388884.1:0-861~~~cephalosporin;penicillin_beta-lactam	99.303	861	6	0	121966	122826	1	861	0.0	1557	125021	861	card~~~SHV-141~~~JQ388884.1:0-861~~~cephalosporin;penicillin_beta-lactam SHV-141 is a broad-spectrum beta-lactamase.	100.0	card
contig_4	card~~~SHV-133~~~AB551737.1:14-875~~~cephalosporin;penicillin_beta-lactam	99.303	861	6	0	121966	122826	1	861	0.0	1557	125021	861	card~~~SHV-133~~~AB551737.1:14-875~~~cephalosporin;penicillin_beta-lactam SHV-133 is a beta-lactamase.	100.0	card
contig_4	card~~~SHV-121~~~HQ661362.1:71-932~~~cephalosporin;penicillin_beta-lactam	99.303	861	6	0	121966	122826	1	861	0.0	1557	125021	861	card~~~SHV-121~~~HQ661362.1:71-932~~~cephalosporin;penicillin_beta-lactam SHV-121 is a beta-lactamase that has been found in clinical isolates. Identical to SHV-136.	100.0	card
contig_4	card~~~SHV-119~~~KJ776406.1:16-877~~~cephalosporin;penicillin_beta-lactam	99.303	861	6	0	121966	122826	1	861	0.0	1557	125021	861	card~~~SHV-119~~~KJ776406.1:16-877~~~cephalosporin;penicillin_beta-lactam SHV-119 is a beta-lactamase. Name originally from the historical Lahey list of beta-lactamases, some of which did not include sequence data.	100.0	card
contig_4	card~~~SHV-110~~~HQ877615.1:0-861~~~cephalosporin;penicillin_beta-lactam	99.303	861	6	0	121966	122826	1	861	0.0	1557	125021	861	card~~~SHV-110~~~HQ877615.1:0-861~~~cephalosporin;penicillin_beta-lactam SHV-110 is a beta-lactamase found in Klebsiella pneumoniae.	100.0	card
contig_4	card~~~SHV-109~~~EU418913.1:16-877~~~cephalosporin;penicillin_beta-lactam	99.303	861	6	0	121966	122826	1	861	0.0	1557	125021	861	card~~~SHV-109~~~EU418913.1:16-877~~~cephalosporin;penicillin_beta-lactam SHV-109 is a broad-spectrum beta-lactamase found in Klebsiella pneumoniae.	100.0	card
contig_4	card~~~SHV-103~~~EU032604.1:0-861~~~cephalosporin;penicillin_beta-lactam	99.303	861	6	0	121966	122826	1	861	0.0	1557	125021	861	card~~~SHV-103~~~EU032604.1:0-861~~~cephalosporin;penicillin_beta-lactam SHV-103 is a beta-lactamase that has been found in clinical isolates.	100.0	card
contig_4	card~~~SHV-83~~~AM176558.2:0-861~~~cephalosporin;penicillin_beta-lactam	99.302	859	6	0	121968	122826	3	861	0.0	1554	125021	861	card~~~SHV-83~~~AM176558.2:0-861~~~cephalosporin;penicillin_beta-lactam SHV-83 is a broad-spectrum beta-lactamase found in Klebsiella pneumoniae.	99.76771196283391	card
contig_4	card~~~SHV-95~~~EF373972.1:0-861~~~cephalosporin;penicillin_beta-lactam	99.187	861	7	0	121966	122826	1	861	0.0	1552	125021	861	card~~~SHV-95~~~EF373972.1:0-861~~~cephalosporin;penicillin_beta-lactam SHV-95 is a beta-lactamase found in Citrobacter freundii.	100.0	card
contig_4	card~~~SHV-93~~~EF373969.1:0-861~~~cephalosporin;penicillin_beta-lactam	99.187	861	7	0	121966	122826	1	861	0.0	1552	125021	861	card~~~SHV-93~~~EF373969.1:0-861~~~cephalosporin;penicillin_beta-lactam SHV-93 is a beta-lactamase found in Klebsiella pneumoniae.	100.0	card
contig_4	card~~~SHV-84~~~DAGGVK010000093.1:2639-3500~~~cephalosporin;penicillin_beta-lactam	99.187	861	7	0	121966	122826	1	861	0.0	1552	125021	861	card~~~SHV-84~~~DAGGVK010000093.1:2639-3500~~~cephalosporin;penicillin_beta-lactam SHV-84 is an inhibitor-resistant beta-lactamase that has been found in clinical isolates.	100.0	card
contig_4	card~~~SHV-75~~~AM176550.2:30-891~~~cephalosporin;penicillin_beta-lactam	99.187	861	7	0	121966	122826	1	861	0.0	1552	125021	861	card~~~SHV-75~~~AM176550.2:30-891~~~cephalosporin;penicillin_beta-lactam SHV-75 is a broad-spectrum beta-lactamase that is found in clinical isolates.	100.0	card
contig_4	card~~~SHV-63~~~EU342351.1:172-1033~~~cephalosporin;penicillin_beta-lactam	99.187	861	7	0	121966	122826	1	861	0.0	1552	125021	861	card~~~SHV-63~~~EU342351.1:172-1033~~~cephalosporin;penicillin_beta-lactam SHV-63 is a beta-lactamase found in Klebsiella pneumoniae.	100.0	card
contig_4	card~~~SHV-62~~~AJ866285.2:0-861~~~cephalosporin;penicillin_beta-lactam	99.187	861	7	0	121966	122826	1	861	0.0	1552	125021	861	card~~~SHV-62~~~AJ866285.2:0-861~~~cephalosporin;penicillin_beta-lactam SHV-62 is a broad-spectrum beta-lactamase found in Klebsiella pneumoniae.	100.0	card
contig_4	card~~~SHV-55~~~AJ863560.2:0-861~~~cephalosporin;penicillin_beta-lactam	99.187	861	7	0	121966	122826	1	861	0.0	1552	125021	861	card~~~SHV-55~~~AJ863560.2:0-861~~~cephalosporin;penicillin_beta-lactam SHV-55 is an extended-spectrum beta-lactamase found in Klebsiella pneumoniae.	100.0	card
contig_4	card~~~SHV-48~~~AY263404.1:0-861~~~cephalosporin;penicillin_beta-lactam	99.187	861	7	0	121966	122826	1	861	0.0	1552	125021	861	card~~~SHV-48~~~AY263404.1:0-861~~~cephalosporin;penicillin_beta-lactam SHV-48 is a broad-spectrum beta-lactamase found in Klebsiella pneumoniae.	100.0	card
contig_4	card~~~SHV-44~~~AY259119.1:116-977~~~cephalosporin;penicillin_beta-lactam	99.187	861	7	0	121966	122826	1	861	0.0	1552	125021	861	card~~~SHV-44~~~AY259119.1:116-977~~~cephalosporin;penicillin_beta-lactam SHV-44 is a broad-spectrum beta-lactamase found in Klebsiella pneumoniae.	100.0	card
contig_4	card~~~SHV-42~~~AF535130.1:0-861~~~cephalosporin;penicillin_beta-lactam	99.187	861	7	0	121966	122826	1	861	0.0	1552	125021	861	card~~~SHV-42~~~AF535130.1:0-861~~~cephalosporin;penicillin_beta-lactam SHV-42 is an extended-spectrum beta-lactamase found in Klebsiella pneumoniae.	100.0	card
contig_4	card~~~SHV-41~~~AF535129.1:0-861~~~cephalosporin;penicillin_beta-lactam	99.187	861	7	0	121966	122826	1	861	0.0	1552	125021	861	card~~~SHV-41~~~AF535129.1:0-861~~~cephalosporin;penicillin_beta-lactam SHV-41 is an extended-spectrum beta-lactamase found in Klebsiella pneumoniae.	100.0	card
contig_4	card~~~SHV-38~~~AY079099.1:148-1009~~~cephalosporin;penicillin_beta-lactam	99.187	861	7	0	121966	122826	1	861	0.0	1552	125021	861	card~~~SHV-38~~~AY079099.1:148-1009~~~cephalosporin;penicillin_beta-lactam SHV-38 is an extended-spectrum beta-lactamase found in Klebsiella pneumoniae.	100.0	card
contig_4	card~~~SHV-33~~~JX268631.1:0-861~~~cephalosporin;penicillin_beta-lactam	99.187	861	7	0	121966	122826	1	861	0.0	1552	125021	861	card~~~SHV-33~~~JX268631.1:0-861~~~cephalosporin;penicillin_beta-lactam SHV-33 is an broad-spectrum beta-lactamase found in Klebsiella pneumoniae.	100.0	card
contig_4	card~~~SHV-32~~~AY037778.1:91-952~~~cephalosporin;penicillin_beta-lactam	99.187	861	7	0	121966	122826	1	861	0.0	1552	125021	861	card~~~SHV-32~~~AY037778.1:91-952~~~cephalosporin;penicillin_beta-lactam SHV-32 is a broad-spectrum beta-lactamase found in Klebsiella pneumoniae.	100.0	card
contig_4	card~~~SHV-30~~~AY661885.1:48-909~~~cephalosporin;penicillin_beta-lactam	99.187	861	7	0	121966	122826	1	861	0.0	1552	125021	861	card~~~SHV-30~~~AY661885.1:48-909~~~cephalosporin;penicillin_beta-lactam SHV-30 is an extended-spectrum beta-lactamase found in Enterobacter cloacae.	100.0	card
contig_4	card~~~SHV-3~~~KX092356.1:192-1053~~~cephalosporin;penicillin_beta-lactam	99.187	861	7	0	121966	122826	1	861	0.0	1552	125021	861	card~~~SHV-3~~~KX092356.1:192-1053~~~cephalosporin;penicillin_beta-lactam SHV-3 is an extended-spectrum beta-lactamase found in Klebsiella pneumoniae.	100.0	card
contig_4	card~~~SHV-234~~~OR863406.1:0-861~~~cephalosporin;penicillin_beta-lactam	99.187	861	7	0	121966	122826	1	861	0.0	1552	125021	861	card~~~SHV-234~~~OR863406.1:0-861~~~cephalosporin;penicillin_beta-lactam Inhibitor-resistant class A beta-lactamase SHV-234.	100.0	card
contig_4	card~~~SHV-232~~~OR224963.1:0-861~~~cephalosporin;penicillin_beta-lactam	99.187	861	7	0	121966	122826	1	861	0.0	1552	125021	861	card~~~SHV-232~~~OR224963.1:0-861~~~cephalosporin;penicillin_beta-lactam Class A beta-lactamase SHV-232.	100.0	card
contig_4	card~~~SHV-229~~~MZ748304.1:0-861~~~cephalosporin;penicillin_beta-lactam	99.187	861	7	0	121966	122826	1	861	0.0	1552	125021	861	card~~~SHV-229~~~MZ748304.1:0-861~~~cephalosporin;penicillin_beta-lactam Broad-spectrum class A beta-lactamase SHV-229.	100.0	card
contig_4	card~~~SHV-221~~~NG_062293.1:0-861~~~cephalosporin;penicillin_beta-lactam	99.187	861	7	0	121966	122826	1	861	0.0	1552	125021	861	card~~~SHV-221~~~NG_062293.1:0-861~~~cephalosporin;penicillin_beta-lactam A beta-lactamase gene found in Klebsiella pneumonia.	100.0	card
contig_4	card~~~SHV-219~~~NG_062291.1:0-861~~~cephalosporin;penicillin_beta-lactam	99.187	861	7	0	121966	122826	1	861	0.0	1552	125021	861	card~~~SHV-219~~~NG_062291.1:0-861~~~cephalosporin;penicillin_beta-lactam Beta-lactamase gene from Klebsiella pneumoniae.	100.0	card
contig_4	card~~~SHV-216~~~NG_062288.1:0-861~~~cephalosporin;penicillin_beta-lactam	99.187	861	7	0	121966	122826	1	861	0.0	1552	125021	861	card~~~SHV-216~~~NG_062288.1:0-861~~~cephalosporin;penicillin_beta-lactam A beta-lactamase gene from Klebsiella pneumoniae.	100.0	card
contig_4	card~~~SHV-207~~~NG_062279.1:0-861~~~cephalosporin;penicillin_beta-lactam	99.187	861	7	0	121966	122826	1	861	0.0	1552	125021	861	card~~~SHV-207~~~NG_062279.1:0-861~~~cephalosporin;penicillin_beta-lactam A beta-lactamase gene found in Klebsiella penumoniae.	100.0	card
contig_4	card~~~SHV-206~~~NG_062278.1:0-861~~~cephalosporin;penicillin_beta-lactam	99.187	861	7	0	121966	122826	1	861	0.0	1552	125021	861	card~~~SHV-206~~~NG_062278.1:0-861~~~cephalosporin;penicillin_beta-lactam A beta-lactamase gene from Klebsiella pneumoniae.	100.0	card
contig_4	card~~~SHV-1b-b~~~NG_050059.1:0-861~~~cephalosporin;penicillin_beta-lactam	99.187	861	7	0	121966	122826	1	861	0.0	1552	125021	861	card~~~SHV-1b-b~~~NG_050059.1:0-861~~~cephalosporin;penicillin_beta-lactam A beta-lactamase gene found in Klebsiella pneumoniae.	100.0	card
contig_4	card~~~SHV-197~~~NG_052582.1:0-861~~~cephalosporin;penicillin_beta-lactam	99.187	861	7	0	121966	122826	1	861	0.0	1552	125021	861	card~~~SHV-197~~~NG_052582.1:0-861~~~cephalosporin;penicillin_beta-lactam A beta-lactamase gene from Escherichia coli.	100.0	card
contig_4	card~~~SHV-196~~~NG_051521.1:0-861~~~cephalosporin;penicillin_beta-lactam	99.187	861	7	0	121966	122826	1	861	0.0	1552	125021	861	card~~~SHV-196~~~NG_051521.1:0-861~~~cephalosporin;penicillin_beta-lactam A beta-lactamase gene found in Klebsiella pneumoniae.	100.0	card
contig_4	card~~~SHV-19~~~DAGGWD010000033.1:85-946~~~cephalosporin;penicillin_beta-lactam	99.187	861	7	0	121966	122826	1	861	0.0	1552	125021	861	card~~~SHV-19~~~DAGGWD010000033.1:85-946~~~cephalosporin;penicillin_beta-lactam SHV-19 is a broad-spectrum beta-lactamase that has been found in clinical isolates.	100.0	card
contig_4	card~~~SHV-189~~~KP050494.1:0-861~~~cephalosporin;penicillin_beta-lactam	99.187	861	7	0	121966	122826	1	861	0.0	1552	125021	861	card~~~SHV-189~~~KP050494.1:0-861~~~cephalosporin;penicillin_beta-lactam SHV-189 is a beta-lactamase. Name originally from the historical Lahey list of beta-lactamases, some of which did not include sequence data.	100.0	card
contig_4	card~~~SHV-159~~~JX121126.1:0-858~~~cephalosporin;penicillin_beta-lactam	99.301	858	6	0	121966	122823	1	858	0.0	1552	125021	858	card~~~SHV-159~~~JX121126.1:0-858~~~cephalosporin;penicillin_beta-lactam SHV-159 is a beta-lactamase.	100.0	card
contig_4	card~~~SHV-158~~~JX121125.1:0-858~~~cephalosporin;penicillin_beta-lactam	99.301	858	6	0	121966	122823	1	858	0.0	1552	125021	858	card~~~SHV-158~~~JX121125.1:0-858~~~cephalosporin;penicillin_beta-lactam SHV-158 is a beta-lactamase.	100.0	card
contig_4	card~~~SHV-157~~~JX121124.1:0-861~~~cephalosporin;penicillin_beta-lactam	99.187	861	7	0	121966	122826	1	861	0.0	1552	125021	861	card~~~SHV-157~~~JX121124.1:0-861~~~cephalosporin;penicillin_beta-lactam SHV-157 is a beta-lactamase.	100.0	card
contig_4	card~~~SHV-150~~~JX121117.1:0-858~~~cephalosporin;penicillin_beta-lactam	99.301	858	6	0	121966	122823	1	858	0.0	1552	125021	858	card~~~SHV-150~~~JX121117.1:0-858~~~cephalosporin;penicillin_beta-lactam SHV-150 is a beta-lactamase.	100.0	card
contig_4	card~~~SHV-147~~~JX121114.1:0-858~~~cephalosporin;penicillin_beta-lactam	99.301	858	6	0	121966	122823	1	858	0.0	1552	125021	858	card~~~SHV-147~~~JX121114.1:0-858~~~cephalosporin;penicillin_beta-lactam SHV-147 is a beta-lactamase.	100.0	card
contig_4	card~~~SHV-143~~~JQ341060.1:1742-881~~~cephalosporin;penicillin_beta-lactam	99.187	861	7	0	121966	122826	1	861	0.0	1552	125021	861	card~~~SHV-143~~~JQ341060.1:1742-881~~~cephalosporin;penicillin_beta-lactam SHV-143 is a beta-lactamase. Name originally from the historical Lahey list of beta-lactamases, some of which did not include sequence data.	100.0	card
contig_4	card~~~SHV-14~~~AF226622.1:54-915~~~cephalosporin;penicillin_beta-lactam	99.187	861	7	0	121966	122826	1	861	0.0	1552	125021	861	card~~~SHV-14~~~AF226622.1:54-915~~~cephalosporin;penicillin_beta-lactam SHV-14 is an broad-spectrum beta-lactamase found in Klebsiella pneumoniae.	100.0	card
contig_4	card~~~SHV-132~~~NG_050009.1:100-961~~~cephalosporin;penicillin_beta-lactam	99.187	861	7	0	121966	122826	1	861	0.0	1552	125021	861	card~~~SHV-132~~~NG_050009.1:100-961~~~cephalosporin;penicillin_beta-lactam SHV-132 is a beta-lactamase. Name originally from the historical Lahey list of beta-lactamases, some of which did not include sequence data.	100.0	card
contig_4	card~~~SHV-111~~~AB372881.1:8-869~~~cephalosporin;penicillin_beta-lactam	99.187	861	7	0	121966	122826	1	861	0.0	1552	125021	861	card~~~SHV-111~~~AB372881.1:8-869~~~cephalosporin;penicillin_beta-lactam SHV-111 is a beta-lactamase found in Klebsiella pneumoniae.	100.0	card
contig_4	card~~~SHV-108~~~HM751100.1:0-861~~~cephalosporin;penicillin_beta-lactam	99.187	861	7	0	121966	122826	1	861	0.0	1552	125021	861	card~~~SHV-108~~~HM751100.1:0-861~~~cephalosporin;penicillin_beta-lactam SHV-108 is a beta-lactamase found in Klebsiella pneumoniae.	100.0	card
contig_4	card~~~SHV-105~~~FJ194944.1:46-907~~~cephalosporin;penicillin_beta-lactam	99.187	861	7	0	121966	122826	1	861	0.0	1552	125021	861	card~~~SHV-105~~~FJ194944.1:46-907~~~cephalosporin;penicillin_beta-lactam SHV-105 is an extended-spectrum beta-lactamase found in Klebsiella pneumoniae.	100.0	card
contig_4	card~~~SHV-102~~~EU024485.1:0-861~~~cephalosporin;penicillin_beta-lactam	99.187	861	7	0	121966	122826	1	861	0.0	1552	125021	861	card~~~SHV-102~~~EU024485.1:0-861~~~cephalosporin;penicillin_beta-lactam SHV-102 is an extended spectrum beta-lactamase found in E. coli.	100.0	card
contig_4	card~~~SHV-101~~~EU155018.1:0-861~~~cephalosporin;penicillin_beta-lactam	99.187	861	7	0	121966	122826	1	861	0.0	1552	125021	861	card~~~SHV-101~~~EU155018.1:0-861~~~cephalosporin;penicillin_beta-lactam SHV-101 is a beta-lactamase found in Klebsiella pneumoniae.	100.0	card
contig_4	card~~~SHV-163~~~JX121130.1:0-858~~~cephalosporin;penicillin_beta-lactam	99.299	856	6	0	121966	122821	1	856	0.0	1548	125021	858	card~~~SHV-163~~~JX121130.1:0-858~~~cephalosporin;penicillin_beta-lactam SHV-163 is a beta-lactamase.	99.76689976689977	card
contig_4	card~~~SHV-99~~~AM941845.1:0-861~~~cephalosporin;penicillin_beta-lactam	99.071	861	8	0	121966	122826	1	861	0.0	1546	125021	861	card~~~SHV-99~~~AM941845.1:0-861~~~cephalosporin;penicillin_beta-lactam SHV-99 is a beta-lactamase found in Klebsiella pneumoniae.	100.0	card
contig_4	card~~~SHV-76~~~AM176551.2:30-891~~~cephalosporin;penicillin_beta-lactam	99.071	861	8	0	121966	122826	1	861	0.0	1546	125021	861	card~~~SHV-76~~~AM176551.2:30-891~~~cephalosporin;penicillin_beta-lactam SHV-76 is a broad-spectrum beta-lactamase found in Klebsiella pneumoniae.	100.0	card
contig_4	card~~~SHV-71~~~AM176546.2:0-861~~~cephalosporin;penicillin_beta-lactam	99.071	861	8	0	121966	122826	1	861	0.0	1546	125021	861	card~~~SHV-71~~~AM176546.2:0-861~~~cephalosporin;penicillin_beta-lactam SHV-71 is a broad-spectrum beta-lactamase found in Klebsiella pneumoniae and Shigella.	100.0	card
contig_4	card~~~SHV-59~~~AY790341.1:0-861~~~cephalosporin;penicillin_beta-lactam	99.071	861	8	0	121966	122826	1	861	0.0	1546	125021	861	card~~~SHV-59~~~AY790341.1:0-861~~~cephalosporin;penicillin_beta-lactam SHV-59 is a beta-lactamase found in Klebsiella pneumoniae.	100.0	card
contig_4	card~~~SHV-37~~~AF467948.1:0-861~~~cephalosporin;penicillin_beta-lactam	99.071	861	8	0	121966	122826	1	861	0.0	1546	125021	861	card~~~SHV-37~~~AF467948.1:0-861~~~cephalosporin;penicillin_beta-lactam SHV-37 is a beta-lactamase found in Klebsiella pneumoniae.	100.0	card
contig_4	card~~~SHV-34~~~AY036620.1:88-949~~~cephalosporin;penicillin_beta-lactam	99.071	861	8	0	121966	122826	1	861	0.0	1546	125021	861	card~~~SHV-34~~~AY036620.1:88-949~~~cephalosporin;penicillin_beta-lactam SHV-34 is an extended-spectrum beta-lactamase found in E. coli.	100.0	card
contig_4	card~~~SHV-29~~~AF301532.1:7-868~~~cephalosporin;penicillin_beta-lactam	99.071	861	8	0	121966	122826	1	861	0.0	1546	125021	861	card~~~SHV-29~~~AF301532.1:7-868~~~cephalosporin;penicillin_beta-lactam SHV-29 is an extended-spectrum beta-lactamase found in Klebsiella pneumoniae.	100.0	card
contig_4	card~~~SHV-28~~~AF299299.1:0-861~~~cephalosporin;penicillin_beta-lactam	99.071	861	8	0	121966	122826	1	861	0.0	1546	125021	861	card~~~SHV-28~~~AF299299.1:0-861~~~cephalosporin;penicillin_beta-lactam SHV-28 is a beta-lactamase found in Klebsiella pneumoniae.	100.0	card
contig_4	card~~~SHV-239~~~OR876331.1:0-861~~~cephalosporin;penicillin_beta-lactam	99.071	861	8	0	121966	122826	1	861	0.0	1546	125021	861	card~~~SHV-239~~~OR876331.1:0-861~~~cephalosporin;penicillin_beta-lactam Inhibitor-resistant class A beta-lactamase SHV-239.	100.0	card
contig_4	card~~~SHV-237~~~OR863410.1:0-861~~~cephalosporin;penicillin_beta-lactam	99.071	861	8	0	121966	122826	1	861	0.0	1546	125021	861	card~~~SHV-237~~~OR863410.1:0-861~~~cephalosporin;penicillin_beta-lactam Class A beta-lactamase SHV-237.	100.0	card
contig_4	card~~~SHV-235~~~OR863407.1:0-861~~~cephalosporin;penicillin_beta-lactam	99.071	861	8	0	121966	122826	1	861	0.0	1546	125021	861	card~~~SHV-235~~~OR863407.1:0-861~~~cephalosporin;penicillin_beta-lactam Class A beta-lactamase SHV-235.	100.0	card
contig_4	card~~~SHV-223~~~NG_062295.1:0-861~~~cephalosporin;penicillin_beta-lactam	99.071	861	8	0	121966	122826	1	861	0.0	1546	125021	861	card~~~SHV-223~~~NG_062295.1:0-861~~~cephalosporin;penicillin_beta-lactam A beta-lactamase gene found in Klebsiella pneumonia.	100.0	card
contig_4	card~~~SHV-220~~~NG_062292.1:0-861~~~cephalosporin;penicillin_beta-lactam	99.071	861	8	0	121966	122826	1	861	0.0	1546	125021	861	card~~~SHV-220~~~NG_062292.1:0-861~~~cephalosporin;penicillin_beta-lactam Beta-lactamase gene from Klebsiella pneumoniae.	100.0	card
contig_4	card~~~SHV-218~~~NG_062290.1:0-861~~~cephalosporin;penicillin_beta-lactam	99.071	861	8	0	121966	122826	1	861	0.0	1546	125021	861	card~~~SHV-218~~~NG_062290.1:0-861~~~cephalosporin;penicillin_beta-lactam A beta-lactamase gene found in Klebsiella pneumoniae.	100.0	card
contig_4	card~~~SHV-214~~~NG_062286.1:0-861~~~cephalosporin;penicillin_beta-lactam	99.071	861	8	0	121966	122826	1	861	0.0	1546	125021	861	card~~~SHV-214~~~NG_062286.1:0-861~~~cephalosporin;penicillin_beta-lactam A beta-lactamase gene found in Klebsiella pneumoniae.	100.0	card
contig_4	card~~~SHV-208~~~NG_062280.1:0-861~~~cephalosporin;penicillin_beta-lactam	99.071	861	8	0	121966	122826	1	861	0.0	1546	125021	861	card~~~SHV-208~~~NG_062280.1:0-861~~~cephalosporin;penicillin_beta-lactam A beta-lactamase gene found in Klebsiella pneumoniae.	100.0	card
contig_4	card~~~SHV-204~~~NG_057611.1:0-861~~~cephalosporin;penicillin_beta-lactam	99.071	861	8	0	121966	122826	1	861	0.0	1546	125021	861	card~~~SHV-204~~~NG_057611.1:0-861~~~cephalosporin;penicillin_beta-lactam A beta-lactamase gene from Klebsiella pneumoniae.	100.0	card
contig_4	card~~~SHV-195~~~NG_051484.1:0-861~~~cephalosporin;penicillin_beta-lactam	99.071	861	8	0	121966	122826	1	861	0.0	1546	125021	861	card~~~SHV-195~~~NG_051484.1:0-861~~~cephalosporin;penicillin_beta-lactam Beta-lactamase gene from Klebsiella pneumoniae.	100.0	card
contig_4	card~~~SHV-191~~~NG_050057.1:0-861~~~cephalosporin;penicillin_beta-lactam	99.071	861	8	0	121966	122826	1	861	0.0	1546	125021	861	card~~~SHV-191~~~NG_050057.1:0-861~~~cephalosporin;penicillin_beta-lactam SHV-191 is a beta-lactamase. Name originally from the historical Lahey list of beta-lactamases, some of which did not include sequence data.	100.0	card
contig_4	card~~~SHV-18~~~AF132290.1:87-948~~~cephalosporin;penicillin_beta-lactam	99.071	861	8	0	121966	122826	1	861	0.0	1546	125021	861	card~~~SHV-18~~~AF132290.1:87-948~~~cephalosporin;penicillin_beta-lactam SHV-18 is an extended-spectrum beta-lactamase found in Acinetobacter baumannii and Klebsiella pneumoniae.	100.0	card
contig_4	card~~~SHV-164~~~HE981194.1:0-861~~~cephalosporin;penicillin_beta-lactam	99.071	861	8	0	121966	122826	1	861	0.0	1546	125021	861	card~~~SHV-164~~~HE981194.1:0-861~~~cephalosporin;penicillin_beta-lactam SHV-164 is a beta-lactamase. Name originally from the historical Lahey list of beta-lactamases, some of which did not include sequence data.	100.0	card
contig_4	card~~~SHV-151~~~JX121118.1:0-858~~~cephalosporin;penicillin_beta-lactam	99.184	858	7	0	121966	122823	1	858	0.0	1546	125021	858	card~~~SHV-151~~~JX121118.1:0-858~~~cephalosporin;penicillin_beta-lactam SHV-151 is a beta-lactamase.	100.0	card
contig_4	card~~~SHV-149~~~JX121116.1:0-858~~~cephalosporin;penicillin_beta-lactam	99.184	858	7	0	121966	122823	1	858	0.0	1546	125021	858	card~~~SHV-149~~~JX121116.1:0-858~~~cephalosporin;penicillin_beta-lactam SHV-149 is a beta-lactamase.	100.0	card
contig_4	card~~~SHV-137~~~HQ661363.1:71-932~~~cephalosporin;penicillin_beta-lactam	99.071	861	8	0	121966	122826	1	861	0.0	1546	125021	861	card~~~SHV-137~~~HQ661363.1:71-932~~~cephalosporin;penicillin_beta-lactam SHV-137 is a beta-lactamase.	100.0	card
contig_4	card~~~SHV-106~~~AM941847.1:0-861~~~cephalosporin;penicillin_beta-lactam	99.071	861	8	0	121966	122826	1	861	0.0	1546	125021	861	card~~~SHV-106~~~AM941847.1:0-861~~~cephalosporin;penicillin_beta-lactam SHV-106 is an extended-spectrum beta-lactamase that has been found in clinical isolates.	100.0	card
contig_4	card~~~SHV-140~~~JN051143.1:0-861~~~cephalosporin;penicillin_beta-lactam	99.069	859	8	0	121968	122826	3	861	0.0	1543	125021	861	card~~~SHV-140~~~JN051143.1:0-861~~~cephalosporin;penicillin_beta-lactam SHV-140 is a broad-spectrum beta-lactamase.	99.76771196283391	card
contig_4	card~~~SHV-122~~~HM751103.1:0-864~~~cephalosporin;penicillin_beta-lactam	98.958	864	6	3	121966	122826	1	864	0.0	1543	125021	864	card~~~SHV-122~~~HM751103.1:0-864~~~cephalosporin;penicillin_beta-lactam SHV-122 is a beta-lactamase that has been found in clinical isolates.	100.0	card
contig_4	card~~~SHV-92~~~DQ836922.1:0-861~~~cephalosporin;penicillin_beta-lactam	98.955	861	9	0	121966	122826	1	861	0.0	1541	125021	861	card~~~SHV-92~~~DQ836922.1:0-861~~~cephalosporin;penicillin_beta-lactam SHV-92 is a beta-lactamase found in Klebsiella pneumoniae.	100.0	card
contig_4	card~~~SHV-72~~~AM176547.2:30-891~~~cephalosporin;penicillin_beta-lactam	98.955	861	9	0	121966	122826	1	861	0.0	1541	125021	861	card~~~SHV-72~~~AM176547.2:30-891~~~cephalosporin;penicillin_beta-lactam SHV-72 is an inhibitor-resistant beta-lactamase found in Klebsiella pneumoniae.	100.0	card
contig_4	card~~~SHV-6~~~DAGOBI010000132.1:1383-2244~~~cephalosporin;penicillin_beta-lactam	98.955	861	9	0	121966	122826	1	861	0.0	1541	125021	861	card~~~SHV-6~~~DAGOBI010000132.1:1383-2244~~~cephalosporin;penicillin_beta-lactam SHV-6 is an extended-spectrum beta-lactamase that has been found in clinical isolates.	100.0	card
contig_4	card~~~SHV-51~~~AY289548.1:0-861~~~cephalosporin;penicillin_beta-lactam	98.955	861	9	0	121966	122826	1	861	0.0	1541	125021	861	card~~~SHV-51~~~AY289548.1:0-861~~~cephalosporin;penicillin_beta-lactam SHV-51 is a beta-lactamase found in Klebsiella pneumoniae.	100.0	card
contig_4	card~~~SHV-242~~~OR876334.1:0-861~~~cephalosporin;penicillin_beta-lactam	98.955	861	9	0	121966	122826	1	861	0.0	1541	125021	861	card~~~SHV-242~~~OR876334.1:0-861~~~cephalosporin;penicillin_beta-lactam Inhibitor-resistant class A beta-lactamase SHV-242.	100.0	card
contig_4	card~~~SHV-241~~~OR876333.1:0-861~~~cephalosporin;penicillin_beta-lactam	98.955	861	9	0	121966	122826	1	861	0.0	1541	125021	861	card~~~SHV-241~~~OR876333.1:0-861~~~cephalosporin;penicillin_beta-lactam Inhibitor-resistant class A beta-lactamase SHV-241.	100.0	card
contig_4	card~~~SHV-212~~~NG_062284.1:0-861~~~cephalosporin;penicillin_beta-lactam	98.955	861	9	0	121966	122826	1	861	0.0	1541	125021	861	card~~~SHV-212~~~NG_062284.1:0-861~~~cephalosporin;penicillin_beta-lactam A beta-lactamase gene from Klebsiella pneumoniae.	100.0	card
contig_4	card~~~SHV-198~~~NG_055284.1:0-861~~~cephalosporin;penicillin_beta-lactam	98.955	861	9	0	121966	122826	1	861	0.0	1541	125021	861	card~~~SHV-198~~~NG_055284.1:0-861~~~cephalosporin;penicillin_beta-lactam A beta-lactamase gene from Klebsiella pneumoniae.	100.0	card
contig_4	card~~~SHV-168~~~JX870080.1:0-861~~~cephalosporin;penicillin_beta-lactam	98.955	861	9	0	121966	122826	1	861	0.0	1541	125021	861	card~~~SHV-168~~~JX870080.1:0-861~~~cephalosporin;penicillin_beta-lactam SHV-168 is a beta-lactamase. Name originally from the historical Lahey list of beta-lactamases, some of which did not include sequence data.	100.0	card
contig_4	card~~~SHV-162~~~JX121129.1:0-858~~~cephalosporin;penicillin_beta-lactam	99.068	858	8	0	121966	122823	1	858	0.0	1541	125021	858	card~~~SHV-162~~~JX121129.1:0-858~~~cephalosporin;penicillin_beta-lactam SHV-162 is a beta-lactamase.	100.0	card
contig_4	card~~~SHV-52~~~HQ845196.1:0-861~~~cephalosporin;penicillin_beta-lactam	98.839	861	10	0	121966	122826	1	861	0.0	1535	125021	861	card~~~SHV-52~~~HQ845196.1:0-861~~~cephalosporin;penicillin_beta-lactam SHV-52 is a beta-lactamase that has been found in clinical isolates.	100.0	card
contig_4	card~~~SHV-243~~~OR876335.1:0-861~~~cephalosporin;penicillin_beta-lactam	98.839	861	10	0	121966	122826	1	861	0.0	1535	125021	861	card~~~SHV-243~~~OR876335.1:0-861~~~cephalosporin;penicillin_beta-lactam Class A beta-lactamase SHV-243.	100.0	card
contig_4	card~~~SHV-222~~~NG_062294.1:0-861~~~cephalosporin;penicillin_beta-lactam	98.839	861	10	0	121966	122826	1	861	0.0	1535	125021	861	card~~~SHV-222~~~NG_062294.1:0-861~~~cephalosporin;penicillin_beta-lactam A beta-lactamase gene from Klebsiella pneumoniae.	100.0	card
contig_4	card~~~SHV-205~~~NG_062276.1:0-861~~~cephalosporin;penicillin_beta-lactam	98.839	861	10	0	121966	122826	1	861	0.0	1535	125021	861	card~~~SHV-205~~~NG_062276.1:0-861~~~cephalosporin;penicillin_beta-lactam A beta-lactamase gene found in Klebsiella pneumoniae.	100.0	card
contig_4	card~~~SHV-190~~~NG_050056.1:0-861~~~cephalosporin;penicillin_beta-lactam	98.839	861	10	0	121966	122826	1	861	0.0	1535	125021	861	card~~~SHV-190~~~NG_050056.1:0-861~~~cephalosporin;penicillin_beta-lactam SHV-190 is a beta-lactamase. Name originally from the historical Lahey list of beta-lactamases, some of which did not include sequence data.	100.0	card
contig_4	card~~~SHV-188~~~LN515534.1:0-873~~~cephalosporin;penicillin_beta-lactam	98.511	873	7	1	121960	122826	1	873	0.0	1535	125021	873	card~~~SHV-188~~~LN515534.1:0-873~~~cephalosporin;penicillin_beta-lactam SHV-188 is a beta-lactamase. Name originally from the historical Lahey list of beta-lactamases, some of which did not include sequence data.	100.0	card
contig_4	card~~~SHV-171~~~NG_068212.1:100-961~~~cephalosporin;penicillin_beta-lactam	98.839	861	10	0	121966	122826	1	861	0.0	1535	125021	861	card~~~SHV-171~~~NG_068212.1:100-961~~~cephalosporin;penicillin_beta-lactam SHV-171 is a beta-lactamase. Name originally from the historical Lahey list of beta-lactamases, some of which did not include sequence data.	100.0	card
contig_4	card~~~SHV-43~~~AY065991.1:6-867~~~cephalosporin;penicillin_beta-lactam	98.722	861	11	0	121966	122826	1	861	0.0	1530	125021	861	card~~~SHV-43~~~AY065991.1:6-867~~~cephalosporin;penicillin_beta-lactam SHV-43 is a broad-spectrum beta-lactamase found in Klebsiella pneumoniae.	100.0	card
contig_4	card~~~SHV-73~~~AM176548.2:16-874~~~cephalosporin;penicillin_beta-lactam	98.945	853	9	0	121974	122826	6	858	0.0	1526	125021	858	card~~~SHV-73~~~AM176548.2:16-874~~~cephalosporin;penicillin_beta-lactam SHV-73 is a broad-spectrum beta-lactamase found in Klebsiella pneumoniae.	99.41724941724942	card
contig_4	card~~~SHV-9~~~S82452.1:120-978~~~cephalosporin;penicillin_beta-lactam	98.606	861	9	1	121966	122826	1	858	0.0	1520	125021	858	card~~~SHV-9~~~S82452.1:120-978~~~cephalosporin;penicillin_beta-lactam SHV-9 is an extended-spectrum beta-lactamase found in Klebsiella pneumoniae.	100.34965034965035	card
contig_4	card~~~SHV-167~~~AB733453.1:3-849~~~cephalosporin;penicillin_beta-lactam	98.936	846	9	0	121966	122811	1	846	0.0	1513	125021	846	card~~~SHV-167~~~AB733453.1:3-849~~~cephalosporin;penicillin_beta-lactam SHV-167 is a beta-lactamase.	100.0	card
contig_4	card~~~SHV-16~~~AF072684.2:117-993~~~cephalosporin;penicillin_beta-lactam	97.491	877	5	3	121966	122826	1	876	0.0	1482	125021	876	card~~~SHV-16~~~AF072684.2:117-993~~~cephalosporin;penicillin_beta-lactam SHV-16 is an extended-spectrum beta-lactamase that has been found in clinical isolates. It differs from SHV-1 by a 163DRWET167 insertion.	100.11415525114155	card
contig_4	card~~~SHV-124~~~GQ390806.1:0-813~~~cephalosporin;penicillin_beta-lactam	99.508	813	4	0	121966	122778	1	813	0.0	1480	125021	813	card~~~SHV-124~~~GQ390806.1:0-813~~~cephalosporin;penicillin_beta-lactam SHV-124 is a beta-lactamase that has been found in clinical isolates.	100.0	card
contig_4	card~~~SHV-123~~~GQ390805.1:0-813~~~cephalosporin;penicillin_beta-lactam	99.385	813	5	0	121966	122778	1	813	0.0	1474	125021	813	card~~~SHV-123~~~GQ390805.1:0-813~~~cephalosporin;penicillin_beta-lactam SHV-123 is a beta-lactamase that has been found in clinical isolates.	100.0	card
contig_4	card~~~SHV-126~~~GQ390808.1:0-813~~~cephalosporin;penicillin_beta-lactam	99.262	813	6	0	121966	122778	1	813	0.0	1469	125021	813	card~~~SHV-126~~~GQ390808.1:0-813~~~cephalosporin;penicillin_beta-lactam SHV-126 is a beta-lactamase that has been found in clinical isolates.	100.0	card
contig_4	card~~~SHV-125~~~GQ390807.1:0-813~~~cephalosporin;penicillin_beta-lactam	99.139	813	7	0	121966	122778	1	813	0.0	1463	125021	813	card~~~SHV-125~~~GQ390807.1:0-813~~~cephalosporin;penicillin_beta-lactam SHV-125 is a beta-lactamase that has been found in clinical isolates.	100.0	card
contig_4	card~~~SHV-127~~~GQ390809.1:0-813~~~cephalosporin;penicillin_beta-lactam	99.016	813	8	0	121966	122778	1	813	0.0	1458	125021	813	card~~~SHV-127~~~GQ390809.1:0-813~~~cephalosporin;penicillin_beta-lactam SHV-127 is a beta-lactamase that has been found in clinical isolates.	100.0	card
contig_4	card~~~OHIO-1~~~NG_049352.1:100-961~~~cephalosporin	96.759	864	22	6	121966	122826	1	861	0.0	1435	125021	861	card~~~OHIO-1~~~NG_049352.1:100-961~~~cephalosporin OHIO-1 is a OHIO beta-lactamase.	100.34843205574913	card
contig_4	card~~~SHV-22~~~AF117746.1:0-780~~~cephalosporin;penicillin_beta-lactam	99.487	780	4	0	121996	122775	1	780	0.0	1419	125021	780	card~~~SHV-22~~~AF117746.1:0-780~~~cephalosporin;penicillin_beta-lactam SHV-22 is a broad-spectrum beta-lactamase that has been found in clinical isolates.	100.0	card
contig_4	card~~~SHV-23~~~AF117747.1:0-780~~~cephalosporin;penicillin_beta-lactam	99.359	780	5	0	121996	122775	1	780	0.0	1413	125021	780	card~~~SHV-23~~~AF117747.1:0-780~~~cephalosporin;penicillin_beta-lactam SHV-23 is an extended-spectrum beta-lactamase that has been found in clinical isolates.	100.0	card
contig_4	card~~~SHV-20~~~AF117744.1:0-780~~~cephalosporin;penicillin_beta-lactam	99.359	780	5	0	121996	122775	1	780	0.0	1413	125021	780	card~~~SHV-20~~~AF117744.1:0-780~~~cephalosporin;penicillin_beta-lactam SHV-20 is a broad-spectrum beta-lactamase that has been found in clinical isolates.	100.0	card
contig_4	card~~~AAK-1~~~NG_070893.1:0-861~~~carbapenem	96.379	856	31	0	121966	122821	1	856	0.0	1410	125021	861	card~~~AAK-1~~~NG_070893.1:0-861~~~carbapenem AAK-1 is a AAK beta-lactamase.	99.41927990708479	card
contig_4	card~~~SHV-21~~~AF117745.1:0-780~~~cephalosporin;penicillin_beta-lactam	99.231	780	6	0	121996	122775	1	780	0.0	1408	125021	780	card~~~SHV-21~~~AF117745.1:0-780~~~cephalosporin;penicillin_beta-lactam SHV-21 is a broad-spectrum beta-lactamase that has been found in clinical isolates.	100.0	card
contig_4	card~~~SHV-100~~~AM941846.1:0-900~~~cephalosporin;penicillin_beta-lactam	99.091	770	7	0	122057	122826	131	900	0.0	1384	125021	900	card~~~SHV-100~~~AM941846.1:0-900~~~cephalosporin;penicillin_beta-lactam SHV-100 is a beta-lactamase found in Klebsiella pneumoniae. It differs from SHV-1 by a 35SESQLSGRVGMIE36 insertion.	85.55555555555556	card
contig_4	card~~~SHV-53~~~AY590467.1:1-727~~~cephalosporin;penicillin_beta-lactam	99.449	726	4	0	121987	122712	1	726	0.0	1319	125021	726	card~~~SHV-53~~~AY590467.1:1-727~~~cephalosporin;penicillin_beta-lactam SHV-53 is a beta-lactamase that has been found in clinical isolates.	100.0	card
contig_4	card~~~OKP-C-1~~~NG_067155.1:0-861~~~cephalosporin;penicillin_beta-lactam	92.227	862	65	2	121966	122826	1	861	0.0	1219	125021	861	card~~~OKP-C-1~~~NG_067155.1:0-861~~~cephalosporin;penicillin_beta-lactam OKP-C-1 is a OKP beta-lactamase.	100.11614401858304	card
contig_4	card~~~LEN-41~~~MK161461.1:0-861~~~penicillin_beta-lactam	91.299	862	73	2	121966	122826	1	861	0.0	1175	125021	861	card~~~LEN-41~~~MK161461.1:0-861~~~penicillin_beta-lactam A class-A broad-spectrum beta-lactamase identified from Klebsiella.	100.11614401858304	card
contig_4	card~~~LEN-40~~~MK161459.1:0-861~~~penicillin_beta-lactam	91.067	862	75	2	121966	122826	1	861	0.0	1164	125021	861	card~~~LEN-40~~~MK161459.1:0-861~~~penicillin_beta-lactam A class-A broad-spectrum beta-lactamase identified from Klebsiella sp.	100.11614401858304	card
contig_4	card~~~LEN-17~~~DQ149134.1:0-861~~~penicillin_beta-lactam	91.067	862	75	2	121966	122826	1	861	0.0	1164	125021	861	card~~~LEN-17~~~DQ149134.1:0-861~~~penicillin_beta-lactam LEN-17 is a beta-lactamase found in Escherichia coli.	100.11614401858304	card
contig_4	card~~~LEN-36~~~KR738738.1:0-861~~~penicillin_beta-lactam	90.951	862	76	2	121966	122826	1	861	0.0	1158	125021	861	card~~~LEN-36~~~KR738738.1:0-861~~~penicillin_beta-lactam LEN-36 is a class A beta-lactamase gene found in Klebsiella variicola.	100.11614401858304	card
contig_4	card~~~LEN-22~~~AM850912.2:0-861~~~penicillin_beta-lactam	90.951	862	76	2	121966	122826	1	861	0.0	1158	125021	861	card~~~LEN-22~~~AM850912.2:0-861~~~penicillin_beta-lactam LEN-22 is a beta-lactamase found in Klebsiella pneumoniae.	100.11614401858304	card
contig_4	card~~~LEN-2~~~AY037780.1:88-949~~~penicillin_beta-lactam	90.951	862	76	2	121966	122826	1	861	0.0	1158	125021	861	card~~~LEN-2~~~AY037780.1:88-949~~~penicillin_beta-lactam LEN-2 is a beta-lactamase found in Klebsiella pneumoniae.	100.11614401858304	card
contig_4	card~~~LEN-19~~~AM850909.2:0-861~~~penicillin_beta-lactam	90.951	862	76	2	121966	122826	1	861	0.0	1158	125021	861	card~~~LEN-19~~~AM850909.2:0-861~~~penicillin_beta-lactam LEN-19 is a beta-lactamase found in Klebsiella pneumoniae.	100.11614401858304	card
contig_4	card~~~LEN-12~~~QIXO01000012.1:31069-30208~~~penicillin_beta-lactam	90.951	862	76	2	121966	122826	1	861	0.0	1158	125021	861	card~~~LEN-12~~~QIXO01000012.1:31069-30208~~~penicillin_beta-lactam LEN-12 is a beta-lactamase found in Klebsiella pneumoniae.	100.11614401858304	card
contig_4	card~~~LEN-11~~~FLES01000010.1:120291-121152~~~penicillin_beta-lactam	90.951	862	76	2	121966	122826	1	861	0.0	1158	125021	861	card~~~LEN-11~~~FLES01000010.1:120291-121152~~~penicillin_beta-lactam LEN-11 is a beta-lactamase found in Klebsiella pneumoniae.	100.11614401858304	card
contig_4	card~~~LEN-5~~~AY633109.1:0-861~~~penicillin_beta-lactam	90.835	862	77	2	121966	122826	1	861	0.0	1153	125021	861	card~~~LEN-5~~~AY633109.1:0-861~~~penicillin_beta-lactam LEN-5 is a beta-lactamase found in Klebsiella pneumoniae.	100.11614401858304	card
contig_4	card~~~LEN-43~~~MK161460.1:0-861~~~penicillin_beta-lactam	90.835	862	77	2	121966	122826	1	861	0.0	1153	125021	861	card~~~LEN-43~~~MK161460.1:0-861~~~penicillin_beta-lactam A class-A broad-spectrum beta-lactamase from Klebsiella.	100.11614401858304	card
contig_4	card~~~LEN-31~~~NG_050605.1:100-961~~~penicillin_beta-lactam	90.835	862	77	2	121966	122826	1	861	0.0	1153	125021	861	card~~~LEN-31~~~NG_050605.1:100-961~~~penicillin_beta-lactam LEN-31 is a LEN beta-lactamase.	100.11614401858304	card
contig_4	card~~~LEN-30~~~FWOA01000001.1:577656-576795~~~penicillin_beta-lactam	90.835	862	77	2	121966	122826	1	861	0.0	1153	125021	861	card~~~LEN-30~~~FWOA01000001.1:577656-576795~~~penicillin_beta-lactam A class-A beta-lactamase from Klebsiella pneumoniae.	100.11614401858304	card
contig_4	card~~~LEN-28~~~NG_060510.1:100-961~~~penicillin_beta-lactam	90.835	862	77	2	121966	122826	1	861	0.0	1153	125021	861	card~~~LEN-28~~~NG_060510.1:100-961~~~penicillin_beta-lactam LEN-28 is a LEN beta-lactamase.	100.11614401858304	card
contig_4	card~~~LEN-21~~~AM850911.2:0-861~~~penicillin_beta-lactam	90.835	862	77	2	121966	122826	1	861	0.0	1153	125021	861	card~~~LEN-21~~~AM850911.2:0-861~~~penicillin_beta-lactam LEN-21 is a beta-lactamase found in Klebsiella pneumoniae.	100.11614401858304	card
contig_4	card~~~LEN-20~~~AM850910.2:0-861~~~penicillin_beta-lactam	90.835	862	77	2	121966	122826	1	861	0.0	1153	125021	861	card~~~LEN-20~~~AM850910.2:0-861~~~penicillin_beta-lactam LEN-20 is a beta-lactamase found in Klebsiella pneumoniae.	100.11614401858304	card
contig_4	card~~~LEN-9~~~CP016344.1:2782791-2783652~~~penicillin_beta-lactam	90.719	862	78	2	121966	122826	1	861	0.0	1147	125021	861	card~~~LEN-9~~~CP016344.1:2782791-2783652~~~penicillin_beta-lactam LEN-9 is a beta-lactamase found in Klebsiella pneumoniae.	100.11614401858304	card
contig_4	card~~~LEN-7~~~CXPA01000063.1:153489-154350~~~penicillin_beta-lactam	90.719	862	78	2	121966	122826	1	861	0.0	1147	125021	861	card~~~LEN-7~~~CXPA01000063.1:153489-154350~~~penicillin_beta-lactam LEN-7 is a beta-lactamase found in Klebsiella pneumoniae.	100.11614401858304	card
contig_4	card~~~LEN-58~~~UKAA01000001.1:323063-322202~~~penicillin_beta-lactam	90.719	862	78	2	121966	122826	1	861	0.0	1147	125021	861	card~~~LEN-58~~~UKAA01000001.1:323063-322202~~~penicillin_beta-lactam A class-A broad-spectrum beta-lactamase from Klebsiella.	100.11614401858304	card
contig_4	card~~~LEN-34~~~CXPB01000032.1:60038-60899~~~penicillin_beta-lactam	90.73	863	76	4	121966	122826	1	861	0.0	1147	125021	861	card~~~LEN-34~~~CXPB01000032.1:60038-60899~~~penicillin_beta-lactam A class-A beta-lactamase from Klebsiella variicola.	100.23228803716609	card
contig_4	card~~~LEN-27~~~NG_068509.1:100-961~~~penicillin_beta-lactam	90.719	862	78	2	121966	122826	1	861	0.0	1147	125021	861	card~~~LEN-27~~~NG_068509.1:100-961~~~penicillin_beta-lactam LEN-27 is a LEN beta-lactamase.	100.11614401858304	card
contig_4	card~~~LEN-24~~~AM850914.2:30-891~~~penicillin_beta-lactam	90.719	862	78	2	121966	122826	1	861	0.0	1147	125021	861	card~~~LEN-24~~~AM850914.2:30-891~~~penicillin_beta-lactam LEN-24 is a beta-lactamase found in Klebsiella pneumoniae.	100.11614401858304	card
contig_4	card~~~LEN-18~~~AM850908.2:0-861~~~penicillin_beta-lactam	90.719	862	78	2	121966	122826	1	861	0.0	1147	125021	861	card~~~LEN-18~~~AM850908.2:0-861~~~penicillin_beta-lactam LEN-18 is a beta-lactamase found in Klebsiella pneumoniae.	100.11614401858304	card
contig_4	card~~~LEN-16~~~AY743416.1:67-928~~~penicillin_beta-lactam	90.719	862	78	2	121966	122826	1	861	0.0	1147	125021	861	card~~~LEN-16~~~AY743416.1:67-928~~~penicillin_beta-lactam LEN-16 is a beta-lactamase found in Klebsiella pneumoniae.	100.11614401858304	card
contig_4	card~~~LEN-13~~~CP001891.1:2841996-2842857~~~penicillin_beta-lactam	90.719	862	78	2	121966	122826	1	861	0.0	1147	125021	861	card~~~LEN-13~~~CP001891.1:2841996-2842857~~~penicillin_beta-lactam LEN-13 is a beta-lactamase found in Klebsiella pneumoniae and Klebsiella variicola.	100.11614401858304	card
contig_4	card~~~LEN-55~~~NLDD01000006.1:119723-120584~~~penicillin_beta-lactam	90.603	862	79	2	121966	122826	1	861	0.0	1142	125021	861	card~~~LEN-55~~~NLDD01000006.1:119723-120584~~~penicillin_beta-lactam A class-A broad-spectrum beta-lactamase from Klebsiella.	100.11614401858304	card
contig_4	card~~~LEN-51~~~CP033631.1:3042328-3043189~~~penicillin_beta-lactam	90.603	862	79	2	121966	122826	1	861	0.0	1142	125021	861	card~~~LEN-51~~~CP033631.1:3042328-3043189~~~penicillin_beta-lactam A class-A broad-spectrum beta-lactamase from Klebsiella.	100.11614401858304	card
contig_4	card~~~LEN-39~~~MK161458.1:0-861~~~penicillin_beta-lactam	90.603	862	79	2	121966	122826	1	861	0.0	1142	125021	861	card~~~LEN-39~~~MK161458.1:0-861~~~penicillin_beta-lactam A class-A broad-spectrum beta-lactamase identified from Klebsiella sp.	100.11614401858304	card
contig_4	card~~~LEN-38~~~MK161457.1:0-861~~~penicillin_beta-lactam	90.603	862	79	2	121966	122826	1	861	0.0	1142	125021	861	card~~~LEN-38~~~MK161457.1:0-861~~~penicillin_beta-lactam A class-A beta-lactamase from Klebsiella.	100.11614401858304	card
contig_4	card~~~LEN-35~~~KR738737.1:0-861~~~penicillin_beta-lactam	90.614	863	77	4	121966	122826	1	861	0.0	1142	125021	861	card~~~LEN-35~~~KR738737.1:0-861~~~penicillin_beta-lactam LEN-35 is a Class A beta-lactamase gene found in Klebsiella variicola.	100.23228803716609	card
contig_4	card~~~LEN-10~~~CBBA010000184.1:3395-4256~~~penicillin_beta-lactam	90.603	862	79	2	121966	122826	1	861	0.0	1142	125021	861	card~~~LEN-10~~~CBBA010000184.1:3395-4256~~~penicillin_beta-lactam LEN-10 is a beta-lactamase found in Klebsiella pneumoniae.	100.11614401858304	card
contig_4	card~~~LEN-42~~~MK161462.1:0-861~~~penicillin_beta-lactam	90.487	862	80	2	121966	122826	1	861	0.0	1136	125021	861	card~~~LEN-42~~~MK161462.1:0-861~~~penicillin_beta-lactam A class-A broad-spectrum beta-lactamase from Klebsiella.	100.11614401858304	card
contig_4	card~~~LEN-32~~~CDMV01000010.1:131908-132769~~~penicillin_beta-lactam	90.487	862	80	2	121966	122826	1	861	0.0	1136	125021	861	card~~~LEN-32~~~CDMV01000010.1:131908-132769~~~penicillin_beta-lactam A class-A beta-lactamase from Klebsiella variicola.	100.11614401858304	card
contig_4	card~~~LEN-26~~~JX124390.1:0-861~~~penicillin_beta-lactam	90.487	862	80	2	121966	122826	1	861	0.0	1136	125021	861	card~~~LEN-26~~~JX124390.1:0-861~~~penicillin_beta-lactam LEN-26 is a beta-lactamase found in Escherichia coli and Klebsiella pneumoniae.	100.11614401858304	card
contig_4	card~~~LEN-25~~~HQ709169.1:0-861~~~penicillin_beta-lactam	90.487	862	80	2	121966	122826	1	861	0.0	1136	125021	861	card~~~LEN-25~~~HQ709169.1:0-861~~~penicillin_beta-lactam LEN-25 is a beta-lactamase. From the Pasteur Institute list of LEN beta-lactamases.	100.11614401858304	card
contig_4	card~~~LEN-23~~~AM850913.2:0-861~~~penicillin_beta-lactam	90.487	862	80	2	121966	122826	1	861	0.0	1136	125021	861	card~~~LEN-23~~~AM850913.2:0-861~~~penicillin_beta-lactam LEN-23 is a beta-lactamase found in Klebsiella pneumoniae.	100.11614401858304	card
contig_4	card~~~LEN-8~~~CEGG01000030.1:7354-8215~~~penicillin_beta-lactam	90.371	862	81	2	121966	122826	1	861	0.0	1131	125021	861	card~~~LEN-8~~~CEGG01000030.1:7354-8215~~~penicillin_beta-lactam LEN-8 is a beta-lactamase found in Klebsiella pneumoniae.	100.11614401858304	card
contig_4	card~~~LEN-37~~~KR738739.1:0-861~~~penicillin_beta-lactam	90.371	862	81	2	121966	122826	1	861	0.0	1131	125021	861	card~~~LEN-37~~~KR738739.1:0-861~~~penicillin_beta-lactam LEN-37 is a Class A beta-lactamase gene found in Klebsiella variicola.	100.11614401858304	card
contig_4	card~~~LEN-15~~~AF452105.1:0-840~~~penicillin_beta-lactam	90.499	842	77	3	121966	122806	1	840	0.0	1109	125021	840	card~~~LEN-15~~~AF452105.1:0-840~~~penicillin_beta-lactam LEN-15 is a beta-lactamase. From the Pasteur Institute list of LEN beta-lactamases.	100.23809523809524	card
contig_4	card~~~LEN-4~~~AY130287.1:1-823~~~penicillin_beta-lactam	90.876	822	73	2	121988	122808	2	822	0.0	1101	125021	822	card~~~LEN-4~~~AY130287.1:1-823~~~penicillin_beta-lactam LEN-4 is a beta-lactamase found in Escherichia coli.	100.0	card
contig_4	card~~~LEN-1~~~X04515.1:285-1125~~~penicillin_beta-lactam	90.261	842	79	3	121966	122806	1	840	0.0	1098	125021	840	card~~~LEN-1~~~X04515.1:285-1125~~~penicillin_beta-lactam LEN-1 is a beta-lactamase found in Klebsiella pneumoniae.	100.23809523809524	card
contig_4	card~~~LEN-3~~~AY130286.1:1-823~~~penicillin_beta-lactam	90.754	822	74	2	121988	122808	2	822	0.0	1096	125021	822	card~~~LEN-3~~~AY130286.1:1-823~~~penicillin_beta-lactam LEN-3 is a beta-lactamase. From the Pasteur Institute list of LEN beta-lactamases.	100.0	card
contig_7	card~~~cmlA1~~~M64556.1:600-1860~~~phenicol	99.921	1260	1	0	26103	27362	1	1260	0.0	2322	41154	1260	card~~~cmlA1~~~M64556.1:600-1860~~~phenicol cmlA1 is a plasmid or transposon-encoded chloramphenicol exporter that is found in Pseudomonas aeruginosa and Klebsiella pneumoniae.	100.0	card
contig_7	card~~~cmlA6~~~AF294653.1:2749-4009~~~phenicol	99.841	1260	2	0	26103	27362	1	1260	0.0	2316	41154	1260	card~~~cmlA6~~~AF294653.1:2749-4009~~~phenicol cmlA6 is a plasmid-encoded chloramphenicol exporter that is found in Pseudomonas aeruginosa.	100.0	card
contig_7	card~~~cmlA5~~~AY115475.1:3337-4597~~~phenicol	99.762	1260	3	0	26103	27362	1	1260	0.0	2311	41154	1260	card~~~cmlA5~~~AY115475.1:3337-4597~~~phenicol cmlA5 is a plasmid or transposon-encoded chloramphenicol exporter that is found in Escherichia coli.	100.0	card
contig_7	card~~~cmlA4~~~AF156486.1:3648-4908~~~phenicol	98.016	1260	25	0	26103	27362	1	1260	0.0	2189	41154	1260	card~~~cmlA4~~~AF156486.1:3648-4908~~~phenicol cmlA4 is a plasmid-encoded chloramphenicol exporter that is found in Klebsiella pneumoniae.	100.0	card
contig_7	card~~~Salmonella_enterica_cmlA~~~AJ487033.2:1685-2858~~~phenicol	99.744	1173	3	0	26190	27362	1	1173	0.0	2150	41154	1173	card~~~Salmonella_enterica_cmlA~~~AJ487033.2:1685-2858~~~phenicol cmlA is a plasmid-encoded chloramphenicol exporter that is found in Salmonella typhimurium.	100.0	card
contig_7	card~~~cmlA8~~~EU182575.1:1685-2945~~~phenicol	96.032	1260	50	0	26103	27362	1	1260	0.0	2050	41154	1260	card~~~cmlA8~~~EU182575.1:1685-2945~~~phenicol cmlA8 is a plasmid that confers resistance to chloramphenicol.	100.0	card
contig_7	card~~~APH(4)-Ia~~~V01499.1:230-1256~~~aminoglycoside	100.0	1026	0	0	34615	35640	1	1026	0.0	1895	41154	1026	card~~~APH(4)-Ia~~~V01499.1:230-1256~~~aminoglycoside APH(4)-Ia is a plasmid-encoded aminoglycoside phosphotransferase in E. coli.	100.0	card
contig_7	card~~~sul3~~~FJ196385.1:9323-8531~~~sulfonamide	100.0	792	0	0	29928	30719	792	1	0.0	1463	41154	792	card~~~sul3~~~FJ196385.1:9323-8531~~~sulfonamide Sul3 is a sulfonamide resistant dihydropteroate synthase similar to Sul1 and Sul2. Its resistance gene was found encoded in E. coli plasmid DNA of sulfonamide resistant isolates.	100.0	card
contig_7	card~~~aadA~~~AF550679.1:81768-80976~~~aminoglycoside	99.747	792	2	0	27455	28246	1	792	0.0	1452	41154	792	card~~~aadA~~~AF550679.1:81768-80976~~~aminoglycoside ANT(3'')-Ia is an aminoglycoside nucleotidyltransferase gene encoded by plasmids, transposons, integrons in Enterobacteriaceae, A. baumannii, P. aeruginosa and Vibrio cholerae.	100.0	card
contig_7	card~~~aadA2~~~AF156486.1:5012-5792~~~aminoglycoside	100.0	780	0	0	25062	25841	1	780	0.0	1441	41154	780	card~~~aadA2~~~AF156486.1:5012-5792~~~aminoglycoside aadA2 is an aminoglycoside nucleotidyltransferase gene encoded by plasmids and integrons in K. pneumoniae, Salmonella spp., Corynebacterium glutamicum, C. freundii and Aeromonas spp.	100.0	card
contig_7	card~~~AAC(3)-IVa~~~DQ241380.1:0-777~~~aminoglycoside	100.0	777	0	0	33610	34386	1	777	0.0	1435	41154	777	card~~~AAC(3)-IVa~~~DQ241380.1:0-777~~~aminoglycoside AAC(3)-IV is a plasmid-encoded aminoglycoside acetyltransferase in E. coli, C. jejuni and P. stutzeri.	100.0	card
contig_7	card~~~aadA3~~~AF047479.2:1295-2087~~~aminoglycoside	98.987	790	8	0	25050	25839	1	790	0.0	1415	41154	792	card~~~aadA3~~~AF047479.2:1295-2087~~~aminoglycoside aadA3 is an aminoglycoside nucleotidyltransferase gene encoded by plasmids, transposons and integrons in E. coli.	99.74747474747475	card
contig_7	card~~~aadA24~~~DQ677333.1:0-780~~~aminoglycoside	98.834	772	9	0	27475	28246	9	780	0.0	1376	41154	780	card~~~aadA24~~~DQ677333.1:0-780~~~aminoglycoside aadA24 is an integron-encoded aminoglycoside nucleotidyltransferase gene in Salmonella spp.	98.97435897435898	card
contig_7	card~~~aadA22~~~AM261837.1:73-865~~~aminoglycoside	97.222	792	22	0	27455	28246	1	792	0.0	1341	41154	792	card~~~aadA22~~~AM261837.1:73-865~~~aminoglycoside aadA22 is an aminoglycoside nucleotidyltransferase gene encoded by plasmids and integrons in S. enterica and E. coli.	100.0	card
contig_7	card~~~aadA21~~~AY171244.1:46-838~~~aminoglycoside	97.096	792	23	0	27455	28246	1	792	0.0	1336	41154	792	card~~~aadA21~~~AY171244.1:46-838~~~aminoglycoside aadA21 is an integron-encoded aminoglycoside nucleotidyltransferase gene in Salmonella spp.	100.0	card
contig_7	card~~~aadA8~~~AY139603.1:106-898~~~aminoglycoside	96.962	790	24	0	25050	25839	1	790	0.0	1327	41154	792	card~~~aadA8~~~AY139603.1:106-898~~~aminoglycoside aadA8 is an aminoglycoside nucleotidyltransferase gene encoded by plasmids and integrons in V. cholerae, K. pneumoniae and Bacillus endophyticus.	99.74747474747475	card
contig_7	card~~~aadA23~~~AJ809407.1:118-898~~~aminoglycoside	97.668	772	18	0	27475	28246	9	780	0.0	1327	41154	780	card~~~aadA23~~~AJ809407.1:118-898~~~aminoglycoside aadA23 is an integron-encoded aminoglycoside nucleotidyltransferase gene in S. enterica.	98.97435897435898	card
contig_7	card~~~aadA8b~~~AM040708.1:1173-1965~~~aminoglycoside	96.709	790	26	0	25050	25839	1	790	0.0	1315	41154	792	card~~~aadA8b~~~AM040708.1:1173-1965~~~aminoglycoside aadA8b is an aminoglycoside nucleotidyltransferase gene encoded by plasmids in E. coli; can be created by a recombination event  between aadA1 and aadA2.	99.74747474747475	card
contig_7	card~~~aadA15~~~DQ393783.1:1799-2591~~~aminoglycoside	96.709	790	26	0	27455	28244	1	790	0.0	1315	41154	792	card~~~aadA15~~~DQ393783.1:1799-2591~~~aminoglycoside aadA15 is an integron-encoded aminoglycoside nucleotidyltransferase gene in P. aeruginosa.	99.74747474747475	card
contig_7	card~~~aadA17~~~FJ460181.2:1790-2582~~~aminoglycoside	96.086	792	31	0	25050	25841	1	792	0.0	1291	41154	792	card~~~aadA17~~~FJ460181.2:1790-2582~~~aminoglycoside aadA17 is an integron-encoded aminoglycoside nucleotidyltransferase gene in Aeromonas media.	100.0	card
contig_7	card~~~aadA25~~~CP003022.1:336788-337580~~~aminoglycoside	95.696	790	34	0	25050	25839	1	790	0.0	1271	41154	792	card~~~aadA25~~~CP003022.1:336788-337580~~~aminoglycoside Streptomycin/spectinomycin resistance gene found in Pasteurella multocida isolated from bovine respiratory tract.	99.74747474747475	card
contig_7	card~~~aadA12~~~FJ381668.1:56-848~~~aminoglycoside	95.076	792	39	0	25050	25841	1	792	0.0	1247	41154	792	card~~~aadA12~~~FJ381668.1:56-848~~~aminoglycoside aadA12 is an integron-encoded aminoglycoside nucleotidyltransferase gene in E. coli, Yersinia enterocolitica and S. enterica.	100.0	card
contig_7	card~~~aadA12~~~FJ381668.1:56-848~~~aminoglycoside	94.557	790	43	0	27455	28244	1	790	0.0	1221	41154	792	card~~~aadA12~~~FJ381668.1:56-848~~~aminoglycoside aadA12 is an integron-encoded aminoglycoside nucleotidyltransferase gene in E. coli, Yersinia enterocolitica and S. enterica.	99.74747474747475	card
contig_7	card~~~aadA25~~~CP003022.1:336788-337580~~~aminoglycoside	93.561	792	51	0	27455	28246	1	792	0.0	1181	41154	792	card~~~aadA25~~~CP003022.1:336788-337580~~~aminoglycoside Streptomycin/spectinomycin resistance gene found in Pasteurella multocida isolated from bovine respiratory tract.	100.0	card
contig_7	card~~~aadA17~~~FJ460181.2:1790-2582~~~aminoglycoside	93.544	790	51	0	27455	28244	1	790	0.0	1177	41154	792	card~~~aadA17~~~FJ460181.2:1790-2582~~~aminoglycoside aadA17 is an integron-encoded aminoglycoside nucleotidyltransferase gene in Aeromonas media.	99.74747474747475	card
contig_7	card~~~aadA15~~~DQ393783.1:1799-2591~~~aminoglycoside	92.803	792	57	0	25050	25841	1	792	0.0	1147	41154	792	card~~~aadA15~~~DQ393783.1:1799-2591~~~aminoglycoside aadA15 is an integron-encoded aminoglycoside nucleotidyltransferase gene in P. aeruginosa.	100.0	card
contig_7	card~~~aadA8~~~AY139603.1:106-898~~~aminoglycoside	92.551	792	59	0	27455	28246	1	792	0.0	1136	41154	792	card~~~aadA8~~~AY139603.1:106-898~~~aminoglycoside aadA8 is an aminoglycoside nucleotidyltransferase gene encoded by plasmids and integrons in V. cholerae, K. pneumoniae and Bacillus endophyticus.	100.0	card
contig_7	card~~~aadA8b~~~AM040708.1:1173-1965~~~aminoglycoside	92.298	792	61	0	27455	28246	1	792	0.0	1125	41154	792	card~~~aadA8b~~~AM040708.1:1173-1965~~~aminoglycoside aadA8b is an aminoglycoside nucleotidyltransferase gene encoded by plasmids in E. coli; can be created by a recombination event  between aadA1 and aadA2.	100.0	card
contig_7	card~~~aadA22~~~AM261837.1:73-865~~~aminoglycoside	92.278	777	60	0	25050	25826	1	777	0.0	1103	41154	792	card~~~aadA22~~~AM261837.1:73-865~~~aminoglycoside aadA22 is an aminoglycoside nucleotidyltransferase gene encoded by plasmids and integrons in S. enterica and E. coli.	98.10606060606061	card
contig_7	card~~~aadA21~~~AY171244.1:46-838~~~aminoglycoside	91.646	790	66	0	25050	25839	1	790	0.0	1094	41154	792	card~~~aadA21~~~AY171244.1:46-838~~~aminoglycoside aadA21 is an integron-encoded aminoglycoside nucleotidyltransferase gene in Salmonella spp.	99.74747474747475	card
contig_7	card~~~aadA23~~~AJ809407.1:118-898~~~aminoglycoside	91.645	778	65	0	25062	25839	1	778	0.0	1077	41154	780	card~~~aadA23~~~AJ809407.1:118-898~~~aminoglycoside aadA23 is an integron-encoded aminoglycoside nucleotidyltransferase gene in S. enterica.	99.74358974358974	card
contig_7	card~~~aadA24~~~DQ677333.1:0-780~~~aminoglycoside	91.131	778	69	0	25062	25839	1	778	0.0	1055	41154	780	card~~~aadA24~~~DQ677333.1:0-780~~~aminoglycoside aadA24 is an integron-encoded aminoglycoside nucleotidyltransferase gene in Salmonella spp.	99.74358974358974	card
contig_7	card~~~aadA3~~~AF047479.2:1295-2087~~~aminoglycoside	90.657	792	74	0	27455	28246	1	792	0.0	1053	41154	792	card~~~aadA3~~~AF047479.2:1295-2087~~~aminoglycoside aadA3 is an aminoglycoside nucleotidyltransferase gene encoded by plasmids, transposons and integrons in E. coli.	100.0	card
contig_7	card~~~qacL~~~DQ149925.1:188-521~~~disinfecting_agents_and_antiseptics	91.592	333	28	0	28416	28748	1	333	4.09e-128	460	41154	333	card~~~qacL~~~DQ149925.1:188-521~~~disinfecting_agents_and_antiseptics A subunit of the qac multidrug efflux pump in Vibrio cholerae.	100.0	card
contig_8	card~~~Mrx~~~AY522923.1:8983-7744~~~macrolide	100.0	1239	0	0	114718	115956	1	1239	0.0	2289	214836	1239	card~~~Mrx~~~AY522923.1:8983-7744~~~macrolide Mrx is part of the macrolide inactivation gene cluster in Aeromonas hydrophila.	100.0	card
contig_8	card~~~mphA~~~D16251.1:2531-1625~~~macrolide	100.0	906	0	0	113816	114721	1	906	0.0	1674	214836	906	card~~~mphA~~~D16251.1:2531-1625~~~macrolide The mphA gene encodes for resistance enzyme MPH(2')-I which preferentially inactivate 14-membered macrolides (e.g.erythromycin, telithromycin, roxithromycin) over 16-membered macrolides (e.g.tylosin, spiramycin). It phosphorylates macrolides at 2'-OH hydroxyl of desosamine sugar of macrolides in a GTP-dependent manner.	100.0	card
contig_8	card~~~sul1~~~JF969163.1:1053-1893~~~sulfonamide	100.0	840	0	0	121359	122198	840	1	0.0	1552	214836	840	card~~~sul1~~~JF969163.1:1053-1893~~~sulfonamide Sul1 is a sulfonamide resistant dihydropteroate synthase of Gram-negative bacteria. It is linked to other resistance genes of class 1 integrons.	100.0	card
contig_8	card~~~APH(3')-Ia~~~BX664015.1:103833-103017~~~aminoglycoside	99.386	814	5	0	112026	112839	814	1	0.0	1476	214836	816	card~~~APH(3')-Ia~~~BX664015.1:103833-103017~~~aminoglycoside APH(3')-Ia is a transposon-encoded aminoglycoside phosphotransferase in E. coli and S. enterica. It is identical at the protein sequence to APH(3')-Ic, an aminoglycoside phosphotransferase encoded by plasmids, transposons and genomic islands in K. pneumoniae, A. baumannii, S. marcescens, Corynebacterium spp., Photobacterium spp. and Citrobacter spp.	99.75490196078431	card
contig_8	card~~~aadA2~~~AF156486.1:5012-5792~~~aminoglycoside	99.872	780	1	0	122703	123482	780	1	0.0	1435	214836	780	card~~~aadA2~~~AF156486.1:5012-5792~~~aminoglycoside aadA2 is an aminoglycoside nucleotidyltransferase gene encoded by plasmids and integrons in K. pneumoniae, Salmonella spp., Corynebacterium glutamicum, C. freundii and Aeromonas spp.	100.0	card
contig_8	card~~~aadA3~~~AF047479.2:1295-2087~~~aminoglycoside	98.734	790	10	0	122705	123494	790	1	0.0	1404	214836	792	card~~~aadA3~~~AF047479.2:1295-2087~~~aminoglycoside aadA3 is an aminoglycoside nucleotidyltransferase gene encoded by plasmids, transposons and integrons in E. coli.	99.74747474747475	card
contig_8	card~~~aadA8b~~~AM040708.1:1173-1965~~~aminoglycoside	96.962	790	24	0	122705	123494	790	1	0.0	1327	214836	792	card~~~aadA8b~~~AM040708.1:1173-1965~~~aminoglycoside aadA8b is an aminoglycoside nucleotidyltransferase gene encoded by plasmids in E. coli; can be created by a recombination event  between aadA1 and aadA2.	99.74747474747475	card
contig_8	card~~~aadA8~~~AY139603.1:106-898~~~aminoglycoside	96.709	790	26	0	122705	123494	790	1	0.0	1315	214836	792	card~~~aadA8~~~AY139603.1:106-898~~~aminoglycoside aadA8 is an aminoglycoside nucleotidyltransferase gene encoded by plasmids and integrons in V. cholerae, K. pneumoniae and Bacillus endophyticus.	99.74747474747475	card
contig_8	card~~~aadA25~~~CP003022.1:336788-337580~~~aminoglycoside	95.949	790	32	0	122705	123494	790	1	0.0	1282	214836	792	card~~~aadA25~~~CP003022.1:336788-337580~~~aminoglycoside Streptomycin/spectinomycin resistance gene found in Pasteurella multocida isolated from bovine respiratory tract.	99.74747474747475	card
contig_8	card~~~aadA17~~~FJ460181.2:1790-2582~~~aminoglycoside	95.833	792	33	0	122703	123494	792	1	0.0	1280	214836	792	card~~~aadA17~~~FJ460181.2:1790-2582~~~aminoglycoside aadA17 is an integron-encoded aminoglycoside nucleotidyltransferase gene in Aeromonas media.	100.0	card
contig_8	card~~~aadA12~~~FJ381668.1:56-848~~~aminoglycoside	94.823	792	41	0	122703	123494	792	1	0.0	1236	214836	792	card~~~aadA12~~~FJ381668.1:56-848~~~aminoglycoside aadA12 is an integron-encoded aminoglycoside nucleotidyltransferase gene in E. coli, Yersinia enterocolitica and S. enterica.	100.0	card
contig_8	card~~~catA1~~~V00622.1:243-903~~~phenicol	99.848	660	1	0	131737	132396	660	1	0.0	1214	214836	660	card~~~catA1~~~V00622.1:243-903~~~phenicol catA1 (formerly in CARD as catI) is a chromosome and transposon-encoded variant of the cat gene found in Escherichia coli and Acinetobacter baumannii.	100.0	card
contig_8	card~~~Plasmid-encoded_cat_(pp-cat)~~~D16171.1:382-1042~~~phenicol	98.636	660	9	0	131737	132396	660	1	0.0	1170	214836	660	card~~~Plasmid-encoded_cat_(pp-cat)~~~D16171.1:382-1042~~~phenicol Plasmid-encoded cat, or pp-cat, is a plasmid-encoded variant of the cat gene found in Photobacterium damselae subsp. piscicida.	100.0	card
contig_8	card~~~aadA15~~~DQ393783.1:1799-2591~~~aminoglycoside	92.803	792	57	0	122703	123494	792	1	0.0	1147	214836	792	card~~~aadA15~~~DQ393783.1:1799-2591~~~aminoglycoside aadA15 is an integron-encoded aminoglycoside nucleotidyltransferase gene in P. aeruginosa.	100.0	card
contig_8	card~~~aadA22~~~AM261837.1:73-865~~~aminoglycoside	92.021	777	62	0	122718	123494	777	1	0.0	1092	214836	792	card~~~aadA22~~~AM261837.1:73-865~~~aminoglycoside aadA22 is an aminoglycoside nucleotidyltransferase gene encoded by plasmids and integrons in S. enterica and E. coli.	98.10606060606061	card
contig_8	card~~~aadA21~~~AY171244.1:46-838~~~aminoglycoside	91.392	790	68	0	122705	123494	790	1	0.0	1083	214836	792	card~~~aadA21~~~AY171244.1:46-838~~~aminoglycoside aadA21 is an integron-encoded aminoglycoside nucleotidyltransferase gene in Salmonella spp.	99.74747474747475	card
contig_8	card~~~aadA23~~~AJ809407.1:118-898~~~aminoglycoside	91.517	778	66	0	122705	123482	778	1	0.0	1072	214836	780	card~~~aadA23~~~AJ809407.1:118-898~~~aminoglycoside aadA23 is an integron-encoded aminoglycoside nucleotidyltransferase gene in S. enterica.	99.74358974358974	card
contig_8	card~~~aadA24~~~DQ677333.1:0-780~~~aminoglycoside	91.003	778	70	0	122705	123482	778	1	0.0	1050	214836	780	card~~~aadA24~~~DQ677333.1:0-780~~~aminoglycoside aadA24 is an integron-encoded aminoglycoside nucleotidyltransferase gene in Salmonella spp.	99.74358974358974	card
contig_8	card~~~dfrA12~~~GU585907.1:22103-21605~~~diaminopyrimidine	100.0	498	0	0	123902	124399	498	1	0.0	920	214836	498	card~~~dfrA12~~~GU585907.1:22103-21605~~~diaminopyrimidine dfrA12 is an integron-encoded dihydrofolate reductase found in Vibrio cholerae.	100.0	card
contig_8	card~~~qacEdelta1~~~U49101.1:1490-1838~~~disinfecting_agents_and_antiseptics	100.0	348	0	0	122192	122539	348	1	0.0	643	214836	348	card~~~qacEdelta1~~~U49101.1:1490-1838~~~disinfecting_agents_and_antiseptics QacEdelta1 is a resistance gene conferring resistance to antiseptics. It is different from QacE only at the 3'-terminus.	100.0	card
contig_8	card~~~qacE~~~HQ730118.1:5174-5507~~~disinfecting_agents_and_antiseptics	99.291	282	2	0	122258	122539	282	1	2.09e-142	510	214836	333	card~~~qacE~~~HQ730118.1:5174-5507~~~disinfecting_agents_and_antiseptics QacE is a resistance gene conferring resistance to antiseptics.	84.68468468468468	card
contig_9	card~~~KPC-3~~~AF395881.1:0-882~~~carbapenem;cephalosporin;monobactam;penicillin_beta-lactam	100.0	882	0	0	76689	77570	1	882	0.0	1629	79498	882	card~~~KPC-3~~~AF395881.1:0-882~~~carbapenem;cephalosporin;monobactam;penicillin_beta-lactam KPC-3 is a beta-lactamase found in Klebsiella pneumoniae.	100.0	card
contig_9	card~~~KPC-98~~~MZ893466.1:0-882~~~carbapenem;cephalosporin;monobactam;penicillin_beta-lactam	99.887	882	1	0	76689	77570	1	882	0.0	1624	79498	882	card~~~KPC-98~~~MZ893466.1:0-882~~~carbapenem;cephalosporin;monobactam;penicillin_beta-lactam KPC-98 is a KPC beta-lactamase.	100.0	card
contig_9	card~~~KPC-91~~~MZ404505.1:0-882~~~carbapenem;cephalosporin;monobactam;penicillin_beta-lactam	99.887	882	1	0	76689	77570	1	882	0.0	1624	79498	882	card~~~KPC-91~~~MZ404505.1:0-882~~~carbapenem;cephalosporin;monobactam;penicillin_beta-lactam Carbapenem-hydrolyzing class A beta-lactamase KPC-91.	100.0	card
contig_9	card~~~KPC-89~~~MZ401141.1:0-882~~~carbapenem;cephalosporin;monobactam;penicillin_beta-lactam	99.887	882	1	0	76689	77570	1	882	0.0	1624	79498	882	card~~~KPC-89~~~MZ401141.1:0-882~~~carbapenem;cephalosporin;monobactam;penicillin_beta-lactam Carbapenem-hydrolyzing class A beta-lactamase KPC-89.	100.0	card
contig_9	card~~~KPC-85~~~MW896839.1:0-882~~~carbapenem;cephalosporin;monobactam;penicillin_beta-lactam	99.887	882	1	0	76689	77570	1	882	0.0	1624	79498	882	card~~~KPC-85~~~MW896839.1:0-882~~~carbapenem;cephalosporin;monobactam;penicillin_beta-lactam Carbapenem-hydrolyzing class A beta-lactamase KPC-85.	100.0	card
contig_9	card~~~KPC-8~~~FJ234412.1:0-882~~~carbapenem;cephalosporin;monobactam;penicillin_beta-lactam	99.887	882	1	0	76689	77570	1	882	0.0	1624	79498	882	card~~~KPC-8~~~FJ234412.1:0-882~~~carbapenem;cephalosporin;monobactam;penicillin_beta-lactam KPC-8 is a beta-lactamase found in Klebsiella pneumoniae.	100.0	card
contig_9	card~~~KPC-7~~~EU729727.1:0-882~~~carbapenem;cephalosporin;monobactam;penicillin_beta-lactam	99.887	882	1	0	76689	77570	1	882	0.0	1624	79498	882	card~~~KPC-7~~~EU729727.1:0-882~~~carbapenem;cephalosporin;monobactam;penicillin_beta-lactam KPC-7 is a beta-lactamase found in Klebsiella pneumoniae.	100.0	card
contig_9	card~~~KPC-63~~~NG_073466.1:0-882~~~carbapenem;cephalosporin;monobactam;penicillin_beta-lactam	99.887	882	1	0	76689	77570	1	882	0.0	1624	79498	882	card~~~KPC-63~~~NG_073466.1:0-882~~~carbapenem;cephalosporin;monobactam;penicillin_beta-lactam KPC-63 is a KPC beta-lactamase.	100.0	card
contig_9	card~~~KPC-62~~~NG_073465.1:0-882~~~carbapenem;cephalosporin;monobactam;penicillin_beta-lactam	99.887	882	1	0	76689	77570	1	882	0.0	1624	79498	882	card~~~KPC-62~~~NG_073465.1:0-882~~~carbapenem;cephalosporin;monobactam;penicillin_beta-lactam KPC-62 is a KPC beta-lactamase.	100.0	card
contig_9	card~~~KPC-61~~~NG_070180.1:0-882~~~carbapenem;cephalosporin;monobactam;penicillin_beta-lactam	99.887	882	1	0	76689	77570	1	882	0.0	1624	79498	882	card~~~KPC-61~~~NG_070180.1:0-882~~~carbapenem;cephalosporin;monobactam;penicillin_beta-lactam KPC-61 is a KPC beta-lactamase.	100.0	card
contig_9	card~~~KPC-56~~~MT040751.1:0-882~~~carbapenem;cephalosporin;monobactam;penicillin_beta-lactam	99.887	882	1	0	76689	77570	1	882	0.0	1624	79498	882	card~~~KPC-56~~~MT040751.1:0-882~~~carbapenem;cephalosporin;monobactam;penicillin_beta-lactam Carbapenem-hydrolyzing class A beta-lactamase kpc-56 [Klebsiella pneumoniae] Accession: WP_087744800.1.	100.0	card
contig_9	card~~~KPC-49~~~MN619655.1:0-882~~~carbapenem;cephalosporin;monobactam;penicillin_beta-lactam	99.887	882	1	0	76689	77570	1	882	0.0	1624	79498	882	card~~~KPC-49~~~MN619655.1:0-882~~~carbapenem;cephalosporin;monobactam;penicillin_beta-lactam Carbapenem-hydrolyzing class A beta-lactamase kpc-49 [Escherichia coli] Accession: WP_197749402.1.	100.0	card
contig_9	card~~~KPC-46~~~MN267701.1:0-882~~~carbapenem;cephalosporin;monobactam;penicillin_beta-lactam	99.887	882	1	0	76689	77570	1	882	0.0	1624	79498	882	card~~~KPC-46~~~MN267701.1:0-882~~~carbapenem;cephalosporin;monobactam;penicillin_beta-lactam Inhibitor-resistant class A extended-spectrum beta-lactamase kpc-46 [Klebsiella pneumoniae] Accession: WP_148044421.1.	100.0	card
contig_9	card~~~KPC-39~~~MK118771.1:0-882~~~carbapenem;cephalosporin;monobactam;penicillin_beta-lactam	99.887	882	1	0	76689	77570	1	882	0.0	1624	79498	882	card~~~KPC-39~~~MK118771.1:0-882~~~carbapenem;cephalosporin;monobactam;penicillin_beta-lactam Carbapenem-hydrolyzing class A beta-lactamase kpc-39 [Klebsiella pneumoniae] Accession: WP_128268237.1.	100.0	card
contig_9	card~~~KPC-38~~~MK098861.1:0-882~~~carbapenem;cephalosporin;monobactam;penicillin_beta-lactam	99.887	882	1	0	76689	77570	1	882	0.0	1624	79498	882	card~~~KPC-38~~~MK098861.1:0-882~~~carbapenem;cephalosporin;monobactam;penicillin_beta-lactam Carbapenem-hydrolyzing class A beta-lactamase kpc-38 [Klebsiella pneumoniae] Accession: WP_123002101.1.	100.0	card
contig_9	card~~~KPC-36~~~MH593787.1:0-882~~~carbapenem;cephalosporin;monobactam;penicillin_beta-lactam	99.887	882	1	0	76689	77570	1	882	0.0	1624	79498	882	card~~~KPC-36~~~MH593787.1:0-882~~~carbapenem;cephalosporin;monobactam;penicillin_beta-lactam Carbapenem-hydrolyzing class A beta-lactamase kpc-36 [Klebsiella pneumoniae] Accession: WP_114699267.1.	100.0	card
contig_9	card~~~KPC-31~~~MAPH01000113.1:8511-9393~~~carbapenem;cephalosporin;monobactam;penicillin_beta-lactam	99.887	882	1	0	76689	77570	1	882	0.0	1624	79498	882	card~~~KPC-31~~~MAPH01000113.1:8511-9393~~~carbapenem;cephalosporin;monobactam;penicillin_beta-lactam Inhibitor-resistant carbapenem-hydrolyzing class A beta-lactamase kpc-31 [Klebsiella] Accession: WP_073668892.1.	100.0	card
contig_9	card~~~KPC-27~~~KX828722.1:0-882~~~carbapenem;cephalosporin;monobactam;penicillin_beta-lactam	99.887	882	1	0	76689	77570	1	882	0.0	1624	79498	882	card~~~KPC-27~~~KX828722.1:0-882~~~carbapenem;cephalosporin;monobactam;penicillin_beta-lactam Carbapenem-hydrolyzing class A beta-lactamase kpc-27 [Klebsiella pneumoniae] Accession: WP_077064886.1.	100.0	card
contig_9	card~~~KPC-232~~~PQ117762.1:0-882~~~carbapenem;cephalosporin;monobactam;penicillin_beta-lactam	99.887	882	1	0	76689	77570	1	882	0.0	1624	79498	882	card~~~KPC-232~~~PQ117762.1:0-882~~~carbapenem;cephalosporin;monobactam;penicillin_beta-lactam Carbapenem-hydrolyzing class A beta-lactamase KPC-232.	100.0	card
contig_9	card~~~KPC-231~~~PQ117760.1:0-882~~~carbapenem;cephalosporin;monobactam;penicillin_beta-lactam	99.887	882	1	0	76689	77570	1	882	0.0	1624	79498	882	card~~~KPC-231~~~PQ117760.1:0-882~~~carbapenem;cephalosporin;monobactam;penicillin_beta-lactam Carbapenem-hydrolyzing class A beta-lactamase KPC-231.	100.0	card
contig_9	card~~~KPC-23~~~MH450213.1:0-882~~~carbapenem;cephalosporin;monobactam;penicillin_beta-lactam	99.887	882	1	0	76689	77570	1	882	0.0	1624	79498	882	card~~~KPC-23~~~MH450213.1:0-882~~~carbapenem;cephalosporin;monobactam;penicillin_beta-lactam Carbapenem-hydrolyzing class A beta-lactamase kpc-23 [Klebsiella pneumoniae] Accession: WP_111672911.1.	100.0	card
contig_9	card~~~KPC-2~~~AY034847.1:5-887~~~carbapenem;cephalosporin;monobactam;penicillin_beta-lactam	99.887	882	1	0	76689	77570	1	882	0.0	1624	79498	882	card~~~KPC-2~~~AY034847.1:5-887~~~carbapenem;cephalosporin;monobactam;penicillin_beta-lactam KPC-2 is a beta-lactamase found in Klebsiella pneumoniae and Pseudomonas aeruginosa.	100.0	card
contig_9	card~~~KPC-184~~~OR282801.1:0-882~~~carbapenem;cephalosporin;monobactam;penicillin_beta-lactam	99.887	882	1	0	76689	77570	1	882	0.0	1624	79498	882	card~~~KPC-184~~~OR282801.1:0-882~~~carbapenem;cephalosporin;monobactam;penicillin_beta-lactam Carbapenem-hydrolyzing class A beta-lactamase KPC-184.	100.0	card
contig_9	card~~~KPC-178~~~OQ926587.1:0-882~~~carbapenem;cephalosporin;monobactam;penicillin_beta-lactam	99.887	882	1	0	76689	77570	1	882	0.0	1624	79498	882	card~~~KPC-178~~~OQ926587.1:0-882~~~carbapenem;cephalosporin;monobactam;penicillin_beta-lactam Inhibitor-resistant class A beta-lactamase KPC-178.	100.0	card
contig_9	card~~~KPC-149~~~OP778041.1:0-882~~~carbapenem;cephalosporin;monobactam;penicillin_beta-lactam	99.887	882	1	0	76689	77570	1	882	0.0	1624	79498	882	card~~~KPC-149~~~OP778041.1:0-882~~~carbapenem;cephalosporin;monobactam;penicillin_beta-lactam Carbapenem-hydrolyzing class A beta-lactamase KPC-149.	100.0	card
contig_9	card~~~KPC-130~~~ON794466.1:0-882~~~carbapenem;cephalosporin;monobactam;penicillin_beta-lactam	99.887	882	1	0	76689	77570	1	882	0.0	1624	79498	882	card~~~KPC-130~~~ON794466.1:0-882~~~carbapenem;cephalosporin;monobactam;penicillin_beta-lactam Class A beta-lactamase KPC-130.	100.0	card
contig_9	card~~~KPC-125~~~NG_080778.1:100-982~~~carbapenem;cephalosporin;monobactam;penicillin_beta-lactam	99.887	882	1	0	76689	77570	1	882	0.0	1624	79498	882	card~~~KPC-125~~~NG_080778.1:100-982~~~carbapenem;cephalosporin;monobactam;penicillin_beta-lactam KPC-125 is a KPC-type class A beta-lactamase. KPC-125 is a variant of KPC-3, differing by a D179A polymorphism within the omega-loop region.	100.0	card
contig_9	card~~~KPC-122~~~OM933720.1:0-882~~~carbapenem;cephalosporin;monobactam;penicillin_beta-lactam	99.887	882	1	0	76689	77570	1	882	0.0	1624	79498	882	card~~~KPC-122~~~OM933720.1:0-882~~~carbapenem;cephalosporin;monobactam;penicillin_beta-lactam Carbapenem-hydrolyzing class A beta-lactamase KPC-122.	100.0	card
contig_9	card~~~KPC-10~~~GQ140348.1:0-882~~~carbapenem;cephalosporin;monobactam;penicillin_beta-lactam	99.887	882	1	0	76689	77570	1	882	0.0	1624	79498	882	card~~~KPC-10~~~GQ140348.1:0-882~~~carbapenem;cephalosporin;monobactam;penicillin_beta-lactam KPC-10 is a beta-lactamase found in Klebsiella pneumoniae.	100.0	card
contig_9	card~~~KPC-99~~~OK086803.1:0-882~~~carbapenem;cephalosporin;monobactam;penicillin_beta-lactam	99.773	882	2	0	76689	77570	1	882	0.0	1618	79498	882	card~~~KPC-99~~~OK086803.1:0-882~~~carbapenem;cephalosporin;monobactam;penicillin_beta-lactam KPC-99 is a KPC class A beta-lactamase.	100.0	card
contig_9	card~~~KPC-96~~~OK086970.1:0-882~~~carbapenem;cephalosporin;monobactam;penicillin_beta-lactam	99.773	882	2	0	76689	77570	1	882	0.0	1618	79498	882	card~~~KPC-96~~~OK086970.1:0-882~~~carbapenem;cephalosporin;monobactam;penicillin_beta-lactam KPC-96 is a KPC beta-lactamase.	100.0	card
contig_9	card~~~KPC-95~~~MZ646141.1:0-882~~~carbapenem;cephalosporin;monobactam;penicillin_beta-lactam	99.773	882	2	0	76689	77570	1	882	0.0	1618	79498	882	card~~~KPC-95~~~MZ646141.1:0-882~~~carbapenem;cephalosporin;monobactam;penicillin_beta-lactam KPC-95 is a chromosome-encoded carbapenemase found in Klebsiella pneumonia.	100.0	card
contig_9	card~~~KPC-88~~~MZ067231.1:0-882~~~carbapenem;cephalosporin;monobactam;penicillin_beta-lactam	99.773	882	2	0	76689	77570	1	882	0.0	1618	79498	882	card~~~KPC-88~~~MZ067231.1:0-882~~~carbapenem;cephalosporin;monobactam;penicillin_beta-lactam Inhibitor-resistant extended-spectrum class A beta-lactamase KPC-88.	100.0	card
contig_9	card~~~KPC-86~~~MZ067229.1:0-882~~~carbapenem;cephalosporin;monobactam;penicillin_beta-lactam	99.773	882	2	0	76689	77570	1	882	0.0	1618	79498	882	card~~~KPC-86~~~MZ067229.1:0-882~~~carbapenem;cephalosporin;monobactam;penicillin_beta-lactam KPC-86 is a chromosome-encoded carbapenemase found in Klebsiella pneumonia.	100.0	card
contig_9	card~~~KPC-84~~~MW657985.1:0-882~~~carbapenem;cephalosporin;monobactam;penicillin_beta-lactam	99.773	882	2	0	76689	77570	1	882	0.0	1618	79498	882	card~~~KPC-84~~~MW657985.1:0-882~~~carbapenem;cephalosporin;monobactam;penicillin_beta-lactam Inhibitor-resistant carbapenem-hydrolyzing class A beta-lactamase KPC-84.	100.0	card
contig_9	card~~~KPC-83~~~MW581775.1:0-882~~~carbapenem;cephalosporin;monobactam;penicillin_beta-lactam	99.773	882	2	0	76689	77570	1	882	0.0	1618	79498	882	card~~~KPC-83~~~MW581775.1:0-882~~~carbapenem;cephalosporin;monobactam;penicillin_beta-lactam KPC-83 is a KPC beta-lactamase.	100.0	card
contig_9	card~~~KPC-78~~~NG_071204.1:0-882~~~carbapenem;cephalosporin;monobactam;penicillin_beta-lactam	99.773	882	2	0	76689	77570	1	882	0.0	1618	79498	882	card~~~KPC-78~~~NG_071204.1:0-882~~~carbapenem;cephalosporin;monobactam;penicillin_beta-lactam KPC-78 is a KPC beta-lactamase.	100.0	card
contig_9	card~~~KPC-77~~~NG_070897.1:0-882~~~carbapenem;cephalosporin;monobactam;penicillin_beta-lactam	99.773	882	2	0	76689	77570	1	882	0.0	1618	79498	882	card~~~KPC-77~~~NG_070897.1:0-882~~~carbapenem;cephalosporin;monobactam;penicillin_beta-lactam KPC-77 is a KPC beta-lactamase.	100.0	card
contig_9	card~~~KPC-75~~~NG_070743.1:0-882~~~carbapenem;cephalosporin;monobactam;penicillin_beta-lactam	99.773	882	2	0	76689	77570	1	882	0.0	1618	79498	882	card~~~KPC-75~~~NG_070743.1:0-882~~~carbapenem;cephalosporin;monobactam;penicillin_beta-lactam KPC-75 is a KPC beta-lactamase.	100.0	card
contig_9	card~~~KPC-72~~~NG_070740.1:0-882~~~carbapenem;cephalosporin;monobactam;penicillin_beta-lactam	99.773	882	2	0	76689	77570	1	882	0.0	1618	79498	882	card~~~KPC-72~~~NG_070740.1:0-882~~~carbapenem;cephalosporin;monobactam;penicillin_beta-lactam KPC-72 is a KPC beta-lactamase.	100.0	card
contig_9	card~~~KPC-70~~~MT809701.1:38090-37208~~~carbapenem;cephalosporin;monobactam;penicillin_beta-lactam	99.773	882	2	0	76689	77570	1	882	0.0	1618	79498	882	card~~~KPC-70~~~MT809701.1:38090-37208~~~carbapenem;cephalosporin;monobactam;penicillin_beta-lactam Inhibitor-resistant extended-spectrum class A beta-lactamase KPC-70.	100.0	card
contig_9	card~~~KPC-60~~~NG_070179.1:0-882~~~carbapenem;cephalosporin;monobactam;penicillin_beta-lactam	99.773	882	2	0	76689	77570	1	882	0.0	1618	79498	882	card~~~KPC-60~~~NG_070179.1:0-882~~~carbapenem;cephalosporin;monobactam;penicillin_beta-lactam KPC-60 is a KPC beta-lactamase.	100.0	card
contig_9	card~~~KPC-6~~~EU555534.1:0-882~~~carbapenem;cephalosporin;monobactam;penicillin_beta-lactam	99.773	882	2	0	76689	77570	1	882	0.0	1618	79498	882	card~~~KPC-6~~~EU555534.1:0-882~~~carbapenem;cephalosporin;monobactam;penicillin_beta-lactam KPC-6 is a beta-lactamase found in Klebsiella pneumoniae.	100.0	card
contig_9	card~~~KPC-59~~~NG_070178.1:0-882~~~carbapenem;cephalosporin;monobactam;penicillin_beta-lactam	99.773	882	2	0	76689	77570	1	882	0.0	1618	79498	882	card~~~KPC-59~~~NG_070178.1:0-882~~~carbapenem;cephalosporin;monobactam;penicillin_beta-lactam KPC-59 is a KPC beta-lactamase.	100.0	card
contig_9	card~~~KPC-57~~~MT358626.1:0-882~~~carbapenem;cephalosporin;monobactam;penicillin_beta-lactam	99.773	882	2	0	76689	77570	1	882	0.0	1618	79498	882	card~~~KPC-57~~~MT358626.1:0-882~~~carbapenem;cephalosporin;monobactam;penicillin_beta-lactam Inhibitor-resistant carbapenem-hydrolyzing class A beta-lactamase kpc-57 [Klebsiella pneumoniae] Accession: WP_171476789.1.	100.0	card
contig_9	card~~~KPC-55~~~MT028409.1:14912-15794~~~carbapenem;cephalosporin;monobactam;penicillin_beta-lactam	99.773	882	2	0	76689	77570	1	882	0.0	1618	79498	882	card~~~KPC-55~~~MT028409.1:14912-15794~~~carbapenem;cephalosporin;monobactam;penicillin_beta-lactam Carbapenem-hydrolyzing class A beta-lactamase kpc-55 [Klebsiella pneumoniae] Accession: WP_168247883.1.	100.0	card
contig_9	card~~~KPC-54~~~MN854706.1:0-882~~~carbapenem;cephalosporin;monobactam;penicillin_beta-lactam	99.773	882	2	0	76689	77570	1	882	0.0	1618	79498	882	card~~~KPC-54~~~MN854706.1:0-882~~~carbapenem;cephalosporin;monobactam;penicillin_beta-lactam Carbapenem-hydrolyzing class A beta-lactamase kpc-54 [Klebsiella pneumoniae] Accession: WP_160164839.1.	100.0	card
contig_9	card~~~KPC-5~~~EU400222.2:2159-3041~~~carbapenem;cephalosporin;monobactam;penicillin_beta-lactam	99.773	882	2	0	76689	77570	1	882	0.0	1618	79498	882	card~~~KPC-5~~~EU400222.2:2159-3041~~~carbapenem;cephalosporin;monobactam;penicillin_beta-lactam KPC-5 is a beta-lactamase found in Klebsiella pneumoniae and Pseudomonas aeruginosa.	100.0	card
contig_9	card~~~KPC-48~~~MN422013.1:0-882~~~carbapenem;cephalosporin;monobactam;penicillin_beta-lactam	99.773	882	2	0	76689	77570	1	882	0.0	1618	79498	882	card~~~KPC-48~~~MN422013.1:0-882~~~carbapenem;cephalosporin;monobactam;penicillin_beta-lactam Inhibitor-resistant extended-spectrum class A beta-lactamase KPC-48.	100.0	card
contig_9	card~~~KPC-47~~~MN422012.1:0-882~~~carbapenem;cephalosporin;monobactam;penicillin_beta-lactam	99.773	882	2	0	76689	77570	1	882	0.0	1618	79498	882	card~~~KPC-47~~~MN422012.1:0-882~~~carbapenem;cephalosporin;monobactam;penicillin_beta-lactam Inhibitor-resistant extended-spectrum class A beta-lactamase KPC-47.	100.0	card
contig_9	card~~~KPC-45~~~MN104596.1:0-882~~~carbapenem;cephalosporin;monobactam;penicillin_beta-lactam	99.773	882	2	0	76689	77570	1	882	0.0	1618	79498	882	card~~~KPC-45~~~MN104596.1:0-882~~~carbapenem;cephalosporin;monobactam;penicillin_beta-lactam Carbapenem-hydrolyzing class A beta-lactamase kpc-45 [Enterobacter cloacae] Accession: WP_148044420.1.	100.0	card
contig_9	card~~~KPC-43~~~MK628511.1:0-882~~~carbapenem;cephalosporin;monobactam;penicillin_beta-lactam	99.773	882	2	0	76689	77570	1	882	0.0	1618	79498	882	card~~~KPC-43~~~MK628511.1:0-882~~~carbapenem;cephalosporin;monobactam;penicillin_beta-lactam Carbapenem-hydrolyzing class A beta-lactamase kpc-43 [Klebsiella pneumoniae] Accession: WP_136512071.1.	100.0	card
contig_9	card~~~KPC-42~~~MK467612.1:0-882~~~carbapenem;cephalosporin;monobactam;penicillin_beta-lactam	99.773	882	2	0	76689	77570	1	882	0.0	1618	79498	882	card~~~KPC-42~~~MK467612.1:0-882~~~carbapenem;cephalosporin;monobactam;penicillin_beta-lactam Carbapenem-hydrolyzing class A beta-lactamase kpc-42 [Klebsiella pneumoniae] Accession: WP_136512070.1.	100.0	card
contig_9	card~~~KPC-35~~~MH404098.1:0-882~~~carbapenem;cephalosporin;monobactam;penicillin_beta-lactam	99.773	882	2	0	76689	77570	1	882	0.0	1618	79498	882	card~~~KPC-35~~~MH404098.1:0-882~~~carbapenem;cephalosporin;monobactam;penicillin_beta-lactam Carbapenem-hydrolyzing class A beta-lactamase kpc-35 [Klebsiella pneumoniae] Accession: WP_111273852.1.	100.0	card
contig_9	card~~~KPC-33~~~CP025144.1:87792-88674~~~carbapenem;cephalosporin;monobactam;penicillin_beta-lactam	99.773	882	2	0	76689	77570	1	882	0.0	1618	79498	882	card~~~KPC-33~~~CP025144.1:87792-88674~~~carbapenem;cephalosporin;monobactam;penicillin_beta-lactam Inhibitor-resistant class A extended-spectrum beta-lactamase kpc-33 [Klebsiella pneumoniae] Accession: WP_101140102.1.	100.0	card
contig_9	card~~~KPC-32~~~MAPO01000050.1:8511-9393~~~carbapenem;cephalosporin;monobactam;penicillin_beta-lactam	99.773	882	2	0	76689	77570	1	882	0.0	1618	79498	882	card~~~KPC-32~~~MAPO01000050.1:8511-9393~~~carbapenem;cephalosporin;monobactam;penicillin_beta-lactam Inhibitor-resistant carbapenem-hydrolyzing class A beta-lactamase kpc-32 [Klebsiella pneumoniae] Accession: WP_073800284.1.	100.0	card
contig_9	card~~~KPC-30~~~KY646302.1:0-882~~~carbapenem;cephalosporin;monobactam;penicillin_beta-lactam	99.773	882	2	0	76689	77570	1	882	0.0	1618	79498	882	card~~~KPC-30~~~KY646302.1:0-882~~~carbapenem;cephalosporin;monobactam;penicillin_beta-lactam Inhibitor-resistant carbapenem-hydrolyzing class A beta-lactamase kpc-30 [Klebsiella pneumoniae] Accession: WP_085562399.1.	100.0	card
contig_9	card~~~KPC-26~~~KX619622.1:0-882~~~carbapenem;cephalosporin;monobactam;penicillin_beta-lactam	99.773	882	2	0	76689	77570	1	882	0.0	1618	79498	882	card~~~KPC-26~~~KX619622.1:0-882~~~carbapenem;cephalosporin;monobactam;penicillin_beta-lactam Carbapenem-hydrolyzing class A beta-lactamase kpc-26 [Klebsiella pneumoniae] Accession: WP_068981634.1.	100.0	card
contig_9	card~~~KPC-24~~~KR052099.1:5211-6093~~~carbapenem;cephalosporin;monobactam;penicillin_beta-lactam	99.773	882	2	0	76689	77570	1	882	0.0	1618	79498	882	card~~~KPC-24~~~KR052099.1:5211-6093~~~carbapenem;cephalosporin;monobactam;penicillin_beta-lactam A KPC class A beta-lactamase and carbapenemase identified from Chilean isolates of Klebsiella pneumoniae.	100.0	card
contig_9	card~~~KPC-236~~~PQ394549.1:0-882~~~carbapenem;cephalosporin;monobactam;penicillin_beta-lactam	99.773	882	2	0	76689	77570	1	882	0.0	1618	79498	882	card~~~KPC-236~~~PQ394549.1:0-882~~~carbapenem;cephalosporin;monobactam;penicillin_beta-lactam Carbapenem-hydrolyzing class A beta-lactamase KPC-236.	100.0	card
contig_9	card~~~KPC-224~~~PP728767.1:0-882~~~carbapenem;cephalosporin;monobactam;penicillin_beta-lactam	99.773	882	2	0	76689	77570	1	882	0.0	1618	79498	882	card~~~KPC-224~~~PP728767.1:0-882~~~carbapenem;cephalosporin;monobactam;penicillin_beta-lactam Inhibitor-resistant carbapenem-hydrolyzing class A beta-lactamase KPC-224.	100.0	card
contig_9	card~~~KPC-223~~~PP701811.1:0-882~~~carbapenem;cephalosporin;monobactam;penicillin_beta-lactam	99.773	882	2	0	76689	77570	1	882	0.0	1618	79498	882	card~~~KPC-223~~~PP701811.1:0-882~~~carbapenem;cephalosporin;monobactam;penicillin_beta-lactam Carbapenem-hydrolyzing class A beta-lactamase KPC-223.	100.0	card
contig_9	card~~~KPC-215~~~PP194263.1:0-882~~~carbapenem;cephalosporin;monobactam;penicillin_beta-lactam	99.773	882	2	0	76689	77570	1	882	0.0	1618	79498	882	card~~~KPC-215~~~PP194263.1:0-882~~~carbapenem;cephalosporin;monobactam;penicillin_beta-lactam Inhibitor-resistant carbapenem-hydrolyzing class A beta-lactamase KPC-215.	100.0	card
contig_9	card~~~KPC-214~~~PP194261.1:0-882~~~carbapenem;cephalosporin;monobactam;penicillin_beta-lactam	99.773	882	2	0	76689	77570	1	882	0.0	1618	79498	882	card~~~KPC-214~~~PP194261.1:0-882~~~carbapenem;cephalosporin;monobactam;penicillin_beta-lactam Inhibitor-resistant carbapenem-hydrolyzing class A beta-lactamase KPC-214.	100.0	card
contig_9	card~~~KPC-213~~~PP194260.1:0-882~~~carbapenem;cephalosporin;monobactam;penicillin_beta-lactam	99.773	882	2	0	76689	77570	1	882	0.0	1618	79498	882	card~~~KPC-213~~~PP194260.1:0-882~~~carbapenem;cephalosporin;monobactam;penicillin_beta-lactam Inhibitor-resistant carbapenem-hydrolyzing class A beta-lactamase KPC-213.	100.0	card
contig_9	card~~~KPC-212~~~PP194259.1:0-882~~~carbapenem;cephalosporin;monobactam;penicillin_beta-lactam	99.773	882	2	0	76689	77570	1	882	0.0	1618	79498	882	card~~~KPC-212~~~PP194259.1:0-882~~~carbapenem;cephalosporin;monobactam;penicillin_beta-lactam Carbapenem-hydrolyzing class A beta-lactamase KPC-212.	100.0	card
contig_9	card~~~KPC-21~~~NG_049254.1:0-882~~~carbapenem;cephalosporin;monobactam;penicillin_beta-lactam	99.773	882	2	0	76689	77570	1	882	0.0	1618	79498	882	card~~~KPC-21~~~NG_049254.1:0-882~~~carbapenem;cephalosporin;monobactam;penicillin_beta-lactam KPC-21 is a beta-lactamase. Name originally from the historical Lahey list of beta-lactamases, some of which did not include sequence data.	100.0	card
contig_9	card~~~KPC-195~~~OR590804.1:0-882~~~carbapenem;cephalosporin;monobactam;penicillin_beta-lactam	99.773	882	2	0	76689	77570	1	882	0.0	1618	79498	882	card~~~KPC-195~~~OR590804.1:0-882~~~carbapenem;cephalosporin;monobactam;penicillin_beta-lactam Carbapenem-hydrolyzing class A beta-lactamase KPC-195.	100.0	card
contig_9	card~~~KPC-19~~~KJ775801.1:0-882~~~carbapenem;cephalosporin;monobactam;penicillin_beta-lactam	99.773	882	2	0	76689	77570	1	882	0.0	1618	79498	882	card~~~KPC-19~~~KJ775801.1:0-882~~~carbapenem;cephalosporin;monobactam;penicillin_beta-lactam KPC-19 is a beta-lactamase. Name originally from the historical Lahey list of beta-lactamases, some of which did not include sequence data.	100.0	card
contig_9	card~~~KPC-182~~~OR282796.1:0-882~~~carbapenem;cephalosporin;monobactam;penicillin_beta-lactam	99.773	882	2	0	76689	77570	1	882	0.0	1618	79498	882	card~~~KPC-182~~~OR282796.1:0-882~~~carbapenem;cephalosporin;monobactam;penicillin_beta-lactam Carbapenem-hydrolyzing class A beta-lactamase KPC-182.	100.0	card
contig_9	card~~~KPC-181~~~OR282795.1:0-882~~~carbapenem;cephalosporin;monobactam;penicillin_beta-lactam	99.773	882	2	0	76689	77570	1	882	0.0	1618	79498	882	card~~~KPC-181~~~OR282795.1:0-882~~~carbapenem;cephalosporin;monobactam;penicillin_beta-lactam Carbapenem-hydrolyzing class A beta-lactamase KPC-181.	100.0	card
contig_9	card~~~KPC-180~~~OR206047.1:1-883~~~carbapenem;cephalosporin;monobactam;penicillin_beta-lactam	99.773	882	2	0	76689	77570	1	882	0.0	1618	79498	882	card~~~KPC-180~~~OR206047.1:1-883~~~carbapenem;cephalosporin;monobactam;penicillin_beta-lactam Inhibitor-resistant carbapenem-hydrolyzing class A beta-lactamase KPC-180.	100.0	card
contig_9	card~~~KPC-18~~~KP681699.1:0-882~~~carbapenem;cephalosporin;monobactam;penicillin_beta-lactam	99.773	882	2	0	76689	77570	1	882	0.0	1618	79498	882	card~~~KPC-18~~~KP681699.1:0-882~~~carbapenem;cephalosporin;monobactam;penicillin_beta-lactam KPC-18 is a beta-lactamase. Name originally from the historical Lahey list of beta-lactamases, some of which did not include sequence data.	100.0	card
contig_9	card~~~KPC-176~~~OR687591.1:0-882~~~carbapenem;cephalosporin;monobactam;penicillin_beta-lactam	99.773	882	2	0	76689	77570	1	882	0.0	1618	79498	882	card~~~KPC-176~~~OR687591.1:0-882~~~carbapenem;cephalosporin;monobactam;penicillin_beta-lactam Inhibitor-resistant carbapenem-hydrolyzing class A beta-lactamase KPC-176.	100.0	card
contig_9	card~~~KPC-172~~~OQ856771.1:0-882~~~carbapenem;cephalosporin;monobactam;penicillin_beta-lactam	99.773	882	2	0	76689	77570	1	882	0.0	1618	79498	882	card~~~KPC-172~~~OQ856771.1:0-882~~~carbapenem;cephalosporin;monobactam;penicillin_beta-lactam Inhibitor-resistant extended-spectrum class A beta-lactamase KPC-172.	100.0	card
contig_9	card~~~KPC-170~~~OR449906.1:0-882~~~carbapenem;cephalosporin;monobactam;penicillin_beta-lactam	99.773	882	2	0	76689	77570	1	882	0.0	1618	79498	882	card~~~KPC-170~~~OR449906.1:0-882~~~carbapenem;cephalosporin;monobactam;penicillin_beta-lactam Inhibitor-resistant extended-spectrum class A beta-lactamase KPC-170.	100.0	card
contig_9	card~~~KPC-17~~~KC465200.1:0-882~~~carbapenem;cephalosporin;monobactam;penicillin_beta-lactam	99.773	882	2	0	76689	77570	1	882	0.0	1618	79498	882	card~~~KPC-17~~~KC465200.1:0-882~~~carbapenem;cephalosporin;monobactam;penicillin_beta-lactam KPC-17 is a beta-lactamase. Name originally from the historical Lahey list of beta-lactamases, some of which did not include sequence data.	100.0	card
contig_9	card~~~KPC-168~~~OR568564.1:0-882~~~carbapenem;cephalosporin;monobactam;penicillin_beta-lactam	99.773	882	2	0	76689	77570	1	882	0.0	1618	79498	882	card~~~KPC-168~~~OR568564.1:0-882~~~carbapenem;cephalosporin;monobactam;penicillin_beta-lactam Inhibitor-resistant carbapenem-hydrolyzing class A beta-lactamase KPC-168.	100.0	card
contig_9	card~~~KPC-165~~~OQ579141.1:0-882~~~carbapenem;cephalosporin;monobactam;penicillin_beta-lactam	99.773	882	2	0	76689	77570	1	882	0.0	1618	79498	882	card~~~KPC-165~~~OQ579141.1:0-882~~~carbapenem;cephalosporin;monobactam;penicillin_beta-lactam Carbapenem-hydrolyzing class A beta-lactamase KPC-165.	100.0	card
contig_9	card~~~KPC-158~~~OQ305823.1:0-882~~~carbapenem;cephalosporin;monobactam;penicillin_beta-lactam	99.773	882	2	0	76689	77570	1	882	0.0	1618	79498	882	card~~~KPC-158~~~OQ305823.1:0-882~~~carbapenem;cephalosporin;monobactam;penicillin_beta-lactam Inhibitor-resistant carbapenem-hydrolyzing class A beta-lactamase KPC-158.	100.0	card
contig_9	card~~~KPC-157~~~JAPQEX020000004.1:57056-57938~~~carbapenem;cephalosporin;monobactam;penicillin_beta-lactam	99.773	882	2	0	76689	77570	1	882	0.0	1618	79498	882	card~~~KPC-157~~~JAPQEX020000004.1:57056-57938~~~carbapenem;cephalosporin;monobactam;penicillin_beta-lactam Carbapenem-hydrolyzing class A beta-lactamase KPC-157.	100.0	card
contig_9	card~~~KPC-156~~~OQ390084.1:286-1168~~~carbapenem;cephalosporin;monobactam;penicillin_beta-lactam	99.773	882	2	0	76689	77570	1	882	0.0	1618	79498	882	card~~~KPC-156~~~OQ390084.1:286-1168~~~carbapenem;cephalosporin;monobactam;penicillin_beta-lactam Carbapenem-hydrolyzing class A beta-lactamase KPC-156.	100.0	card
contig_9	card~~~KPC-147~~~OP696904.1:0-882~~~carbapenem;cephalosporin;monobactam;penicillin_beta-lactam	99.773	882	2	0	76689	77570	1	882	0.0	1618	79498	882	card~~~KPC-147~~~OP696904.1:0-882~~~carbapenem;cephalosporin;monobactam;penicillin_beta-lactam Carbapenem-hydrolyzing class A beta-lactamase KPC-147.	100.0	card
contig_9	card~~~KPC-146~~~OP696903.1:0-882~~~carbapenem;cephalosporin;monobactam;penicillin_beta-lactam	99.773	882	2	0	76689	77570	1	882	0.0	1618	79498	882	card~~~KPC-146~~~OP696903.1:0-882~~~carbapenem;cephalosporin;monobactam;penicillin_beta-lactam Carbapenem-hydrolyzing class A beta-lactamase KPC-146.	100.0	card
contig_9	card~~~KPC-144~~~OP559533.1:0-882~~~carbapenem;cephalosporin;monobactam;penicillin_beta-lactam	99.773	882	2	0	76689	77570	1	882	0.0	1618	79498	882	card~~~KPC-144~~~OP559533.1:0-882~~~carbapenem;cephalosporin;monobactam;penicillin_beta-lactam Inhibitor-resistant carbapenem-hydrolyzing class A beta-lactamase KPC-144.	100.0	card
contig_9	card~~~KPC-136~~~OQ579152.1:0-882~~~carbapenem;cephalosporin;monobactam;penicillin_beta-lactam	99.773	882	2	0	76689	77570	1	882	0.0	1618	79498	882	card~~~KPC-136~~~OQ579152.1:0-882~~~carbapenem;cephalosporin;monobactam;penicillin_beta-lactam Carbapenem-hydrolyzing class A beta-lactamase KPC-136.	100.0	card
contig_9	card~~~KPC-131~~~ON823194.1:2214-1332~~~carbapenem;cephalosporin;monobactam;penicillin_beta-lactam	99.773	882	2	0	76689	77570	1	882	0.0	1618	79498	882	card~~~KPC-131~~~ON823194.1:2214-1332~~~carbapenem;cephalosporin;monobactam;penicillin_beta-lactam Carbapenem-hydrolyzing class A beta-lactamase KPC-131.	100.0	card
contig_9	card~~~KPC-13~~~HQ342889.1:0-882~~~carbapenem;cephalosporin;monobactam;penicillin_beta-lactam	99.773	882	2	0	76689	77570	1	882	0.0	1618	79498	882	card~~~KPC-13~~~HQ342889.1:0-882~~~carbapenem;cephalosporin;monobactam;penicillin_beta-lactam KPC-13 is a beta-lactamase. Name originally from the historical Lahey list of beta-lactamases, some of which did not include sequence data.	100.0	card
contig_9	card~~~KPC-126~~~OM830488.1:882-0~~~carbapenem;cephalosporin;monobactam;penicillin_beta-lactam	99.773	882	2	0	76689	77570	1	882	0.0	1618	79498	882	card~~~KPC-126~~~OM830488.1:882-0~~~carbapenem;cephalosporin;monobactam;penicillin_beta-lactam Carbapenem-hydrolyzing class A beta-lactamase KPC-126.	100.0	card
contig_9	card~~~KPC-12~~~HQ641421.1:0-882~~~carbapenem;cephalosporin;monobactam;penicillin_beta-lactam	99.773	882	2	0	76689	77570	1	882	0.0	1618	79498	882	card~~~KPC-12~~~HQ641421.1:0-882~~~carbapenem;cephalosporin;monobactam;penicillin_beta-lactam KPC-12 is a beta-lactamase. Name originally from the historical Lahey list of beta-lactamases, some of which did not include sequence data.	100.0	card
contig_9	card~~~KPC-119~~~OM933713.1:882-0~~~carbapenem;cephalosporin;monobactam;penicillin_beta-lactam	99.773	882	2	0	76689	77570	1	882	0.0	1618	79498	882	card~~~KPC-119~~~OM933713.1:882-0~~~carbapenem;cephalosporin;monobactam;penicillin_beta-lactam Carbapenem-hydrolyzing class A beta-lactamase KPC-119.	100.0	card
contig_9	card~~~KPC-118~~~OM933712.1:882-0~~~carbapenem;cephalosporin;monobactam;penicillin_beta-lactam	99.773	882	2	0	76689	77570	1	882	0.0	1618	79498	882	card~~~KPC-118~~~OM933712.1:882-0~~~carbapenem;cephalosporin;monobactam;penicillin_beta-lactam Carbapenem-hydrolyzing class A beta-lactamase KPC-118.	100.0	card
contig_9	card~~~KPC-116~~~OM729575.1:882-0~~~carbapenem;cephalosporin;monobactam;penicillin_beta-lactam	99.773	882	2	0	76689	77570	1	882	0.0	1618	79498	882	card~~~KPC-116~~~OM729575.1:882-0~~~carbapenem;cephalosporin;monobactam;penicillin_beta-lactam Carbapenem-hydrolyzing class A beta-lactamase KPC-116.	100.0	card
contig_9	card~~~KPC-111~~~OL744330.1:12172-13054~~~carbapenem;cephalosporin;monobactam;penicillin_beta-lactam	99.773	882	2	0	76689	77570	1	882	0.0	1618	79498	882	card~~~KPC-111~~~OL744330.1:12172-13054~~~carbapenem;cephalosporin;monobactam;penicillin_beta-lactam Inhibitor-resistant class A beta-lactamase KPC-111.	100.0	card
contig_9	card~~~KPC-110~~~CP100313.1:38092-37210~~~carbapenem;cephalosporin;monobactam;penicillin_beta-lactam	99.773	882	2	0	76689	77570	1	882	0.0	1618	79498	882	card~~~KPC-110~~~CP100313.1:38092-37210~~~carbapenem;cephalosporin;monobactam;penicillin_beta-lactam Inhibitor-resistant class A beta-lactamase KPC-110.	100.0	card
contig_9	card~~~KPC-11~~~HM066995.1:0-882~~~carbapenem;cephalosporin;monobactam;penicillin_beta-lactam	99.773	882	2	0	76689	77570	1	882	0.0	1618	79498	882	card~~~KPC-11~~~HM066995.1:0-882~~~carbapenem;cephalosporin;monobactam;penicillin_beta-lactam KPC-11 is a beta-lactamase found in Klebsiella pneumoniae.	100.0	card
contig_9	card~~~KPC-100~~~ON521726.1:913-31~~~carbapenem;cephalosporin;monobactam;penicillin_beta-lactam	99.773	882	2	0	76689	77570	1	882	0.0	1618	79498	882	card~~~KPC-100~~~ON521726.1:913-31~~~carbapenem;cephalosporin;monobactam;penicillin_beta-lactam KPC-100 is an inhibitor-resistant carbapenem-hydrolyzing KPC beta-lactamase.	100.0	card
contig_9	card~~~KPC-216~~~PP379169.1:0-885~~~carbapenem;cephalosporin;monobactam;penicillin_beta-lactam	99.661	885	0	1	76689	77570	1	885	0.0	1615	79498	885	card~~~KPC-216~~~PP379169.1:0-885~~~carbapenem;cephalosporin;monobactam;penicillin_beta-lactam Inhibitor-resistant carbapenem-hydrolyzing class A beta-lactamase KPC-216.	100.0	card
contig_9	card~~~KPC-121~~~OM933717.1:0-885~~~carbapenem;cephalosporin;monobactam;penicillin_beta-lactam	99.661	885	0	1	76689	77570	1	885	0.0	1615	79498	885	card~~~KPC-121~~~OM933717.1:0-885~~~carbapenem;cephalosporin;monobactam;penicillin_beta-lactam Carbapenem-hydrolyzing class A beta-lactamase KPC-121.	100.0	card
contig_9	card~~~KPC-51~~~MN725731.1:0-882~~~carbapenem;cephalosporin;monobactam;penicillin_beta-lactam	99.66	882	3	0	76689	77570	1	882	0.0	1613	79498	882	card~~~KPC-51~~~MN725731.1:0-882~~~carbapenem;cephalosporin;monobactam;penicillin_beta-lactam Inhibitor-resistant class A extended-spectrum beta-lactamase kpc-51 [Klebsiella pneumoniae] Accession: WP_158208923.1.	100.0	card
contig_9	card~~~KPC-4~~~EU447304.1:14-896~~~carbapenem;cephalosporin;monobactam;penicillin_beta-lactam	99.66	882	3	0	76689	77570	1	882	0.0	1613	79498	882	card~~~KPC-4~~~EU447304.1:14-896~~~carbapenem;cephalosporin;monobactam;penicillin_beta-lactam KPC-4 is a beta-lactamase found in Klebsiella pneumoniae.	100.0	card
contig_9	card~~~KPC-37~~~MH718730.1:0-882~~~carbapenem;cephalosporin;monobactam;penicillin_beta-lactam	99.66	882	3	0	76689	77570	1	882	0.0	1613	79498	882	card~~~KPC-37~~~MH718730.1:0-882~~~carbapenem;cephalosporin;monobactam;penicillin_beta-lactam Carbapenem-hydrolyzing class A beta-lactamase kpc-37 [Klebsiella pneumoniae] Accession: WP_116786832.1.	100.0	card
contig_9	card~~~KPC-234~~~PQ311675.1:0-882~~~carbapenem;cephalosporin;monobactam;penicillin_beta-lactam	99.66	882	3	0	76689	77570	1	882	0.0	1613	79498	882	card~~~KPC-234~~~PQ311675.1:0-882~~~carbapenem;cephalosporin;monobactam;penicillin_beta-lactam Inhibitor-resistant carbapenem-hydrolyzing class A beta-lactamase KPC-234.	100.0	card
contig_9	card~~~KPC-22~~~KM379100.1:0-882~~~carbapenem;cephalosporin;monobactam;penicillin_beta-lactam	99.66	882	3	0	76689	77570	1	882	0.0	1613	79498	882	card~~~KPC-22~~~KM379100.1:0-882~~~carbapenem;cephalosporin;monobactam;penicillin_beta-lactam KPC-22 is a beta-lactamase. Name originally from the historical Lahey list of beta-lactamases, some of which did not include sequence data.	100.0	card
contig_9	card~~~KPC-208~~~PP125176.1:0-882~~~carbapenem;cephalosporin;monobactam;penicillin_beta-lactam	99.66	882	3	0	76689	77570	1	882	0.0	1613	79498	882	card~~~KPC-208~~~PP125176.1:0-882~~~carbapenem;cephalosporin;monobactam;penicillin_beta-lactam Inhibitor-resistant extended-spectrum class A beta-lactamase KPC-208.	100.0	card
contig_9	card~~~KPC-194~~~OR578928.1:0-882~~~carbapenem;cephalosporin;monobactam;penicillin_beta-lactam	99.66	882	3	0	76689	77570	1	882	0.0	1613	79498	882	card~~~KPC-194~~~OR578928.1:0-882~~~carbapenem;cephalosporin;monobactam;penicillin_beta-lactam Inhibitor-resistant extended-spectrum class A beta-lactamase KPC-194.	100.0	card
contig_9	card~~~KPC-190~~~OR499110.1:0-882~~~carbapenem;cephalosporin;monobactam;penicillin_beta-lactam	99.66	882	3	0	76689	77570	1	882	0.0	1613	79498	882	card~~~KPC-190~~~OR499110.1:0-882~~~carbapenem;cephalosporin;monobactam;penicillin_beta-lactam Inhibitor-resistant class A beta-lactamase KPC-190.	100.0	card
contig_9	card~~~KPC-189~~~OR501577.1:0-882~~~carbapenem;cephalosporin;monobactam;penicillin_beta-lactam	99.66	882	3	0	76689	77570	1	882	0.0	1613	79498	882	card~~~KPC-189~~~OR501577.1:0-882~~~carbapenem;cephalosporin;monobactam;penicillin_beta-lactam Extended-spectrum class A beta-lactamase KPC-189.	100.0	card
contig_9	card~~~KPC-187~~~OR466751.1:0-882~~~carbapenem;cephalosporin;monobactam;penicillin_beta-lactam	99.66	882	3	0	76689	77570	1	882	0.0	1613	79498	882	card~~~KPC-187~~~OR466751.1:0-882~~~carbapenem;cephalosporin;monobactam;penicillin_beta-lactam Inhibitor-resistant class A beta-lactamase KPC-187.	100.0	card
contig_9	card~~~KPC-145~~~OP626310.1:0-882~~~carbapenem;cephalosporin;monobactam;penicillin_beta-lactam	99.66	882	3	0	76689	77570	1	882	0.0	1613	79498	882	card~~~KPC-145~~~OP626310.1:0-882~~~carbapenem;cephalosporin;monobactam;penicillin_beta-lactam Inhibitor-resistant extended-spectrum class A beta-lactamase KPC-145.	100.0	card
contig_9	card~~~KPC-143~~~OP503891.1:0-882~~~carbapenem;cephalosporin;monobactam;penicillin_beta-lactam	99.66	882	3	0	76689	77570	1	882	0.0	1613	79498	882	card~~~KPC-143~~~OP503891.1:0-882~~~carbapenem;cephalosporin;monobactam;penicillin_beta-lactam Inhibitor-resistant carbapenem-hydrolyzing class A beta-lactamase KPC-143.	100.0	card
contig_9	card~~~KPC-137~~~OR596987.1:0-882~~~carbapenem;cephalosporin;monobactam;penicillin_beta-lactam	99.66	882	3	0	76689	77570	1	882	0.0	1613	79498	882	card~~~KPC-137~~~OR596987.1:0-882~~~carbapenem;cephalosporin;monobactam;penicillin_beta-lactam Inhibitor-resistant class A beta-lactamase KPC-137.	100.0	card
contig_9	card~~~KPC-128~~~ON521727.1:5-887~~~carbapenem;cephalosporin;monobactam;penicillin_beta-lactam	99.66	882	3	0	76689	77570	1	882	0.0	1613	79498	882	card~~~KPC-128~~~ON521727.1:5-887~~~carbapenem;cephalosporin;monobactam;penicillin_beta-lactam Carbapenem-hydrolyzing class A beta-lactamase KPC-128.	100.0	card
contig_9	card~~~KPC-120~~~OM933715.1:0-882~~~carbapenem;cephalosporin;monobactam;penicillin_beta-lactam	99.66	882	3	0	76689	77570	1	882	0.0	1613	79498	882	card~~~KPC-120~~~OM933715.1:0-882~~~carbapenem;cephalosporin;monobactam;penicillin_beta-lactam Carbapenem-hydrolyzing class A beta-lactamase KPC-120.	100.0	card
contig_9	card~~~KPC-102~~~OK652013.1:0-882~~~carbapenem;cephalosporin;monobactam;penicillin_beta-lactam	99.66	882	3	0	76689	77570	1	882	0.0	1613	79498	882	card~~~KPC-102~~~OK652013.1:0-882~~~carbapenem;cephalosporin;monobactam;penicillin_beta-lactam Carbapenem-hydrolyzing class A beta-lactamase KPC-102.	100.0	card
contig_9	card~~~KPC-94~~~MZ646140.1:0-879~~~carbapenem;cephalosporin;monobactam;penicillin_beta-lactam	99.66	882	0	1	76689	77570	1	879	0.0	1609	79498	879	card~~~KPC-94~~~MZ646140.1:0-879~~~carbapenem;cephalosporin;monobactam;penicillin_beta-lactam KPC-94 is a mutated carbapenemase allele found in Klebsiella pneumoniae.	100.34129692832765	card
contig_9	card~~~KPC-71~~~NG_070895.1:0-885~~~carbapenem;cephalosporin;monobactam;penicillin_beta-lactam	99.548	885	1	1	76689	77570	1	885	0.0	1609	79498	885	card~~~KPC-71~~~NG_070895.1:0-885~~~carbapenem;cephalosporin;monobactam;penicillin_beta-lactam KPC-71 is a KPC beta-lactamase.	100.0	card
contig_9	card~~~KPC-239~~~PQ394552.1:0-879~~~carbapenem;cephalosporin;monobactam;penicillin_beta-lactam	99.66	882	0	1	76689	77570	1	879	0.0	1609	79498	879	card~~~KPC-239~~~PQ394552.1:0-879~~~carbapenem;cephalosporin;monobactam;penicillin_beta-lactam Carbapenem-hydrolyzing class A beta-lactamase KPC-239.	100.34129692832765	card
contig_9	card~~~KPC-175~~~OQ856774.1:0-885~~~carbapenem;cephalosporin;monobactam;penicillin_beta-lactam	99.548	885	1	1	76689	77570	1	885	0.0	1609	79498	885	card~~~KPC-175~~~OQ856774.1:0-885~~~carbapenem;cephalosporin;monobactam;penicillin_beta-lactam Inhibitor-resistant extended-spectrum class A beta-lactamase KPC-175.	100.0	card
contig_9	card~~~KPC-113~~~OM728506.1:0-885~~~carbapenem;cephalosporin;monobactam;penicillin_beta-lactam	99.548	885	1	1	76689	77570	1	885	0.0	1609	79498	885	card~~~KPC-113~~~OM728506.1:0-885~~~carbapenem;cephalosporin;monobactam;penicillin_beta-lactam Inhibitor-resistant carbapenem-hydrolyzing class A beta-lactamase KPC-113.	100.0	card
contig_9	card~~~KPC-218~~~PP693363.1:0-882~~~carbapenem;cephalosporin;monobactam;penicillin_beta-lactam	99.546	882	4	0	76689	77570	1	882	0.0	1607	79498	882	card~~~KPC-218~~~PP693363.1:0-882~~~carbapenem;cephalosporin;monobactam;penicillin_beta-lactam Inhibitor-resistant class A beta-lactamase KPC-218.	100.0	card
contig_9	card~~~KPC-217~~~PP693362.1:0-882~~~carbapenem;cephalosporin;monobactam;penicillin_beta-lactam	99.546	882	4	0	76689	77570	1	882	0.0	1607	79498	882	card~~~KPC-217~~~PP693362.1:0-882~~~carbapenem;cephalosporin;monobactam;penicillin_beta-lactam Inhibitor-resistant class A beta-lactamase KPC-217.	100.0	card
contig_9	card~~~KPC-16~~~KC465199.1:0-882~~~carbapenem;cephalosporin;monobactam;penicillin_beta-lactam	99.546	882	4	0	76689	77570	1	882	0.0	1607	79498	882	card~~~KPC-16~~~KC465199.1:0-882~~~carbapenem;cephalosporin;monobactam;penicillin_beta-lactam KPC-16 is a beta-lactamase. Name originally from the historical Lahey list of beta-lactamases, some of which did not include sequence data.	100.0	card
contig_9	card~~~KPC-87~~~MZ067230.1:0-879~~~carbapenem;cephalosporin;monobactam;penicillin_beta-lactam	99.546	882	1	1	76689	77570	1	879	0.0	1604	79498	879	card~~~KPC-87~~~MZ067230.1:0-879~~~carbapenem;cephalosporin;monobactam;penicillin_beta-lactam KPC-87 is a chromosome-encoded carbapenemase found in Klebsiella pneumonia.	100.34129692832765	card
contig_9	card~~~KPC-81~~~NG_073470.1:0-879~~~carbapenem;cephalosporin;monobactam;penicillin_beta-lactam	99.546	882	1	1	76689	77570	1	879	0.0	1604	79498	879	card~~~KPC-81~~~NG_073470.1:0-879~~~carbapenem;cephalosporin;monobactam;penicillin_beta-lactam KPC-81 is a KPC beta-lactamase.	100.34129692832765	card
contig_9	card~~~KPC-64~~~NG_073467.1:0-885~~~carbapenem;cephalosporin;monobactam;penicillin_beta-lactam	99.435	885	2	1	76689	77570	1	885	0.0	1604	79498	885	card~~~KPC-64~~~NG_073467.1:0-885~~~carbapenem;cephalosporin;monobactam;penicillin_beta-lactam KPC-64 is a KPC beta-lactamase.	100.0	card
contig_9	card~~~KPC-52~~~MN725732.1:0-885~~~carbapenem;cephalosporin;monobactam;penicillin_beta-lactam	99.435	885	2	1	76689	77570	1	885	0.0	1604	79498	885	card~~~KPC-52~~~MN725732.1:0-885~~~carbapenem;cephalosporin;monobactam;penicillin_beta-lactam Inhibitor-resistant class A extended-spectrum beta-lactamase kpc-52 [Klebsiella pneumoniae] Accession: WP_158208806.1.	100.0	card
contig_9	card~~~KPC-237~~~PQ394550.1:0-879~~~carbapenem;cephalosporin;monobactam;penicillin_beta-lactam	99.546	882	1	1	76689	77570	1	879	0.0	1604	79498	879	card~~~KPC-237~~~PQ394550.1:0-879~~~carbapenem;cephalosporin;monobactam;penicillin_beta-lactam Carbapenem-hydrolyzing class A beta-lactamase KPC-237.	100.34129692832765	card
contig_9	card~~~KPC-207~~~PP125175.1:0-885~~~carbapenem;cephalosporin;monobactam;penicillin_beta-lactam	99.435	885	2	1	76689	77570	1	885	0.0	1604	79498	885	card~~~KPC-207~~~PP125175.1:0-885~~~carbapenem;cephalosporin;monobactam;penicillin_beta-lactam Inhibitor-resistant extended-spectrum class A beta-lactamase KPC-207.	100.0	card
contig_9	card~~~KPC-191~~~OR499111.1:0-879~~~carbapenem;cephalosporin;monobactam;penicillin_beta-lactam	99.546	882	1	2	76689	77570	1	879	0.0	1604	79498	879	card~~~KPC-191~~~OR499111.1:0-879~~~carbapenem;cephalosporin;monobactam;penicillin_beta-lactam Inhibitor-resistant class A beta-lactamase KPC-191.	100.34129692832765	card
contig_9	card~~~KPC-179~~~OR115556.1:0-885~~~carbapenem;cephalosporin;monobactam;penicillin_beta-lactam	99.435	885	2	1	76689	77570	1	885	0.0	1604	79498	885	card~~~KPC-179~~~OR115556.1:0-885~~~carbapenem;cephalosporin;monobactam;penicillin_beta-lactam Class A beta-lactamase KPC-179.	100.0	card
contig_9	card~~~KPC-174~~~OQ856773.1:0-879~~~carbapenem;cephalosporin;monobactam;penicillin_beta-lactam	99.546	882	1	1	76689	77570	1	879	0.0	1604	79498	879	card~~~KPC-174~~~OQ856773.1:0-879~~~carbapenem;cephalosporin;monobactam;penicillin_beta-lactam Inhibitor-resistant carbapenem-hydrolyzing class A beta-lactamase KPC-174.	100.34129692832765	card
contig_9	card~~~KPC-166~~~OQ592369.1:961-82~~~carbapenem;cephalosporin;monobactam;penicillin_beta-lactam	99.546	882	1	1	76689	77570	1	879	0.0	1604	79498	879	card~~~KPC-166~~~OQ592369.1:961-82~~~carbapenem;cephalosporin;monobactam;penicillin_beta-lactam Carbapenem-hydrolyzing class A beta-lactamase KPC-166.	100.34129692832765	card
contig_9	card~~~KPC-141~~~OP503889.1:0-885~~~carbapenem;cephalosporin;monobactam;penicillin_beta-lactam	99.435	885	2	1	76689	77570	1	885	0.0	1604	79498	885	card~~~KPC-141~~~OP503889.1:0-885~~~carbapenem;cephalosporin;monobactam;penicillin_beta-lactam Inhibitor-resistant carbapenem-hydrolyzing class A beta-lactamase KPC-141.	100.0	card
contig_9	card~~~KPC-69~~~MT809700.1:38112-37224~~~carbapenem;cephalosporin;monobactam;penicillin_beta-lactam	99.324	888	0	1	76689	77570	1	888	0.0	1602	79498	888	card~~~KPC-69~~~MT809700.1:38112-37224~~~carbapenem;cephalosporin;monobactam;penicillin_beta-lactam Inhibitor-resistant extended-spectrum class A beta-lactamase KPC-69.	100.0	card
contig_9	card~~~KPC-68~~~MT809698.1:12172-13060~~~carbapenem;cephalosporin;monobactam;penicillin_beta-lactam	99.324	888	0	1	76689	77570	1	888	0.0	1602	79498	888	card~~~KPC-68~~~MT809698.1:12172-13060~~~carbapenem;cephalosporin;monobactam;penicillin_beta-lactam Inhibitor-resistant extended-spectrum class A beta-lactamase KPC-68.	100.0	card
contig_9	card~~~KPC-65~~~NG_073468.1:0-888~~~carbapenem;cephalosporin;monobactam;penicillin_beta-lactam	99.324	888	0	1	76689	77570	1	888	0.0	1602	79498	888	card~~~KPC-65~~~NG_073468.1:0-888~~~carbapenem;cephalosporin;monobactam;penicillin_beta-lactam KPC-65 is a KPC beta-lactamase.	100.0	card
contig_9	card~~~KPC-53~~~CP058327.1:65773-64885~~~carbapenem;cephalosporin;monobactam;penicillin_beta-lactam	99.324	888	0	1	76689	77570	1	888	0.0	1602	79498	888	card~~~KPC-53~~~CP058327.1:65773-64885~~~carbapenem;cephalosporin;monobactam;penicillin_beta-lactam Inhibitor-resistant extended-spectrum class A beta-lactamase KPC-53.	100.0	card
contig_9	card~~~KPC-185~~~OR359279.1:0-879~~~carbapenem;cephalosporin;monobactam;penicillin_beta-lactam	99.433	882	2	1	76689	77570	1	879	0.0	1598	79498	879	card~~~KPC-185~~~OR359279.1:0-879~~~carbapenem;cephalosporin;monobactam;penicillin_beta-lactam Inhibitor-resistant extended-spectrum class A beta-lactamase KPC-185.	100.34129692832765	card
contig_9	card~~~KPC-155~~~OQ139542.1:0-879~~~carbapenem;cephalosporin;monobactam;penicillin_beta-lactam	99.433	882	2	1	76689	77570	1	879	0.0	1598	79498	879	card~~~KPC-155~~~OQ139542.1:0-879~~~carbapenem;cephalosporin;monobactam;penicillin_beta-lactam Inhibitor-resistant class A beta-lactamase KPC-155.	100.34129692832765	card
contig_9	card~~~KPC-90~~~MZ570431.1:0-888~~~carbapenem;cephalosporin;monobactam;penicillin_beta-lactam	99.212	888	1	1	76689	77570	1	888	0.0	1596	79498	888	card~~~KPC-90~~~MZ570431.1:0-888~~~carbapenem;cephalosporin;monobactam;penicillin_beta-lactam KPC-90 is a KPC beta-lactamase.	100.0	card
contig_9	card~~~KPC-82~~~NG_073471.1:0-888~~~carbapenem;cephalosporin;monobactam;penicillin_beta-lactam	99.212	888	1	1	76689	77570	1	888	0.0	1596	79498	888	card~~~KPC-82~~~NG_073471.1:0-888~~~carbapenem;cephalosporin;monobactam;penicillin_beta-lactam KPC-82 is a KPC beta-lactamase.	100.0	card
contig_9	card~~~KPC-40~~~QRBR01000058.1:6221-7109~~~carbapenem;cephalosporin;monobactam;penicillin_beta-lactam	99.212	888	1	1	76689	77570	1	888	0.0	1596	79498	888	card~~~KPC-40~~~QRBR01000058.1:6221-7109~~~carbapenem;cephalosporin;monobactam;penicillin_beta-lactam Inhibitor-resistant carbapenem-hydrolyzing class A beta-lactamase kpc-40 [Enterobacter hormaechei] Accession: WP_115470049.1.	100.0	card
contig_9	card~~~KPC-25~~~NG_051167.1:0-888~~~carbapenem;cephalosporin;monobactam;penicillin_beta-lactam	99.212	888	1	1	76689	77570	1	888	0.0	1596	79498	888	card~~~KPC-25~~~NG_051167.1:0-888~~~carbapenem;cephalosporin;monobactam;penicillin_beta-lactam Carbapenem-hydrolyzing class A beta-lactamase kpc-25 [Klebsiella pneumoniae] Accession: WP_065419571.1.	100.0	card
contig_9	card~~~KPC-206~~~PP051499.1:0-888~~~carbapenem;cephalosporin;monobactam;penicillin_beta-lactam	99.212	888	1	1	76689	77570	1	888	0.0	1596	79498	888	card~~~KPC-206~~~PP051499.1:0-888~~~carbapenem;cephalosporin;monobactam;penicillin_beta-lactam Inhibitor-resistant extended-spectrum class A beta-lactamase KPC-206.	100.0	card
contig_9	card~~~KPC-173~~~OQ856772.1:0-888~~~carbapenem;cephalosporin;monobactam;penicillin_beta-lactam	99.212	888	1	1	76689	77570	1	888	0.0	1596	79498	888	card~~~KPC-173~~~OQ856772.1:0-888~~~carbapenem;cephalosporin;monobactam;penicillin_beta-lactam Inhibitor-resistant extended-spectrum class A beta-lactamase KPC-173.	100.0	card
contig_9	card~~~KPC-153~~~OP884096.1:0-888~~~carbapenem;cephalosporin;monobactam;penicillin_beta-lactam	99.212	888	1	1	76689	77570	1	888	0.0	1596	79498	888	card~~~KPC-153~~~OP884096.1:0-888~~~carbapenem;cephalosporin;monobactam;penicillin_beta-lactam Inhibitor-resistant extended-spectrum class A beta-lactamase KPC-153.	100.0	card
contig_9	card~~~KPC-114~~~OM728507.1:0-888~~~carbapenem;cephalosporin;monobactam;penicillin_beta-lactam	99.212	888	1	1	76689	77570	1	888	0.0	1596	79498	888	card~~~KPC-114~~~OM728507.1:0-888~~~carbapenem;cephalosporin;monobactam;penicillin_beta-lactam Inhibitor-resistant carbapenem-hydrolyzing class A beta-lactamase KPC-114.	100.0	card
contig_9	card~~~KPC-101~~~OK086805.1:0-888~~~carbapenem;cephalosporin;monobactam;penicillin_beta-lactam	99.212	888	1	1	76689	77570	1	888	0.0	1596	79498	888	card~~~KPC-101~~~OK086805.1:0-888~~~carbapenem;cephalosporin;monobactam;penicillin_beta-lactam Inhibitor-resistant carbapenem-hydrolyzing class A beta-lactamase KPC-101.	100.0	card
contig_9	card~~~KPC-117~~~OM933711.1:894-0~~~carbapenem;cephalosporin;monobactam;penicillin_beta-lactam	99.884	865	1	0	76706	77570	30	894	0.0	1592	79498	894	card~~~KPC-117~~~OM933711.1:894-0~~~carbapenem;cephalosporin;monobactam;penicillin_beta-lactam Inhibitor-resistant carbapenem-hydrolyzing class A beta-lactamase KPC-117.	96.75615212527964	card
contig_9	card~~~KPC-92~~~MZ461464.1:0-876~~~carbapenem;cephalosporin;monobactam;penicillin_beta-lactam	99.32	882	0	1	76689	77570	1	876	0.0	1591	79498	876	card~~~KPC-92~~~MZ461464.1:0-876~~~carbapenem;cephalosporin;monobactam;penicillin_beta-lactam Inhibitor-resistant extended-spectrum class A beta-lactamase KPC-92.	100.68493150684931	card
contig_9	card~~~KPC-66~~~NG_070739.1:0-876~~~carbapenem;cephalosporin;monobactam;penicillin_beta-lactam	99.32	882	0	1	76689	77570	1	876	0.0	1591	79498	876	card~~~KPC-66~~~NG_070739.1:0-876~~~carbapenem;cephalosporin;monobactam;penicillin_beta-lactam KPC-66 is a KPC beta-lactamase.	100.68493150684931	card
contig_9	card~~~KPC-28~~~KY282958.1:0-876~~~carbapenem;cephalosporin;monobactam;penicillin_beta-lactam	99.32	882	0	1	76689	77570	1	876	0.0	1591	79498	876	card~~~KPC-28~~~KY282958.1:0-876~~~carbapenem;cephalosporin;monobactam;penicillin_beta-lactam Inhibitor-resistant class A extended-spectrum beta-lactamase kpc-28 [Escherichia coli] Accession: WP_072081992.1.	100.68493150684931	card
contig_9	card~~~KPC-196~~~OR612035.1:0-888~~~carbapenem;cephalosporin;monobactam;penicillin_beta-lactam	99.099	888	2	1	76689	77570	1	888	0.0	1591	79498	888	card~~~KPC-196~~~OR612035.1:0-888~~~carbapenem;cephalosporin;monobactam;penicillin_beta-lactam Inhibitor-resistant carbapenem-hydrolyzing class A beta-lactamase KPC-196.	100.0	card
contig_9	card~~~KPC-127~~~ON521725.1:919-31~~~carbapenem;cephalosporin;monobactam;penicillin_beta-lactam	99.099	888	2	1	76689	77570	1	888	0.0	1591	79498	888	card~~~KPC-127~~~ON521725.1:919-31~~~carbapenem;cephalosporin;monobactam;penicillin_beta-lactam Carbapenem-hydrolyzing class A beta-lactamase KPC-127.	100.0	card
contig_9	card~~~KPC-115~~~OM714909.1:0-876~~~carbapenem;cephalosporin;monobactam;penicillin_beta-lactam	99.32	882	0	1	76689	77570	1	876	0.0	1591	79498	876	card~~~KPC-115~~~OM714909.1:0-876~~~carbapenem;cephalosporin;monobactam;penicillin_beta-lactam Inhibitor-resistant class A beta-lactamase KPC-115.	100.68493150684931	card
contig_9	card~~~KPC-50~~~MN654342.1:0-891~~~carbapenem;cephalosporin;monobactam;penicillin_beta-lactam	98.99	891	0	1	76689	77570	1	891	0.0	1587	79498	891	card~~~KPC-50~~~MN654342.1:0-891~~~carbapenem;cephalosporin;monobactam;penicillin_beta-lactam Inhibitor-resistant class A beta-lactamase kpc-50 [Klebsiella pneumoniae] Accession: WP_171476788.1.	100.0	card
contig_9	card~~~KPC-29~~~KY563764.1:0-891~~~carbapenem;cephalosporin;monobactam;penicillin_beta-lactam	98.99	891	0	1	76689	77570	1	891	0.0	1587	79498	891	card~~~KPC-29~~~KY563764.1:0-891~~~carbapenem;cephalosporin;monobactam;penicillin_beta-lactam Carbapenem-hydrolyzing class A beta-lactamase kpc-29 [Klebsiella pneumoniae] Accession: WP_096807439.1.	100.0	card
contig_9	card~~~KPC-204~~~OR979533.1:0-891~~~carbapenem;cephalosporin;monobactam;penicillin_beta-lactam	98.99	891	0	2	76689	77570	1	891	0.0	1587	79498	891	card~~~KPC-204~~~OR979533.1:0-891~~~carbapenem;cephalosporin;monobactam;penicillin_beta-lactam Inhibitor-resistant carbapenem-hydrolyzing class A beta-lactamase KPC-204.	100.0	card
contig_9	card~~~TEM-90~~~AF351241.1:89-950~~~cephalosporin;monobactam;penicillin_beta-lactam	99.884	861	1	0	63778	64638	861	1	0.0	1585	79498	861	card~~~TEM-90~~~AF351241.1:89-950~~~cephalosporin;monobactam;penicillin_beta-lactam TEM-90 is a broad-spectrum beta-lactamase found in E. coli.	100.0	card
contig_9	card~~~TEM-54~~~AF104442.1:193-1054~~~cephalosporin;monobactam;penicillin_beta-lactam	99.884	861	1	0	63778	64638	861	1	0.0	1585	79498	861	card~~~TEM-54~~~AF104442.1:193-1054~~~cephalosporin;monobactam;penicillin_beta-lactam TEM-54 is an inhibitor-resistant beta-lactamase found in E. coli.	100.0	card
contig_9	card~~~TEM-248~~~OP142511.1:0-861~~~cephalosporin;monobactam;penicillin_beta-lactam	99.884	861	1	0	63778	64638	861	1	0.0	1585	79498	861	card~~~TEM-248~~~OP142511.1:0-861~~~cephalosporin;monobactam;penicillin_beta-lactam Class A beta-lactamase TEM-248.	100.0	card
contig_9	card~~~TEM-244~~~MZ026156.1:0-861~~~cephalosporin;monobactam;penicillin_beta-lactam	99.884	861	1	0	63778	64638	861	1	0.0	1585	79498	861	card~~~TEM-244~~~MZ026156.1:0-861~~~cephalosporin;monobactam;penicillin_beta-lactam TEM-244 is a TEM beta-lactamase.	100.0	card
contig_9	card~~~TEM-237~~~NG_062250.1:100-961~~~cephalosporin;monobactam;penicillin_beta-lactam	99.884	861	1	0	63778	64638	861	1	0.0	1585	79498	861	card~~~TEM-237~~~NG_062250.1:100-961~~~cephalosporin;monobactam;penicillin_beta-lactam TEM-237 is a beta-lactamase.	100.0	card
contig_9	card~~~TEM-231~~~NG_056418.1:0-861~~~cephalosporin;monobactam;penicillin_beta-lactam	99.884	861	1	0	63778	64638	861	1	0.0	1585	79498	861	card~~~TEM-231~~~NG_056418.1:0-861~~~cephalosporin;monobactam;penicillin_beta-lactam TEM-231 is a beta-lactamase.	100.0	card
contig_9	card~~~TEM-183~~~HQ529916.1:110-971~~~cephalosporin;monobactam;penicillin_beta-lactam	99.884	861	1	0	63778	64638	861	1	0.0	1585	79498	861	card~~~TEM-183~~~HQ529916.1:110-971~~~cephalosporin;monobactam;penicillin_beta-lactam TEM-183 is a broad-spectrum beta-lactamase.	100.0	card
contig_9	card~~~TEM-181~~~AM743197.2:2937-2076~~~cephalosporin;monobactam;penicillin_beta-lactam	99.884	861	1	0	63778	64638	861	1	0.0	1585	79498	861	card~~~TEM-181~~~AM743197.2:2937-2076~~~cephalosporin;monobactam;penicillin_beta-lactam TEM-181 is a beta-lactamase.	100.0	card
contig_9	card~~~TEM-171~~~GQ149347.1:5269-6130~~~cephalosporin;monobactam;penicillin_beta-lactam	99.884	861	1	0	63778	64638	861	1	0.0	1585	79498	861	card~~~TEM-171~~~GQ149347.1:5269-6130~~~cephalosporin;monobactam;penicillin_beta-lactam TEM-171 is a beta-lactamase.	100.0	card
contig_9	card~~~TEM-168~~~FJ919776.1:208-1069~~~cephalosporin;monobactam;penicillin_beta-lactam	99.884	861	1	0	63778	64638	861	1	0.0	1585	79498	861	card~~~TEM-168~~~FJ919776.1:208-1069~~~cephalosporin;monobactam;penicillin_beta-lactam TEM-168 is an extended-spectrum beta-lactamase.	100.0	card
contig_9	card~~~TEM-156~~~AM941159.1:208-1069~~~cephalosporin;monobactam;penicillin_beta-lactam	99.884	861	1	0	63778	64638	861	1	0.0	1585	79498	861	card~~~TEM-156~~~AM941159.1:208-1069~~~cephalosporin;monobactam;penicillin_beta-lactam TEM-156 is a TEM beta-lactamase.	100.0	card
contig_9	card~~~TEM-150~~~AM183304.1:208-1069~~~cephalosporin;monobactam;penicillin_beta-lactam	99.884	861	1	0	63778	64638	861	1	0.0	1585	79498	861	card~~~TEM-150~~~AM183304.1:208-1069~~~cephalosporin;monobactam;penicillin_beta-lactam TEM-150 is a beta-lactamase found in Enterobacter spp., E. coli, and Klebsiella pneumoniae.	100.0	card
contig_9	card~~~KPC-74~~~NG_070742.1:0-876~~~carbapenem;cephalosporin;monobactam;penicillin_beta-lactam	99.206	882	1	1	76689	77570	1	876	0.0	1585	79498	876	card~~~KPC-74~~~NG_070742.1:0-876~~~carbapenem;cephalosporin;monobactam;penicillin_beta-lactam KPC-74 is a KPC beta-lactamase.	100.68493150684931	card
contig_9	card~~~KPC-238~~~PQ394551.1:0-876~~~carbapenem;cephalosporin;monobactam;penicillin_beta-lactam	99.206	882	1	1	76689	77570	1	876	0.0	1585	79498	876	card~~~KPC-238~~~PQ394551.1:0-876~~~carbapenem;cephalosporin;monobactam;penicillin_beta-lactam Carbapenem-hydrolyzing class A beta-lactamase KPC-238.	100.68493150684931	card
contig_9	card~~~KPC-226~~~PP770481.1:0-876~~~carbapenem;cephalosporin;monobactam;penicillin_beta-lactam	99.206	882	1	1	76689	77570	1	876	0.0	1585	79498	876	card~~~KPC-226~~~PP770481.1:0-876~~~carbapenem;cephalosporin;monobactam;penicillin_beta-lactam Inhibitor-resistant extended-spectrum class A beta-lactamase KPC-226.	100.68493150684931	card
contig_9	card~~~KPC-186~~~OR466746.1:0-876~~~carbapenem;cephalosporin;monobactam;penicillin_beta-lactam	99.206	882	1	1	76689	77570	1	876	0.0	1585	79498	876	card~~~KPC-186~~~OR466746.1:0-876~~~carbapenem;cephalosporin;monobactam;penicillin_beta-lactam Inhibitor-resistant extended-spectrum class A beta-lactamase KPC-186.	100.68493150684931	card
contig_9	card~~~KPC-160~~~OQ579136.1:0-876~~~carbapenem;cephalosporin;monobactam;penicillin_beta-lactam	99.206	882	1	1	76689	77570	1	876	0.0	1585	79498	876	card~~~KPC-160~~~OQ579136.1:0-876~~~carbapenem;cephalosporin;monobactam;penicillin_beta-lactam Carbapenem-hydrolyzing class A beta-lactamase KPC-160.	100.68493150684931	card
contig_9	card~~~KPC-151~~~OP823148.1:0-876~~~carbapenem;cephalosporin;monobactam;penicillin_beta-lactam	99.206	882	1	1	76689	77570	1	876	0.0	1585	79498	876	card~~~KPC-151~~~OP823148.1:0-876~~~carbapenem;cephalosporin;monobactam;penicillin_beta-lactam Inhibitor-resistant extended-spectrum class A beta-lactamase KPC-151.	100.68493150684931	card
contig_9	card~~~KPC-15~~~KC433553.1:0-882~~~carbapenem;cephalosporin;monobactam;penicillin_beta-lactam	99.093	882	8	0	76689	77570	1	882	0.0	1585	79498	882	card~~~KPC-15~~~KC433553.1:0-882~~~carbapenem;cephalosporin;monobactam;penicillin_beta-lactam KPC-15 is a beta-lactamase. Name originally from the historical Lahey list of beta-lactamases, some of which did not include sequence data.	100.0	card
contig_9	card~~~KPC-14~~~JX524191.1:395-1271~~~carbapenem;cephalosporin;monobactam;penicillin_beta-lactam	99.206	882	1	1	76689	77570	1	876	0.0	1585	79498	876	card~~~KPC-14~~~JX524191.1:395-1271~~~carbapenem;cephalosporin;monobactam;penicillin_beta-lactam KPC-14 is a beta-lactamase. Name originally from the historical Lahey list of beta-lactamases, some of which did not include sequence data.	100.68493150684931	card
contig_9	card~~~KPC-124~~~ON221403.1:0-876~~~carbapenem;cephalosporin;monobactam;penicillin_beta-lactam	99.206	882	1	1	76689	77570	1	876	0.0	1585	79498	876	card~~~KPC-124~~~ON221403.1:0-876~~~carbapenem;cephalosporin;monobactam;penicillin_beta-lactam Inhibitor-resistant carbapenem-hydrolyzing class A beta-lactamase KPC-124.	100.68493150684931	card
contig_9	card~~~KPC-41~~~MK497255.1:0-891~~~carbapenem;cephalosporin;monobactam;penicillin_beta-lactam	98.878	891	1	1	76689	77570	1	891	0.0	1583	79498	891	card~~~KPC-41~~~MK497255.1:0-891~~~carbapenem;cephalosporin;monobactam;penicillin_beta-lactam Inhibitor-resistant carbapenem-hydrolyzing class A beta-lactamase kpc-41 [Klebsiella pneumoniae] Accession: WP_148044419.1.	100.0	card
contig_9	card~~~KPC-80~~~NG_073469.1:0-891~~~carbapenem;cephalosporin;monobactam;penicillin_beta-lactam	98.878	891	1	1	76689	77570	1	891	0.0	1581	79498	891	card~~~KPC-80~~~NG_073469.1:0-891~~~carbapenem;cephalosporin;monobactam;penicillin_beta-lactam KPC-80 is a KPC beta-lactamase.	100.0	card
contig_9	card~~~KPC-227~~~PP770482.1:0-891~~~carbapenem;cephalosporin;monobactam;penicillin_beta-lactam	98.878	891	1	2	76689	77570	1	891	0.0	1581	79498	891	card~~~KPC-227~~~PP770482.1:0-891~~~carbapenem;cephalosporin;monobactam;penicillin_beta-lactam Inhibitor-resistant carbapenem-hydrolyzing class A beta-lactamase KPC-227.	100.0	card
contig_9	card~~~KPC-193~~~OR568565.1:0-891~~~carbapenem;cephalosporin;monobactam;penicillin_beta-lactam	98.878	891	1	1	76689	77570	1	891	0.0	1581	79498	891	card~~~KPC-193~~~OR568565.1:0-891~~~carbapenem;cephalosporin;monobactam;penicillin_beta-lactam Class A beta-lactamase KPC-193.	100.0	card
contig_9	card~~~KPC-164~~~OQ579140.1:0-891~~~carbapenem;cephalosporin;monobactam;penicillin_beta-lactam	98.878	891	1	1	76689	77570	1	891	0.0	1581	79498	891	card~~~KPC-164~~~OQ579140.1:0-891~~~carbapenem;cephalosporin;monobactam;penicillin_beta-lactam Carbapenem-hydrolyzing class A beta-lactamase KPC-164.	100.0	card
contig_9	card~~~TEM-82~~~AF427128.1:208-1069~~~cephalosporin;monobactam;penicillin_beta-lactam	99.768	861	2	0	63778	64638	861	1	0.0	1580	79498	861	card~~~TEM-82~~~AF427128.1:208-1069~~~cephalosporin;monobactam;penicillin_beta-lactam TEM-82 is an inhibitor-resistant beta-lactamase found in E. coli.	100.0	card
contig_9	card~~~TEM-81~~~AF427127.1:208-1069~~~cephalosporin;monobactam;penicillin_beta-lactam	99.768	861	2	0	63778	64638	861	1	0.0	1580	79498	861	card~~~TEM-81~~~AF427127.1:208-1069~~~cephalosporin;monobactam;penicillin_beta-lactam TEM-81 is an inhibitor-resistant beta-lactamase found in E. coli.	100.0	card
contig_9	card~~~TEM-6~~~X57972.1:339-1200~~~cephalosporin;monobactam;penicillin_beta-lactam	99.768	861	2	0	63778	64638	861	1	0.0	1580	79498	861	card~~~TEM-6~~~X57972.1:339-1200~~~cephalosporin;monobactam;penicillin_beta-lactam TEM-6 is an extended-spectrum beta-lactamase found in E. coli.	100.0	card
contig_9	card~~~TEM-40~~~FR717535.1:0-861~~~cephalosporin;monobactam;penicillin_beta-lactam	99.768	861	2	0	63778	64638	861	1	0.0	1580	79498	861	card~~~TEM-40~~~FR717535.1:0-861~~~cephalosporin;monobactam;penicillin_beta-lactam TEM-40 is an inhibitor-resistant beta-lactamase that has been found in clinical isolates.	100.0	card
contig_9	card~~~TEM-26~~~NG_050256.1:100-961~~~cephalosporin;monobactam;penicillin_beta-lactam	99.768	861	2	0	63778	64638	861	1	0.0	1580	79498	861	card~~~TEM-26~~~NG_050256.1:100-961~~~cephalosporin;monobactam;penicillin_beta-lactam TEM-26 is an extended-spectrum beta-lactamase that has been found in clinical isolates.	100.0	card
contig_9	card~~~TEM-235~~~NG_059898.1:100-961~~~cephalosporin;monobactam;penicillin_beta-lactam	99.768	861	2	0	63778	64638	861	1	0.0	1580	79498	861	card~~~TEM-235~~~NG_059898.1:100-961~~~cephalosporin;monobactam;penicillin_beta-lactam TEM-235 is a beta-lactamase.	100.0	card
contig_9	card~~~TEM-219~~~KM114268.1:0-861~~~cephalosporin;monobactam;penicillin_beta-lactam	99.768	861	2	0	63778	64638	861	1	0.0	1580	79498	861	card~~~TEM-219~~~KM114268.1:0-861~~~cephalosporin;monobactam;penicillin_beta-lactam TEM-219 is a beta-lactamase. Name originally from the historical Lahey list of beta-lactamases, some of which did not include sequence data.	100.0	card
contig_9	card~~~TEM-189~~~JN254627.1:0-861~~~cephalosporin;monobactam;penicillin_beta-lactam	99.768	861	2	0	63778	64638	861	1	0.0	1580	79498	861	card~~~TEM-189~~~JN254627.1:0-861~~~cephalosporin;monobactam;penicillin_beta-lactam TEM-189 is a beta-lactamase.	100.0	card
contig_9	card~~~TEM-154~~~FJ807656.1:0-861~~~cephalosporin;monobactam;penicillin_beta-lactam	99.768	861	2	0	63778	64638	861	1	0.0	1580	79498	861	card~~~TEM-154~~~FJ807656.1:0-861~~~cephalosporin;monobactam;penicillin_beta-lactam TEM-154 is a CMT-type, inhibitor-resistant, extended-spectrum beta-lactamase.	100.0	card
contig_9	card~~~TEM-146~~~DQ105529.2:0-861~~~cephalosporin;monobactam;penicillin_beta-lactam	99.768	861	2	0	63778	64638	861	1	0.0	1580	79498	861	card~~~TEM-146~~~DQ105529.2:0-861~~~cephalosporin;monobactam;penicillin_beta-lactam TEM-146 is a beta-lactamase found in E. coli.	100.0	card
contig_9	card~~~TEM-116~~~U36911.1:1429-2290~~~cephalosporin;monobactam;penicillin_beta-lactam	99.768	861	2	0	63778	64638	861	1	0.0	1580	79498	861	card~~~TEM-116~~~U36911.1:1429-2290~~~cephalosporin;monobactam;penicillin_beta-lactam TEM-116 is a broad-spectrum beta-lactamase found in many species of bacteria.	100.0	card
contig_9	card~~~TEM-112~~~AY589493.1:166-1027~~~cephalosporin;monobactam;penicillin_beta-lactam	99.768	861	2	0	63778	64638	861	1	0.0	1580	79498	861	card~~~TEM-112~~~AY589493.1:166-1027~~~cephalosporin;monobactam;penicillin_beta-lactam TEM-112 is an extended-spectrum beta-lactamase found in E. coli.	100.0	card
contig_9	card~~~TEM-1~~~AL513383.1:161910-162771~~~cephalosporin;monobactam;penicillin_beta-lactam	99.768	861	2	0	63778	64638	861	1	0.0	1580	79498	861	card~~~TEM-1~~~AL513383.1:161910-162771~~~cephalosporin;monobactam;penicillin_beta-lactam TEM-1 is a broad-spectrum beta-lactamase found in many Gram-negative bacteria. Confers resistance to penicillins and first generation cephalosphorins.	100.0	card
contig_9	card~~~KPC-159~~~OQ450354.1:0-876~~~carbapenem;cephalosporin;monobactam;penicillin_beta-lactam	99.093	882	2	1	76689	77570	1	876	0.0	1580	79498	876	card~~~KPC-159~~~OQ450354.1:0-876~~~carbapenem;cephalosporin;monobactam;penicillin_beta-lactam Inhibitor-resistant extended-spectrum class A beta-lactamase KPC-159.	100.68493150684931	card
contig_9	card~~~TEM-96~~~AY092401.1:0-861~~~cephalosporin;monobactam;penicillin_beta-lactam	99.652	861	3	0	63778	64638	861	1	0.0	1574	79498	861	card~~~TEM-96~~~AY092401.1:0-861~~~cephalosporin;monobactam;penicillin_beta-lactam TEM-96 is a beta-lactamase found in E. coli.	100.0	card
contig_9	card~~~TEM-93~~~AJ318093.1:0-861~~~cephalosporin;monobactam;penicillin_beta-lactam	99.652	861	3	0	63778	64638	861	1	0.0	1574	79498	861	card~~~TEM-93~~~AJ318093.1:0-861~~~cephalosporin;monobactam;penicillin_beta-lactam TEM-93 is an extended-spectrum beta-lactamase found in E. coli.	100.0	card
contig_9	card~~~TEM-80~~~AF347054.1:208-1069~~~cephalosporin;monobactam;penicillin_beta-lactam	99.652	861	3	0	63778	64638	861	1	0.0	1574	79498	861	card~~~TEM-80~~~AF347054.1:208-1069~~~cephalosporin;monobactam;penicillin_beta-lactam TEM-80 is an inhibitor-resistant beta-lactamase found in Enterobacter cloacae.	100.0	card
contig_9	card~~~TEM-79~~~AF190692.1:208-1069~~~cephalosporin;monobactam;penicillin_beta-lactam	99.652	861	3	0	63778	64638	861	1	0.0	1574	79498	861	card~~~TEM-79~~~AF190692.1:208-1069~~~cephalosporin;monobactam;penicillin_beta-lactam TEM-79 is an inhibitor-resistant beta-lactamase found in E. coli.	100.0	card
contig_9	card~~~TEM-73~~~AJ012256.1:208-1069~~~cephalosporin;monobactam;penicillin_beta-lactam	99.652	861	3	0	63778	64638	861	1	0.0	1574	79498	861	card~~~TEM-73~~~AJ012256.1:208-1069~~~cephalosporin;monobactam;penicillin_beta-lactam TEM-73 is an inhibitor-resistant beta-lactamase that has been found in clinical isolates.	100.0	card
contig_9	card~~~TEM-57~~~FJ405211.1:0-861~~~cephalosporin;monobactam;penicillin_beta-lactam	99.652	861	3	0	63778	64638	861	1	0.0	1574	79498	861	card~~~TEM-57~~~FJ405211.1:0-861~~~cephalosporin;monobactam;penicillin_beta-lactam TEM-57 is a broad-spectrum beta-lactamase found in E. coli.	100.0	card
contig_9	card~~~TEM-55~~~DQ286729.1:0-861~~~cephalosporin;monobactam;penicillin_beta-lactam	99.652	861	3	0	63778	64638	861	1	0.0	1574	79498	861	card~~~TEM-55~~~DQ286729.1:0-861~~~cephalosporin;monobactam;penicillin_beta-lactam TEM-55 is a broad-spectrum beta-lactamase found in E. coli.	100.0	card
contig_9	card~~~TEM-52~~~Y13612.1:0-861~~~cephalosporin;monobactam;penicillin_beta-lactam	99.652	861	3	0	63778	64638	861	1	0.0	1574	79498	861	card~~~TEM-52~~~Y13612.1:0-861~~~cephalosporin;monobactam;penicillin_beta-lactam TEM-52 is an extended-spectrum beta-lactamase found in Klebsiella pneumoniae and Salmonella enterica.	100.0	card
contig_9	card~~~TEM-240~~~NG_066544.1:0-861~~~cephalosporin;monobactam;penicillin_beta-lactam	99.652	861	3	0	63778	64638	861	1	0.0	1574	79498	861	card~~~TEM-240~~~NG_066544.1:0-861~~~cephalosporin;monobactam;penicillin_beta-lactam TEM-240 is a beta-lactamase.	100.0	card
contig_9	card~~~TEM-229~~~NG_056416.1:0-861~~~cephalosporin;monobactam;penicillin_beta-lactam	99.652	861	3	0	63778	64638	861	1	0.0	1574	79498	861	card~~~TEM-229~~~NG_056416.1:0-861~~~cephalosporin;monobactam;penicillin_beta-lactam TEM-229 is a beta-lactamase.	100.0	card
contig_9	card~~~TEM-209~~~KF240808.1:0-861~~~cephalosporin;monobactam;penicillin_beta-lactam	99.652	861	3	0	63778	64638	861	1	0.0	1574	79498	861	card~~~TEM-209~~~KF240808.1:0-861~~~cephalosporin;monobactam;penicillin_beta-lactam TEM-209 is a beta-lactamase. Name originally from the historical Lahey list of beta-lactamases, some of which did not include sequence data.	100.0	card
contig_9	card~~~TEM-197~~~HQ877606.1:0-861~~~cephalosporin;monobactam;penicillin_beta-lactam	99.652	861	3	0	63778	64638	861	1	0.0	1574	79498	861	card~~~TEM-197~~~HQ877606.1:0-861~~~cephalosporin;monobactam;penicillin_beta-lactam TEM-197 is an extended-spectrum beta-lactamase.	100.0	card
contig_9	card~~~TEM-141~~~AY956335.1:38-899~~~cephalosporin;monobactam;penicillin_beta-lactam	99.652	861	3	0	63778	64638	861	1	0.0	1574	79498	861	card~~~TEM-141~~~AY956335.1:38-899~~~cephalosporin;monobactam;penicillin_beta-lactam TEM-141 is a broad-spectrum beta-lactamase found in Enterobacter cloacae.	100.0	card
contig_9	card~~~TEM-122~~~AY307100.1:0-861~~~cephalosporin;monobactam;penicillin_beta-lactam	99.652	861	3	0	63778	64638	861	1	0.0	1574	79498	861	card~~~TEM-122~~~AY307100.1:0-861~~~cephalosporin;monobactam;penicillin_beta-lactam TEM-122 is an inhibitor-resistant beta-lactamase found in E. coli.	100.0	card
contig_9	card~~~TEM-98~~~NG_050307.1:0-861~~~cephalosporin;monobactam;penicillin_beta-lactam	99.883	853	1	0	63778	64630	861	9	0.0	1570	79498	861	card~~~TEM-98~~~NG_050307.1:0-861~~~cephalosporin;monobactam;penicillin_beta-lactam TEM-98 is a TEM beta-lactamase.	99.07084785133566	card
contig_9	card~~~KPC-201~~~ON297687.1:9-882~~~carbapenem;cephalosporin;monobactam;penicillin_beta-lactam	98.98	882	0	1	76689	77570	1	873	0.0	1570	79498	873	card~~~KPC-201~~~ON297687.1:9-882~~~carbapenem;cephalosporin;monobactam;penicillin_beta-lactam Inhibitor-resistant extended-spectrum class A beta-lactamase KPC-201.	101.03092783505154	card
contig_9	card~~~KPC-150~~~OP787490.1:0-873~~~carbapenem;cephalosporin;monobactam;penicillin_beta-lactam	98.98	882	0	1	76689	77570	1	873	0.0	1570	79498	873	card~~~KPC-150~~~OP787490.1:0-873~~~carbapenem;cephalosporin;monobactam;penicillin_beta-lactam Inhibitor-resistant class A beta-lactamase KPC-150.	101.03092783505154	card
contig_9	card~~~TEM-95~~~AJ308558.1:181-1042~~~cephalosporin;monobactam;penicillin_beta-lactam	99.535	861	4	0	63778	64638	861	1	0.0	1568	79498	861	card~~~TEM-95~~~AJ308558.1:181-1042~~~cephalosporin;monobactam;penicillin_beta-lactam TEM-95 is a broad-spectrum beta-lactamase found in E. coli.	100.0	card
contig_9	card~~~TEM-91~~~AB049569.1:0-861~~~cephalosporin;monobactam;penicillin_beta-lactam	99.535	861	4	0	63778	64638	861	1	0.0	1568	79498	861	card~~~TEM-91~~~AB049569.1:0-861~~~cephalosporin;monobactam;penicillin_beta-lactam TEM-91 is an extended-spectrum beta-lactamase found in E. coli.	100.0	card
contig_9	card~~~TEM-76~~~AF190694.1:208-1069~~~cephalosporin;monobactam;penicillin_beta-lactam	99.535	861	4	0	63778	64638	861	1	0.0	1568	79498	861	card~~~TEM-76~~~AF190694.1:208-1069~~~cephalosporin;monobactam;penicillin_beta-lactam TEM-76 is an inhibitor-resistant beta-lactamase found in E. coli.	100.0	card
contig_9	card~~~TEM-70~~~AF188199.1:214-1075~~~cephalosporin;monobactam;penicillin_beta-lactam	99.535	861	4	0	63778	64638	861	1	0.0	1568	79498	861	card~~~TEM-70~~~AF188199.1:214-1075~~~cephalosporin;monobactam;penicillin_beta-lactam TEM-70 is a beta-lactamase found in E. coli.	100.0	card
contig_9	card~~~TEM-34~~~KC292503.1:4334-5195~~~cephalosporin;monobactam;penicillin_beta-lactam	99.535	861	4	0	63778	64638	861	1	0.0	1568	79498	861	card~~~TEM-34~~~KC292503.1:4334-5195~~~cephalosporin;monobactam;penicillin_beta-lactam TEM-34 is an inhibitor-resistant beta-lactamase that has been found in clinical isolates.	100.0	card
contig_9	card~~~TEM-33~~~GU371926.1:51165-50304~~~cephalosporin;monobactam;penicillin_beta-lactam	99.535	861	4	0	63778	64638	861	1	0.0	1568	79498	861	card~~~TEM-33~~~GU371926.1:51165-50304~~~cephalosporin;monobactam;penicillin_beta-lactam TEM-33 is an inhibitor-resistant beta-lactamase that has been found in clinical isolates.	100.0	card
contig_9	card~~~TEM-32~~~NG_050261.1:100-961~~~cephalosporin;monobactam;penicillin_beta-lactam	99.535	861	4	0	63778	64638	861	1	0.0	1568	79498	861	card~~~TEM-32~~~NG_050261.1:100-961~~~cephalosporin;monobactam;penicillin_beta-lactam TEM-32 is an inhibitor-resistant beta-lactamase that has been found in clinical isolates.	100.0	card
contig_9	card~~~TEM-31~~~NG_068213.1:100-961~~~cephalosporin;monobactam;penicillin_beta-lactam	99.535	861	4	0	63778	64638	861	1	0.0	1568	79498	861	card~~~TEM-31~~~NG_068213.1:100-961~~~cephalosporin;monobactam;penicillin_beta-lactam TEM-31 is an inhibitor-resistant beta-lactamase that has been found in clinical isolates.	100.0	card
contig_9	card~~~TEM-30~~~AJ437107.1:208-1069~~~cephalosporin;monobactam;penicillin_beta-lactam	99.535	861	4	0	63778	64638	861	1	0.0	1568	79498	861	card~~~TEM-30~~~AJ437107.1:208-1069~~~cephalosporin;monobactam;penicillin_beta-lactam TEM-30 is an inhibitor-resistant beta-lactamase found in E. coli. Confers resistance to amoxycilllin-clavulanic acid, ticarcillin-clavulanic acid, kanamycin, neomycin, and intermediate resistance to mezlocillin and piperacillin.	100.0	card
contig_9	card~~~TEM-29~~~Y17584.1:0-858~~~cephalosporin;monobactam;penicillin_beta-lactam	99.65	858	3	0	63781	64638	858	1	0.0	1568	79498	858	card~~~TEM-29~~~Y17584.1:0-858~~~cephalosporin;monobactam;penicillin_beta-lactam TEM-29 is an extended-spectrum beta-lactamase that has been found in clinical isolates.	100.0	card
contig_9	card~~~TEM-257~~~PQ284153.1:0-861~~~cephalosporin;monobactam;penicillin_beta-lactam	99.535	861	4	0	63778	64638	861	1	0.0	1568	79498	861	card~~~TEM-257~~~PQ284153.1:0-861~~~cephalosporin;monobactam;penicillin_beta-lactam Class A beta-lactamase TEM-257.	100.0	card
contig_9	card~~~TEM-256~~~PQ284152.1:700-1561~~~cephalosporin;monobactam;penicillin_beta-lactam	99.535	861	4	0	63778	64638	861	1	0.0	1568	79498	861	card~~~TEM-256~~~PQ284152.1:700-1561~~~cephalosporin;monobactam;penicillin_beta-lactam Class A beta-lactamase TEM-256.	100.0	card
contig_9	card~~~TEM-255~~~PQ284151.1:1410-549~~~cephalosporin;monobactam;penicillin_beta-lactam	99.535	861	4	0	63778	64638	861	1	0.0	1568	79498	861	card~~~TEM-255~~~PQ284151.1:1410-549~~~cephalosporin;monobactam;penicillin_beta-lactam Class A beta-lactamase TEM-255.	100.0	card
contig_9	card~~~TEM-245~~~OM617737.1:0-861~~~cephalosporin;monobactam;penicillin_beta-lactam	99.535	861	4	0	63778	64638	861	1	0.0	1568	79498	861	card~~~TEM-245~~~OM617737.1:0-861~~~cephalosporin;monobactam;penicillin_beta-lactam TEM-245 is a TEM class A beta-lactamase.	100.0	card
contig_9	card~~~TEM-236~~~NG_061611.1:0-861~~~cephalosporin;monobactam;penicillin_beta-lactam	99.535	861	4	0	63778	64638	861	1	0.0	1568	79498	861	card~~~TEM-236~~~NG_061611.1:0-861~~~cephalosporin;monobactam;penicillin_beta-lactam TEM-236 is a beta-lactamase.	100.0	card
contig_9	card~~~TEM-234~~~NG_057609.1:0-861~~~cephalosporin;monobactam;penicillin_beta-lactam	99.535	861	4	0	63778	64638	861	1	0.0	1568	79498	861	card~~~TEM-234~~~NG_057609.1:0-861~~~cephalosporin;monobactam;penicillin_beta-lactam TEM-234 is a beta-lactamase.	100.0	card
contig_9	card~~~TEM-228~~~NG_068038.1:0-861~~~cephalosporin;monobactam;penicillin_beta-lactam	99.535	861	4	0	63778	64638	861	1	0.0	1568	79498	861	card~~~TEM-228~~~NG_068038.1:0-861~~~cephalosporin;monobactam;penicillin_beta-lactam TEM-228 is a beta lactamase.	100.0	card
contig_9	card~~~TEM-217~~~HG934763.1:0-861~~~cephalosporin;monobactam;penicillin_beta-lactam	99.535	861	4	0	63778	64638	861	1	0.0	1568	79498	861	card~~~TEM-217~~~HG934763.1:0-861~~~cephalosporin;monobactam;penicillin_beta-lactam TEM-217 is a beta-lactamase. Name originally from the historical Lahey list of beta-lactamases, some of which did not include sequence data.	100.0	card
contig_9	card~~~TEM-215~~~KP050492.1:0-861~~~cephalosporin;monobactam;penicillin_beta-lactam	99.535	861	4	0	63778	64638	861	1	0.0	1568	79498	861	card~~~TEM-215~~~KP050492.1:0-861~~~cephalosporin;monobactam;penicillin_beta-lactam TEM-215 is a beta-lactamase. Name originally from the historical Lahey list of beta-lactamases, some of which did not include sequence data.	100.0	card
contig_9	card~~~TEM-214~~~KP050491.1:0-861~~~cephalosporin;monobactam;penicillin_beta-lactam	99.535	861	4	0	63778	64638	861	1	0.0	1568	79498	861	card~~~TEM-214~~~KP050491.1:0-861~~~cephalosporin;monobactam;penicillin_beta-lactam TEM-214 is a beta-lactamase. Name originally from the historical Lahey list of beta-lactamases, some of which did not include sequence data.	100.0	card
contig_9	card~~~TEM-213~~~KF663615.1:0-858~~~cephalosporin;monobactam;penicillin_beta-lactam	99.65	858	3	0	63781	64638	858	1	0.0	1568	79498	858	card~~~TEM-213~~~KF663615.1:0-858~~~cephalosporin;monobactam;penicillin_beta-lactam TEM-213 is a beta-lactamase. Name originally from the historical Lahey list of beta-lactamases, some of which did not include sequence data.	100.0	card
contig_9	card~~~TEM-208~~~KC865667.1:183-1044~~~cephalosporin;monobactam;penicillin_beta-lactam	99.535	861	4	0	63778	64638	861	1	0.0	1568	79498	861	card~~~TEM-208~~~KC865667.1:183-1044~~~cephalosporin;monobactam;penicillin_beta-lactam TEM-208 is a beta-lactamase. Name originally from the historical Lahey list of beta-lactamases, some of which did not include sequence data.	100.0	card
contig_9	card~~~TEM-207~~~KC818234.1:0-861~~~cephalosporin;monobactam;penicillin_beta-lactam	99.535	861	4	0	63778	64638	861	1	0.0	1568	79498	861	card~~~TEM-207~~~KC818234.1:0-861~~~cephalosporin;monobactam;penicillin_beta-lactam TEM-207 is a beta-lactamase. Name originally from the historical Lahey list of beta-lactamases, some of which did not include sequence data.	100.0	card
contig_9	card~~~TEM-206~~~KC783461.1:0-861~~~cephalosporin;monobactam;penicillin_beta-lactam	99.535	861	4	0	63778	64638	861	1	0.0	1568	79498	861	card~~~TEM-206~~~KC783461.1:0-861~~~cephalosporin;monobactam;penicillin_beta-lactam TEM-206 is a beta-lactamase. Name originally from the historical Lahey list of beta-lactamases, some of which did not include sequence data.	100.0	card
contig_9	card~~~TEM-198~~~AB700703.1:161-1022~~~cephalosporin;monobactam;penicillin_beta-lactam	99.535	861	4	0	63778	64638	861	1	0.0	1568	79498	861	card~~~TEM-198~~~AB700703.1:161-1022~~~cephalosporin;monobactam;penicillin_beta-lactam TEM-198 is a beta-lactamase.	100.0	card
contig_9	card~~~TEM-186~~~JN227084.1:308-1169~~~cephalosporin;monobactam;penicillin_beta-lactam	99.535	861	4	0	63778	64638	861	1	0.0	1568	79498	861	card~~~TEM-186~~~JN227084.1:308-1169~~~cephalosporin;monobactam;penicillin_beta-lactam TEM-186 is a beta-lactamase.	100.0	card
contig_9	card~~~TEM-176~~~GU550123.1:144-1005~~~cephalosporin;monobactam;penicillin_beta-lactam	99.535	861	4	0	63778	64638	861	1	0.0	1568	79498	861	card~~~TEM-176~~~GU550123.1:144-1005~~~cephalosporin;monobactam;penicillin_beta-lactam TEM-176 is a beta-lactamase.	100.0	card
contig_9	card~~~TEM-166~~~FJ197316.1:0-861~~~cephalosporin;monobactam;penicillin_beta-lactam	99.535	861	4	0	63778	64638	861	1	0.0	1568	79498	861	card~~~TEM-166~~~FJ197316.1:0-861~~~cephalosporin;monobactam;penicillin_beta-lactam TEM-166 is a beta-lactamase found in E. coli.	100.0	card
contig_9	card~~~TEM-163~~~EU815939.1:0-861~~~cephalosporin;monobactam;penicillin_beta-lactam	99.535	861	4	0	63778	64638	861	1	0.0	1568	79498	861	card~~~TEM-163~~~EU815939.1:0-861~~~cephalosporin;monobactam;penicillin_beta-lactam TEM-163 is an inhibitor resistant beta-lactamase found in E. coli.	100.0	card
contig_9	card~~~TEM-157~~~DQ909059.1:0-861~~~cephalosporin;monobactam;penicillin_beta-lactam	99.535	861	4	0	63778	64638	861	1	0.0	1568	79498	861	card~~~TEM-157~~~DQ909059.1:0-861~~~cephalosporin;monobactam;penicillin_beta-lactam TEM-157 is an extended-spectrum beta-lactamase found in Enterobacter cloacae.	100.0	card
contig_9	card~~~TEM-153~~~KC149518.1:0-861~~~cephalosporin;monobactam;penicillin_beta-lactam	99.535	861	4	0	63778	64638	861	1	0.0	1568	79498	861	card~~~TEM-153~~~KC149518.1:0-861~~~cephalosporin;monobactam;penicillin_beta-lactam TEM-153 is a beta-lactamase found in Enterobacteriaceae.	100.0	card
contig_9	card~~~TEM-148~~~AM087454.1:208-1069~~~cephalosporin;monobactam;penicillin_beta-lactam	99.535	861	4	0	63778	64638	861	1	0.0	1568	79498	861	card~~~TEM-148~~~AM087454.1:208-1069~~~cephalosporin;monobactam;penicillin_beta-lactam TEM-148 is a TEM beta-lactamase.	100.0	card
contig_9	card~~~TEM-147~~~DQ279850.1:0-861~~~cephalosporin;monobactam;penicillin_beta-lactam	99.535	861	4	0	63778	64638	861	1	0.0	1568	79498	861	card~~~TEM-147~~~DQ279850.1:0-861~~~cephalosporin;monobactam;penicillin_beta-lactam TEM-147 is an extended-spectrum beta-lactamase found in Pseudomonas aeruginosa.	100.0	card
contig_9	card~~~TEM-143~~~DQ075245.1:217-1078~~~cephalosporin;monobactam;penicillin_beta-lactam	99.535	861	4	0	63778	64638	861	1	0.0	1568	79498	861	card~~~TEM-143~~~DQ075245.1:217-1078~~~cephalosporin;monobactam;penicillin_beta-lactam TEM-143 is an extended-spectrum beta-lactamase found in E. coli.	100.0	card
contig_9	card~~~TEM-135~~~AJ634602.1:8700-7839~~~cephalosporin;monobactam;penicillin_beta-lactam	99.535	861	4	0	63778	64638	861	1	0.0	1568	79498	861	card~~~TEM-135~~~AJ634602.1:8700-7839~~~cephalosporin;monobactam;penicillin_beta-lactam TEM-135 is a broad-spectrum beta-lactamase found in Salmonella enterica.	100.0	card
contig_9	card~~~TEM-128~~~AY368237.1:0-861~~~cephalosporin;monobactam;penicillin_beta-lactam	99.535	861	4	0	63778	64638	861	1	0.0	1568	79498	861	card~~~TEM-128~~~AY368237.1:0-861~~~cephalosporin;monobactam;penicillin_beta-lactam TEM-128 is a broad-spectrum beta-lactamase found in E. coli.	100.0	card
contig_9	card~~~TEM-127~~~AY368236.1:0-861~~~cephalosporin;monobactam;penicillin_beta-lactam	99.535	861	4	0	63778	64638	861	1	0.0	1568	79498	861	card~~~TEM-127~~~AY368236.1:0-861~~~cephalosporin;monobactam;penicillin_beta-lactam TEM-127 is a broad-spectrum beta-lactamase found in E. coli.	100.0	card
contig_9	card~~~TEM-105~~~AF516720.1:214-1075~~~cephalosporin;monobactam;penicillin_beta-lactam	99.535	861	4	0	63778	64638	861	1	0.0	1568	79498	861	card~~~TEM-105~~~AF516720.1:214-1075~~~cephalosporin;monobactam;penicillin_beta-lactam TEM-105 is a beta-lactamase found in E. coli.	100.0	card
contig_9	card~~~TEM-103~~~AAAGNS010000063.1:1005-144~~~cephalosporin;monobactam;penicillin_beta-lactam	99.535	861	4	0	63778	64638	861	1	0.0	1568	79498	861	card~~~TEM-103~~~AAAGNS010000063.1:1005-144~~~cephalosporin;monobactam;penicillin_beta-lactam TEM-103 is an inhibitor-resistant beta-lactamase that has been found in E. coli.	100.0	card
contig_9	card~~~KPC-9~~~FJ624872.1:2-854~~~carbapenem;cephalosporin;monobactam;penicillin_beta-lactam	99.883	852	1	0	76704	77555	1	852	0.0	1568	79498	852	card~~~KPC-9~~~FJ624872.1:2-854~~~carbapenem;cephalosporin;monobactam;penicillin_beta-lactam KPC-9 is a beta-lactamase found in Klebsiella pneumoniae.	100.0	card
contig_9	card~~~TEM-249~~~OP142512.1:0-861~~~cephalosporin;monobactam;penicillin_beta-lactam	99.419	861	5	0	63778	64638	861	1	0.0	1565	79498	861	card~~~TEM-249~~~OP142512.1:0-861~~~cephalosporin;monobactam;penicillin_beta-lactam Class A beta-lactamase TEM-249.	100.0	card
contig_9	card~~~KPC-241~~~PQ394554.1:0-873~~~carbapenem;cephalosporin;monobactam;penicillin_beta-lactam	98.866	882	1	1	76689	77570	1	873	0.0	1565	79498	873	card~~~KPC-241~~~PQ394554.1:0-873~~~carbapenem;cephalosporin;monobactam;penicillin_beta-lactam Carbapenem-hydrolyzing class A beta-lactamase KPC-241.	101.03092783505154	card
contig_9	card~~~KPC-169~~~OQ856767.1:0-873~~~carbapenem;cephalosporin;monobactam;penicillin_beta-lactam	98.866	882	1	1	76689	77570	1	873	0.0	1565	79498	873	card~~~KPC-169~~~OQ856767.1:0-873~~~carbapenem;cephalosporin;monobactam;penicillin_beta-lactam Inhibitor-resistant extended-spectrum class A beta-lactamase KPC-169.	101.03092783505154	card
contig_9	card~~~TEM-84~~~AF427130.1:208-1069~~~cephalosporin;monobactam;penicillin_beta-lactam	99.419	861	5	0	63778	64638	861	1	0.0	1563	79498	861	card~~~TEM-84~~~AF427130.1:208-1069~~~cephalosporin;monobactam;penicillin_beta-lactam TEM-84 is an inhibitor-resistant beta-lactamase found in E. coli.	100.0	card
contig_9	card~~~TEM-43~~~U95363.2:0-861~~~cephalosporin;monobactam;penicillin_beta-lactam	99.419	861	5	0	63778	64638	861	1	0.0	1563	79498	861	card~~~TEM-43~~~U95363.2:0-861~~~cephalosporin;monobactam;penicillin_beta-lactam TEM-43 is an extended-spectrum beta-lactamase found in Klebsiella pneumoniae.	100.0	card
contig_9	card~~~TEM-37~~~NG_068214.1:100-961~~~cephalosporin;monobactam;penicillin_beta-lactam	99.419	861	5	0	63778	64638	861	1	0.0	1563	79498	861	card~~~TEM-37~~~NG_068214.1:100-961~~~cephalosporin;monobactam;penicillin_beta-lactam TEM-37 is an inhibitor-resistant beta-lactamase that has been found in clinical isolates.	100.0	card
contig_9	card~~~TEM-36~~~NG_052650.1:0-861~~~cephalosporin;monobactam;penicillin_beta-lactam	99.419	861	5	0	63778	64638	861	1	0.0	1563	79498	861	card~~~TEM-36~~~NG_052650.1:0-861~~~cephalosporin;monobactam;penicillin_beta-lactam TEM-36 is an inhibitor-resistant beta-lactamase that has been found in clinical isolates.	100.0	card
contig_9	card~~~TEM-35~~~NG_050264.1:13-874~~~cephalosporin;monobactam;penicillin_beta-lactam	99.419	861	5	0	63778	64638	861	1	0.0	1563	79498	861	card~~~TEM-35~~~NG_050264.1:13-874~~~cephalosporin;monobactam;penicillin_beta-lactam TEM-35 is an inhibitor-resistant beta-lactamase that has been found in clinical isolates.	100.0	card
contig_9	card~~~TEM-28~~~U37195.1:75-936~~~cephalosporin;monobactam;penicillin_beta-lactam	99.419	861	5	0	63778	64638	861	1	0.0	1563	79498	861	card~~~TEM-28~~~U37195.1:75-936~~~cephalosporin;monobactam;penicillin_beta-lactam TEM-28 is an extended-spectrum beta-lactamase found in E. coli.	100.0	card
contig_9	card~~~TEM-253~~~PQ037599.1:0-861~~~cephalosporin;monobactam;penicillin_beta-lactam	99.419	861	5	0	63778	64638	861	1	0.0	1563	79498	861	card~~~TEM-253~~~PQ037599.1:0-861~~~cephalosporin;monobactam;penicillin_beta-lactam Class A beta-lactamase TEM-253.	100.0	card
contig_9	card~~~TEM-251~~~OQ870701.1:861-0~~~cephalosporin;monobactam;penicillin_beta-lactam	99.419	861	5	0	63778	64638	861	1	0.0	1563	79498	861	card~~~TEM-251~~~OQ870701.1:861-0~~~cephalosporin;monobactam;penicillin_beta-lactam Class A beta-lactamase TEM-251.	100.0	card
contig_9	card~~~TEM-247~~~ON651488.1:0-861~~~cephalosporin;monobactam;penicillin_beta-lactam	99.419	861	5	0	63778	64638	861	1	0.0	1563	79498	861	card~~~TEM-247~~~ON651488.1:0-861~~~cephalosporin;monobactam;penicillin_beta-lactam TEM-247 is a TEM class A beta-lactamase.	100.0	card
contig_9	card~~~TEM-246~~~OM617738.1:0-861~~~cephalosporin;monobactam;penicillin_beta-lactam	99.419	861	5	0	63778	64638	861	1	0.0	1563	79498	861	card~~~TEM-246~~~OM617738.1:0-861~~~cephalosporin;monobactam;penicillin_beta-lactam TEM-246 is a class A TEM beta-lactamase found in Neisseria gonorrhoeae.	100.0	card
contig_9	card~~~TEM-238~~~NG_067163.1:0-861~~~cephalosporin;monobactam;penicillin_beta-lactam	99.419	861	5	0	63778	64638	861	1	0.0	1563	79498	861	card~~~TEM-238~~~NG_067163.1:0-861~~~cephalosporin;monobactam;penicillin_beta-lactam TEM-238 is a beta-lactamase.	100.0	card
contig_9	card~~~TEM-232~~~NG_057472.1:0-861~~~cephalosporin;monobactam;penicillin_beta-lactam	99.419	861	5	0	63778	64638	861	1	0.0	1563	79498	861	card~~~TEM-232~~~NG_057472.1:0-861~~~cephalosporin;monobactam;penicillin_beta-lactam TEM-232 is a beta-lactamase.	100.0	card
contig_9	card~~~TEM-230~~~NG_056417.1:0-861~~~cephalosporin;monobactam;penicillin_beta-lactam	99.419	861	5	0	63778	64638	861	1	0.0	1563	79498	861	card~~~TEM-230~~~NG_056417.1:0-861~~~cephalosporin;monobactam;penicillin_beta-lactam TEM-230 is a beta-lactamase.	100.0	card
contig_9	card~~~TEM-225~~~NG_052651.1:0-861~~~cephalosporin;monobactam;penicillin_beta-lactam	99.419	861	5	0	63778	64638	861	1	0.0	1563	79498	861	card~~~TEM-225~~~NG_052651.1:0-861~~~cephalosporin;monobactam;penicillin_beta-lactam TEM-225 is a beta-lactamase.	100.0	card
contig_9	card~~~TEM-220~~~KM998962.1:0-861~~~cephalosporin;monobactam;penicillin_beta-lactam	99.419	861	5	0	63778	64638	861	1	0.0	1563	79498	861	card~~~TEM-220~~~KM998962.1:0-861~~~cephalosporin;monobactam;penicillin_beta-lactam TEM-220 is a beta-lactamase. Name originally from the historical Lahey list of beta-lactamases, some of which did not include sequence data.	100.0	card
contig_9	card~~~TEM-216~~~KF944358.1:0-861~~~cephalosporin;monobactam;penicillin_beta-lactam	99.419	861	5	0	63778	64638	861	1	0.0	1563	79498	861	card~~~TEM-216~~~KF944358.1:0-861~~~cephalosporin;monobactam;penicillin_beta-lactam TEM-216 is a beta-lactamase. Name originally from the historical Lahey list of beta-lactamases, some of which did not include sequence data.	100.0	card
contig_9	card~~~TEM-212~~~NG_050245.1:0-861~~~cephalosporin;monobactam;penicillin_beta-lactam	99.419	861	5	0	63778	64638	861	1	0.0	1563	79498	861	card~~~TEM-212~~~NG_050245.1:0-861~~~cephalosporin;monobactam;penicillin_beta-lactam TEM-212 is a beta-lactamase. Name originally from the historical Lahey list of beta-lactamases, some of which did not include sequence data.	100.0	card
contig_9	card~~~TEM-210~~~NG_050243.1:100-961~~~cephalosporin;monobactam;penicillin_beta-lactam	99.419	861	5	0	63778	64638	861	1	0.0	1563	79498	861	card~~~TEM-210~~~NG_050243.1:100-961~~~cephalosporin;monobactam;penicillin_beta-lactam TEM-210.	100.0	card
contig_9	card~~~TEM-201~~~JX310327.1:0-861~~~cephalosporin;monobactam;penicillin_beta-lactam	99.419	861	5	0	63778	64638	861	1	0.0	1563	79498	861	card~~~TEM-201~~~JX310327.1:0-861~~~cephalosporin;monobactam;penicillin_beta-lactam TEM-201 is a beta-lactamase found in Enterobacteriaceae.	100.0	card
contig_9	card~~~TEM-2~~~X54606.1:214-1075~~~cephalosporin;monobactam;penicillin_beta-lactam	99.419	861	5	0	63778	64638	861	1	0.0	1563	79498	861	card~~~TEM-2~~~X54606.1:214-1075~~~cephalosporin;monobactam;penicillin_beta-lactam TEM-2 is a broad-spectrum beta-lactamase.	100.0	card
contig_9	card~~~TEM-196~~~JQ034306.1:0-861~~~cephalosporin;monobactam;penicillin_beta-lactam	99.419	861	5	0	63778	64638	861	1	0.0	1563	79498	861	card~~~TEM-196~~~JQ034306.1:0-861~~~cephalosporin;monobactam;penicillin_beta-lactam TEM-196 is a beta-lactamase. Name originally from the historical Lahey list of beta-lactamases, some of which did not include sequence data.	100.0	card
contig_9	card~~~TEM-191~~~KY432484.1:0-861~~~cephalosporin;monobactam;penicillin_beta-lactam	99.419	861	5	0	63778	64638	861	1	0.0	1563	79498	861	card~~~TEM-191~~~KY432484.1:0-861~~~cephalosporin;monobactam;penicillin_beta-lactam TEM-191 is a beta-lactamase.	100.0	card
contig_9	card~~~TEM-19~~~JX042489.1:141-1002~~~cephalosporin;monobactam;penicillin_beta-lactam	99.419	861	5	0	63778	64638	861	1	0.0	1563	79498	861	card~~~TEM-19~~~JX042489.1:141-1002~~~cephalosporin;monobactam;penicillin_beta-lactam TEM-19 is an extended-spectrum beta-lactamase that has been found in clinical isolates.	100.0	card
contig_9	card~~~TEM-185~~~JF795538.1:0-861~~~cephalosporin;monobactam;penicillin_beta-lactam	99.419	861	5	0	63778	64638	861	1	0.0	1563	79498	861	card~~~TEM-185~~~JF795538.1:0-861~~~cephalosporin;monobactam;penicillin_beta-lactam TEM-185 is a beta-lactamase found in E. coli.	100.0	card
contig_9	card~~~TEM-17~~~Y14574.2:0-861~~~cephalosporin;monobactam;penicillin_beta-lactam	99.419	861	5	0	63778	64638	861	1	0.0	1563	79498	861	card~~~TEM-17~~~Y14574.2:0-861~~~cephalosporin;monobactam;penicillin_beta-lactam TEM-17 is an extended-spectrum beta-lactamase found in Capnocytophaga ochracea.	100.0	card
contig_9	card~~~TEM-169~~~FJ873740.1:0-858~~~cephalosporin;monobactam;penicillin_beta-lactam	99.534	858	4	0	63781	64638	858	1	0.0	1563	79498	858	card~~~TEM-169~~~FJ873740.1:0-858~~~cephalosporin;monobactam;penicillin_beta-lactam TEM-169 is an extended spectrum beta-lactamase.	100.0	card
contig_9	card~~~TEM-164~~~EU274580.1:214-1075~~~cephalosporin;monobactam;penicillin_beta-lactam	99.419	861	5	0	63778	64638	861	1	0.0	1563	79498	861	card~~~TEM-164~~~EU274580.1:214-1075~~~cephalosporin;monobactam;penicillin_beta-lactam TEM-164 is an extended-spectrum beta-lactamase found in Klebsiella pneumoniae.	100.0	card
contig_9	card~~~TEM-155~~~DQ679961.1:114-975~~~cephalosporin;monobactam;penicillin_beta-lactam	99.419	861	5	0	63778	64638	861	1	0.0	1563	79498	861	card~~~TEM-155~~~DQ679961.1:114-975~~~cephalosporin;monobactam;penicillin_beta-lactam TEM-155 is an extended-spectrum beta-lactamase.	100.0	card
contig_9	card~~~TEM-15~~~AM849805.1:262-1123~~~cephalosporin;monobactam;penicillin_beta-lactam	99.419	861	5	0	63778	64638	861	1	0.0	1563	79498	861	card~~~TEM-15~~~AM849805.1:262-1123~~~cephalosporin;monobactam;penicillin_beta-lactam TEM-15 is an extended-spectrum beta-lactamase that has been found in Haemophilus parainfluenzae.	100.0	card
contig_9	card~~~TEM-145~~~DQ105528.2:0-861~~~cephalosporin;monobactam;penicillin_beta-lactam	99.419	861	5	0	63778	64638	861	1	0.0	1563	79498	861	card~~~TEM-145~~~DQ105528.2:0-861~~~cephalosporin;monobactam;penicillin_beta-lactam TEM-145 is an inhibitor-resistant beta-lactamase found in E. coli.	100.0	card
contig_9	card~~~TEM-144~~~AM049399.1:0-861~~~cephalosporin;monobactam;penicillin_beta-lactam	99.419	861	5	0	63778	64638	861	1	0.0	1563	79498	861	card~~~TEM-144~~~AM049399.1:0-861~~~cephalosporin;monobactam;penicillin_beta-lactam TEM-144 is an extended-spectrum beta-lactamase found in Salmonella enterica.	100.0	card
contig_9	card~~~TEM-126~~~AY628199.1:203-1064~~~cephalosporin;monobactam;penicillin_beta-lactam	99.419	861	5	0	63778	64638	861	1	0.0	1563	79498	861	card~~~TEM-126~~~AY628199.1:203-1064~~~cephalosporin;monobactam;penicillin_beta-lactam TEM-126 is an extended-spectrum beta-lactamase found in E. coli.	100.0	card
contig_9	card~~~TEM-120~~~AY243512.1:208-1069~~~cephalosporin;monobactam;penicillin_beta-lactam	99.419	861	5	0	63778	64638	861	1	0.0	1563	79498	861	card~~~TEM-120~~~AY243512.1:208-1069~~~cephalosporin;monobactam;penicillin_beta-lactam TEM-120 is an extended-spectrum beta-lactamase found in Klebsiella oxytoca.	100.0	card
contig_9	card~~~TEM-12~~~M88143.1:367-1228~~~cephalosporin;monobactam;penicillin_beta-lactam	99.419	861	5	0	63778	64638	861	1	0.0	1563	79498	861	card~~~TEM-12~~~M88143.1:367-1228~~~cephalosporin;monobactam;penicillin_beta-lactam TEM-12 is an extended-spectrum beta-lactamase found in Klebsiella oxytoca.	100.0	card
contig_9	card~~~TEM-115~~~AF535127.1:208-1069~~~cephalosporin;monobactam;penicillin_beta-lactam	99.419	861	5	0	63778	64638	861	1	0.0	1563	79498	861	card~~~TEM-115~~~AF535127.1:208-1069~~~cephalosporin;monobactam;penicillin_beta-lactam TEM-115 is an extended-spectrum beta-lactamase found in Klebsiella pneumoniae.	100.0	card
contig_9	card~~~TEM-109~~~AY628175.1:210-1071~~~cephalosporin;monobactam;penicillin_beta-lactam	99.419	861	5	0	63778	64638	861	1	0.0	1563	79498	861	card~~~TEM-109~~~AY628175.1:210-1071~~~cephalosporin;monobactam;penicillin_beta-lactam TEM-109 is an inhibitor-resistant, extended-spectrum beta-lactamase found in E. coli.	100.0	card
contig_9	card~~~TEM-106~~~AY101578.1:214-1075~~~cephalosporin;monobactam;penicillin_beta-lactam	99.419	861	5	0	63778	64638	861	1	0.0	1563	79498	861	card~~~TEM-106~~~AY101578.1:214-1075~~~cephalosporin;monobactam;penicillin_beta-lactam TEM-106 is an extended-spectrum beta-lactamase found in E. coli.	100.0	card
contig_9	card~~~TEM-104~~~AF516719.1:214-1075~~~cephalosporin;monobactam;penicillin_beta-lactam	99.419	861	5	0	63778	64638	861	1	0.0	1563	79498	861	card~~~TEM-104~~~AF516719.1:214-1075~~~cephalosporin;monobactam;penicillin_beta-lactam TEM-104 is a beta-lactamase found in Klebsiella pneumoniae.	100.0	card
contig_9	card~~~TEM-10~~~AF093512.1:197-1058~~~cephalosporin;monobactam;penicillin_beta-lactam	99.419	861	5	0	63778	64638	861	1	0.0	1563	79498	861	card~~~TEM-10~~~AF093512.1:197-1058~~~cephalosporin;monobactam;penicillin_beta-lactam TEM-10 is an extended-spectrum beta-lactamase round in Morganella morganii.	100.0	card
contig_9	card~~~TEM-239~~~MK497256.1:0-864~~~cephalosporin;monobactam;penicillin_beta-lactam	99.306	864	3	1	63778	64638	864	1	0.0	1559	79498	864	card~~~TEM-239~~~MK497256.1:0-864~~~cephalosporin;monobactam;penicillin_beta-lactam Class A beta-lactamase TEM-239.	100.0	card
contig_9	card~~~KPC-97~~~OK086971.1:0-897~~~carbapenem;cephalosporin;monobactam;penicillin_beta-lactam	98.328	897	0	2	76689	77570	1	897	0.0	1559	79498	897	card~~~KPC-97~~~OK086971.1:0-897~~~carbapenem;cephalosporin;monobactam;penicillin_beta-lactam KPC-97 is a KPC class A beta-lactamase.	100.0	card
contig_9	card~~~KPC-205~~~JAYEEW010000028.1:9697-8800~~~carbapenem;cephalosporin;monobactam;penicillin_beta-lactam	98.328	897	0	1	76689	77570	1	897	0.0	1559	79498	897	card~~~KPC-205~~~JAYEEW010000028.1:9697-8800~~~carbapenem;cephalosporin;monobactam;penicillin_beta-lactam Inhibitor-resistant class A beta-lactamase KPC-205.	100.0	card
contig_9	card~~~TEM-71~~~AF203816.1:210-1071~~~cephalosporin;monobactam;penicillin_beta-lactam	99.303	861	6	0	63778	64638	861	1	0.0	1557	79498	861	card~~~TEM-71~~~AF203816.1:210-1071~~~cephalosporin;monobactam;penicillin_beta-lactam TEM-71 is an extended-spectrum beta-lactamase found in Klebsiella pneumoniae.	100.0	card
contig_9	card~~~TEM-53~~~AF104441.1:193-1054~~~cephalosporin;monobactam;penicillin_beta-lactam	99.303	861	6	0	63778	64638	861	1	0.0	1557	79498	861	card~~~TEM-53~~~AF104441.1:193-1054~~~cephalosporin;monobactam;penicillin_beta-lactam TEM-53 is an extended-spectrum beta-lactamase found in Klebsiella pneumoniae.	100.0	card
contig_9	card~~~TEM-5~~~NG_068215.1:100-961~~~cephalosporin;monobactam;penicillin_beta-lactam	99.303	861	6	0	63778	64638	861	1	0.0	1557	79498	861	card~~~TEM-5~~~NG_068215.1:100-961~~~cephalosporin;monobactam;penicillin_beta-lactam TEM-5 is an extended-spectrum beta-lactamase that has been found in clinical isolates.	100.0	card
contig_9	card~~~TEM-45~~~X95401.1:208-1069~~~cephalosporin;monobactam;penicillin_beta-lactam	99.303	861	6	0	63778	64638	861	1	0.0	1557	79498	861	card~~~TEM-45~~~X95401.1:208-1069~~~cephalosporin;monobactam;penicillin_beta-lactam TEM-45 is an inhibitor-resistant beta-lactamase found in E. coli.	100.0	card
contig_9	card~~~TEM-258~~~PQ362078.1:0-861~~~cephalosporin;monobactam;penicillin_beta-lactam	99.303	861	6	0	63778	64638	861	1	0.0	1557	79498	861	card~~~TEM-258~~~PQ362078.1:0-861~~~cephalosporin;monobactam;penicillin_beta-lactam Class A beta-lactamase TEM-258.	100.0	card
contig_9	card~~~TEM-254~~~PQ037600.1:0-861~~~cephalosporin;monobactam;penicillin_beta-lactam	99.303	861	6	0	63778	64638	861	1	0.0	1557	79498	861	card~~~TEM-254~~~PQ037600.1:0-861~~~cephalosporin;monobactam;penicillin_beta-lactam Class A beta-lactamase TEM-254.	100.0	card
contig_9	card~~~TEM-252~~~PP933208.1:0-861~~~cephalosporin;monobactam;penicillin_beta-lactam	99.303	861	6	0	63778	64638	861	1	0.0	1557	79498	861	card~~~TEM-252~~~PP933208.1:0-861~~~cephalosporin;monobactam;penicillin_beta-lactam Class A beta-lactamase TEM-252.	100.0	card
contig_9	card~~~TEM-243~~~NG_071226.1:0-861~~~cephalosporin;monobactam;penicillin_beta-lactam	99.303	861	6	0	63778	64638	861	1	0.0	1557	79498	861	card~~~TEM-243~~~NG_071226.1:0-861~~~cephalosporin;monobactam;penicillin_beta-lactam TEM-243 is a beta-lactamase.	100.0	card
contig_9	card~~~TEM-242~~~NG_065939.1:0-861~~~cephalosporin;monobactam;penicillin_beta-lactam	99.303	861	6	0	63778	64638	861	1	0.0	1557	79498	861	card~~~TEM-242~~~NG_065939.1:0-861~~~cephalosporin;monobactam;penicillin_beta-lactam TEM-242 is a beta-lactamase.	100.0	card
contig_9	card~~~TEM-226~~~NG_054684.1:0-861~~~cephalosporin;monobactam;penicillin_beta-lactam	99.303	861	6	0	63778	64638	861	1	0.0	1557	79498	861	card~~~TEM-226~~~NG_054684.1:0-861~~~cephalosporin;monobactam;penicillin_beta-lactam TEM-226 is a beta lactamase.	100.0	card
contig_9	card~~~TEM-182~~~HQ317449.1:0-861~~~cephalosporin;monobactam;penicillin_beta-lactam	99.303	861	6	0	63778	64638	861	1	0.0	1557	79498	861	card~~~TEM-182~~~HQ317449.1:0-861~~~cephalosporin;monobactam;penicillin_beta-lactam TEM-182 is a beta-lactamase found in clinical isolates of H. parainfluenzae.	100.0	card
contig_9	card~~~TEM-160~~~EF136377.1:0-861~~~cephalosporin;monobactam;penicillin_beta-lactam	99.303	861	6	0	63778	64638	861	1	0.0	1557	79498	861	card~~~TEM-160~~~EF136377.1:0-861~~~cephalosporin;monobactam;penicillin_beta-lactam TEM-160 is an inhibitor-resistant beta-lactamase found in Proteus mirabilis.	100.0	card
contig_9	card~~~TEM-159~~~EF136376.1:0-861~~~cephalosporin;monobactam;penicillin_beta-lactam	99.303	861	6	0	63778	64638	861	1	0.0	1557	79498	861	card~~~TEM-159~~~EF136376.1:0-861~~~cephalosporin;monobactam;penicillin_beta-lactam TEM-159 is an inhibitor-resistant beta-lactamase found in Proteus mirabilis.	100.0	card
contig_9	card~~~TEM-158~~~EF534736.1:213-1074~~~cephalosporin;monobactam;penicillin_beta-lactam	99.303	861	6	0	63778	64638	861	1	0.0	1557	79498	861	card~~~TEM-158~~~EF534736.1:213-1074~~~cephalosporin;monobactam;penicillin_beta-lactam TEM-158 is an inhibitor-resistant, extended-spectrum beta-lactamase found in E. coli.	100.0	card
contig_9	card~~~TEM-136~~~AY826417.1:0-861~~~cephalosporin;monobactam;penicillin_beta-lactam	99.303	861	6	0	63778	64638	861	1	0.0	1557	79498	861	card~~~TEM-136~~~AY826417.1:0-861~~~cephalosporin;monobactam;penicillin_beta-lactam TEM-136 is an extended-spectrum beta-lactamase found in Klebsiella pneumoniae.	100.0	card
contig_9	card~~~TEM-133~~~AY528425.1:0-861~~~cephalosporin;monobactam;penicillin_beta-lactam	99.303	861	6	0	63778	64638	861	1	0.0	1557	79498	861	card~~~TEM-133~~~AY528425.1:0-861~~~cephalosporin;monobactam;penicillin_beta-lactam TEM-133 is an extended-spectrum beta-lactamase found in Klebsiella pneumoniae.	100.0	card
contig_9	card~~~TEM-132~~~AY491682.1:0-861~~~cephalosporin;monobactam;penicillin_beta-lactam	99.303	861	6	0	63778	64638	861	1	0.0	1557	79498	861	card~~~TEM-132~~~AY491682.1:0-861~~~cephalosporin;monobactam;penicillin_beta-lactam TEM-132 is an extended-spectrum beta-lactamase found in E. coli and Klebsiella pneumoniae.	100.0	card
contig_9	card~~~TEM-110~~~AY072920.1:0-861~~~cephalosporin;monobactam;penicillin_beta-lactam	99.303	861	6	0	63778	64638	861	1	0.0	1557	79498	861	card~~~TEM-110~~~AY072920.1:0-861~~~cephalosporin;monobactam;penicillin_beta-lactam TEM-110 is a broad-spectrum beta-lactamase found in Klebsiella pneumoniae.	100.0	card
contig_9	card~~~TEM-11~~~AY874537.1:177-1038~~~cephalosporin;monobactam;penicillin_beta-lactam	99.303	861	6	0	63778	64638	861	1	0.0	1557	79498	861	card~~~TEM-11~~~AY874537.1:177-1038~~~cephalosporin;monobactam;penicillin_beta-lactam TEM-11 is an extended-spectrum beta-lactamase found in Proteus mirabilis.	100.0	card
contig_9	card~~~KPC-197~~~OR633287.1:0-882~~~carbapenem;cephalosporin;monobactam;penicillin_beta-lactam	98.536	888	1	2	76689	77570	1	882	0.0	1557	79498	882	card~~~KPC-197~~~OR633287.1:0-882~~~carbapenem;cephalosporin;monobactam;penicillin_beta-lactam Inhibitor-resistant extended-spectrum class A beta-lactamase KPC-197.	100.68027210884354	card
contig_9	card~~~TEM-99~~~NG_050308.1:0-861~~~cephalosporin;monobactam;penicillin_beta-lactam	99.531	853	4	0	63778	64630	861	9	0.0	1554	79498	861	card~~~TEM-99~~~NG_050308.1:0-861~~~cephalosporin;monobactam;penicillin_beta-lactam TEM-99 is a TEM beta-lactamase.	99.07084785133566	card
contig_9	card~~~KPC-93~~~MZ569034.1:0-897~~~carbapenem;cephalosporin;monobactam;penicillin_beta-lactam	98.216	897	1	1	76689	77570	1	897	0.0	1554	79498	897	card~~~KPC-93~~~MZ569034.1:0-897~~~carbapenem;cephalosporin;monobactam;penicillin_beta-lactam KPC-93 is a KPC beta-lactamase.	100.0	card
contig_9	card~~~KPC-202~~~OR839185.1:0-912~~~carbapenem;cephalosporin;monobactam;penicillin_beta-lactam	99.882	844	1	0	76689	77532	1	844	0.0	1554	79498	912	card~~~KPC-202~~~OR839185.1:0-912~~~carbapenem;cephalosporin;monobactam;penicillin_beta-lactam Inhibitor-resistant carbapenem-hydrolyzing class A beta-lactamase KPC-202.	92.54385964912281	card
contig_9	card~~~TEM-88~~~AY027590.1:112-973~~~cephalosporin;monobactam;penicillin_beta-lactam	99.187	861	7	0	63778	64638	861	1	0.0	1552	79498	861	card~~~TEM-88~~~AY027590.1:112-973~~~cephalosporin;monobactam;penicillin_beta-lactam TEM-88 is an extended-spectrum beta-lactamase found in Klebsiella pneumoniae.	100.0	card
contig_9	card~~~TEM-83~~~AF427129.1:208-1069~~~cephalosporin;monobactam;penicillin_beta-lactam	99.187	861	7	0	63778	64638	861	1	0.0	1552	79498	861	card~~~TEM-83~~~AF427129.1:208-1069~~~cephalosporin;monobactam;penicillin_beta-lactam TEM-83 is an inhibitor-resistant beta-lactamase found in E. coli.	100.0	card
contig_9	card~~~TEM-78~~~AF190693.1:208-1069~~~cephalosporin;monobactam;penicillin_beta-lactam	99.187	861	7	0	63778	64638	861	1	0.0	1552	79498	861	card~~~TEM-78~~~AF190693.1:208-1069~~~cephalosporin;monobactam;penicillin_beta-lactam TEM-78 is an inhibitor-resistant beta-lactamase found in E. coli.	100.0	card
contig_9	card~~~TEM-67~~~AF091113.2:450-1311~~~cephalosporin;monobactam;penicillin_beta-lactam	99.187	861	7	0	63778	64638	861	1	0.0	1552	79498	861	card~~~TEM-67~~~AF091113.2:450-1311~~~cephalosporin;monobactam;penicillin_beta-lactam TEM-67 is an inhibitor-resistant beta-lactamase found in Proteus mirabilis.	100.0	card
contig_9	card~~~TEM-61~~~LC542923.1:3340-2479~~~cephalosporin;monobactam;penicillin_beta-lactam	99.187	861	7	0	63778	64638	861	1	0.0	1552	79498	861	card~~~TEM-61~~~LC542923.1:3340-2479~~~cephalosporin;monobactam;penicillin_beta-lactam TEM-61 is an extended-spectrum beta-lactamase that has been found in clinical isolates.	100.0	card
contig_9	card~~~TEM-47~~~Y10279.1:0-861~~~cephalosporin;monobactam;penicillin_beta-lactam	99.187	861	7	0	63778	64638	861	1	0.0	1552	79498	861	card~~~TEM-47~~~Y10279.1:0-861~~~cephalosporin;monobactam;penicillin_beta-lactam TEM-47 is an extended-spectrum beta-lactamase found in Klebsiella pneumoniae.	100.0	card
contig_9	card~~~TEM-39~~~NG_065940.1:0-861~~~cephalosporin;monobactam;penicillin_beta-lactam	99.187	861	7	0	63778	64638	861	1	0.0	1552	79498	861	card~~~TEM-39~~~NG_065940.1:0-861~~~cephalosporin;monobactam;penicillin_beta-lactam TEM-39 is an inhibitor-resistant beta-lactamase that has been found in clinical isolates.	100.0	card
contig_9	card~~~TEM-3~~~X64523.1:1337-476~~~cephalosporin;monobactam;penicillin_beta-lactam	99.187	861	7	0	63778	64638	861	1	0.0	1552	79498	861	card~~~TEM-3~~~X64523.1:1337-476~~~cephalosporin;monobactam;penicillin_beta-lactam TEM-3 is an extended-spectrum beta-lactamase found in Klebsiella pneumoniae.	100.0	card
contig_9	card~~~TEM-241~~~NG_065938.1:0-861~~~cephalosporin;monobactam;penicillin_beta-lactam	99.187	861	7	0	63778	64638	861	1	0.0	1552	79498	861	card~~~TEM-241~~~NG_065938.1:0-861~~~cephalosporin;monobactam;penicillin_beta-lactam TEM-241 is a beta-lactamase.	100.0	card
contig_9	card~~~TEM-24~~~X65253.1:175-1036~~~cephalosporin;monobactam;penicillin_beta-lactam	99.187	861	7	0	63778	64638	861	1	0.0	1552	79498	861	card~~~TEM-24~~~X65253.1:175-1036~~~cephalosporin;monobactam;penicillin_beta-lactam TEM-24 is an extended-spectrum beta-lactamase found in Klebsiella pneumoniae.	100.0	card
contig_9	card~~~TEM-20~~~Y17581.1:78-936~~~cephalosporin;monobactam;penicillin_beta-lactam	99.301	858	6	0	63781	64638	858	1	0.0	1552	79498	858	card~~~TEM-20~~~Y17581.1:78-936~~~cephalosporin;monobactam;penicillin_beta-lactam TEM-20 is an extended-spectrum beta-lactamase found in several species of Gram-negative bacteria.	100.0	card
contig_9	card~~~TEM-190~~~JN416112.1:0-861~~~cephalosporin;monobactam;penicillin_beta-lactam	99.187	861	7	0	63778	64638	861	1	0.0	1552	79498	861	card~~~TEM-190~~~JN416112.1:0-861~~~cephalosporin;monobactam;penicillin_beta-lactam TEM-190 is a beta-lactamase.	100.0	card
contig_9	card~~~TEM-188~~~JN211012.1:213-1074~~~cephalosporin;monobactam;penicillin_beta-lactam	99.187	861	7	0	63778	64638	861	1	0.0	1552	79498	861	card~~~TEM-188~~~JN211012.1:213-1074~~~cephalosporin;monobactam;penicillin_beta-lactam TEM-188 is an extended-spectrum beta-lactamase.	100.0	card
contig_9	card~~~TEM-16~~~X65254.1:175-1036~~~cephalosporin;monobactam;penicillin_beta-lactam	99.187	861	7	0	63778	64638	861	1	0.0	1552	79498	861	card~~~TEM-16~~~X65254.1:175-1036~~~cephalosporin;monobactam;penicillin_beta-lactam TEM-16 is an extended-spectrum beta-lactamase found in Klebsiella pneumoniae.	100.0	card
contig_9	card~~~TEM-138~~~AY853593.1:214-1075~~~cephalosporin;monobactam;penicillin_beta-lactam	99.187	861	7	0	63778	64638	861	1	0.0	1552	79498	861	card~~~TEM-138~~~AY853593.1:214-1075~~~cephalosporin;monobactam;penicillin_beta-lactam TEM-138 is an extended-spectrum beta-lactamase found in Salmonella enterica.	100.0	card
contig_9	card~~~TEM-137~~~AM286274.1:0-861~~~cephalosporin;monobactam;penicillin_beta-lactam	99.187	861	7	0	63778	64638	861	1	0.0	1552	79498	861	card~~~TEM-137~~~AM286274.1:0-861~~~cephalosporin;monobactam;penicillin_beta-lactam TEM-137 is an extended-spectrum beta-lactamase found in Shigella sonnei.	100.0	card
contig_9	card~~~TEM-111~~~AF468003.1:0-861~~~cephalosporin;monobactam;penicillin_beta-lactam	99.187	861	7	0	63778	64638	861	1	0.0	1552	79498	861	card~~~TEM-111~~~AF468003.1:0-861~~~cephalosporin;monobactam;penicillin_beta-lactam TEM-111 is a beta-lactamase found in E. coli and P. mirabilis.	100.0	card
contig_9	card~~~TEM-107~~~AY101764.1:206-1067~~~cephalosporin;monobactam;penicillin_beta-lactam	99.187	861	7	0	63778	64638	861	1	0.0	1552	79498	861	card~~~TEM-107~~~AY101764.1:206-1067~~~cephalosporin;monobactam;penicillin_beta-lactam TEM-107 is an extended-spectrum beta-lactamase found in Klebsiella pneumoniae.	100.0	card
contig_9	card~~~KPC-240~~~PQ394553.1:0-870~~~carbapenem;cephalosporin;monobactam;penicillin_beta-lactam	98.639	882	0	1	76689	77570	1	870	0.0	1552	79498	870	card~~~KPC-240~~~PQ394553.1:0-870~~~carbapenem;cephalosporin;monobactam;penicillin_beta-lactam Carbapenem-hydrolyzing class A beta-lactamase KPC-240.	101.37931034482759	card
contig_9	card~~~KPC-138~~~OP432320.1:0-897~~~carbapenem;cephalosporin;monobactam;penicillin_beta-lactam	98.105	897	2	2	76689	77570	1	897	0.0	1548	79498	897	card~~~KPC-138~~~OP432320.1:0-897~~~carbapenem;cephalosporin;monobactam;penicillin_beta-lactam Inhibitor-resistant extended-spectrum class A beta-lactamase KPC-138.	100.0	card
contig_9	card~~~TEM-92~~~AF143804.1:0-861~~~cephalosporin;monobactam;penicillin_beta-lactam	99.071	861	8	0	63778	64638	861	1	0.0	1546	79498	861	card~~~TEM-92~~~AF143804.1:0-861~~~cephalosporin;monobactam;penicillin_beta-lactam TEM-92 is an extended-spectrum beta-lactamase found in Proteus mirabilis.	100.0	card
contig_9	card~~~TEM-9~~~NG_056168.1:0-861~~~cephalosporin;monobactam;penicillin_beta-lactam	99.071	861	8	0	63778	64638	861	1	0.0	1546	79498	861	card~~~TEM-9~~~NG_056168.1:0-861~~~cephalosporin;monobactam;penicillin_beta-lactam TEM-9 is an extended-spectrum beta-lactamase that has been found in clinical isolates.	100.0	card
contig_9	card~~~TEM-85~~~AJ277414.1:0-861~~~cephalosporin;monobactam;penicillin_beta-lactam	99.071	861	8	0	63778	64638	861	1	0.0	1546	79498	861	card~~~TEM-85~~~AJ277414.1:0-861~~~cephalosporin;monobactam;penicillin_beta-lactam TEM-85 is an extended-spectrum beta-lactamase found in Klebsiella pneumoniae.	100.0	card
contig_9	card~~~TEM-8~~~X65252.1:175-1036~~~cephalosporin;monobactam;penicillin_beta-lactam	99.071	861	8	0	63778	64638	861	1	0.0	1546	79498	861	card~~~TEM-8~~~X65252.1:175-1036~~~cephalosporin;monobactam;penicillin_beta-lactam TEM-8 is an extended-spectrum beta-lactamase found in Klebsiella pneumoniae.	100.0	card
contig_9	card~~~TEM-72~~~AF157553.1:147-1008~~~cephalosporin;monobactam;penicillin_beta-lactam	99.071	861	8	0	63778	64638	861	1	0.0	1546	79498	861	card~~~TEM-72~~~AF157553.1:147-1008~~~cephalosporin;monobactam;penicillin_beta-lactam TEM-72 is an extended-spectrum beta-lactamase found in Proteus mirabilis and Morganella morganii.	100.0	card
contig_9	card~~~TEM-68~~~AJ239002.1:0-861~~~cephalosporin;monobactam;penicillin_beta-lactam	99.071	861	8	0	63778	64638	861	1	0.0	1546	79498	861	card~~~TEM-68~~~AJ239002.1:0-861~~~cephalosporin;monobactam;penicillin_beta-lactam TEM-68 is an inhibitor resistant, extended-spectrum beta-lactamase found in Klebsiella pneumoniae.	100.0	card
contig_9	card~~~TEM-63~~~AF332513.1:103-964~~~cephalosporin;monobactam;penicillin_beta-lactam	99.071	861	8	0	63778	64638	861	1	0.0	1546	79498	861	card~~~TEM-63~~~AF332513.1:103-964~~~cephalosporin;monobactam;penicillin_beta-lactam TEM-63 is an extended-spectrum beta-lactamase found in E. coli.	100.0	card
contig_9	card~~~TEM-48~~~Y10280.1:0-861~~~cephalosporin;monobactam;penicillin_beta-lactam	99.071	861	8	0	63778	64638	861	1	0.0	1546	79498	861	card~~~TEM-48~~~Y10280.1:0-861~~~cephalosporin;monobactam;penicillin_beta-lactam TEM-48 is an extended-spectrum beta-lactamase found Klebsiella pneumoniae.	100.0	card
contig_9	card~~~TEM-4~~~LK391770.1:19707-20568~~~cephalosporin;monobactam;penicillin_beta-lactam	99.071	861	8	0	63778	64638	861	1	0.0	1546	79498	861	card~~~TEM-4~~~LK391770.1:19707-20568~~~cephalosporin;monobactam;penicillin_beta-lactam TEM-4 is an extended-spectrum beta-lactamase that has been found in clinical isolates.	100.0	card
contig_9	card~~~TEM-250~~~OQ592371.1:0-861~~~cephalosporin;monobactam;penicillin_beta-lactam	99.071	861	8	0	63778	64638	861	1	0.0	1546	79498	861	card~~~TEM-250~~~OQ592371.1:0-861~~~cephalosporin;monobactam;penicillin_beta-lactam Class A beta-lactamase TEM-250.	100.0	card
contig_9	card~~~TEM-233~~~NG_057581.1:0-861~~~cephalosporin;monobactam;penicillin_beta-lactam	99.071	861	8	0	63778	64638	861	1	0.0	1546	79498	861	card~~~TEM-233~~~NG_057581.1:0-861~~~cephalosporin;monobactam;penicillin_beta-lactam TEM-233 is a beta-lactamase.	100.0	card
contig_9	card~~~TEM-205~~~KC900516.1:0-858~~~cephalosporin;monobactam;penicillin_beta-lactam	99.184	858	7	0	63781	64638	858	1	0.0	1546	79498	858	card~~~TEM-205~~~KC900516.1:0-858~~~cephalosporin;monobactam;penicillin_beta-lactam TEM-205 is a beta-lactamase. Name originally from the historical Lahey list of beta-lactamases, some of which did not include sequence data.	100.0	card
contig_9	card~~~TEM-184~~~FR848831.1:0-861~~~cephalosporin;monobactam;penicillin_beta-lactam	99.071	861	8	0	63778	64638	861	1	0.0	1546	79498	861	card~~~TEM-184~~~FR848831.1:0-861~~~cephalosporin;monobactam;penicillin_beta-lactam TEM-184 is a beta-lactamase. Name originally from the historical Lahey list of beta-lactamases, some of which did not include sequence data.	100.0	card
contig_9	card~~~TEM-162~~~EF468463.1:66-927~~~cephalosporin;monobactam;penicillin_beta-lactam	99.071	861	8	0	63778	64638	861	1	0.0	1546	79498	861	card~~~TEM-162~~~EF468463.1:66-927~~~cephalosporin;monobactam;penicillin_beta-lactam TEM-162 is a beta-lactamase found in Acinetobacter haemolyticus.	100.0	card
contig_9	card~~~TEM-152~~~DQ834728.1:205-1066~~~cephalosporin;monobactam;penicillin_beta-lactam	99.071	861	8	0	63778	64638	861	1	0.0	1546	79498	861	card~~~TEM-152~~~DQ834728.1:205-1066~~~cephalosporin;monobactam;penicillin_beta-lactam TEM-152 is a CMT-type, inhibitor-resistant, extended-spectrum beta-lactamase found in E. coli.	100.0	card
contig_9	card~~~TEM-151~~~DQ834729.1:205-1066~~~cephalosporin;monobactam;penicillin_beta-lactam	99.071	861	8	0	63778	64638	861	1	0.0	1546	79498	861	card~~~TEM-151~~~DQ834729.1:205-1066~~~cephalosporin;monobactam;penicillin_beta-lactam TEM-151 is a CMT-type, inhibitor-resistant, extended-spectrum beta-lactamase found in E. coli.	100.0	card
contig_9	card~~~TEM-149~~~DQ369751.1:0-861~~~cephalosporin;monobactam;penicillin_beta-lactam	99.071	861	8	0	63778	64638	861	1	0.0	1546	79498	861	card~~~TEM-149~~~DQ369751.1:0-861~~~cephalosporin;monobactam;penicillin_beta-lactam TEM-149 is an extended-spectrum beta-lactamase found in Klebsiella aerogenes.	100.0	card
contig_9	card~~~TEM-142~~~DQ388882.1:0-861~~~cephalosporin;monobactam;penicillin_beta-lactam	99.071	861	8	0	63778	64638	861	1	0.0	1546	79498	861	card~~~TEM-142~~~DQ388882.1:0-861~~~cephalosporin;monobactam;penicillin_beta-lactam TEM-142 is an beta-lactamase found in E. coli.	100.0	card
contig_9	card~~~TEM-134~~~AY574271.1:0-861~~~cephalosporin;monobactam;penicillin_beta-lactam	99.071	861	8	0	63778	64638	861	1	0.0	1546	79498	861	card~~~TEM-134~~~AY574271.1:0-861~~~cephalosporin;monobactam;penicillin_beta-lactam TEM-134 is an extended-spectrum beta-lactamase found in Citrobacter koseri.	100.0	card
contig_9	card~~~TEM-129~~~AJ746225.1:0-861~~~cephalosporin;monobactam;penicillin_beta-lactam	99.071	861	8	0	63778	64638	861	1	0.0	1546	79498	861	card~~~TEM-129~~~AJ746225.1:0-861~~~cephalosporin;monobactam;penicillin_beta-lactam TEM-129 is an extended-spectrum beta-lactamase found in Klebsiella oxytoca.	100.0	card
contig_9	card~~~TEM-114~~~AY589495.1:181-1042~~~cephalosporin;monobactam;penicillin_beta-lactam	99.071	861	8	0	63778	64638	861	1	0.0	1546	79498	861	card~~~TEM-114~~~AY589495.1:181-1042~~~cephalosporin;monobactam;penicillin_beta-lactam TEM-114 is an extended-spectrum beta-lactamase found in Klebsiella aerogenes.	100.0	card
contig_9	card~~~KPC-67~~~MT809697.1:38105-37205~~~carbapenem;cephalosporin;monobactam;penicillin_beta-lactam	98.0	900	0	1	76689	77570	1	900	0.0	1546	79498	900	card~~~KPC-67~~~MT809697.1:38105-37205~~~carbapenem;cephalosporin;monobactam;penicillin_beta-lactam Inhibitor-resistant carbapenem-hydrolyzing class A beta-lactamase KPC-67.	100.0	card
contig_9	card~~~KPC-228~~~PP860922.1:0-870~~~carbapenem;cephalosporin;monobactam;penicillin_beta-lactam	98.526	882	1	1	76689	77570	1	870	0.0	1546	79498	870	card~~~KPC-228~~~PP860922.1:0-870~~~carbapenem;cephalosporin;monobactam;penicillin_beta-lactam Inhibitor-resistant extended-spectrum class A beta-lactamase KPC-228.	101.37931034482759	card
contig_9	card~~~KPC-211~~~PP194258.1:0-870~~~carbapenem;cephalosporin;monobactam;penicillin_beta-lactam	98.526	882	1	1	76689	77570	1	870	0.0	1546	79498	870	card~~~KPC-211~~~PP194258.1:0-870~~~carbapenem;cephalosporin;monobactam;penicillin_beta-lactam Carbapenem-hydrolyzing class A beta-lactamase KPC-211.	101.37931034482759	card
contig_9	card~~~KPC-183~~~OR282800.1:0-900~~~carbapenem;cephalosporin;monobactam;penicillin_beta-lactam	98.0	900	0	1	76689	77570	1	900	0.0	1546	79498	900	card~~~KPC-183~~~OR282800.1:0-900~~~carbapenem;cephalosporin;monobactam;penicillin_beta-lactam Carbapenem-hydrolyzing class A beta-lactamase KPC-183.	100.0	card
contig_9	card~~~KPC-163~~~OQ579139.1:0-900~~~carbapenem;cephalosporin;monobactam;penicillin_beta-lactam	98.0	900	0	2	76689	77570	1	900	0.0	1546	79498	900	card~~~KPC-163~~~OQ579139.1:0-900~~~carbapenem;cephalosporin;monobactam;penicillin_beta-lactam Carbapenem-hydrolyzing class A beta-lactamase KPC-163.	100.0	card
contig_9	card~~~KPC-112~~~OM177660.1:5-875~~~carbapenem;cephalosporin;monobactam;penicillin_beta-lactam	98.526	882	1	2	76689	77570	1	870	0.0	1546	79498	870	card~~~KPC-112~~~OM177660.1:5-875~~~carbapenem;cephalosporin;monobactam;penicillin_beta-lactam Inhibitor-resistant extended-spectrum class A beta-lactamase KPC-112.	101.37931034482759	card
contig_9	card~~~KPC-109~~~OL744263.1:0-900~~~carbapenem;cephalosporin;monobactam;penicillin_beta-lactam	98.0	900	0	1	76689	77570	1	900	0.0	1546	79498	900	card~~~KPC-109~~~OL744263.1:0-900~~~carbapenem;cephalosporin;monobactam;penicillin_beta-lactam Inhibitor-resistant carbapenem-hydrolyzing class A beta-lactamase KPC-109.	100.0	card
contig_9	card~~~TEM-131~~~AY436361.1:131-992~~~cephalosporin;monobactam;penicillin_beta-lactam	98.955	861	9	0	63778	64638	861	1	0.0	1543	79498	861	card~~~TEM-131~~~AY436361.1:131-992~~~cephalosporin;monobactam;penicillin_beta-lactam TEM-131 is an extended-spectrum beta-lactamase found in Salmonella enterica.	100.0	card
contig_9	card~~~TEM-108~~~AF506748.1:38-899~~~cephalosporin;monobactam;penicillin_beta-lactam	99.297	853	6	0	63778	64630	861	9	0.0	1543	79498	861	card~~~TEM-108~~~AF506748.1:38-899~~~cephalosporin;monobactam;penicillin_beta-lactam TEM-108 is a beta-lactamase that has been found in clinical isolates.	99.07084785133566	card
contig_9	card~~~KPC-171~~~OQ856769.1:0-906~~~carbapenem;cephalosporin;monobactam;penicillin_beta-lactam	99.881	838	1	0	76689	77526	1	838	0.0	1543	79498	906	card~~~KPC-171~~~OQ856769.1:0-906~~~carbapenem;cephalosporin;monobactam;penicillin_beta-lactam Inhibitor-resistant carbapenem-hydrolyzing class A beta-lactamase KPC-171.	92.49448123620309	card
contig_9	card~~~KPC-161~~~OQ579137.1:0-915~~~carbapenem;cephalosporin;monobactam;penicillin_beta-lactam	99.881	838	1	0	76689	77526	1	838	0.0	1543	79498	915	card~~~KPC-161~~~OQ579137.1:0-915~~~carbapenem;cephalosporin;monobactam;penicillin_beta-lactam Carbapenem-hydrolyzing class A beta-lactamase KPC-161.	91.5846994535519	card
contig_9	card~~~TEM-94~~~AJ318094.1:0-861~~~cephalosporin;monobactam;penicillin_beta-lactam	98.955	861	9	0	63778	64638	861	1	0.0	1541	79498	861	card~~~TEM-94~~~AJ318094.1:0-861~~~cephalosporin;monobactam;penicillin_beta-lactam TEM-94 is an extended-spectrum beta-lactamase found in E. coli.	100.0	card
contig_9	card~~~TEM-87~~~AF250872.1:0-861~~~cephalosporin;monobactam;penicillin_beta-lactam	98.955	861	9	0	63778	64638	861	1	0.0	1541	79498	861	card~~~TEM-87~~~AF250872.1:0-861~~~cephalosporin;monobactam;penicillin_beta-lactam TEM-87 is an extended-spectrum beta-lactamase found in Proteus mirabilis.	100.0	card
contig_9	card~~~TEM-86~~~AJ277415.1:0-861~~~cephalosporin;monobactam;penicillin_beta-lactam	98.955	861	9	0	63778	64638	861	1	0.0	1541	79498	861	card~~~TEM-86~~~AJ277415.1:0-861~~~cephalosporin;monobactam;penicillin_beta-lactam TEM-86 is an extended-spectrum beta-lactamase found in Klebsiella pneumoniae.	100.0	card
contig_9	card~~~TEM-49~~~Y10281.1:0-861~~~cephalosporin;monobactam;penicillin_beta-lactam	98.955	861	9	0	63778	64638	861	1	0.0	1541	79498	861	card~~~TEM-49~~~Y10281.1:0-861~~~cephalosporin;monobactam;penicillin_beta-lactam TEM-49 extended-spectrum beta-lactamase found in E. coli.	100.0	card
contig_9	card~~~TEM-227~~~NG_054696.1:0-861~~~cephalosporin;monobactam;penicillin_beta-lactam	98.955	861	9	0	63778	64638	861	1	0.0	1541	79498	861	card~~~TEM-227~~~NG_054696.1:0-861~~~cephalosporin;monobactam;penicillin_beta-lactam TEM-227 is a beta-lactamase.	100.0	card
contig_9	card~~~TEM-224~~~NG_050254.1:0-861~~~cephalosporin;monobactam;penicillin_beta-lactam	98.955	861	9	0	63778	64638	861	1	0.0	1541	79498	861	card~~~TEM-224~~~NG_050254.1:0-861~~~cephalosporin;monobactam;penicillin_beta-lactam TEM-224 is a beta-lactamase.	100.0	card
contig_9	card~~~TEM-22~~~Y17583.1:213-1071~~~cephalosporin;monobactam;penicillin_beta-lactam	99.068	858	8	0	63781	64638	858	1	0.0	1541	79498	858	card~~~TEM-22~~~Y17583.1:213-1071~~~cephalosporin;monobactam;penicillin_beta-lactam TEM-22 is an extended-spectrum beta-lactamase found in Klebsiella pneumoniae.	100.0	card
contig_9	card~~~TEM-21~~~Y17582.1:0-858~~~cephalosporin;monobactam;penicillin_beta-lactam	99.068	858	8	0	63781	64638	858	1	0.0	1541	79498	858	card~~~TEM-21~~~Y17582.1:0-858~~~cephalosporin;monobactam;penicillin_beta-lactam TEM-21 is an extended-spectrum beta-lactamase found in many species of Gram-negative bacteria.	100.0	card
contig_9	card~~~TEM-167~~~FJ360884.1:213-1074~~~cephalosporin;monobactam;penicillin_beta-lactam	98.955	861	9	0	63778	64638	861	1	0.0	1541	79498	861	card~~~TEM-167~~~FJ360884.1:213-1074~~~cephalosporin;monobactam;penicillin_beta-lactam TEM-167 is an extended-spectrum beta-lactamase found in E. coli.	100.0	card
contig_9	card~~~TEM-139~~~DQ072853.1:0-861~~~cephalosporin;monobactam;penicillin_beta-lactam	98.955	861	9	0	63778	64638	861	1	0.0	1541	79498	861	card~~~TEM-139~~~DQ072853.1:0-861~~~cephalosporin;monobactam;penicillin_beta-lactam TEM-139 is an extended-spectrum beta-lactamase found in Klebsiella pneumoniae.	100.0	card
contig_9	card~~~TEM-121~~~AY271267.1:0-861~~~cephalosporin;monobactam;penicillin_beta-lactam	98.955	861	9	0	63778	64638	861	1	0.0	1541	79498	861	card~~~TEM-121~~~AY271267.1:0-861~~~cephalosporin;monobactam;penicillin_beta-lactam TEM-121 is an inhibitor-resistant, extended-spectrum beta-lactamase found in E. coli and Klebsiella aerogenes.	100.0	card
contig_9	card~~~TEM-113~~~AY589494.1:193-1054~~~cephalosporin;monobactam;penicillin_beta-lactam	98.955	861	9	0	63778	64638	861	1	0.0	1541	79498	861	card~~~TEM-113~~~AY589494.1:193-1054~~~cephalosporin;monobactam;penicillin_beta-lactam TEM-113 is an extended-spectrum beta-lactamase found in Proteus mirabilis.	100.0	card
contig_9	card~~~TEM-101~~~AF495873.1:0-861~~~cephalosporin;monobactam;penicillin_beta-lactam	98.955	861	9	0	63778	64638	861	1	0.0	1541	79498	861	card~~~TEM-101~~~AF495873.1:0-861~~~cephalosporin;monobactam;penicillin_beta-lactam TEM-101 is an extended-spectrum beta-lactamase found in E. coli.	100.0	card
contig_9	card~~~KPC-233~~~PQ287843.1:0-900~~~carbapenem;cephalosporin;monobactam;penicillin_beta-lactam	97.889	900	1	1	76689	77570	1	900	0.0	1541	79498	900	card~~~KPC-233~~~PQ287843.1:0-900~~~carbapenem;cephalosporin;monobactam;penicillin_beta-lactam Inhibitor-resistant carbapenem-hydrolyzing class A beta-lactamase KPC-233.	100.0	card
contig_9	card~~~KPC-230~~~PP988013.1:900-0~~~carbapenem;cephalosporin;monobactam;penicillin_beta-lactam	97.889	900	1	2	76689	77570	1	900	0.0	1541	79498	900	card~~~KPC-230~~~PP988013.1:900-0~~~carbapenem;cephalosporin;monobactam;penicillin_beta-lactam Inhibitor-resistant extended-spectrum class A beta-lactamase KPC-230.	100.0	card
contig_9	card~~~KPC-209~~~PP165529.1:5-905~~~carbapenem;cephalosporin;monobactam;penicillin_beta-lactam	97.889	900	1	1	76689	77570	1	900	0.0	1541	79498	900	card~~~KPC-209~~~PP165529.1:5-905~~~carbapenem;cephalosporin;monobactam;penicillin_beta-lactam Inhibitor-resistant extended-spectrum class A beta-lactamase KPC-209.	100.0	card
contig_9	card~~~KPC-167~~~OQ592370.1:0-900~~~carbapenem;cephalosporin;monobactam;penicillin_beta-lactam	97.889	900	1	1	76689	77570	1	900	0.0	1541	79498	900	card~~~KPC-167~~~OQ592370.1:0-900~~~carbapenem;cephalosporin;monobactam;penicillin_beta-lactam Class A beta-lactamase KPC-167.	100.0	card
contig_9	card~~~KPC-139~~~OP503887.1:0-900~~~carbapenem;cephalosporin;monobactam;penicillin_beta-lactam	97.889	900	1	2	76689	77570	1	900	0.0	1541	79498	900	card~~~KPC-139~~~OP503887.1:0-900~~~carbapenem;cephalosporin;monobactam;penicillin_beta-lactam Inhibitor-resistant carbapenem-hydrolyzing class A beta-lactamase KPC-139.	100.0	card
contig_9	card~~~KPC-106~~~OL445428.1:0-900~~~carbapenem;cephalosporin;monobactam;penicillin_beta-lactam	97.889	900	1	2	76689	77570	1	900	0.0	1541	79498	900	card~~~KPC-106~~~OL445428.1:0-900~~~carbapenem;cephalosporin;monobactam;penicillin_beta-lactam Class A beta-lactamase KPC-106.	100.0	card
contig_9	card~~~KPC-103~~~OL445423.1:0-918~~~carbapenem;cephalosporin;monobactam;penicillin_beta-lactam	99.881	837	1	0	76689	77525	1	837	0.0	1541	79498	918	card~~~KPC-103~~~OL445423.1:0-918~~~carbapenem;cephalosporin;monobactam;penicillin_beta-lactam Class A beta-lactamase KPC-103.	91.17647058823529	card
contig_9	card~~~TEM-187~~~HM246246.1:211-1069~~~cephalosporin;monobactam;penicillin_beta-lactam	99.067	857	8	0	63782	64638	857	1	0.0	1539	79498	858	card~~~TEM-187~~~HM246246.1:211-1069~~~cephalosporin;monobactam;penicillin_beta-lactam TEM-187 is an extended-spectrum beta-lactamase found in P. mirabilis.	99.88344988344988	card
contig_9	card~~~TEM-211~~~KF513179.1:0-861~~~cephalosporin;monobactam;penicillin_beta-lactam	98.839	861	10	0	63778	64638	861	1	0.0	1535	79498	861	card~~~TEM-211~~~KF513179.1:0-861~~~cephalosporin;monobactam;penicillin_beta-lactam TEM-211 is a beta-lactamase. Name originally from the historical Lahey list of beta-lactamases, some of which did not include sequence data.	100.0	card
contig_9	card~~~TEM-177~~~FN652295.1:0-861~~~cephalosporin;monobactam;penicillin_beta-lactam	98.839	861	10	0	63778	64638	861	1	0.0	1535	79498	861	card~~~TEM-177~~~FN652295.1:0-861~~~cephalosporin;monobactam;penicillin_beta-lactam TEM-177 is an extended-spectrum beta-lactamase.	100.0	card
contig_9	card~~~TEM-130~~~AJ866988.1:0-861~~~cephalosporin;monobactam;penicillin_beta-lactam	98.839	861	10	0	63778	64638	861	1	0.0	1535	79498	861	card~~~TEM-130~~~AJ866988.1:0-861~~~cephalosporin;monobactam;penicillin_beta-lactam TEM-130 is an extended-spectrum beta-lactamase found in Klebsiella pneumoniae.	100.0	card
contig_9	card~~~KPC-225~~~PP723735.1:0-867~~~carbapenem;cephalosporin;monobactam;penicillin_beta-lactam	98.299	882	0	1	76689	77570	1	867	0.0	1531	79498	867	card~~~KPC-225~~~PP723735.1:0-867~~~carbapenem;cephalosporin;monobactam;penicillin_beta-lactam Inhibitor-resistant carbapenem-hydrolyzing class A beta-lactamase KPC-225.	101.73010380622837	card
contig_9	card~~~KPC-142~~~OP503890.1:0-903~~~carbapenem;cephalosporin;monobactam;penicillin_beta-lactam	97.674	903	0	3	76689	77570	1	903	0.0	1531	79498	903	card~~~KPC-142~~~OP503890.1:0-903~~~carbapenem;cephalosporin;monobactam;penicillin_beta-lactam Inhibitor-resistant carbapenem-hydrolyzing class A beta-lactamase KPC-142.	100.0	card
contig_9	card~~~TEM-199~~~JX050178.1:1-853~~~cephalosporin;monobactam;penicillin_beta-lactam	99.061	852	8	0	63778	64629	852	1	0.0	1530	79498	852	card~~~TEM-199~~~JX050178.1:1-853~~~cephalosporin;monobactam;penicillin_beta-lactam TEM-199 is a beta-lactamase.	100.0	card
contig_9	card~~~TEM-125~~~AY628176.1:75-936~~~cephalosporin;monobactam;penicillin_beta-lactam	98.722	861	11	0	63778	64638	861	1	0.0	1530	79498	861	card~~~TEM-125~~~AY628176.1:75-936~~~cephalosporin;monobactam;penicillin_beta-lactam TEM-125 is a CMT-type, inhibitor-resistant, extended-spectrum beta-lactamase found in E. coli.	100.0	card
contig_9	card~~~KPC-148~~~JAOZYA010000028.1:56455-57382~~~carbapenem;cephalosporin;monobactam;penicillin_beta-lactam	100.0	828	0	0	76689	77516	1	828	0.0	1530	79498	927	card~~~KPC-148~~~JAOZYA010000028.1:56455-57382~~~carbapenem;cephalosporin;monobactam;penicillin_beta-lactam Class A beta-lactamase KPC-148.	89.32038834951456	card
contig_9	card~~~TEM-124~~~AY327540.1:0-858~~~cephalosporin;monobactam;penicillin_beta-lactam	98.722	861	8	1	63778	64638	858	1	0.0	1526	79498	858	card~~~TEM-124~~~AY327540.1:0-858~~~cephalosporin;monobactam;penicillin_beta-lactam TEM-124 is an extended-spectrum beta-lactamase found in Morganella morganii.	100.34965034965035	card
contig_9	card~~~TEM-123~~~AY327539.1:0-858~~~cephalosporin;monobactam;penicillin_beta-lactam	98.722	861	8	1	63778	64638	858	1	0.0	1526	79498	858	card~~~TEM-123~~~AY327539.1:0-858~~~cephalosporin;monobactam;penicillin_beta-lactam TEM-123 is an extended-spectrum beta-lactamase found in Proteus mirabilis.	100.34965034965035	card
contig_9	card~~~KPC-79~~~NG_071205.1:100-1003~~~carbapenem;cephalosporin;monobactam;penicillin_beta-lactam	97.564	903	1	1	76689	77570	1	903	0.0	1526	79498	903	card~~~KPC-79~~~NG_071205.1:100-1003~~~carbapenem;cephalosporin;monobactam;penicillin_beta-lactam KPC-79 is a KPC beta-lactamase.	100.0	card
contig_9	card~~~KPC-162~~~OQ579138.1:0-903~~~carbapenem;cephalosporin;monobactam;penicillin_beta-lactam	97.564	903	1	5	76689	77570	1	903	0.0	1526	79498	903	card~~~KPC-162~~~OQ579138.1:0-903~~~carbapenem;cephalosporin;monobactam;penicillin_beta-lactam Carbapenem-hydrolyzing class A beta-lactamase KPC-162.	100.0	card
contig_9	card~~~OXA-9~~~M55547.1:0-825~~~penicillin_beta-lactam	100.0	825	0	0	65338	66162	825	1	0.0	1524	79498	825	card~~~OXA-9~~~M55547.1:0-825~~~penicillin_beta-lactam OXA-9 is a beta-lactamase found in Klebsiella pneumoniae.	100.0	card
contig_9	card~~~KPC-44~~~NG_065427.1:0-927~~~carbapenem;cephalosporin;monobactam;penicillin_beta-lactam	99.879	828	1	0	76689	77516	1	828	0.0	1524	79498	927	card~~~KPC-44~~~NG_065427.1:0-927~~~carbapenem;cephalosporin;monobactam;penicillin_beta-lactam KPC-44 is a KPC beta-lactamase.	89.32038834951456	card
contig_9	card~~~KPC-76~~~NG_070896.1:100-1003~~~carbapenem;cephalosporin;monobactam;penicillin_beta-lactam	97.453	903	2	1	76689	77570	1	903	0.0	1520	79498	903	card~~~KPC-76~~~NG_070896.1:100-1003~~~carbapenem;cephalosporin;monobactam;penicillin_beta-lactam KPC-76 is a KPC beta-lactamase.	100.0	card
contig_9	card~~~TEM-195~~~JN935137.1:0-861~~~cephalosporin;monobactam;penicillin_beta-lactam	98.49	861	13	0	63778	64638	861	1	0.0	1519	79498	861	card~~~TEM-195~~~JN935137.1:0-861~~~cephalosporin;monobactam;penicillin_beta-lactam TEM-195 is a beta-lactamase.	100.0	card
contig_9	card~~~TEM-102~~~AY040093.1:68-929~~~cephalosporin;monobactam;penicillin_beta-lactam	98.49	861	13	0	63778	64638	861	1	0.0	1519	79498	861	card~~~TEM-102~~~AY040093.1:68-929~~~cephalosporin;monobactam;penicillin_beta-lactam TEM-102 is an extended-spectrum beta-lactamase that has been found in clinical isolates.	100.0	card
contig_9	card~~~OXA-896~~~NG_067158.1:0-825~~~penicillin_beta-lactam	99.879	825	1	0	65338	66162	825	1	0.0	1519	79498	825	card~~~OXA-896~~~NG_067158.1:0-825~~~penicillin_beta-lactam OXA-896 is a OXA beta-lactamase.	100.0	card
contig_9	card~~~KPC-58~~~NG_070177.1:0-906~~~carbapenem;cephalosporin;monobactam;penicillin_beta-lactam	97.351	906	0	3	76689	77570	1	906	0.0	1519	79498	906	card~~~KPC-58~~~NG_070177.1:0-906~~~carbapenem;cephalosporin;monobactam;penicillin_beta-lactam KPC-58 is a KPC beta-lactamase.	100.0	card
contig_9	card~~~KPC-34~~~KU985429.1:0-906~~~carbapenem;cephalosporin;monobactam;penicillin_beta-lactam	99.879	825	1	0	76689	77513	1	825	0.0	1519	79498	906	card~~~KPC-34~~~KU985429.1:0-906~~~carbapenem;cephalosporin;monobactam;penicillin_beta-lactam Carbapenem-hydrolyzing class A beta-lactamase kpc-34 [Klebsiella pneumoniae] Accession: WP_109545044.1.	91.05960264900662	card
contig_9	card~~~KPC-140~~~OP503888.1:0-927~~~carbapenem;cephalosporin;monobactam;penicillin_beta-lactam	99.758	828	2	0	76689	77516	1	828	0.0	1519	79498	927	card~~~KPC-140~~~OP503888.1:0-927~~~carbapenem;cephalosporin;monobactam;penicillin_beta-lactam Inhibitor-resistant carbapenem-hydrolyzing class A beta-lactamase KPC-140.	89.32038834951456	card
contig_9	card~~~KPC-133~~~OP081531.1:0-927~~~carbapenem;cephalosporin;monobactam;penicillin_beta-lactam	99.758	828	2	0	76689	77516	1	828	0.0	1519	79498	927	card~~~KPC-133~~~OP081531.1:0-927~~~carbapenem;cephalosporin;monobactam;penicillin_beta-lactam Carbapenem-hydrolyzing class A beta-lactamase KPC-133.	89.32038834951456	card
contig_9	card~~~KPC-105~~~OL445426.1:0-927~~~carbapenem;cephalosporin;monobactam;penicillin_beta-lactam	99.758	828	2	0	76689	77516	1	828	0.0	1519	79498	927	card~~~KPC-105~~~OL445426.1:0-927~~~carbapenem;cephalosporin;monobactam;penicillin_beta-lactam Class A beta-lactamase KPC-105.	89.32038834951456	card
contig_9	card~~~KPC-104~~~OL445424.1:0-906~~~carbapenem;cephalosporin;monobactam;penicillin_beta-lactam	97.351	906	0	3	76689	77570	1	906	0.0	1519	79498	906	card~~~KPC-104~~~OL445424.1:0-906~~~carbapenem;cephalosporin;monobactam;penicillin_beta-lactam Class A beta-lactamase KPC-104.	100.0	card
contig_9	card~~~TEM-60~~~AF047171.1:135-996~~~cephalosporin;monobactam;penicillin_beta-lactam	98.374	861	14	0	63778	64638	861	1	0.0	1513	79498	861	card~~~TEM-60~~~AF047171.1:135-996~~~cephalosporin;monobactam;penicillin_beta-lactam TEM-60 is an extended-spectrum beta-lactamase that has been found in clinical isolates.	100.0	card
contig_9	card~~~KPC-188~~~OR483145.1:0-906~~~carbapenem;cephalosporin;monobactam;penicillin_beta-lactam	97.241	906	1	2	76689	77570	1	906	0.0	1513	79498	906	card~~~KPC-188~~~OR483145.1:0-906~~~carbapenem;cephalosporin;monobactam;penicillin_beta-lactam Inhibitor-resistant class A beta-lactamase KPC-188.	100.0	card
contig_9	card~~~KPC-154~~~OQ096263.1:38122-37210~~~carbapenem;cephalosporin;monobactam;penicillin_beta-lactam	100.0	819	0	0	76689	77507	1	819	0.0	1513	79498	912	card~~~KPC-154~~~OQ096263.1:38122-37210~~~carbapenem;cephalosporin;monobactam;penicillin_beta-lactam Inhibitor-resistant extended-spectrum class A beta-lactamase KPC-154.	89.80263157894737	card
contig_9	card~~~KPC-134~~~OP293349.1:5-911~~~carbapenem;cephalosporin;monobactam;penicillin_beta-lactam	97.241	906	1	3	76689	77570	1	906	0.0	1513	79498	906	card~~~KPC-134~~~OP293349.1:5-911~~~carbapenem;cephalosporin;monobactam;penicillin_beta-lactam KPC-134 is an inhibitor-resistant KPC-2 variant which confers resistance to ceftazidime-avibactam.	100.0	card
contig_9	card~~~TEM-42~~~X98047.1:0-843~~~cephalosporin;monobactam;penicillin_beta-lactam	98.932	843	9	0	63787	64629	843	1	0.0	1507	79498	843	card~~~TEM-42~~~X98047.1:0-843~~~cephalosporin;monobactam;penicillin_beta-lactam TEM-42 is an extended-spectrum beta-lactamase that has been found in clinical isolates.	100.0	card
contig_9	card~~~KPC-73~~~NG_070741.1:0-894~~~carbapenem;cephalosporin;monobactam;penicillin_beta-lactam	97.333	900	0	3	76689	77570	1	894	0.0	1507	79498	894	card~~~KPC-73~~~NG_070741.1:0-894~~~carbapenem;cephalosporin;monobactam;penicillin_beta-lactam KPC-73 is a KPC beta-lactamase.	100.67114093959732	card
contig_9	card~~~KPC-129~~~ON751738.1:0-906~~~carbapenem;cephalosporin;monobactam;penicillin_beta-lactam	97.13	906	2	6	76689	77570	1	906	0.0	1507	79498	906	card~~~KPC-129~~~ON751738.1:0-906~~~carbapenem;cephalosporin;monobactam;penicillin_beta-lactam Class A beta-lactamase KPC-129.	100.0	card
contig_9	card~~~KPC-132~~~OP081092.1:0-909~~~carbapenem;cephalosporin;monobactam;penicillin_beta-lactam	100.0	814	0	0	76689	77502	1	814	0.0	1504	79498	909	card~~~KPC-132~~~OP081092.1:0-909~~~carbapenem;cephalosporin;monobactam;penicillin_beta-lactam Inhibitor-resistant class A beta-lactamase KPC-132.	89.54895489548954	card
contig_9	card~~~TEM-59~~~AF062386.1:31-862~~~cephalosporin;monobactam;penicillin_beta-lactam	99.278	831	6	0	63808	64638	831	1	0.0	1502	79498	831	card~~~TEM-59~~~AF062386.1:31-862~~~cephalosporin;monobactam;penicillin_beta-lactam TEM-59 is an inhibitor-resistant beta-lactamase that has been found in clinical isolates.	100.0	card
contig_9	card~~~KPC-123~~~ON012820.1:0-909~~~carbapenem;cephalosporin;monobactam;penicillin_beta-lactam	96.92	909	1	2	76689	77570	1	909	0.0	1498	79498	909	card~~~KPC-123~~~ON012820.1:0-909~~~carbapenem;cephalosporin;monobactam;penicillin_beta-lactam KPC-123 is a KPC beta-lactamase.	100.0	card
contig_9	card~~~TEM-89~~~AY039040.1:188-1022~~~cephalosporin;monobactam;penicillin_beta-lactam	99.041	834	8	0	63805	64638	834	1	0.0	1496	79498	834	card~~~TEM-89~~~AY039040.1:188-1022~~~cephalosporin;monobactam;penicillin_beta-lactam TEM-89 is an inhibitor-resistant, extended-spectrum beta-lactamase that has been found in clinical isolates.	100.0	card
contig_9	card~~~TEM-193~~~JN935135.1:0-861~~~cephalosporin;monobactam;penicillin_beta-lactam	97.912	862	16	2	63778	64638	861	1	0.0	1491	79498	861	card~~~TEM-193~~~JN935135.1:0-861~~~cephalosporin;monobactam;penicillin_beta-lactam TEM-193 is a beta-lactamase.	100.11614401858304	card
contig_9	card~~~KPC-135~~~NG_088397.1:3-924~~~carbapenem;cephalosporin;monobactam;penicillin_beta-lactam	99.155	828	1	1	76689	77516	1	822	0.0	1485	79498	921	card~~~KPC-135~~~NG_088397.1:3-924~~~carbapenem;cephalosporin;monobactam;penicillin_beta-lactam KPC-135 is a KPC-type class A beta-lactamase. KPC-125 is a variant of KPC-44, differing by a 6 basepair deletion.	89.90228013029316	card
contig_9	card~~~KPC-152~~~OP856888.1:0-918~~~carbapenem;cephalosporin;monobactam;penicillin_beta-lactam	99.271	823	0	1	76689	77505	1	823	0.0	1482	79498	918	card~~~KPC-152~~~OP856888.1:0-918~~~carbapenem;cephalosporin;monobactam;penicillin_beta-lactam Inhibitor-resistant extended-spectrum class A beta-lactamase KPC-152.	89.65141612200436	card
contig_9	card~~~KPC-192~~~OR529436.1:0-912~~~carbapenem;cephalosporin;monobactam;penicillin_beta-lactam	100.0	801	0	0	76689	77489	1	801	0.0	1480	79498	912	card~~~KPC-192~~~OR529436.1:0-912~~~carbapenem;cephalosporin;monobactam;penicillin_beta-lactam Inhibitor-resistant carbapenem-hydrolyzing class A beta-lactamase KPC-192.	87.82894736842105	card
contig_9	card~~~KPC-242~~~PQ394555.1:0-909~~~carbapenem;cephalosporin;monobactam;penicillin_beta-lactam	99.875	801	1	0	76689	77489	1	801	0.0	1474	79498	909	card~~~KPC-242~~~PQ394555.1:0-909~~~carbapenem;cephalosporin;monobactam;penicillin_beta-lactam Carbapenem-hydrolyzing class A beta-lactamase KPC-242.	88.11881188118812	card
contig_9	card~~~TEM-194~~~JN935136.1:0-861~~~cephalosporin;monobactam;penicillin_beta-lactam	97.445	861	22	0	63778	64638	861	1	0.0	1469	79498	861	card~~~TEM-194~~~JN935136.1:0-861~~~cephalosporin;monobactam;penicillin_beta-lactam TEM-194 is a beta-lactamase.	100.0	card
contig_9	card~~~TEM-178~~~X97254.1:153-1011~~~cephalosporin;monobactam;penicillin_beta-lactam	97.448	862	17	3	63778	64638	858	1	0.0	1465	79498	858	card~~~TEM-178~~~X97254.1:153-1011~~~cephalosporin;monobactam;penicillin_beta-lactam TEM-178 is an inhibitor-resistant, extended-spectrum beta-lactamase.	100.46620046620046	card
contig_9	card~~~KPC-203~~~JAXHPW010000039.1:4849-3946~~~carbapenem;cephalosporin;monobactam;penicillin_beta-lactam	99.249	799	0	1	76689	77487	1	793	0.0	1437	79498	903	card~~~KPC-203~~~JAXHPW010000039.1:4849-3946~~~carbapenem;cephalosporin;monobactam;penicillin_beta-lactam Inhibitor-resistant extended-spectrum class A beta-lactamase KPC-203.	88.4828349944629	card
contig_9	card~~~aadA~~~AF550679.1:81768-80976~~~aminoglycoside	99.369	792	2	1	66222	67010	792	1	0.0	1432	79498	792	card~~~aadA~~~AF550679.1:81768-80976~~~aminoglycoside ANT(3'')-Ia is an aminoglycoside nucleotidyltransferase gene encoded by plasmids, transposons, integrons in Enterobacteriaceae, A. baumannii, P. aeruginosa and Vibrio cholerae.	100.0	card
contig_9	card~~~TEM-7~~~AF527798.1:0-783~~~cephalosporin;monobactam;penicillin_beta-lactam	99.234	783	6	0	63820	64602	783	1	0.0	1413	79498	783	card~~~TEM-7~~~AF527798.1:0-783~~~cephalosporin;monobactam;penicillin_beta-lactam TEM-7 is an extended-spectrum beta-lactamase that has been found in clinical isolates.	100.0	card
contig_9	card~~~TEM-118~~~AY130285.1:0-783~~~cephalosporin;monobactam;penicillin_beta-lactam	99.234	783	6	0	63820	64602	783	1	0.0	1413	79498	783	card~~~TEM-118~~~AY130285.1:0-783~~~cephalosporin;monobactam;penicillin_beta-lactam TEM-118 is an extended-spectrum beta-lactamase that has been found in clinical isolates.	100.0	card
contig_9	card~~~TEM-75~~~AY130284.1:0-783~~~cephalosporin;monobactam;penicillin_beta-lactam	99.106	783	7	0	63820	64602	783	1	0.0	1408	79498	783	card~~~TEM-75~~~AY130284.1:0-783~~~cephalosporin;monobactam;penicillin_beta-lactam TEM-75 is an extended-spectrum beta-lactamase that has been found in clinical isolates.	100.0	card
contig_9	card~~~TEM-117~~~AY130282.1:0-762~~~cephalosporin;monobactam;penicillin_beta-lactam	99.606	762	3	0	63841	64602	762	1	0.0	1391	79498	762	card~~~TEM-117~~~AY130282.1:0-762~~~cephalosporin;monobactam;penicillin_beta-lactam TEM-117 is a beta-lactamase that has been found in clinical isolates.	100.0	card
contig_9	card~~~TEM-192~~~JF949915.1:1-754~~~cephalosporin;monobactam;penicillin_beta-lactam	99.602	753	3	0	63856	64608	753	1	0.0	1375	79498	753	card~~~TEM-192~~~JF949915.1:1-754~~~cephalosporin;monobactam;penicillin_beta-lactam TEM-192 is a beta-lactamase.	100.0	card
contig_9	card~~~aadA24~~~DQ677333.1:0-780~~~aminoglycoside	98.187	772	11	1	66222	66990	780	9	0.0	1345	79498	780	card~~~aadA24~~~DQ677333.1:0-780~~~aminoglycoside aadA24 is an integron-encoded aminoglycoside nucleotidyltransferase gene in Salmonella spp.	98.97435897435898	card
contig_9	card~~~aadA22~~~AM261837.1:73-865~~~aminoglycoside	96.843	792	22	1	66222	67010	792	1	0.0	1321	79498	792	card~~~aadA22~~~AM261837.1:73-865~~~aminoglycoside aadA22 is an aminoglycoside nucleotidyltransferase gene encoded by plasmids and integrons in S. enterica and E. coli.	100.0	card
contig_9	card~~~aadA21~~~AY171244.1:46-838~~~aminoglycoside	96.717	792	23	1	66222	67010	792	1	0.0	1315	79498	792	card~~~aadA21~~~AY171244.1:46-838~~~aminoglycoside aadA21 is an integron-encoded aminoglycoside nucleotidyltransferase gene in Salmonella spp.	100.0	card
contig_9	card~~~aadA23~~~AJ809407.1:118-898~~~aminoglycoside	97.28	772	18	1	66222	66990	780	9	0.0	1306	79498	780	card~~~aadA23~~~AJ809407.1:118-898~~~aminoglycoside aadA23 is an integron-encoded aminoglycoside nucleotidyltransferase gene in S. enterica.	98.97435897435898	card
contig_9	card~~~aadA15~~~DQ393783.1:1799-2591~~~aminoglycoside	96.582	790	24	1	66224	67010	790	1	0.0	1306	79498	792	card~~~aadA15~~~DQ393783.1:1799-2591~~~aminoglycoside aadA15 is an integron-encoded aminoglycoside nucleotidyltransferase gene in P. aeruginosa.	99.74747474747475	card
contig_9	card~~~aadA12~~~FJ381668.1:56-848~~~aminoglycoside	94.43	790	41	1	66224	67010	790	1	0.0	1212	79498	792	card~~~aadA12~~~FJ381668.1:56-848~~~aminoglycoside aadA12 is an integron-encoded aminoglycoside nucleotidyltransferase gene in E. coli, Yersinia enterocolitica and S. enterica.	99.74747474747475	card
contig_9	card~~~aadA17~~~FJ460181.2:1790-2582~~~aminoglycoside	93.418	790	49	1	66224	67010	790	1	0.0	1168	79498	792	card~~~aadA17~~~FJ460181.2:1790-2582~~~aminoglycoside aadA17 is an integron-encoded aminoglycoside nucleotidyltransferase gene in Aeromonas media.	99.74747474747475	card
contig_9	card~~~aadA25~~~CP003022.1:336788-337580~~~aminoglycoside	93.182	792	51	1	66222	67010	792	1	0.0	1160	79498	792	card~~~aadA25~~~CP003022.1:336788-337580~~~aminoglycoside Streptomycin/spectinomycin resistance gene found in Pasteurella multocida isolated from bovine respiratory tract.	100.0	card
contig_9	card~~~aadA8~~~AY139603.1:106-898~~~aminoglycoside	92.172	792	59	1	66222	67010	792	1	0.0	1116	79498	792	card~~~aadA8~~~AY139603.1:106-898~~~aminoglycoside aadA8 is an aminoglycoside nucleotidyltransferase gene encoded by plasmids and integrons in V. cholerae, K. pneumoniae and Bacillus endophyticus.	100.0	card
contig_9	card~~~aadA8b~~~AM040708.1:1173-1965~~~aminoglycoside	91.919	792	61	1	66222	67010	792	1	0.0	1105	79498	792	card~~~aadA8b~~~AM040708.1:1173-1965~~~aminoglycoside aadA8b is an aminoglycoside nucleotidyltransferase gene encoded by plasmids in E. coli; can be created by a recombination event  between aadA1 and aadA2.	100.0	card
contig_9	card~~~AAC(6')-Ib10~~~U59183.1:247-859~~~aminoglycoside	99.83	587	1	0	67080	67666	612	26	0.0	1079	79498	612	card~~~AAC(6')-Ib10~~~U59183.1:247-859~~~aminoglycoside AAC(6')-Ib10 is an integron-encoded aminoglycoside acetyltransferase in P. aeruginosa.	95.91503267973856	card
contig_9	card~~~AAC(6')-Ib9~~~AF043381.1:251-863~~~aminoglycoside	99.659	587	2	0	67080	67666	612	26	0.0	1074	79498	612	card~~~AAC(6')-Ib9~~~AF043381.1:251-863~~~aminoglycoside AAC(6')-Ib9 is an integron-encoded aminoglycoside acetyltransferase in P. aeruginosa.	95.91503267973856	card
contig_9	card~~~AAC(6')-Ib8~~~KF998105.1:4171-4849~~~aminoglycoside	99.485	582	3	0	67080	67661	678	97	0.0	1059	79498	678	card~~~AAC(6')-Ib8~~~KF998105.1:4171-4849~~~aminoglycoside AAC(6')-Ib8 is a plasmid-encoded aminoglycoside acetyltransferase in E. cloacae.	85.84070796460178	card
contig_9	card~~~aadA3~~~AF047479.2:1295-2087~~~aminoglycoside	90.53	792	72	1	66222	67010	792	1	0.0	1044	79498	792	card~~~aadA3~~~AF047479.2:1295-2087~~~aminoglycoside aadA3 is an aminoglycoside nucleotidyltransferase gene encoded by plasmids, transposons and integrons in E. coli.	100.0	card
contig_9	card~~~AAC(6')-Ib'~~~AY660529.1:121-676~~~aminoglycoside	99.82	555	1	0	67080	67634	555	1	0.0	1020	79498	555	card~~~AAC(6')-Ib'~~~AY660529.1:121-676~~~aminoglycoside AAC(6')-Ib' is an aminoglycoside acetyltransferase encoded by plasmids, transposons, integrons in P. aeruginosa and P. fluorescens.	100.0	card
contig_9	card~~~AAC(6')-Ib4~~~AF445082.1:2788-3343~~~aminoglycoside	99.64	555	2	0	67080	67634	555	1	0.0	1014	79498	555	card~~~AAC(6')-Ib4~~~AF445082.1:2788-3343~~~aminoglycoside AAC(6')-Ib4 is an aminoglycoside acetyltransferase in Serratia spp.	100.0	card
contig_9	card~~~AAC(6')-Ib3~~~FJ854362.1:1702-2257~~~aminoglycoside	99.64	555	2	0	67080	67634	555	1	0.0	1014	79498	555	card~~~AAC(6')-Ib3~~~FJ854362.1:1702-2257~~~aminoglycoside AAC(6')-Ib3 is an integron-encoded aminoglycoside acetyltransferase in P. aeruginosa.	100.0	card
contig_9	card~~~AAC(6')-Ib-cr7~~~JABGAB010000032.1:11629-11074~~~aminoglycoside;fluoroquinolone	99.64	555	2	0	67080	67634	555	1	0.0	1014	79498	555	card~~~AAC(6')-Ib-cr7~~~JABGAB010000032.1:11629-11074~~~aminoglycoside;fluoroquinolone A fluoroquinolone-acetylating aminoglycoside acetyltransferase variant identified from Klebsiella. These proteins confer resistance to both fluoroquinolone and aminoglycoside antibiotics.	100.0	card
contig_9	card~~~AAC(6')-Ib-cr5~~~EU161636.1:1021-1576~~~aminoglycoside;fluoroquinolone	99.459	555	3	0	67080	67634	555	1	0.0	1009	79498	555	card~~~AAC(6')-Ib-cr5~~~EU161636.1:1021-1576~~~aminoglycoside;fluoroquinolone A fluoroquinolone-acetylating aminoglycoside acetyltransferase variant identified from Pseudomonas. These proteins confer resistance to both fluoroquinolone and aminoglycoside antibiotics.	100.0	card
contig_9	card~~~aac(6')-Ib-cr11~~~NG_067969.1:100-655~~~aminoglycoside;fluoroquinolone	99.279	555	4	0	67080	67634	555	1	0.0	1003	79498	555	card~~~aac(6')-Ib-cr11~~~NG_067969.1:100-655~~~aminoglycoside;fluoroquinolone A fluoroquinolone-acetylating aminoglycoside acetyltransferase variant identified from Proteus mirabilis. These proteins confer resistance to both fluoroquinolone and aminoglycoside antibiotics.	100.0	card
contig_9	card~~~aac(6')-Ib-cr10~~~NG_067968.1:100-655~~~aminoglycoside;fluoroquinolone	99.279	555	4	0	67080	67634	555	1	0.0	1003	79498	555	card~~~aac(6')-Ib-cr10~~~NG_067968.1:100-655~~~aminoglycoside;fluoroquinolone A fluoroquinolone-acetylating aminoglycoside acetyltransferase variant, identified from Escherichia coli. These variants confers resistance to both aminoglycoside and fluoroquinolone antibiotics.	100.0	card
contig_9	card~~~AAC(6')-Ib-cr4~~~NG_052463.1:100-655~~~aminoglycoside;fluoroquinolone	99.279	555	4	0	67080	67634	555	1	0.0	1003	79498	555	card~~~AAC(6')-Ib-cr4~~~NG_052463.1:100-655~~~aminoglycoside;fluoroquinolone A fluoroquinolone-acetylating aminoglycoside acetyltransferase variant identified from Enterobacter. These proteins confer resistance to both fluoroquinolone and aminoglycoside antibiotics.	100.0	card
contig_9	card~~~AAC(6')-Ib-cr1~~~NG_052213.1:100-655~~~aminoglycoside;fluoroquinolone	99.279	555	4	0	67080	67634	555	1	0.0	1003	79498	555	card~~~AAC(6')-Ib-cr1~~~NG_052213.1:100-655~~~aminoglycoside;fluoroquinolone AAC(6')-Ib-cr is an aminoglycoside acetyltransferase encoded by plasmids, transposons, integrons in Enterobacteriaceae. The aac(6')-Ib-cr variant gene can induce resistance against aminoglycoside and fluoroquinolone simultaneously.	100.0	card
contig_9	card~~~AAC(6')-Ib~~~JQ808129.1:633-1188~~~aminoglycoside	99.279	555	4	0	67080	67634	555	1	0.0	1003	79498	555	card~~~AAC(6')-Ib~~~JQ808129.1:633-1188~~~aminoglycoside AAC(6')-Ib is an aminoglycoside acetyltransferase encoded by plasmids, transposons, integrons in K. pneumoniae, P. mirabilis, P. aeruginosa, S. enterica, K. oxytoca, S. maltophilia, E. cloacae and V. cholerae.	100.0	card
contig_9	card~~~AAC(6')-Ib11~~~AY136758.1:377-947~~~aminoglycoside	99.455	550	3	0	67080	67629	570	21	0.0	1000	79498	570	card~~~AAC(6')-Ib11~~~AY136758.1:377-947~~~aminoglycoside AAC(6')-Ib11 is an integron-encoded aminoglycoside acetyltransferase in S. enterica.	96.49122807017544	card
contig_9	card~~~AAC(6')-Ib-cr6~~~NG_047292.1:100-655~~~aminoglycoside;fluoroquinolone	99.099	555	5	0	67080	67634	555	1	0.0	998	79498	555	card~~~AAC(6')-Ib-cr6~~~NG_047292.1:100-655~~~aminoglycoside;fluoroquinolone A fluoroquinolone-acetylating aminoglycoside acetyltransferase variant identified from Escherichia coli. These proteins confer resistance to both fluoroquinolone and aminoglycoside antibiotics.	100.0	card
contig_9	card~~~AAC(6')-Ib-cr8~~~CP034250.1:426644-426089~~~aminoglycoside;fluoroquinolone	98.919	555	6	0	67080	67634	555	1	0.0	992	79498	555	card~~~AAC(6')-Ib-cr8~~~CP034250.1:426644-426089~~~aminoglycoside;fluoroquinolone A fluoroquinolone-acetylating aminoglycoside acetyltransferase variant, identified from Salmonella. These variants confers resistance to both aminoglycoside and fluoroquinolone antibiotics.	100.0	card
contig_9	card~~~AAC(6')-Ib-cr9~~~MH569711.1:2514-1959~~~aminoglycoside;fluoroquinolone	99.448	543	3	0	67080	67622	555	13	0.0	987	79498	555	card~~~AAC(6')-Ib-cr9~~~MH569711.1:2514-1959~~~aminoglycoside;fluoroquinolone A fluoroquinolone-acetylating aminoglycoside acetyltransferase variant, identified from Serratia. These variants confers resistance to both aminoglycoside and fluoroquinolone antibiotics.	97.83783783783784	card
contig_9	card~~~AAC(6')-Ib-cr3~~~NG_052123.1:100-655~~~aminoglycoside;fluoroquinolone	98.561	556	6	2	67080	67634	555	1	0.0	981	79498	555	card~~~AAC(6')-Ib-cr3~~~NG_052123.1:100-655~~~aminoglycoside;fluoroquinolone A fluoroquinolone-acetylating aminoglycoside acetyltransferase variant identified from Aeromonas. These proteins confer resistance to both fluoroquinolone and aminoglycoside antibiotics.	100.18018018018019	card
contig_9	card~~~AAC(6')-Ib-Suzhou~~~EU085533.1:0-519~~~aminoglycoside	99.422	519	3	0	67080	67598	519	1	0.0	942	79498	519	card~~~AAC(6')-Ib-Suzhou~~~EU085533.1:0-519~~~aminoglycoside AAC(6')-Ib-Suzhou is an aminoglycoside acetyltransferase in E. cloacae and K. pneumoniae.	100.0	card
contig_9	card~~~AAC(6')-Ib-Hangzhou~~~FJ503047.1:0-519~~~aminoglycoside	99.422	519	3	0	67080	67598	519	1	0.0	942	79498	519	card~~~AAC(6')-Ib-Hangzhou~~~FJ503047.1:0-519~~~aminoglycoside AAC(6')-Ib-Hangzhou is an aminoglycoside acetyltransferase in A. baumannii.	100.0	card
contig_3	resfinder~~~OqxB_1~~~EU370913~~~Chloramphenicol;Ciprofloxacin;Nalidixic_acid;Trimethoprim	100.0	3153	0	0	2597799	2600951	3153	1	0.0	5823	5306069	3153	resfinder~~~OqxB_1~~~EU370913~~~Chloramphenicol;Ciprofloxacin;Nalidixic_acid;Trimethoprim OqxB	100.0	resfinder
contig_3	resfinder~~~OqxA_1~~~EU370913~~~Chloramphenicol;Ciprofloxacin;Nalidixic_acid;Trimethoprim	100.0	1176	0	0	2600975	2602150	1176	1	0.0	2172	5306069	1176	resfinder~~~OqxA_1~~~EU370913~~~Chloramphenicol;Ciprofloxacin;Nalidixic_acid;Trimethoprim OqxA	100.0	resfinder
contig_3	resfinder~~~blaSHV-182_1~~~KP050489~~~	99.884	861	1	0	4148681	4149541	1	861	0.0	1585	5306069	861	resfinder~~~blaSHV-182_1~~~KP050489~~~ blaSHV-182	100.0	resfinder
contig_3	resfinder~~~blaSHV-159_1~~~JX121126~~~	99.884	861	1	0	4148681	4149541	1	861	0.0	1585	5306069	861	resfinder~~~blaSHV-159_1~~~JX121126~~~ blaSHV-159	100.0	resfinder
contig_3	resfinder~~~blaSHV-158_1~~~JX121125~~~	99.884	861	1	0	4148681	4149541	1	861	0.0	1585	5306069	861	resfinder~~~blaSHV-158_1~~~JX121125~~~ blaSHV-158	100.0	resfinder
contig_3	resfinder~~~blaSHV-11_1~~~X98101~~~Amoxicillin;Ampicillin;Cephalothin;Piperacillin;Ticarcillin	99.768	861	2	0	4148681	4149541	1	861	0.0	1580	5306069	861	resfinder~~~blaSHV-11_1~~~X98101~~~Amoxicillin;Ampicillin;Cephalothin;Piperacillin;Ticarcillin blaSHV-11	100.0	resfinder
contig_3	resfinder~~~blaSHV-155_1~~~JX121122~~~	99.883	856	1	0	4148681	4149536	1	856	0.0	1576	5306069	861	resfinder~~~blaSHV-155_1~~~JX121122~~~ blaSHV-155	99.41927990708479	resfinder
contig_3	resfinder~~~blaSHV-156_1~~~JX121123~~~	99.652	861	3	0	4148681	4149541	1	861	0.0	1574	5306069	861	resfinder~~~blaSHV-156_1~~~JX121123~~~ blaSHV-156	100.0	resfinder
contig_3	resfinder~~~blaSHV-75_1~~~AM176550~~~Amoxicillin;Ampicillin;Cephalothin;Piperacillin;Ticarcillin	99.535	861	4	0	4148681	4149541	1	861	0.0	1568	5306069	861	resfinder~~~blaSHV-75_1~~~AM176550~~~Amoxicillin;Ampicillin;Cephalothin;Piperacillin;Ticarcillin blaSHV-75	100.0	resfinder
contig_3	resfinder~~~blaSHV-74_1~~~AM176549~~~Amoxicillin;Ampicillin;Cephalothin;Piperacillin;Ticarcillin	99.535	861	4	0	4148681	4149541	1	861	0.0	1568	5306069	861	resfinder~~~blaSHV-74_1~~~AM176549~~~Amoxicillin;Ampicillin;Cephalothin;Piperacillin;Ticarcillin blaSHV-74	100.0	resfinder
contig_3	resfinder~~~blaSHV-70_1~~~DQ013287~~~Amoxicillin;Ampicillin;Aztreonam;Cefepime;Cefotaxime;Ceftazidime;Ceftriaxone;Piperacillin;Ticarcillin	99.535	861	4	0	4148681	4149541	1	861	0.0	1568	5306069	861	resfinder~~~blaSHV-70_1~~~DQ013287~~~Amoxicillin;Ampicillin;Aztreonam;Cefepime;Cefotaxime;Ceftazidime;Ceftriaxone;Piperacillin;Ticarcillin blaSHV-70	100.0	resfinder
contig_3	resfinder~~~blaSHV-69_1~~~DQ174308~~~	99.535	861	4	0	4148681	4149541	1	861	0.0	1568	5306069	861	resfinder~~~blaSHV-69_1~~~DQ174308~~~ blaSHV-69	100.0	resfinder
contig_3	resfinder~~~blaSHV-67_1~~~DQ174307~~~	99.535	861	4	0	4148681	4149541	1	861	0.0	1568	5306069	861	resfinder~~~blaSHV-67_1~~~DQ174307~~~ blaSHV-67	100.0	resfinder
contig_3	resfinder~~~blaSHV-31_1~~~AY277255~~~Amoxicillin;Ampicillin;Aztreonam;Cefepime;Cefotaxime;Ceftazidime;Ceftriaxone;Piperacillin;Ticarcillin	99.535	861	4	0	4148681	4149541	1	861	0.0	1568	5306069	861	resfinder~~~blaSHV-31_1~~~AY277255~~~Amoxicillin;Ampicillin;Aztreonam;Cefepime;Cefotaxime;Ceftazidime;Ceftriaxone;Piperacillin;Ticarcillin blaSHV-31	100.0	resfinder
contig_3	resfinder~~~blaSHV-25_1~~~AF208796~~~Amoxicillin;Ampicillin;Cephalothin;Piperacillin;Ticarcillin	99.535	861	4	0	4148681	4149541	1	861	0.0	1568	5306069	861	resfinder~~~blaSHV-25_1~~~AF208796~~~Amoxicillin;Ampicillin;Cephalothin;Piperacillin;Ticarcillin blaSHV-25	100.0	resfinder
contig_3	resfinder~~~blaSHV-187_1~~~LN515533~~~	99.308	867	6	0	4148675	4149541	1	867	0.0	1568	5306069	867	resfinder~~~blaSHV-187_1~~~LN515533~~~ blaSHV-187	100.0	resfinder
contig_3	resfinder~~~blaSHV-185_1~~~KM233164~~~	99.535	861	4	0	4148681	4149541	1	861	0.0	1568	5306069	861	resfinder~~~blaSHV-185_1~~~KM233164~~~ blaSHV-185	100.0	resfinder
contig_3	resfinder~~~blaSHV-173_1~~~KF513178~~~	99.535	861	4	0	4148681	4149541	1	861	0.0	1568	5306069	861	resfinder~~~blaSHV-173_1~~~KF513178~~~ blaSHV-173	100.0	resfinder
contig_3	resfinder~~~blaSHV-13_1~~~AF164577~~~Amoxicillin;Ampicillin;Aztreonam;Cefepime;Cefotaxime;Ceftazidime;Ceftriaxone;Piperacillin;Ticarcillin	99.535	861	4	0	4148681	4149541	1	861	0.0	1568	5306069	861	resfinder~~~blaSHV-13_1~~~AF164577~~~Amoxicillin;Ampicillin;Aztreonam;Cefepime;Cefotaxime;Ceftazidime;Ceftriaxone;Piperacillin;Ticarcillin blaSHV-13	100.0	resfinder
contig_3	resfinder~~~blaSHV-107_1~~~AM922308~~~Amoxicillin;Amoxicillin+Clavulanic_acid;Ampicillin;Ampicillin+Clavulanic_acid;Piperacillin;Piperacillin+Tazobactam;Ticarcillin;Ticarcillin+Clavulanic_acid	99.535	861	4	0	4148681	4149541	1	861	0.0	1568	5306069	861	resfinder~~~blaSHV-107_1~~~AM922308~~~Amoxicillin;Amoxicillin+Clavulanic_acid;Ampicillin;Ampicillin+Clavulanic_acid;Piperacillin;Piperacillin+Tazobactam;Ticarcillin;Ticarcillin+Clavulanic_acid blaSHV-107	100.0	resfinder
contig_3	resfinder~~~blaSHV-99_1~~~AM941845~~~Amoxicillin;Ampicillin;Aztreonam;Cefepime;Cefotaxime;Ceftazidime;Ceftriaxone;Piperacillin;Ticarcillin	99.419	861	5	0	4148681	4149541	1	861	0.0	1563	5306069	861	resfinder~~~blaSHV-99_1~~~AM941845~~~Amoxicillin;Ampicillin;Aztreonam;Cefepime;Cefotaxime;Ceftazidime;Ceftriaxone;Piperacillin;Ticarcillin blaSHV-99	100.0	resfinder
contig_3	resfinder~~~blaSHV-96_1~~~EF373971~~~	99.419	861	5	0	4148681	4149541	1	861	0.0	1563	5306069	861	resfinder~~~blaSHV-96_1~~~EF373971~~~ blaSHV-96	100.0	resfinder
contig_3	resfinder~~~blaSHV-94_1~~~EF373970~~~	99.419	861	5	0	4148681	4149541	1	861	0.0	1563	5306069	861	resfinder~~~blaSHV-94_1~~~EF373970~~~ blaSHV-94	100.0	resfinder
contig_3	resfinder~~~blaSHV-89_1~~~DQ193536~~~Amoxicillin;Ampicillin;Cephalothin;Piperacillin;Ticarcillin	99.419	861	5	0	4148681	4149541	1	861	0.0	1563	5306069	861	resfinder~~~blaSHV-89_1~~~DQ193536~~~Amoxicillin;Ampicillin;Cephalothin;Piperacillin;Ticarcillin blaSHV-89	100.0	resfinder
contig_3	resfinder~~~blaSHV-85_1~~~DQ322460~~~Amoxicillin;Ampicillin;Cephalothin;Piperacillin;Ticarcillin	99.419	861	5	0	4148681	4149541	1	861	0.0	1563	5306069	861	resfinder~~~blaSHV-85_1~~~DQ322460~~~Amoxicillin;Ampicillin;Cephalothin;Piperacillin;Ticarcillin blaSHV-85	100.0	resfinder
contig_3	resfinder~~~blaSHV-81_1~~~AM176556~~~Amoxicillin;Ampicillin;Cephalothin;Piperacillin;Ticarcillin	99.419	861	5	0	4148681	4149541	1	861	0.0	1563	5306069	861	resfinder~~~blaSHV-81_1~~~AM176556~~~Amoxicillin;Ampicillin;Cephalothin;Piperacillin;Ticarcillin blaSHV-81	100.0	resfinder
contig_3	resfinder~~~blaSHV-79_1~~~AM176554~~~Amoxicillin;Ampicillin;Cephalothin;Piperacillin;Ticarcillin	99.419	861	5	0	4148681	4149541	1	861	0.0	1563	5306069	861	resfinder~~~blaSHV-79_1~~~AM176554~~~Amoxicillin;Ampicillin;Cephalothin;Piperacillin;Ticarcillin blaSHV-79	100.0	resfinder
contig_3	resfinder~~~blaSHV-61_1~~~AJ866284~~~Amoxicillin;Ampicillin;Cephalothin;Piperacillin;Ticarcillin	99.419	861	5	0	4148681	4149541	1	861	0.0	1563	5306069	861	resfinder~~~blaSHV-61_1~~~AJ866284~~~Amoxicillin;Ampicillin;Cephalothin;Piperacillin;Ticarcillin blaSHV-61	100.0	resfinder
contig_3	resfinder~~~blaSHV-60_1~~~AB302939~~~Amoxicillin;Ampicillin;Cephalothin;Piperacillin;Ticarcillin	99.419	861	5	0	4148681	4149541	1	861	0.0	1563	5306069	861	resfinder~~~blaSHV-60_1~~~AB302939~~~Amoxicillin;Ampicillin;Cephalothin;Piperacillin;Ticarcillin blaSHV-60	100.0	resfinder
contig_3	resfinder~~~blaSHV-56_1~~~EU586041~~~Amoxicillin;Amoxicillin+Clavulanic_acid;Ampicillin;Ampicillin+Clavulanic_acid;Piperacillin;Piperacillin+Tazobactam;Ticarcillin;Ticarcillin+Clavulanic_acid	99.419	861	5	0	4148681	4149541	1	861	0.0	1563	5306069	861	resfinder~~~blaSHV-56_1~~~EU586041~~~Amoxicillin;Amoxicillin+Clavulanic_acid;Ampicillin;Ampicillin+Clavulanic_acid;Piperacillin;Piperacillin+Tazobactam;Ticarcillin;Ticarcillin+Clavulanic_acid blaSHV-56	100.0	resfinder
contig_3	resfinder~~~blaSHV-40_1~~~AF535128~~~Amoxicillin;Ampicillin;Aztreonam;Cefepime;Cefotaxime;Ceftazidime;Ceftriaxone;Piperacillin;Ticarcillin	99.419	861	5	0	4148681	4149541	1	861	0.0	1563	5306069	861	resfinder~~~blaSHV-40_1~~~AF535128~~~Amoxicillin;Ampicillin;Aztreonam;Cefepime;Cefotaxime;Ceftazidime;Ceftriaxone;Piperacillin;Ticarcillin blaSHV-40	100.0	resfinder
contig_3	resfinder~~~blaSHV-35_1~~~AY070258~~~	99.419	861	5	0	4148681	4149541	1	861	0.0	1563	5306069	861	resfinder~~~blaSHV-35_1~~~AY070258~~~ blaSHV-35	100.0	resfinder
contig_3	resfinder~~~blaSHV-28_1~~~AF299299~~~	99.419	861	5	0	4148681	4149541	1	861	0.0	1563	5306069	861	resfinder~~~blaSHV-28_1~~~AF299299~~~ blaSHV-28	100.0	resfinder
contig_3	resfinder~~~blaSHV-27_1~~~AF293345~~~Amoxicillin;Ampicillin;Aztreonam;Cefepime;Cefotaxime;Ceftazidime;Ceftriaxone;Piperacillin;Ticarcillin	99.419	861	5	0	4148681	4149541	1	861	0.0	1563	5306069	861	resfinder~~~blaSHV-27_1~~~AF293345~~~Amoxicillin;Ampicillin;Aztreonam;Cefepime;Cefotaxime;Ceftazidime;Ceftriaxone;Piperacillin;Ticarcillin blaSHV-27	100.0	resfinder
contig_3	resfinder~~~blaSHV-203_1~~~MG028656~~~	99.419	861	5	0	4148681	4149541	1	861	0.0	1563	5306069	861	resfinder~~~blaSHV-203_1~~~MG028656~~~ blaSHV-203	100.0	resfinder
contig_3	resfinder~~~blaSHV-172_1~~~KF513177~~~	99.419	861	5	0	4148681	4149541	1	861	0.0	1563	5306069	861	resfinder~~~blaSHV-172_1~~~KF513177~~~ blaSHV-172	100.0	resfinder
contig_3	resfinder~~~blaSHV-144_1~~~JQ926986~~~	99.419	861	5	0	4148681	4149541	1	861	0.0	1563	5306069	861	resfinder~~~blaSHV-144_1~~~JQ926986~~~ blaSHV-144	100.0	resfinder
contig_3	resfinder~~~blaSHV-137_1~~~HQ661363~~~	99.419	861	5	0	4148681	4149541	1	861	0.0	1563	5306069	861	resfinder~~~blaSHV-137_1~~~HQ661363~~~ blaSHV-137	100.0	resfinder
contig_3	resfinder~~~blaSHV-12_1~~~KF976405~~~Amoxicillin;Ampicillin;Aztreonam;Cefepime;Cefotaxime;Ceftazidime;Ceftriaxone;Piperacillin;Ticarcillin	99.419	861	5	0	4148681	4149541	1	861	0.0	1563	5306069	861	resfinder~~~blaSHV-12_1~~~KF976405~~~Amoxicillin;Ampicillin;Aztreonam;Cefepime;Cefotaxime;Ceftazidime;Ceftriaxone;Piperacillin;Ticarcillin blaSHV-12	100.0	resfinder
contig_3	resfinder~~~blaSHV-121_1~~~GQ428198~~~	99.419	861	5	0	4148681	4149541	1	861	0.0	1563	5306069	861	resfinder~~~blaSHV-121_1~~~GQ428198~~~ blaSHV-121	100.0	resfinder
contig_3	resfinder~~~blaSHV-119_1~~~JX192924~~~	99.419	861	5	0	4148681	4149541	1	861	0.0	1563	5306069	861	resfinder~~~blaSHV-119_1~~~JX192924~~~ blaSHV-119	100.0	resfinder
contig_3	resfinder~~~blaSHV-110_1~~~HQ877615~~~	99.419	861	5	0	4148681	4149541	1	861	0.0	1563	5306069	861	resfinder~~~blaSHV-110_1~~~HQ877615~~~ blaSHV-110	100.0	resfinder
contig_3	resfinder~~~blaSHV-98_1~~~AM941844~~~Amoxicillin;Ampicillin;Aztreonam;Cefepime;Cefotaxime;Ceftazidime;Ceftriaxone;Piperacillin;Ticarcillin	99.303	861	6	0	4148681	4149541	1	861	0.0	1557	5306069	861	resfinder~~~blaSHV-98_1~~~AM941844~~~Amoxicillin;Ampicillin;Aztreonam;Cefepime;Cefotaxime;Ceftazidime;Ceftriaxone;Piperacillin;Ticarcillin blaSHV-98	100.0	resfinder
contig_3	resfinder~~~blaSHV-97_1~~~EF373973~~~	99.303	861	6	0	4148681	4149541	1	861	0.0	1557	5306069	861	resfinder~~~blaSHV-97_1~~~EF373973~~~ blaSHV-97	100.0	resfinder
contig_3	resfinder~~~blaSHV-95_1~~~EF373972~~~	99.303	861	6	0	4148681	4149541	1	861	0.0	1557	5306069	861	resfinder~~~blaSHV-95_1~~~EF373972~~~ blaSHV-95	100.0	resfinder
contig_3	resfinder~~~blaSHV-93_1~~~EF373969~~~	99.303	861	6	0	4148681	4149541	1	861	0.0	1557	5306069	861	resfinder~~~blaSHV-93_1~~~EF373969~~~ blaSHV-93	100.0	resfinder
contig_3	resfinder~~~blaSHV-80_1~~~AM176555~~~Amoxicillin;Ampicillin;Cephalothin;Piperacillin;Ticarcillin	99.303	861	6	0	4148681	4149541	1	861	0.0	1557	5306069	861	resfinder~~~blaSHV-80_1~~~AM176555~~~Amoxicillin;Ampicillin;Cephalothin;Piperacillin;Ticarcillin blaSHV-80	100.0	resfinder
contig_3	resfinder~~~blaSHV-78_1~~~AM176553~~~Amoxicillin;Ampicillin;Cephalothin;Piperacillin;Ticarcillin	99.303	861	6	0	4148681	4149541	1	861	0.0	1557	5306069	861	resfinder~~~blaSHV-78_1~~~AM176553~~~Amoxicillin;Ampicillin;Cephalothin;Piperacillin;Ticarcillin blaSHV-78	100.0	resfinder
contig_3	resfinder~~~blaSHV-77_1~~~EF373975~~~Amoxicillin;Ampicillin;Cephalothin;Piperacillin;Ticarcillin	99.303	861	6	0	4148681	4149541	1	861	0.0	1557	5306069	861	resfinder~~~blaSHV-77_1~~~EF373975~~~Amoxicillin;Ampicillin;Cephalothin;Piperacillin;Ticarcillin blaSHV-77	100.0	resfinder
contig_3	resfinder~~~blaSHV-66_1~~~DQ174306~~~Amoxicillin;Ampicillin;Aztreonam;Cefepime;Cefotaxime;Ceftazidime;Ceftriaxone;Piperacillin;Ticarcillin	99.303	861	6	0	4148681	4149541	1	861	0.0	1557	5306069	861	resfinder~~~blaSHV-66_1~~~DQ174306~~~Amoxicillin;Ampicillin;Aztreonam;Cefepime;Cefotaxime;Ceftazidime;Ceftriaxone;Piperacillin;Ticarcillin blaSHV-66	100.0	resfinder
contig_3	resfinder~~~blaSHV-62_1~~~AJ866285~~~Amoxicillin;Ampicillin;Cephalothin;Piperacillin;Ticarcillin	99.303	861	6	0	4148681	4149541	1	861	0.0	1557	5306069	861	resfinder~~~blaSHV-62_1~~~AJ866285~~~Amoxicillin;Ampicillin;Cephalothin;Piperacillin;Ticarcillin blaSHV-62	100.0	resfinder
contig_3	resfinder~~~blaSHV-51_1~~~AY289548~~~	99.303	861	6	0	4148681	4149541	1	861	0.0	1557	5306069	861	resfinder~~~blaSHV-51_1~~~AY289548~~~ blaSHV-51	100.0	resfinder
contig_3	resfinder~~~blaSHV-44_1~~~AY259119~~~Amoxicillin;Ampicillin;Cephalothin;Piperacillin;Ticarcillin	99.303	861	6	0	4148681	4149541	1	861	0.0	1557	5306069	861	resfinder~~~blaSHV-44_1~~~AY259119~~~Amoxicillin;Ampicillin;Cephalothin;Piperacillin;Ticarcillin blaSHV-44	100.0	resfinder
contig_3	resfinder~~~blaSHV-42_1~~~AF535130~~~Amoxicillin;Ampicillin;Aztreonam;Cefepime;Cefotaxime;Ceftazidime;Ceftriaxone;Piperacillin;Ticarcillin	99.303	861	6	0	4148681	4149541	1	861	0.0	1557	5306069	861	resfinder~~~blaSHV-42_1~~~AF535130~~~Amoxicillin;Ampicillin;Aztreonam;Cefepime;Cefotaxime;Ceftazidime;Ceftriaxone;Piperacillin;Ticarcillin blaSHV-42	100.0	resfinder
contig_3	resfinder~~~blaSHV-38_1~~~AY079099~~~Amoxicillin;Ampicillin;Aztreonam;Cefepime;Cefotaxime;Ceftazidime;Ceftriaxone;Piperacillin;Ticarcillin	99.303	861	6	0	4148681	4149541	1	861	0.0	1557	5306069	861	resfinder~~~blaSHV-38_1~~~AY079099~~~Amoxicillin;Ampicillin;Aztreonam;Cefepime;Cefotaxime;Ceftazidime;Ceftriaxone;Piperacillin;Ticarcillin blaSHV-38	100.0	resfinder
contig_3	resfinder~~~blaSHV-36_1~~~AF467947~~~	99.303	861	6	0	4148681	4149541	1	861	0.0	1557	5306069	861	resfinder~~~blaSHV-36_1~~~AF467947~~~ blaSHV-36	100.0	resfinder
contig_3	resfinder~~~blaSHV-33_1~~~AY037779~~~Amoxicillin;Ampicillin;Cephalothin;Piperacillin;Ticarcillin	99.303	861	6	0	4148681	4149541	1	861	0.0	1557	5306069	861	resfinder~~~blaSHV-33_1~~~AY037779~~~Amoxicillin;Ampicillin;Cephalothin;Piperacillin;Ticarcillin blaSHV-33	100.0	resfinder
contig_3	resfinder~~~blaSHV-32_1~~~AY037778~~~Amoxicillin;Ampicillin;Cephalothin;Piperacillin;Ticarcillin	99.303	861	6	0	4148681	4149541	1	861	0.0	1557	5306069	861	resfinder~~~blaSHV-32_1~~~AY037778~~~Amoxicillin;Ampicillin;Cephalothin;Piperacillin;Ticarcillin blaSHV-32	100.0	resfinder
contig_3	resfinder~~~blaSHV-2a_1~~~X98102~~~Amoxicillin;Ampicillin;Aztreonam;Cefepime;Cefotaxime;Ceftazidime;Ceftriaxone;Piperacillin;Ticarcillin	99.303	861	6	0	4148681	4149541	1	861	0.0	1557	5306069	861	resfinder~~~blaSHV-2a_1~~~X98102~~~Amoxicillin;Ampicillin;Aztreonam;Cefepime;Cefotaxime;Ceftazidime;Ceftriaxone;Piperacillin;Ticarcillin blaSHV-2a	100.0	resfinder
contig_3	resfinder~~~blaSHV-26_1~~~AF227204~~~Amoxicillin;Amoxicillin+Clavulanic_acid;Ampicillin;Ampicillin+Clavulanic_acid;Piperacillin;Piperacillin+Tazobactam;Ticarcillin;Ticarcillin+Clavulanic_acid	99.303	861	6	0	4148681	4149541	1	861	0.0	1557	5306069	861	resfinder~~~blaSHV-26_1~~~AF227204~~~Amoxicillin;Amoxicillin+Clavulanic_acid;Ampicillin;Ampicillin+Clavulanic_acid;Piperacillin;Piperacillin+Tazobactam;Ticarcillin;Ticarcillin+Clavulanic_acid blaSHV-26	100.0	resfinder
contig_3	resfinder~~~blaSHV-1b-b_1~~~DQ166783~~~Amoxicillin;Ampicillin;Cephalothin;Piperacillin;Ticarcillin	99.303	861	6	0	4148681	4149541	1	861	0.0	1557	5306069	861	resfinder~~~blaSHV-1b-b_1~~~DQ166783~~~Amoxicillin;Ampicillin;Cephalothin;Piperacillin;Ticarcillin blaSHV-1b-b	100.0	resfinder
contig_3	resfinder~~~blaSHV-1_1~~~AF148850~~~Amoxicillin;Ampicillin;Cephalothin;Piperacillin;Ticarcillin	99.303	861	6	0	4148681	4149541	1	861	0.0	1557	5306069	861	resfinder~~~blaSHV-1_1~~~AF148850~~~Amoxicillin;Ampicillin;Cephalothin;Piperacillin;Ticarcillin blaSHV-1	100.0	resfinder
contig_3	resfinder~~~blaSHV-199_1~~~MF373391~~~	99.303	861	6	0	4148681	4149541	1	861	0.0	1557	5306069	861	resfinder~~~blaSHV-199_1~~~MF373391~~~ blaSHV-199	100.0	resfinder
contig_3	resfinder~~~blaSHV-196_1~~~KX714286~~~	99.303	861	6	0	4148681	4149541	1	861	0.0	1557	5306069	861	resfinder~~~blaSHV-196_1~~~KX714286~~~ blaSHV-196	100.0	resfinder
contig_3	resfinder~~~blaSHV-194_1~~~KX421191~~~	99.303	861	6	0	4148681	4149541	1	861	0.0	1557	5306069	861	resfinder~~~blaSHV-194_1~~~KX421191~~~ blaSHV-194	100.0	resfinder
contig_3	resfinder~~~blaSHV-193_1~~~KR347170~~~	99.303	861	6	0	4148681	4149541	1	861	0.0	1557	5306069	861	resfinder~~~blaSHV-193_1~~~KR347170~~~ blaSHV-193	100.0	resfinder
contig_3	resfinder~~~blaSHV-179_1~~~KF705208~~~	99.303	861	6	0	4148681	4149541	1	861	0.0	1557	5306069	861	resfinder~~~blaSHV-179_1~~~KF705208~~~ blaSHV-179	100.0	resfinder
contig_3	resfinder~~~blaSHV-178_1~~~KF705209~~~	99.303	861	6	0	4148681	4149541	1	861	0.0	1557	5306069	861	resfinder~~~blaSHV-178_1~~~KF705209~~~ blaSHV-178	100.0	resfinder
contig_3	resfinder~~~blaSHV-161_1~~~JX121128~~~	99.303	861	6	0	4148681	4149541	1	861	0.0	1557	5306069	861	resfinder~~~blaSHV-161_1~~~JX121128~~~ blaSHV-161	100.0	resfinder
contig_3	resfinder~~~blaSHV-160_1~~~JX121127~~~	99.303	861	6	0	4148681	4149541	1	861	0.0	1557	5306069	861	resfinder~~~blaSHV-160_1~~~JX121127~~~ blaSHV-160	100.0	resfinder
contig_3	resfinder~~~blaSHV-157_1~~~JX121124~~~	99.303	861	6	0	4148681	4149541	1	861	0.0	1557	5306069	861	resfinder~~~blaSHV-157_1~~~JX121124~~~ blaSHV-157	100.0	resfinder
contig_3	resfinder~~~blaSHV-152_1~~~JX121119~~~	99.303	861	6	0	4148681	4149541	1	861	0.0	1557	5306069	861	resfinder~~~blaSHV-152_1~~~JX121119~~~ blaSHV-152	100.0	resfinder
contig_3	resfinder~~~blaSHV-14_1~~~AF226622~~~Amoxicillin;Ampicillin;Cephalothin;Piperacillin;Ticarcillin	99.303	861	6	0	4148681	4149541	1	861	0.0	1557	5306069	861	resfinder~~~blaSHV-14_1~~~AF226622~~~Amoxicillin;Ampicillin;Cephalothin;Piperacillin;Ticarcillin blaSHV-14	100.0	resfinder
contig_3	resfinder~~~blaSHV-145_1~~~JX013655~~~	99.303	861	6	0	4148681	4149541	1	861	0.0	1557	5306069	861	resfinder~~~blaSHV-145_1~~~JX013655~~~ blaSHV-145	100.0	resfinder
contig_3	resfinder~~~blaSHV-143_1~~~JQ341060~~~	99.303	861	6	0	4148681	4149541	1	861	0.0	1557	5306069	861	resfinder~~~blaSHV-143_1~~~JQ341060~~~ blaSHV-143	100.0	resfinder
contig_3	resfinder~~~blaSHV-142_1~~~JQ029959~~~	99.303	861	6	0	4148681	4149541	1	861	0.0	1557	5306069	861	resfinder~~~blaSHV-142_1~~~JQ029959~~~ blaSHV-142	100.0	resfinder
contig_3	resfinder~~~blaSHV-135_1~~~HQ637576~~~	99.303	861	6	0	4148681	4149541	1	861	0.0	1557	5306069	861	resfinder~~~blaSHV-135_1~~~HQ637576~~~ blaSHV-135	100.0	resfinder
contig_3	resfinder~~~blaSHV-134_1~~~HM559945~~~Amoxicillin;Ampicillin;Aztreonam;Cefepime;Cefotaxime;Ceftazidime;Ceftriaxone;Piperacillin;Ticarcillin	99.303	861	6	0	4148681	4149541	1	861	0.0	1557	5306069	861	resfinder~~~blaSHV-134_1~~~HM559945~~~Amoxicillin;Ampicillin;Aztreonam;Cefepime;Cefotaxime;Ceftazidime;Ceftriaxone;Piperacillin;Ticarcillin blaSHV-134	100.0	resfinder
contig_3	resfinder~~~blaSHV-132_1~~~GU981741~~~	99.303	861	6	0	4148681	4149541	1	861	0.0	1557	5306069	861	resfinder~~~blaSHV-132_1~~~GU981741~~~ blaSHV-132	100.0	resfinder
contig_3	resfinder~~~blaSHV-111_1~~~AB372881~~~	99.303	861	6	0	4148681	4149541	1	861	0.0	1557	5306069	861	resfinder~~~blaSHV-111_1~~~AB372881~~~ blaSHV-111	100.0	resfinder
contig_3	resfinder~~~blaSHV-108_1~~~AM922309~~~	99.303	861	6	0	4148681	4149541	1	861	0.0	1557	5306069	861	resfinder~~~blaSHV-108_1~~~AM922309~~~ blaSHV-108	100.0	resfinder
contig_3	resfinder~~~blaSHV-101_1~~~EU155018~~~	99.303	861	6	0	4148681	4149541	1	861	0.0	1557	5306069	861	resfinder~~~blaSHV-101_1~~~EU155018~~~ blaSHV-101	100.0	resfinder
contig_3	resfinder~~~blaSHV-104_1~~~EU274581~~~Amoxicillin;Ampicillin;Aztreonam;Cefepime;Cefotaxime;Ceftazidime;Ceftriaxone;Piperacillin;Ticarcillin	99.302	860	6	0	4148682	4149541	2	861	0.0	1555	5306069	861	resfinder~~~blaSHV-104_1~~~EU274581~~~Amoxicillin;Ampicillin;Aztreonam;Cefepime;Cefotaxime;Ceftazidime;Ceftriaxone;Piperacillin;Ticarcillin blaSHV-104	99.88385598141696	resfinder
contig_3	resfinder~~~blaSHV-148_1~~~JX121115~~~	99.416	856	5	0	4148681	4149536	1	856	0.0	1554	5306069	861	resfinder~~~blaSHV-148_1~~~JX121115~~~ blaSHV-148	99.41927990708479	resfinder
contig_3	resfinder~~~blaSHV-8_1~~~U92041~~~Amoxicillin;Ampicillin;Aztreonam;Cefepime;Cefotaxime;Ceftazidime;Ceftriaxone;Piperacillin;Ticarcillin	99.187	861	7	0	4148681	4149541	1	861	0.0	1552	5306069	861	resfinder~~~blaSHV-8_1~~~U92041~~~Amoxicillin;Ampicillin;Aztreonam;Cefepime;Cefotaxime;Ceftazidime;Ceftriaxone;Piperacillin;Ticarcillin blaSHV-8	100.0	resfinder
contig_3	resfinder~~~blaSHV-86_1~~~DQ328802~~~Amoxicillin;Ampicillin;Aztreonam;Cefepime;Cefotaxime;Ceftazidime;Ceftriaxone;Piperacillin;Ticarcillin	99.187	861	7	0	4148681	4149541	1	861	0.0	1552	5306069	861	resfinder~~~blaSHV-86_1~~~DQ328802~~~Amoxicillin;Ampicillin;Aztreonam;Cefepime;Cefotaxime;Ceftazidime;Ceftriaxone;Piperacillin;Ticarcillin blaSHV-86	100.0	resfinder
contig_3	resfinder~~~blaSHV-82_1~~~AM176557~~~Amoxicillin;Ampicillin;Cephalothin;Piperacillin;Ticarcillin	99.187	861	7	0	4148681	4149541	1	861	0.0	1552	5306069	861	resfinder~~~blaSHV-82_1~~~AM176557~~~Amoxicillin;Ampicillin;Cephalothin;Piperacillin;Ticarcillin blaSHV-82	100.0	resfinder
contig_3	resfinder~~~blaSHV-76_1~~~AM176551~~~Amoxicillin;Ampicillin;Cephalothin;Piperacillin;Ticarcillin	99.187	861	7	0	4148681	4149541	1	861	0.0	1552	5306069	861	resfinder~~~blaSHV-76_1~~~AM176551~~~Amoxicillin;Ampicillin;Cephalothin;Piperacillin;Ticarcillin blaSHV-76	100.0	resfinder
contig_3	resfinder~~~blaSHV-71_1~~~AM176546~~~Amoxicillin;Ampicillin;Cephalothin;Piperacillin;Ticarcillin	99.187	861	7	0	4148681	4149541	1	861	0.0	1552	5306069	861	resfinder~~~blaSHV-71_1~~~AM176546~~~Amoxicillin;Ampicillin;Cephalothin;Piperacillin;Ticarcillin blaSHV-71	100.0	resfinder
contig_3	resfinder~~~blaSHV-65_1~~~DQ174305~~~	99.187	861	7	0	4148681	4149541	1	861	0.0	1552	5306069	861	resfinder~~~blaSHV-65_1~~~DQ174305~~~ blaSHV-65	100.0	resfinder
contig_3	resfinder~~~blaSHV-64_1~~~DQ174304~~~Amoxicillin;Ampicillin;Aztreonam;Cefepime;Cefotaxime;Ceftazidime;Ceftriaxone;Piperacillin;Ticarcillin	99.187	861	7	0	4148681	4149541	1	861	0.0	1552	5306069	861	resfinder~~~blaSHV-64_1~~~DQ174304~~~Amoxicillin;Ampicillin;Aztreonam;Cefepime;Cefotaxime;Ceftazidime;Ceftriaxone;Piperacillin;Ticarcillin blaSHV-64	100.0	resfinder
contig_3	resfinder~~~blaSHV-59_1~~~AY790341~~~	99.187	861	7	0	4148681	4149541	1	861	0.0	1552	5306069	861	resfinder~~~blaSHV-59_1~~~AY790341~~~ blaSHV-59	100.0	resfinder
contig_3	resfinder~~~blaSHV-57_1~~~AY223863~~~Amoxicillin;Ampicillin;Aztreonam;Cefepime;Cefotaxime;Ceftazidime;Ceftriaxone;Piperacillin;Ticarcillin	99.187	861	7	0	4148681	4149541	1	861	0.0	1552	5306069	861	resfinder~~~blaSHV-57_1~~~AY223863~~~Amoxicillin;Ampicillin;Aztreonam;Cefepime;Cefotaxime;Ceftazidime;Ceftriaxone;Piperacillin;Ticarcillin blaSHV-57	100.0	resfinder
contig_3	resfinder~~~blaSHV-50_1~~~AY288915~~~	99.187	861	7	0	4148681	4149541	1	861	0.0	1552	5306069	861	resfinder~~~blaSHV-50_1~~~AY288915~~~ blaSHV-50	100.0	resfinder
contig_3	resfinder~~~blaSHV-49_1~~~AY528718~~~Amoxicillin;Amoxicillin+Clavulanic_acid;Ampicillin;Ampicillin+Clavulanic_acid;Piperacillin;Piperacillin+Tazobactam;Ticarcillin;Ticarcillin+Clavulanic_acid	99.187	861	7	0	4148681	4149541	1	861	0.0	1552	5306069	861	resfinder~~~blaSHV-49_1~~~AY528718~~~Amoxicillin;Amoxicillin+Clavulanic_acid;Ampicillin;Ampicillin+Clavulanic_acid;Piperacillin;Piperacillin+Tazobactam;Ticarcillin;Ticarcillin+Clavulanic_acid blaSHV-49	100.0	resfinder
contig_3	resfinder~~~blaSHV-37_1~~~AF467948~~~	99.187	861	7	0	4148681	4149541	1	861	0.0	1552	5306069	861	resfinder~~~blaSHV-37_1~~~AF467948~~~ blaSHV-37	100.0	resfinder
contig_3	resfinder~~~blaSHV-2_1~~~AF148851~~~Amoxicillin;Ampicillin;Aztreonam;Cefepime;Cefotaxime;Ceftazidime;Ceftriaxone;Piperacillin;Ticarcillin	99.187	861	7	0	4148681	4149541	1	861	0.0	1552	5306069	861	resfinder~~~blaSHV-2_1~~~AF148851~~~Amoxicillin;Ampicillin;Aztreonam;Cefepime;Cefotaxime;Ceftazidime;Ceftriaxone;Piperacillin;Ticarcillin blaSHV-2	100.0	resfinder
contig_3	resfinder~~~blaSHV-29_1~~~AF301532~~~	99.187	861	7	0	4148681	4149541	1	861	0.0	1552	5306069	861	resfinder~~~blaSHV-29_1~~~AF301532~~~ blaSHV-29	100.0	resfinder
contig_3	resfinder~~~blaSHV-24_1~~~AB023477~~~Amoxicillin;Ampicillin;Aztreonam;Cefepime;Cefotaxime;Ceftazidime;Ceftriaxone;Piperacillin;Ticarcillin	99.187	861	7	0	4148681	4149541	1	861	0.0	1552	5306069	861	resfinder~~~blaSHV-24_1~~~AB023477~~~Amoxicillin;Ampicillin;Aztreonam;Cefepime;Cefotaxime;Ceftazidime;Ceftriaxone;Piperacillin;Ticarcillin blaSHV-24	100.0	resfinder
contig_3	resfinder~~~blaSHV-204_1~~~MH243356~~~	99.187	861	7	0	4148681	4149541	1	861	0.0	1552	5306069	861	resfinder~~~blaSHV-204_1~~~MH243356~~~ blaSHV-204	100.0	resfinder
contig_3	resfinder~~~blaSHV-195_1~~~KX619652~~~	99.187	861	7	0	4148681	4149541	1	861	0.0	1552	5306069	861	resfinder~~~blaSHV-195_1~~~KX619652~~~ blaSHV-195	100.0	resfinder
contig_3	resfinder~~~blaSHV-191_1~~~KP868754~~~	99.187	861	7	0	4148681	4149541	1	861	0.0	1552	5306069	861	resfinder~~~blaSHV-191_1~~~KP868754~~~ blaSHV-191	100.0	resfinder
contig_3	resfinder~~~blaSHV-186_1~~~KM233165~~~	99.187	861	7	0	4148681	4149541	1	861	0.0	1552	5306069	861	resfinder~~~blaSHV-186_1~~~KM233165~~~ blaSHV-186	100.0	resfinder
contig_3	resfinder~~~blaSHV-180_1~~~KP050487~~~	99.187	861	7	0	4148681	4149541	1	861	0.0	1552	5306069	861	resfinder~~~blaSHV-180_1~~~KP050487~~~ blaSHV-180	100.0	resfinder
contig_3	resfinder~~~blaSHV-164_1~~~HE981194~~~Amoxicillin;Ampicillin;Cephalothin;Piperacillin;Ticarcillin	99.187	861	7	0	4148681	4149541	1	861	0.0	1552	5306069	861	resfinder~~~blaSHV-164_1~~~HE981194~~~Amoxicillin;Ampicillin;Cephalothin;Piperacillin;Ticarcillin blaSHV-164	100.0	resfinder
contig_3	resfinder~~~blaSHV-15_1~~~AJ011428~~~Amoxicillin;Ampicillin;Aztreonam;Cefepime;Cefotaxime;Ceftazidime;Ceftriaxone;Piperacillin;Ticarcillin	99.187	861	7	0	4148681	4149541	1	861	0.0	1552	5306069	861	resfinder~~~blaSHV-15_1~~~AJ011428~~~Amoxicillin;Ampicillin;Aztreonam;Cefepime;Cefotaxime;Ceftazidime;Ceftriaxone;Piperacillin;Ticarcillin blaSHV-15	100.0	resfinder
contig_3	resfinder~~~blaSHV-154_1~~~JX121121~~~	99.187	861	7	0	4148681	4149541	1	861	0.0	1552	5306069	861	resfinder~~~blaSHV-154_1~~~JX121121~~~ blaSHV-154	100.0	resfinder
contig_3	resfinder~~~blaSHV-150_1~~~JX121117~~~	99.187	861	7	0	4148681	4149541	1	861	0.0	1552	5306069	861	resfinder~~~blaSHV-150_1~~~JX121117~~~ blaSHV-150	100.0	resfinder
contig_3	resfinder~~~blaSHV-147_1~~~JX121114~~~	99.187	861	7	0	4148681	4149541	1	861	0.0	1552	5306069	861	resfinder~~~blaSHV-147_1~~~JX121114~~~ blaSHV-147	100.0	resfinder
contig_3	resfinder~~~blaSHV-141_1~~~JQ388884~~~Amoxicillin;Ampicillin;Cephalothin;Piperacillin;Ticarcillin	99.187	861	7	0	4148681	4149541	1	861	0.0	1552	5306069	861	resfinder~~~blaSHV-141_1~~~JQ388884~~~Amoxicillin;Ampicillin;Cephalothin;Piperacillin;Ticarcillin blaSHV-141	100.0	resfinder
contig_3	resfinder~~~blaSHV-133_1~~~AB551737~~~	99.187	861	7	0	4148681	4149541	1	861	0.0	1552	5306069	861	resfinder~~~blaSHV-133_1~~~AB551737~~~ blaSHV-133	100.0	resfinder
contig_3	resfinder~~~blaSHV-120_1~~~JF812965~~~	99.187	861	7	0	4148681	4149541	1	861	0.0	1552	5306069	861	resfinder~~~blaSHV-120_1~~~JF812965~~~ blaSHV-120	100.0	resfinder
contig_3	resfinder~~~blaSHV-109_1~~~EU418913~~~Amoxicillin;Ampicillin;Cephalothin;Piperacillin;Ticarcillin	99.187	861	7	0	4148681	4149541	1	861	0.0	1552	5306069	861	resfinder~~~blaSHV-109_1~~~EU418913~~~Amoxicillin;Ampicillin;Cephalothin;Piperacillin;Ticarcillin blaSHV-109	100.0	resfinder
contig_3	resfinder~~~blaSHV-106_1~~~AM922307~~~Amoxicillin;Ampicillin;Aztreonam;Cefepime;Cefotaxime;Ceftazidime;Ceftriaxone;Piperacillin;Ticarcillin	99.187	861	7	0	4148681	4149541	1	861	0.0	1552	5306069	861	resfinder~~~blaSHV-106_1~~~AM922307~~~Amoxicillin;Ampicillin;Aztreonam;Cefepime;Cefotaxime;Ceftazidime;Ceftriaxone;Piperacillin;Ticarcillin blaSHV-106	100.0	resfinder
contig_3	resfinder~~~blaSHV-103_1~~~EU032604~~~	99.187	861	7	0	4148681	4149541	1	861	0.0	1552	5306069	861	resfinder~~~blaSHV-103_1~~~EU032604~~~ blaSHV-103	100.0	resfinder
contig_3	resfinder~~~blaSHV-183_1~~~HG934764~~~	99.074	864	5	1	4148681	4149541	1	864	0.0	1548	5306069	864	resfinder~~~blaSHV-183_1~~~HG934764~~~ blaSHV-183	100.0	resfinder
contig_3	resfinder~~~blaSHV-92_1~~~DQ836922~~~	99.071	861	8	0	4148681	4149541	1	861	0.0	1546	5306069	861	resfinder~~~blaSHV-92_1~~~DQ836922~~~ blaSHV-92	100.0	resfinder
contig_3	resfinder~~~blaSHV-72_1~~~AM176547~~~Amoxicillin;Amoxicillin+Clavulanic_acid;Ampicillin;Ampicillin+Clavulanic_acid;Piperacillin;Piperacillin+Tazobactam;Ticarcillin;Ticarcillin+Clavulanic_acid	99.071	861	8	0	4148681	4149541	1	861	0.0	1546	5306069	861	resfinder~~~blaSHV-72_1~~~AM176547~~~Amoxicillin;Amoxicillin+Clavulanic_acid;Ampicillin;Ampicillin+Clavulanic_acid;Piperacillin;Piperacillin+Tazobactam;Ticarcillin;Ticarcillin+Clavulanic_acid blaSHV-72	100.0	resfinder
contig_3	resfinder~~~blaSHV-63_1~~~EU342351~~~	99.071	861	8	0	4148681	4149541	1	861	0.0	1546	5306069	861	resfinder~~~blaSHV-63_1~~~EU342351~~~ blaSHV-63	100.0	resfinder
contig_3	resfinder~~~blaSHV-5_1~~~X55640~~~Amoxicillin;Ampicillin;Aztreonam;Cefepime;Cefotaxime;Ceftazidime;Ceftriaxone;Piperacillin;Ticarcillin	99.071	861	8	0	4148681	4149541	1	861	0.0	1546	5306069	861	resfinder~~~blaSHV-5_1~~~X55640~~~Amoxicillin;Ampicillin;Aztreonam;Cefepime;Cefotaxime;Ceftazidime;Ceftriaxone;Piperacillin;Ticarcillin blaSHV-5	100.0	resfinder
contig_3	resfinder~~~blaSHV-55_1~~~DQ054528~~~Amoxicillin;Ampicillin;Aztreonam;Cefepime;Cefotaxime;Ceftazidime;Ceftriaxone;Piperacillin;Ticarcillin	99.071	861	8	0	4148681	4149541	1	861	0.0	1546	5306069	861	resfinder~~~blaSHV-55_1~~~DQ054528~~~Amoxicillin;Ampicillin;Aztreonam;Cefepime;Cefotaxime;Ceftazidime;Ceftriaxone;Piperacillin;Ticarcillin blaSHV-55	100.0	resfinder
contig_3	resfinder~~~blaSHV-48_1~~~AY263404~~~Amoxicillin;Ampicillin;Cephalothin;Piperacillin;Ticarcillin	99.071	861	8	0	4148681	4149541	1	861	0.0	1546	5306069	861	resfinder~~~blaSHV-48_1~~~AY263404~~~Amoxicillin;Ampicillin;Cephalothin;Piperacillin;Ticarcillin blaSHV-48	100.0	resfinder
contig_3	resfinder~~~blaSHV-45_1~~~AF547625~~~Amoxicillin;Ampicillin;Aztreonam;Cefepime;Cefotaxime;Ceftazidime;Ceftriaxone;Piperacillin;Ticarcillin	99.071	861	8	0	4148681	4149541	1	861	0.0	1546	5306069	861	resfinder~~~blaSHV-45_1~~~AF547625~~~Amoxicillin;Ampicillin;Aztreonam;Cefepime;Cefotaxime;Ceftazidime;Ceftriaxone;Piperacillin;Ticarcillin blaSHV-45	100.0	resfinder
contig_3	resfinder~~~blaSHV-43_1~~~AY065991~~~Amoxicillin;Ampicillin;Cephalothin;Piperacillin;Ticarcillin	99.071	861	8	0	4148681	4149541	1	861	0.0	1546	5306069	861	resfinder~~~blaSHV-43_1~~~AY065991~~~Amoxicillin;Ampicillin;Cephalothin;Piperacillin;Ticarcillin blaSHV-43	100.0	resfinder
contig_3	resfinder~~~blaSHV-41_1~~~AF535129~~~Amoxicillin;Ampicillin;Aztreonam;Cefepime;Cefotaxime;Ceftazidime;Ceftriaxone;Piperacillin;Ticarcillin	99.071	861	8	0	4148681	4149541	1	861	0.0	1546	5306069	861	resfinder~~~blaSHV-41_1~~~AF535129~~~Amoxicillin;Ampicillin;Aztreonam;Cefepime;Cefotaxime;Ceftazidime;Ceftriaxone;Piperacillin;Ticarcillin blaSHV-41	100.0	resfinder
contig_3	resfinder~~~blaSHV-3_1~~~KX092356~~~Amoxicillin;Ampicillin;Aztreonam;Cefepime;Cefotaxime;Ceftazidime;Ceftriaxone;Piperacillin;Ticarcillin	99.071	861	8	0	4148681	4149541	1	861	0.0	1546	5306069	861	resfinder~~~blaSHV-3_1~~~KX092356~~~Amoxicillin;Ampicillin;Aztreonam;Cefepime;Cefotaxime;Ceftazidime;Ceftriaxone;Piperacillin;Ticarcillin blaSHV-3	100.0	resfinder
contig_3	resfinder~~~blaSHV-30_1~~~AY661885~~~Amoxicillin;Ampicillin;Aztreonam;Cefepime;Cefotaxime;Ceftazidime;Ceftriaxone;Piperacillin;Ticarcillin	99.071	861	8	0	4148681	4149541	1	861	0.0	1546	5306069	861	resfinder~~~blaSHV-30_1~~~AY661885~~~Amoxicillin;Ampicillin;Aztreonam;Cefepime;Cefotaxime;Ceftazidime;Ceftriaxone;Piperacillin;Ticarcillin blaSHV-30	100.0	resfinder
contig_3	resfinder~~~blaSHV-198_1~~~MF281086~~~	99.071	861	8	0	4148681	4149541	1	861	0.0	1546	5306069	861	resfinder~~~blaSHV-198_1~~~MF281086~~~ blaSHV-198	100.0	resfinder
contig_3	resfinder~~~blaSHV-197_1~~~KT946904~~~	99.071	861	8	0	4148681	4149541	1	861	0.0	1546	5306069	861	resfinder~~~blaSHV-197_1~~~KT946904~~~ blaSHV-197	100.0	resfinder
contig_3	resfinder~~~blaSHV-189_1~~~KP050494~~~	99.071	861	8	0	4148681	4149541	1	861	0.0	1546	5306069	861	resfinder~~~blaSHV-189_1~~~KP050494~~~ blaSHV-189	100.0	resfinder
contig_3	resfinder~~~blaSHV-168_1~~~JX870080~~~	99.071	861	8	0	4148681	4149541	1	861	0.0	1546	5306069	861	resfinder~~~blaSHV-168_1~~~JX870080~~~ blaSHV-168	100.0	resfinder
contig_3	resfinder~~~blaSHV-153_1~~~JX121120~~~	99.071	861	8	0	4148681	4149541	1	861	0.0	1546	5306069	861	resfinder~~~blaSHV-153_1~~~JX121120~~~ blaSHV-153	100.0	resfinder
contig_3	resfinder~~~blaSHV-151_1~~~JX121118~~~	99.071	861	8	0	4148681	4149541	1	861	0.0	1546	5306069	861	resfinder~~~blaSHV-151_1~~~JX121118~~~ blaSHV-151	100.0	resfinder
contig_3	resfinder~~~blaSHV-149_1~~~JX121116~~~	99.071	861	8	0	4148681	4149541	1	861	0.0	1546	5306069	861	resfinder~~~blaSHV-149_1~~~JX121116~~~ blaSHV-149	100.0	resfinder
contig_3	resfinder~~~blaSHV-129_1~~~GU827715~~~Amoxicillin;Ampicillin;Aztreonam;Cefepime;Cefotaxime;Ceftazidime;Ceftriaxone;Piperacillin;Ticarcillin	99.071	861	8	0	4148681	4149541	1	861	0.0	1546	5306069	861	resfinder~~~blaSHV-129_1~~~GU827715~~~Amoxicillin;Ampicillin;Aztreonam;Cefepime;Cefotaxime;Ceftazidime;Ceftriaxone;Piperacillin;Ticarcillin blaSHV-129	100.0	resfinder
contig_3	resfinder~~~blaSHV-102_1~~~EU024485~~~Amoxicillin;Ampicillin;Aztreonam;Cefepime;Cefotaxime;Ceftazidime;Ceftriaxone;Piperacillin;Ticarcillin	99.071	861	8	0	4148681	4149541	1	861	0.0	1546	5306069	861	resfinder~~~blaSHV-102_1~~~EU024485~~~Amoxicillin;Ampicillin;Aztreonam;Cefepime;Cefotaxime;Ceftazidime;Ceftriaxone;Piperacillin;Ticarcillin blaSHV-102	100.0	resfinder
contig_3	resfinder~~~blaSHV-163_1~~~JX121130~~~	99.182	856	7	0	4148681	4149536	1	856	0.0	1543	5306069	861	resfinder~~~blaSHV-163_1~~~JX121130~~~ blaSHV-163	99.41927990708479	resfinder
contig_3	resfinder~~~blaSHV-7_1~~~U20270~~~Amoxicillin;Ampicillin;Aztreonam;Cefepime;Cefotaxime;Ceftazidime;Ceftriaxone;Piperacillin;Ticarcillin	98.955	861	9	0	4148681	4149541	1	861	0.0	1541	5306069	861	resfinder~~~blaSHV-7_1~~~U20270~~~Amoxicillin;Ampicillin;Aztreonam;Cefepime;Cefotaxime;Ceftazidime;Ceftriaxone;Piperacillin;Ticarcillin blaSHV-7	100.0	resfinder
contig_3	resfinder~~~blaSHV-52_1~~~HQ845196~~~	98.955	861	9	0	4148681	4149541	1	861	0.0	1541	5306069	861	resfinder~~~blaSHV-52_1~~~HQ845196~~~ blaSHV-52	100.0	resfinder
contig_3	resfinder~~~blaSHV-34_1~~~AY036620~~~Amoxicillin;Ampicillin;Aztreonam;Cefepime;Cefotaxime;Ceftazidime;Ceftriaxone;Piperacillin;Ticarcillin	98.955	861	9	0	4148681	4149541	1	861	0.0	1541	5306069	861	resfinder~~~blaSHV-34_1~~~AY036620~~~Amoxicillin;Ampicillin;Aztreonam;Cefepime;Cefotaxime;Ceftazidime;Ceftriaxone;Piperacillin;Ticarcillin blaSHV-34	100.0	resfinder
contig_3	resfinder~~~blaSHV-200_1~~~MF871643~~~	98.955	861	9	0	4148681	4149541	1	861	0.0	1541	5306069	861	resfinder~~~blaSHV-200_1~~~MF871643~~~ blaSHV-200	100.0	resfinder
contig_3	resfinder~~~blaSHV-190_1~~~KP868753~~~	98.955	861	9	0	4148681	4149541	1	861	0.0	1541	5306069	861	resfinder~~~blaSHV-190_1~~~KP868753~~~ blaSHV-190	100.0	resfinder
contig_3	resfinder~~~blaSHV-18_1~~~AF132290~~~Amoxicillin;Ampicillin;Aztreonam;Cefepime;Cefotaxime;Ceftazidime;Ceftriaxone;Piperacillin;Ticarcillin	98.955	861	9	0	4148681	4149541	1	861	0.0	1541	5306069	861	resfinder~~~blaSHV-18_1~~~AF132290~~~Amoxicillin;Ampicillin;Aztreonam;Cefepime;Cefotaxime;Ceftazidime;Ceftriaxone;Piperacillin;Ticarcillin blaSHV-18	100.0	resfinder
contig_3	resfinder~~~blaSHV-188_1~~~LN515534~~~	98.625	873	6	1	4148675	4149541	1	873	0.0	1541	5306069	873	resfinder~~~blaSHV-188_1~~~LN515534~~~ blaSHV-188	100.0	resfinder
contig_3	resfinder~~~blaSHV-165_1~~~JX121131~~~	98.955	861	9	0	4148681	4149541	1	861	0.0	1541	5306069	861	resfinder~~~blaSHV-165_1~~~JX121131~~~ blaSHV-165	100.0	resfinder
contig_3	resfinder~~~blaSHV-162_1~~~JX121129~~~	98.955	861	9	0	4148681	4149541	1	861	0.0	1541	5306069	861	resfinder~~~blaSHV-162_1~~~JX121129~~~ blaSHV-162	100.0	resfinder
contig_3	resfinder~~~blaSHV-46_1~~~AY210887~~~Amoxicillin;Ampicillin;Aztreonam;Cefepime;Cefotaxime;Ceftazidime;Ceftriaxone;Piperacillin;Ticarcillin	98.839	861	10	0	4148681	4149541	1	861	0.0	1535	5306069	861	resfinder~~~blaSHV-46_1~~~AY210887~~~Amoxicillin;Ampicillin;Aztreonam;Cefepime;Cefotaxime;Ceftazidime;Ceftriaxone;Piperacillin;Ticarcillin blaSHV-46	100.0	resfinder
contig_3	resfinder~~~blaSHV-128_1~~~GU932590~~~Amoxicillin;Ampicillin;Aztreonam;Cefepime;Cefotaxime;Ceftazidime;Ceftriaxone;Piperacillin;Ticarcillin	98.839	861	10	0	4148681	4149541	1	861	0.0	1535	5306069	861	resfinder~~~blaSHV-128_1~~~GU932590~~~Amoxicillin;Ampicillin;Aztreonam;Cefepime;Cefotaxime;Ceftazidime;Ceftriaxone;Piperacillin;Ticarcillin blaSHV-128	100.0	resfinder
contig_3	resfinder~~~blaSHV-105_1~~~FJ194944~~~Amoxicillin;Ampicillin;Aztreonam;Cefepime;Cefotaxime;Ceftazidime;Ceftriaxone;Piperacillin;Ticarcillin	98.839	861	10	0	4148681	4149541	1	861	0.0	1535	5306069	861	resfinder~~~blaSHV-105_1~~~FJ194944~~~Amoxicillin;Ampicillin;Aztreonam;Cefepime;Cefotaxime;Ceftazidime;Ceftriaxone;Piperacillin;Ticarcillin blaSHV-105	100.0	resfinder
contig_3	resfinder~~~blaSHV-73_1~~~AM176548~~~Amoxicillin;Ampicillin;Cephalothin;Piperacillin;Ticarcillin	99.062	853	8	0	4148689	4149541	6	858	0.0	1531	5306069	858	resfinder~~~blaSHV-73_1~~~AM176548~~~Amoxicillin;Ampicillin;Cephalothin;Piperacillin;Ticarcillin blaSHV-73	99.41724941724942	resfinder
contig_3	resfinder~~~blaSHV-9_1~~~S82452~~~Amoxicillin;Ampicillin;Aztreonam;Cefepime;Cefotaxime;Ceftazidime;Ceftriaxone;Piperacillin;Ticarcillin	98.026	861	14	1	4148681	4149541	1	858	0.0	1493	5306069	858	resfinder~~~blaSHV-9_1~~~S82452~~~Amoxicillin;Ampicillin;Aztreonam;Cefepime;Cefotaxime;Ceftazidime;Ceftriaxone;Piperacillin;Ticarcillin blaSHV-9	100.34965034965035	resfinder
contig_3	resfinder~~~blaSHV-16_1~~~AF072684~~~Amoxicillin;Ampicillin;Aztreonam;Cefepime;Cefotaxime;Ceftazidime;Ceftriaxone;Piperacillin;Ticarcillin	97.377	877	6	3	4148681	4149541	1	876	0.0	1476	5306069	876	resfinder~~~blaSHV-16_1~~~AF072684~~~Amoxicillin;Ampicillin;Aztreonam;Cefepime;Cefotaxime;Ceftazidime;Ceftriaxone;Piperacillin;Ticarcillin blaSHV-16	100.11415525114155	resfinder
contig_3	resfinder~~~blaSHV-100_1~~~AM941846~~~Amoxicillin;Ampicillin;Aztreonam;Cefepime;Cefotaxime;Ceftazidime;Ceftriaxone;Piperacillin;Ticarcillin	99.481	770	4	0	4148772	4149541	131	900	0.0	1400	5306069	900	resfinder~~~blaSHV-100_1~~~AM941846~~~Amoxicillin;Ampicillin;Aztreonam;Cefepime;Cefotaxime;Ceftazidime;Ceftriaxone;Piperacillin;Ticarcillin blaSHV-100	85.55555555555556	resfinder
contig_3	resfinder~~~blaLEN3_1~~~AY130286~~~Amoxicillin;Ampicillin;Cephalothin;Piperacillin;Ticarcillin	91.157	916	79	2	4148627	4149541	1	915	0.0	1242	5306069	915	resfinder~~~blaLEN3_1~~~AY130286~~~Amoxicillin;Ampicillin;Cephalothin;Piperacillin;Ticarcillin blaLEN3	100.10928961748634	resfinder
contig_3	resfinder~~~blaLEN4_1~~~AY130287~~~Amoxicillin;Ampicillin;Cephalothin;Piperacillin;Ticarcillin	91.415	862	72	2	4148681	4149541	1	861	0.0	1181	5306069	861	resfinder~~~blaLEN4_1~~~AY130287~~~Amoxicillin;Ampicillin;Cephalothin;Piperacillin;Ticarcillin blaLEN4	100.11614401858304	resfinder
contig_3	resfinder~~~blaLEN2_1~~~AY037780~~~Amoxicillin;Ampicillin;Cephalothin;Piperacillin;Ticarcillin	91.299	862	73	2	4148681	4149541	1	861	0.0	1175	5306069	861	resfinder~~~blaLEN2_1~~~AY037780~~~Amoxicillin;Ampicillin;Cephalothin;Piperacillin;Ticarcillin blaLEN2	100.11614401858304	resfinder
contig_3	resfinder~~~blaLEN22_1~~~AM850912~~~Amoxicillin;Ampicillin;Cephalothin;Piperacillin;Ticarcillin	91.299	862	73	2	4148681	4149541	1	861	0.0	1175	5306069	861	resfinder~~~blaLEN22_1~~~AM850912~~~Amoxicillin;Ampicillin;Cephalothin;Piperacillin;Ticarcillin blaLEN22	100.11614401858304	resfinder
contig_3	resfinder~~~blaLEN19_1~~~AM850909~~~Amoxicillin;Ampicillin;Cephalothin;Piperacillin;Ticarcillin	91.299	862	73	2	4148681	4149541	1	861	0.0	1175	5306069	861	resfinder~~~blaLEN19_1~~~AM850909~~~Amoxicillin;Ampicillin;Cephalothin;Piperacillin;Ticarcillin blaLEN19	100.11614401858304	resfinder
contig_3	resfinder~~~blaLEN12_1~~~AJ635406~~~Amoxicillin;Ampicillin;Cephalothin;Piperacillin;Ticarcillin	91.299	862	73	2	4148681	4149541	1	861	0.0	1175	5306069	861	resfinder~~~blaLEN12_1~~~AJ635406~~~Amoxicillin;Ampicillin;Cephalothin;Piperacillin;Ticarcillin blaLEN12	100.11614401858304	resfinder
contig_3	resfinder~~~blaLEN5_1~~~AY633109~~~Amoxicillin;Ampicillin;Cephalothin;Piperacillin;Ticarcillin	91.183	862	74	2	4148681	4149541	1	861	0.0	1170	5306069	861	resfinder~~~blaLEN5_1~~~AY633109~~~Amoxicillin;Ampicillin;Cephalothin;Piperacillin;Ticarcillin blaLEN5	100.11614401858304	resfinder
contig_3	resfinder~~~blaLEN21_1~~~AM850911~~~Amoxicillin;Ampicillin;Cephalothin;Piperacillin;Ticarcillin	91.183	862	74	2	4148681	4149541	1	861	0.0	1170	5306069	861	resfinder~~~blaLEN21_1~~~AM850911~~~Amoxicillin;Ampicillin;Cephalothin;Piperacillin;Ticarcillin blaLEN21	100.11614401858304	resfinder
contig_3	resfinder~~~blaLEN20_1~~~AM850910~~~Amoxicillin;Ampicillin;Cephalothin;Piperacillin;Ticarcillin	91.183	862	74	2	4148681	4149541	1	861	0.0	1170	5306069	861	resfinder~~~blaLEN20_1~~~AM850910~~~Amoxicillin;Ampicillin;Cephalothin;Piperacillin;Ticarcillin blaLEN20	100.11614401858304	resfinder
contig_3	resfinder~~~blaLEN17_1~~~EF205593~~~Amoxicillin;Ampicillin;Cephalothin;Piperacillin;Ticarcillin	91.183	862	74	2	4148681	4149541	1	861	0.0	1170	5306069	861	resfinder~~~blaLEN17_1~~~EF205593~~~Amoxicillin;Ampicillin;Cephalothin;Piperacillin;Ticarcillin blaLEN17	100.11614401858304	resfinder
contig_3	resfinder~~~blaLEN9_1~~~AJ635405~~~Amoxicillin;Ampicillin;Cephalothin;Piperacillin;Ticarcillin	91.067	862	75	2	4148681	4149541	1	861	0.0	1164	5306069	861	resfinder~~~blaLEN9_1~~~AJ635405~~~Amoxicillin;Ampicillin;Cephalothin;Piperacillin;Ticarcillin blaLEN9	100.11614401858304	resfinder
contig_3	resfinder~~~blaLEN7_1~~~AJ635425~~~Amoxicillin;Ampicillin;Cephalothin;Piperacillin;Ticarcillin	91.067	862	75	2	4148681	4149541	1	861	0.0	1164	5306069	861	resfinder~~~blaLEN7_1~~~AJ635425~~~Amoxicillin;Ampicillin;Cephalothin;Piperacillin;Ticarcillin blaLEN7	100.11614401858304	resfinder
contig_3	resfinder~~~blaLEN24_1~~~AM850914~~~Amoxicillin;Ampicillin;Cephalothin;Piperacillin;Ticarcillin	91.067	862	75	2	4148681	4149541	1	861	0.0	1164	5306069	861	resfinder~~~blaLEN24_1~~~AM850914~~~Amoxicillin;Ampicillin;Cephalothin;Piperacillin;Ticarcillin blaLEN24	100.11614401858304	resfinder
contig_3	resfinder~~~blaLEN18_1~~~AM850908~~~Amoxicillin;Ampicillin;Cephalothin;Piperacillin;Ticarcillin	91.067	862	75	2	4148681	4149541	1	861	0.0	1164	5306069	861	resfinder~~~blaLEN18_1~~~AM850908~~~Amoxicillin;Ampicillin;Cephalothin;Piperacillin;Ticarcillin blaLEN18	100.11614401858304	resfinder
contig_3	resfinder~~~blaLEN16_1~~~AY743416~~~Amoxicillin;Ampicillin;Cephalothin;Piperacillin;Ticarcillin	91.067	862	75	2	4148681	4149541	1	861	0.0	1164	5306069	861	resfinder~~~blaLEN16_1~~~AY743416~~~Amoxicillin;Ampicillin;Cephalothin;Piperacillin;Ticarcillin blaLEN16	100.11614401858304	resfinder
contig_3	resfinder~~~blaLEN13_1~~~AJ635403~~~Amoxicillin;Ampicillin;Cephalothin;Piperacillin;Ticarcillin	91.067	862	75	2	4148681	4149541	1	861	0.0	1164	5306069	861	resfinder~~~blaLEN13_1~~~AJ635403~~~Amoxicillin;Ampicillin;Cephalothin;Piperacillin;Ticarcillin blaLEN13	100.11614401858304	resfinder
contig_3	resfinder~~~blaLEN10_1~~~AJ635419~~~Amoxicillin;Ampicillin;Cephalothin;Piperacillin;Ticarcillin	90.951	862	76	2	4148681	4149541	1	861	0.0	1158	5306069	861	resfinder~~~blaLEN10_1~~~AJ635419~~~Amoxicillin;Ampicillin;Cephalothin;Piperacillin;Ticarcillin blaLEN10	100.11614401858304	resfinder
contig_3	resfinder~~~blaLEN25_1~~~HQ709169~~~Amoxicillin;Ampicillin;Cephalothin;Piperacillin;Ticarcillin	90.835	862	77	2	4148681	4149541	1	861	0.0	1153	5306069	861	resfinder~~~blaLEN25_1~~~HQ709169~~~Amoxicillin;Ampicillin;Cephalothin;Piperacillin;Ticarcillin blaLEN25	100.11614401858304	resfinder
contig_3	resfinder~~~blaLEN23_1~~~AM850913~~~Amoxicillin;Ampicillin;Cephalothin;Piperacillin;Ticarcillin	90.835	862	77	2	4148681	4149541	1	861	0.0	1153	5306069	861	resfinder~~~blaLEN23_1~~~AM850913~~~Amoxicillin;Ampicillin;Cephalothin;Piperacillin;Ticarcillin blaLEN23	100.11614401858304	resfinder
contig_3	resfinder~~~blaLEN8_1~~~AJ635424~~~Amoxicillin;Ampicillin;Cephalothin;Piperacillin;Ticarcillin	90.719	862	78	2	4148681	4149541	1	861	0.0	1147	5306069	861	resfinder~~~blaLEN8_1~~~AJ635424~~~Amoxicillin;Ampicillin;Cephalothin;Piperacillin;Ticarcillin blaLEN8	100.11614401858304	resfinder
contig_3	resfinder~~~blaLEN26_1~~~JQ067123~~~Amoxicillin;Ampicillin;Cephalothin;Piperacillin;Ticarcillin	90.719	862	78	2	4148681	4149541	1	861	0.0	1147	5306069	861	resfinder~~~blaLEN26_1~~~JQ067123~~~Amoxicillin;Ampicillin;Cephalothin;Piperacillin;Ticarcillin blaLEN26	100.11614401858304	resfinder
contig_3	resfinder~~~blaLEN15_1~~~AF452105~~~Amoxicillin;Ampicillin;Cephalothin;Piperacillin;Ticarcillin	90.855	842	74	3	4148681	4149521	1	840	0.0	1125	5306069	840	resfinder~~~blaLEN15_1~~~AF452105~~~Amoxicillin;Ampicillin;Cephalothin;Piperacillin;Ticarcillin blaLEN15	100.23809523809524	resfinder
contig_3	resfinder~~~blaLEN1_1~~~X04515~~~Amoxicillin;Ampicillin;Cephalothin;Piperacillin;Ticarcillin	90.618	842	76	3	4148681	4149521	1	840	0.0	1114	5306069	840	resfinder~~~blaLEN1_1~~~X04515~~~Amoxicillin;Ampicillin;Cephalothin;Piperacillin;Ticarcillin blaLEN1	100.23809523809524	resfinder
contig_3	resfinder~~~fosA6_1~~~KU254579~~~Fosfomycin	98.81	420	5	0	684595	685014	420	1	0.0	749	5306069	420	resfinder~~~fosA6_1~~~KU254579~~~Fosfomycin fosA6	100.0	resfinder
contig_3	resfinder~~~fosA_3~~~ACWO01000079~~~Fosfomycin	99.272	412	3	0	684603	685014	412	1	0.0	745	5306069	420	resfinder~~~fosA_3~~~ACWO01000079~~~Fosfomycin fosA	98.0952380952381	resfinder
contig_3	resfinder~~~fosA5_1~~~EU195449~~~Fosfomycin	98.544	412	6	0	684603	685014	412	1	0.0	728	5306069	420	resfinder~~~fosA5_1~~~EU195449~~~Fosfomycin fosA5	98.0952380952381	resfinder
contig_3	resfinder~~~fosA_5~~~AFBO01000747~~~Fosfomycin	97.143	420	12	0	684595	685014	420	1	0.0	710	5306069	420	resfinder~~~fosA_5~~~AFBO01000747~~~Fosfomycin fosA	100.0	resfinder
contig_3	resfinder~~~fosA_6~~~ACZD01000244~~~Fosfomycin	95.714	420	18	0	684595	685014	420	1	0.0	676	5306069	420	resfinder~~~fosA_6~~~ACZD01000244~~~Fosfomycin fosA	100.0	resfinder
contig_4	resfinder~~~blaSHV-12_1~~~KF976405~~~Amoxicillin;Ampicillin;Aztreonam;Cefepime;Cefotaxime;Ceftazidime;Ceftriaxone;Piperacillin;Ticarcillin	100.0	861	0	0	121966	122826	1	861	0.0	1591	125021	861	resfinder~~~blaSHV-12_1~~~KF976405~~~Amoxicillin;Ampicillin;Aztreonam;Cefepime;Cefotaxime;Ceftazidime;Ceftriaxone;Piperacillin;Ticarcillin blaSHV-12	100.0	resfinder
contig_4	resfinder~~~blaSHV-66_1~~~DQ174306~~~Amoxicillin;Ampicillin;Aztreonam;Cefepime;Cefotaxime;Ceftazidime;Ceftriaxone;Piperacillin;Ticarcillin	99.884	861	1	0	121966	122826	1	861	0.0	1585	125021	861	resfinder~~~blaSHV-66_1~~~DQ174306~~~Amoxicillin;Ampicillin;Aztreonam;Cefepime;Cefotaxime;Ceftazidime;Ceftriaxone;Piperacillin;Ticarcillin blaSHV-66	100.0	resfinder
contig_4	resfinder~~~blaSHV-160_1~~~JX121127~~~	99.884	861	1	0	121966	122826	1	861	0.0	1585	125021	861	resfinder~~~blaSHV-160_1~~~JX121127~~~ blaSHV-160	100.0	resfinder
contig_4	resfinder~~~blaSHV-134_1~~~HM559945~~~Amoxicillin;Ampicillin;Aztreonam;Cefepime;Cefotaxime;Ceftazidime;Ceftriaxone;Piperacillin;Ticarcillin	99.884	861	1	0	121966	122826	1	861	0.0	1585	125021	861	resfinder~~~blaSHV-134_1~~~HM559945~~~Amoxicillin;Ampicillin;Aztreonam;Cefepime;Cefotaxime;Ceftazidime;Ceftriaxone;Piperacillin;Ticarcillin blaSHV-134	100.0	resfinder
contig_4	resfinder~~~blaSHV-86_1~~~DQ328802~~~Amoxicillin;Ampicillin;Aztreonam;Cefepime;Cefotaxime;Ceftazidime;Ceftriaxone;Piperacillin;Ticarcillin	99.768	861	2	0	121966	122826	1	861	0.0	1580	125021	861	resfinder~~~blaSHV-86_1~~~DQ328802~~~Amoxicillin;Ampicillin;Aztreonam;Cefepime;Cefotaxime;Ceftazidime;Ceftriaxone;Piperacillin;Ticarcillin blaSHV-86	100.0	resfinder
contig_4	resfinder~~~blaSHV-64_1~~~DQ174304~~~Amoxicillin;Ampicillin;Aztreonam;Cefepime;Cefotaxime;Ceftazidime;Ceftriaxone;Piperacillin;Ticarcillin	99.768	861	2	0	121966	122826	1	861	0.0	1580	125021	861	resfinder~~~blaSHV-64_1~~~DQ174304~~~Amoxicillin;Ampicillin;Aztreonam;Cefepime;Cefotaxime;Ceftazidime;Ceftriaxone;Piperacillin;Ticarcillin blaSHV-64	100.0	resfinder
contig_4	resfinder~~~blaSHV-15_1~~~AJ011428~~~Amoxicillin;Ampicillin;Aztreonam;Cefepime;Cefotaxime;Ceftazidime;Ceftriaxone;Piperacillin;Ticarcillin	99.768	861	2	0	121966	122826	1	861	0.0	1580	125021	861	resfinder~~~blaSHV-15_1~~~AJ011428~~~Amoxicillin;Ampicillin;Aztreonam;Cefepime;Cefotaxime;Ceftazidime;Ceftriaxone;Piperacillin;Ticarcillin blaSHV-15	100.0	resfinder
contig_4	resfinder~~~blaSHV-183_1~~~HG934764~~~	99.653	864	0	1	121966	122826	1	864	0.0	1576	125021	864	resfinder~~~blaSHV-183_1~~~HG934764~~~ blaSHV-183	100.0	resfinder
contig_4	resfinder~~~blaSHV-70_1~~~DQ013287~~~Amoxicillin;Ampicillin;Aztreonam;Cefepime;Cefotaxime;Ceftazidime;Ceftriaxone;Piperacillin;Ticarcillin	99.652	861	3	0	121966	122826	1	861	0.0	1574	125021	861	resfinder~~~blaSHV-70_1~~~DQ013287~~~Amoxicillin;Ampicillin;Aztreonam;Cefepime;Cefotaxime;Ceftazidime;Ceftriaxone;Piperacillin;Ticarcillin blaSHV-70	100.0	resfinder
contig_4	resfinder~~~blaSHV-5_1~~~X55640~~~Amoxicillin;Ampicillin;Aztreonam;Cefepime;Cefotaxime;Ceftazidime;Ceftriaxone;Piperacillin;Ticarcillin	99.652	861	3	0	121966	122826	1	861	0.0	1574	125021	861	resfinder~~~blaSHV-5_1~~~X55640~~~Amoxicillin;Ampicillin;Aztreonam;Cefepime;Cefotaxime;Ceftazidime;Ceftriaxone;Piperacillin;Ticarcillin blaSHV-5	100.0	resfinder
contig_4	resfinder~~~blaSHV-31_1~~~AY277255~~~Amoxicillin;Ampicillin;Aztreonam;Cefepime;Cefotaxime;Ceftazidime;Ceftriaxone;Piperacillin;Ticarcillin	99.652	861	3	0	121966	122826	1	861	0.0	1574	125021	861	resfinder~~~blaSHV-31_1~~~AY277255~~~Amoxicillin;Ampicillin;Aztreonam;Cefepime;Cefotaxime;Ceftazidime;Ceftriaxone;Piperacillin;Ticarcillin blaSHV-31	100.0	resfinder
contig_4	resfinder~~~blaSHV-2a_1~~~X98102~~~Amoxicillin;Ampicillin;Aztreonam;Cefepime;Cefotaxime;Ceftazidime;Ceftriaxone;Piperacillin;Ticarcillin	99.652	861	3	0	121966	122826	1	861	0.0	1574	125021	861	resfinder~~~blaSHV-2a_1~~~X98102~~~Amoxicillin;Ampicillin;Aztreonam;Cefepime;Cefotaxime;Ceftazidime;Ceftriaxone;Piperacillin;Ticarcillin blaSHV-2a	100.0	resfinder
contig_4	resfinder~~~blaSHV-13_1~~~AF164577~~~Amoxicillin;Ampicillin;Aztreonam;Cefepime;Cefotaxime;Ceftazidime;Ceftriaxone;Piperacillin;Ticarcillin	99.652	861	3	0	121966	122826	1	861	0.0	1574	125021	861	resfinder~~~blaSHV-13_1~~~AF164577~~~Amoxicillin;Ampicillin;Aztreonam;Cefepime;Cefotaxime;Ceftazidime;Ceftriaxone;Piperacillin;Ticarcillin blaSHV-13	100.0	resfinder
contig_4	resfinder~~~blaSHV-129_1~~~GU827715~~~Amoxicillin;Ampicillin;Aztreonam;Cefepime;Cefotaxime;Ceftazidime;Ceftriaxone;Piperacillin;Ticarcillin	99.652	861	3	0	121966	122826	1	861	0.0	1574	125021	861	resfinder~~~blaSHV-129_1~~~GU827715~~~Amoxicillin;Ampicillin;Aztreonam;Cefepime;Cefotaxime;Ceftazidime;Ceftriaxone;Piperacillin;Ticarcillin blaSHV-129	100.0	resfinder
contig_4	resfinder~~~blaSHV-11_1~~~X98101~~~Amoxicillin;Ampicillin;Cephalothin;Piperacillin;Ticarcillin	99.652	861	3	0	121966	122826	1	861	0.0	1574	125021	861	resfinder~~~blaSHV-11_1~~~X98101~~~Amoxicillin;Ampicillin;Cephalothin;Piperacillin;Ticarcillin blaSHV-11	100.0	resfinder
contig_4	resfinder~~~blaSHV-61_1~~~AJ866284~~~Amoxicillin;Ampicillin;Cephalothin;Piperacillin;Ticarcillin	99.535	861	4	0	121966	122826	1	861	0.0	1568	125021	861	resfinder~~~blaSHV-61_1~~~AJ866284~~~Amoxicillin;Ampicillin;Cephalothin;Piperacillin;Ticarcillin blaSHV-61	100.0	resfinder
contig_4	resfinder~~~blaSHV-60_1~~~AB302939~~~Amoxicillin;Ampicillin;Cephalothin;Piperacillin;Ticarcillin	99.535	861	4	0	121966	122826	1	861	0.0	1568	125021	861	resfinder~~~blaSHV-60_1~~~AB302939~~~Amoxicillin;Ampicillin;Cephalothin;Piperacillin;Ticarcillin blaSHV-60	100.0	resfinder
contig_4	resfinder~~~blaSHV-2_1~~~AF148851~~~Amoxicillin;Ampicillin;Aztreonam;Cefepime;Cefotaxime;Ceftazidime;Ceftriaxone;Piperacillin;Ticarcillin	99.535	861	4	0	121966	122826	1	861	0.0	1568	125021	861	resfinder~~~blaSHV-2_1~~~AF148851~~~Amoxicillin;Ampicillin;Aztreonam;Cefepime;Cefotaxime;Ceftazidime;Ceftriaxone;Piperacillin;Ticarcillin blaSHV-2	100.0	resfinder
contig_4	resfinder~~~blaSHV-203_1~~~MG028656~~~	99.535	861	4	0	121966	122826	1	861	0.0	1568	125021	861	resfinder~~~blaSHV-203_1~~~MG028656~~~ blaSHV-203	100.0	resfinder
contig_4	resfinder~~~blaSHV-200_1~~~MF871643~~~	99.535	861	4	0	121966	122826	1	861	0.0	1568	125021	861	resfinder~~~blaSHV-200_1~~~MF871643~~~ blaSHV-200	100.0	resfinder
contig_4	resfinder~~~blaSHV-172_1~~~KF513177~~~	99.535	861	4	0	121966	122826	1	861	0.0	1568	125021	861	resfinder~~~blaSHV-172_1~~~KF513177~~~ blaSHV-172	100.0	resfinder
contig_4	resfinder~~~blaSHV-165_1~~~JX121131~~~	99.535	861	4	0	121966	122826	1	861	0.0	1568	125021	861	resfinder~~~blaSHV-165_1~~~JX121131~~~ blaSHV-165	100.0	resfinder
contig_4	resfinder~~~blaSHV-154_1~~~JX121121~~~	99.535	861	4	0	121966	122826	1	861	0.0	1568	125021	861	resfinder~~~blaSHV-154_1~~~JX121121~~~ blaSHV-154	100.0	resfinder
contig_4	resfinder~~~blaSHV-120_1~~~JF812965~~~	99.535	861	4	0	121966	122826	1	861	0.0	1568	125021	861	resfinder~~~blaSHV-120_1~~~JF812965~~~ blaSHV-120	100.0	resfinder
contig_4	resfinder~~~blaSHV-98_1~~~AM941844~~~Amoxicillin;Ampicillin;Aztreonam;Cefepime;Cefotaxime;Ceftazidime;Ceftriaxone;Piperacillin;Ticarcillin	99.419	861	5	0	121966	122826	1	861	0.0	1563	125021	861	resfinder~~~blaSHV-98_1~~~AM941844~~~Amoxicillin;Ampicillin;Aztreonam;Cefepime;Cefotaxime;Ceftazidime;Ceftriaxone;Piperacillin;Ticarcillin blaSHV-98	100.0	resfinder
contig_4	resfinder~~~blaSHV-97_1~~~EF373973~~~	99.419	861	5	0	121966	122826	1	861	0.0	1563	125021	861	resfinder~~~blaSHV-97_1~~~EF373973~~~ blaSHV-97	100.0	resfinder
contig_4	resfinder~~~blaSHV-80_1~~~AM176555~~~Amoxicillin;Ampicillin;Cephalothin;Piperacillin;Ticarcillin	99.419	861	5	0	121966	122826	1	861	0.0	1563	125021	861	resfinder~~~blaSHV-80_1~~~AM176555~~~Amoxicillin;Ampicillin;Cephalothin;Piperacillin;Ticarcillin blaSHV-80	100.0	resfinder
contig_4	resfinder~~~blaSHV-78_1~~~AM176553~~~Amoxicillin;Ampicillin;Cephalothin;Piperacillin;Ticarcillin	99.419	861	5	0	121966	122826	1	861	0.0	1563	125021	861	resfinder~~~blaSHV-78_1~~~AM176553~~~Amoxicillin;Ampicillin;Cephalothin;Piperacillin;Ticarcillin blaSHV-78	100.0	resfinder
contig_4	resfinder~~~blaSHV-77_1~~~EF373975~~~Amoxicillin;Ampicillin;Cephalothin;Piperacillin;Ticarcillin	99.419	861	5	0	121966	122826	1	861	0.0	1563	125021	861	resfinder~~~blaSHV-77_1~~~EF373975~~~Amoxicillin;Ampicillin;Cephalothin;Piperacillin;Ticarcillin blaSHV-77	100.0	resfinder
contig_4	resfinder~~~blaSHV-74_1~~~AM176549~~~Amoxicillin;Ampicillin;Cephalothin;Piperacillin;Ticarcillin	99.419	861	5	0	121966	122826	1	861	0.0	1563	125021	861	resfinder~~~blaSHV-74_1~~~AM176549~~~Amoxicillin;Ampicillin;Cephalothin;Piperacillin;Ticarcillin blaSHV-74	100.0	resfinder
contig_4	resfinder~~~blaSHV-69_1~~~DQ174308~~~	99.419	861	5	0	121966	122826	1	861	0.0	1563	125021	861	resfinder~~~blaSHV-69_1~~~DQ174308~~~ blaSHV-69	100.0	resfinder
contig_4	resfinder~~~blaSHV-67_1~~~DQ174307~~~	99.419	861	5	0	121966	122826	1	861	0.0	1563	125021	861	resfinder~~~blaSHV-67_1~~~DQ174307~~~ blaSHV-67	100.0	resfinder
contig_4	resfinder~~~blaSHV-46_1~~~AY210887~~~Amoxicillin;Ampicillin;Aztreonam;Cefepime;Cefotaxime;Ceftazidime;Ceftriaxone;Piperacillin;Ticarcillin	99.419	861	5	0	121966	122826	1	861	0.0	1563	125021	861	resfinder~~~blaSHV-46_1~~~AY210887~~~Amoxicillin;Ampicillin;Aztreonam;Cefepime;Cefotaxime;Ceftazidime;Ceftriaxone;Piperacillin;Ticarcillin blaSHV-46	100.0	resfinder
contig_4	resfinder~~~blaSHV-45_1~~~AF547625~~~Amoxicillin;Ampicillin;Aztreonam;Cefepime;Cefotaxime;Ceftazidime;Ceftriaxone;Piperacillin;Ticarcillin	99.419	861	5	0	121966	122826	1	861	0.0	1563	125021	861	resfinder~~~blaSHV-45_1~~~AF547625~~~Amoxicillin;Ampicillin;Aztreonam;Cefepime;Cefotaxime;Ceftazidime;Ceftriaxone;Piperacillin;Ticarcillin blaSHV-45	100.0	resfinder
contig_4	resfinder~~~blaSHV-36_1~~~AF467947~~~	99.419	861	5	0	121966	122826	1	861	0.0	1563	125021	861	resfinder~~~blaSHV-36_1~~~AF467947~~~ blaSHV-36	100.0	resfinder
contig_4	resfinder~~~blaSHV-26_1~~~AF227204~~~Amoxicillin;Amoxicillin+Clavulanic_acid;Ampicillin;Ampicillin+Clavulanic_acid;Piperacillin;Piperacillin+Tazobactam;Ticarcillin;Ticarcillin+Clavulanic_acid	99.419	861	5	0	121966	122826	1	861	0.0	1563	125021	861	resfinder~~~blaSHV-26_1~~~AF227204~~~Amoxicillin;Amoxicillin+Clavulanic_acid;Ampicillin;Ampicillin+Clavulanic_acid;Piperacillin;Piperacillin+Tazobactam;Ticarcillin;Ticarcillin+Clavulanic_acid blaSHV-26	100.0	resfinder
contig_4	resfinder~~~blaSHV-25_1~~~AF208796~~~Amoxicillin;Ampicillin;Cephalothin;Piperacillin;Ticarcillin	99.419	861	5	0	121966	122826	1	861	0.0	1563	125021	861	resfinder~~~blaSHV-25_1~~~AF208796~~~Amoxicillin;Ampicillin;Cephalothin;Piperacillin;Ticarcillin blaSHV-25	100.0	resfinder
contig_4	resfinder~~~blaSHV-1_1~~~AF148850~~~Amoxicillin;Ampicillin;Cephalothin;Piperacillin;Ticarcillin	99.419	861	5	0	121966	122826	1	861	0.0	1563	125021	861	resfinder~~~blaSHV-1_1~~~AF148850~~~Amoxicillin;Ampicillin;Cephalothin;Piperacillin;Ticarcillin blaSHV-1	100.0	resfinder
contig_4	resfinder~~~blaSHV-199_1~~~MF373391~~~	99.419	861	5	0	121966	122826	1	861	0.0	1563	125021	861	resfinder~~~blaSHV-199_1~~~MF373391~~~ blaSHV-199	100.0	resfinder
contig_4	resfinder~~~blaSHV-194_1~~~KX421191~~~	99.419	861	5	0	121966	122826	1	861	0.0	1563	125021	861	resfinder~~~blaSHV-194_1~~~KX421191~~~ blaSHV-194	100.0	resfinder
contig_4	resfinder~~~blaSHV-193_1~~~KR347170~~~	99.419	861	5	0	121966	122826	1	861	0.0	1563	125021	861	resfinder~~~blaSHV-193_1~~~KR347170~~~ blaSHV-193	100.0	resfinder
contig_4	resfinder~~~blaSHV-187_1~~~LN515533~~~	99.193	867	7	0	121960	122826	1	867	0.0	1563	125021	867	resfinder~~~blaSHV-187_1~~~LN515533~~~ blaSHV-187	100.0	resfinder
contig_4	resfinder~~~blaSHV-185_1~~~KM233164~~~	99.419	861	5	0	121966	122826	1	861	0.0	1563	125021	861	resfinder~~~blaSHV-185_1~~~KM233164~~~ blaSHV-185	100.0	resfinder
contig_4	resfinder~~~blaSHV-179_1~~~KF705208~~~	99.419	861	5	0	121966	122826	1	861	0.0	1563	125021	861	resfinder~~~blaSHV-179_1~~~KF705208~~~ blaSHV-179	100.0	resfinder
contig_4	resfinder~~~blaSHV-178_1~~~KF705209~~~	99.419	861	5	0	121966	122826	1	861	0.0	1563	125021	861	resfinder~~~blaSHV-178_1~~~KF705209~~~ blaSHV-178	100.0	resfinder
contig_4	resfinder~~~blaSHV-173_1~~~KF513178~~~	99.419	861	5	0	121966	122826	1	861	0.0	1563	125021	861	resfinder~~~blaSHV-173_1~~~KF513178~~~ blaSHV-173	100.0	resfinder
contig_4	resfinder~~~blaSHV-161_1~~~JX121128~~~	99.419	861	5	0	121966	122826	1	861	0.0	1563	125021	861	resfinder~~~blaSHV-161_1~~~JX121128~~~ blaSHV-161	100.0	resfinder
contig_4	resfinder~~~blaSHV-153_1~~~JX121120~~~	99.419	861	5	0	121966	122826	1	861	0.0	1563	125021	861	resfinder~~~blaSHV-153_1~~~JX121120~~~ blaSHV-153	100.0	resfinder
contig_4	resfinder~~~blaSHV-152_1~~~JX121119~~~	99.419	861	5	0	121966	122826	1	861	0.0	1563	125021	861	resfinder~~~blaSHV-152_1~~~JX121119~~~ blaSHV-152	100.0	resfinder
contig_4	resfinder~~~blaSHV-145_1~~~JX013655~~~	99.419	861	5	0	121966	122826	1	861	0.0	1563	125021	861	resfinder~~~blaSHV-145_1~~~JX013655~~~ blaSHV-145	100.0	resfinder
contig_4	resfinder~~~blaSHV-142_1~~~JQ029959~~~	99.419	861	5	0	121966	122826	1	861	0.0	1563	125021	861	resfinder~~~blaSHV-142_1~~~JQ029959~~~ blaSHV-142	100.0	resfinder
contig_4	resfinder~~~blaSHV-135_1~~~HQ637576~~~	99.419	861	5	0	121966	122826	1	861	0.0	1563	125021	861	resfinder~~~blaSHV-135_1~~~HQ637576~~~ blaSHV-135	100.0	resfinder
contig_4	resfinder~~~blaSHV-128_1~~~GU932590~~~Amoxicillin;Ampicillin;Aztreonam;Cefepime;Cefotaxime;Ceftazidime;Ceftriaxone;Piperacillin;Ticarcillin	99.419	861	5	0	121966	122826	1	861	0.0	1563	125021	861	resfinder~~~blaSHV-128_1~~~GU932590~~~Amoxicillin;Ampicillin;Aztreonam;Cefepime;Cefotaxime;Ceftazidime;Ceftriaxone;Piperacillin;Ticarcillin blaSHV-128	100.0	resfinder
contig_4	resfinder~~~blaSHV-107_1~~~AM922308~~~Amoxicillin;Amoxicillin+Clavulanic_acid;Ampicillin;Ampicillin+Clavulanic_acid;Piperacillin;Piperacillin+Tazobactam;Ticarcillin;Ticarcillin+Clavulanic_acid	99.419	861	5	0	121966	122826	1	861	0.0	1563	125021	861	resfinder~~~blaSHV-107_1~~~AM922308~~~Amoxicillin;Amoxicillin+Clavulanic_acid;Ampicillin;Ampicillin+Clavulanic_acid;Piperacillin;Piperacillin+Tazobactam;Ticarcillin;Ticarcillin+Clavulanic_acid blaSHV-107	100.0	resfinder
contig_4	resfinder~~~blaSHV-104_1~~~EU274581~~~Amoxicillin;Ampicillin;Aztreonam;Cefepime;Cefotaxime;Ceftazidime;Ceftriaxone;Piperacillin;Ticarcillin	99.419	860	5	0	121967	122826	2	861	0.0	1561	125021	861	resfinder~~~blaSHV-104_1~~~EU274581~~~Amoxicillin;Ampicillin;Aztreonam;Cefepime;Cefotaxime;Ceftazidime;Ceftriaxone;Piperacillin;Ticarcillin blaSHV-104	99.88385598141696	resfinder
contig_4	resfinder~~~blaSHV-155_1~~~JX121122~~~	99.533	856	4	0	121966	122821	1	856	0.0	1559	125021	861	resfinder~~~blaSHV-155_1~~~JX121122~~~ blaSHV-155	99.41927990708479	resfinder
contig_4	resfinder~~~blaSHV-148_1~~~JX121115~~~	99.533	856	4	0	121966	122821	1	856	0.0	1559	125021	861	resfinder~~~blaSHV-148_1~~~JX121115~~~ blaSHV-148	99.41927990708479	resfinder
contig_4	resfinder~~~blaSHV-96_1~~~EF373971~~~	99.303	861	6	0	121966	122826	1	861	0.0	1557	125021	861	resfinder~~~blaSHV-96_1~~~EF373971~~~ blaSHV-96	100.0	resfinder
contig_4	resfinder~~~blaSHV-94_1~~~EF373970~~~	99.303	861	6	0	121966	122826	1	861	0.0	1557	125021	861	resfinder~~~blaSHV-94_1~~~EF373970~~~ blaSHV-94	100.0	resfinder
contig_4	resfinder~~~blaSHV-8_1~~~U92041~~~Amoxicillin;Ampicillin;Aztreonam;Cefepime;Cefotaxime;Ceftazidime;Ceftriaxone;Piperacillin;Ticarcillin	99.303	861	6	0	121966	122826	1	861	0.0	1557	125021	861	resfinder~~~blaSHV-8_1~~~U92041~~~Amoxicillin;Ampicillin;Aztreonam;Cefepime;Cefotaxime;Ceftazidime;Ceftriaxone;Piperacillin;Ticarcillin blaSHV-8	100.0	resfinder
contig_4	resfinder~~~blaSHV-89_1~~~DQ193536~~~Amoxicillin;Ampicillin;Cephalothin;Piperacillin;Ticarcillin	99.303	861	6	0	121966	122826	1	861	0.0	1557	125021	861	resfinder~~~blaSHV-89_1~~~DQ193536~~~Amoxicillin;Ampicillin;Cephalothin;Piperacillin;Ticarcillin blaSHV-89	100.0	resfinder
contig_4	resfinder~~~blaSHV-85_1~~~DQ322460~~~Amoxicillin;Ampicillin;Cephalothin;Piperacillin;Ticarcillin	99.303	861	6	0	121966	122826	1	861	0.0	1557	125021	861	resfinder~~~blaSHV-85_1~~~DQ322460~~~Amoxicillin;Ampicillin;Cephalothin;Piperacillin;Ticarcillin blaSHV-85	100.0	resfinder
contig_4	resfinder~~~blaSHV-82_1~~~AM176557~~~Amoxicillin;Ampicillin;Cephalothin;Piperacillin;Ticarcillin	99.303	861	6	0	121966	122826	1	861	0.0	1557	125021	861	resfinder~~~blaSHV-82_1~~~AM176557~~~Amoxicillin;Ampicillin;Cephalothin;Piperacillin;Ticarcillin blaSHV-82	100.0	resfinder
contig_4	resfinder~~~blaSHV-81_1~~~AM176556~~~Amoxicillin;Ampicillin;Cephalothin;Piperacillin;Ticarcillin	99.303	861	6	0	121966	122826	1	861	0.0	1557	125021	861	resfinder~~~blaSHV-81_1~~~AM176556~~~Amoxicillin;Ampicillin;Cephalothin;Piperacillin;Ticarcillin blaSHV-81	100.0	resfinder
contig_4	resfinder~~~blaSHV-7_1~~~U20270~~~Amoxicillin;Ampicillin;Aztreonam;Cefepime;Cefotaxime;Ceftazidime;Ceftriaxone;Piperacillin;Ticarcillin	99.303	861	6	0	121966	122826	1	861	0.0	1557	125021	861	resfinder~~~blaSHV-7_1~~~U20270~~~Amoxicillin;Ampicillin;Aztreonam;Cefepime;Cefotaxime;Ceftazidime;Ceftriaxone;Piperacillin;Ticarcillin blaSHV-7	100.0	resfinder
contig_4	resfinder~~~blaSHV-79_1~~~AM176554~~~Amoxicillin;Ampicillin;Cephalothin;Piperacillin;Ticarcillin	99.303	861	6	0	121966	122826	1	861	0.0	1557	125021	861	resfinder~~~blaSHV-79_1~~~AM176554~~~Amoxicillin;Ampicillin;Cephalothin;Piperacillin;Ticarcillin blaSHV-79	100.0	resfinder
contig_4	resfinder~~~blaSHV-65_1~~~DQ174305~~~	99.303	861	6	0	121966	122826	1	861	0.0	1557	125021	861	resfinder~~~blaSHV-65_1~~~DQ174305~~~ blaSHV-65	100.0	resfinder
contig_4	resfinder~~~blaSHV-57_1~~~AY223863~~~Amoxicillin;Ampicillin;Aztreonam;Cefepime;Cefotaxime;Ceftazidime;Ceftriaxone;Piperacillin;Ticarcillin	99.303	861	6	0	121966	122826	1	861	0.0	1557	125021	861	resfinder~~~blaSHV-57_1~~~AY223863~~~Amoxicillin;Ampicillin;Aztreonam;Cefepime;Cefotaxime;Ceftazidime;Ceftriaxone;Piperacillin;Ticarcillin blaSHV-57	100.0	resfinder
contig_4	resfinder~~~blaSHV-56_1~~~EU586041~~~Amoxicillin;Amoxicillin+Clavulanic_acid;Ampicillin;Ampicillin+Clavulanic_acid;Piperacillin;Piperacillin+Tazobactam;Ticarcillin;Ticarcillin+Clavulanic_acid	99.303	861	6	0	121966	122826	1	861	0.0	1557	125021	861	resfinder~~~blaSHV-56_1~~~EU586041~~~Amoxicillin;Amoxicillin+Clavulanic_acid;Ampicillin;Ampicillin+Clavulanic_acid;Piperacillin;Piperacillin+Tazobactam;Ticarcillin;Ticarcillin+Clavulanic_acid blaSHV-56	100.0	resfinder
contig_4	resfinder~~~blaSHV-50_1~~~AY288915~~~	99.303	861	6	0	121966	122826	1	861	0.0	1557	125021	861	resfinder~~~blaSHV-50_1~~~AY288915~~~ blaSHV-50	100.0	resfinder
contig_4	resfinder~~~blaSHV-49_1~~~AY528718~~~Amoxicillin;Amoxicillin+Clavulanic_acid;Ampicillin;Ampicillin+Clavulanic_acid;Piperacillin;Piperacillin+Tazobactam;Ticarcillin;Ticarcillin+Clavulanic_acid	99.303	861	6	0	121966	122826	1	861	0.0	1557	125021	861	resfinder~~~blaSHV-49_1~~~AY528718~~~Amoxicillin;Amoxicillin+Clavulanic_acid;Ampicillin;Ampicillin+Clavulanic_acid;Piperacillin;Piperacillin+Tazobactam;Ticarcillin;Ticarcillin+Clavulanic_acid blaSHV-49	100.0	resfinder
contig_4	resfinder~~~blaSHV-40_1~~~AF535128~~~Amoxicillin;Ampicillin;Aztreonam;Cefepime;Cefotaxime;Ceftazidime;Ceftriaxone;Piperacillin;Ticarcillin	99.303	861	6	0	121966	122826	1	861	0.0	1557	125021	861	resfinder~~~blaSHV-40_1~~~AF535128~~~Amoxicillin;Ampicillin;Aztreonam;Cefepime;Cefotaxime;Ceftazidime;Ceftriaxone;Piperacillin;Ticarcillin blaSHV-40	100.0	resfinder
contig_4	resfinder~~~blaSHV-35_1~~~AY070258~~~	99.303	861	6	0	121966	122826	1	861	0.0	1557	125021	861	resfinder~~~blaSHV-35_1~~~AY070258~~~ blaSHV-35	100.0	resfinder
contig_4	resfinder~~~blaSHV-27_1~~~AF293345~~~Amoxicillin;Ampicillin;Aztreonam;Cefepime;Cefotaxime;Ceftazidime;Ceftriaxone;Piperacillin;Ticarcillin	99.303	861	6	0	121966	122826	1	861	0.0	1557	125021	861	resfinder~~~blaSHV-27_1~~~AF293345~~~Amoxicillin;Ampicillin;Aztreonam;Cefepime;Cefotaxime;Ceftazidime;Ceftriaxone;Piperacillin;Ticarcillin blaSHV-27	100.0	resfinder
contig_4	resfinder~~~blaSHV-24_1~~~AB023477~~~Amoxicillin;Ampicillin;Aztreonam;Cefepime;Cefotaxime;Ceftazidime;Ceftriaxone;Piperacillin;Ticarcillin	99.303	861	6	0	121966	122826	1	861	0.0	1557	125021	861	resfinder~~~blaSHV-24_1~~~AB023477~~~Amoxicillin;Ampicillin;Aztreonam;Cefepime;Cefotaxime;Ceftazidime;Ceftriaxone;Piperacillin;Ticarcillin blaSHV-24	100.0	resfinder
contig_4	resfinder~~~blaSHV-186_1~~~KM233165~~~	99.303	861	6	0	121966	122826	1	861	0.0	1557	125021	861	resfinder~~~blaSHV-186_1~~~KM233165~~~ blaSHV-186	100.0	resfinder
contig_4	resfinder~~~blaSHV-182_1~~~KP050489~~~	99.303	861	6	0	121966	122826	1	861	0.0	1557	125021	861	resfinder~~~blaSHV-182_1~~~KP050489~~~ blaSHV-182	100.0	resfinder
contig_4	resfinder~~~blaSHV-180_1~~~KP050487~~~	99.303	861	6	0	121966	122826	1	861	0.0	1557	125021	861	resfinder~~~blaSHV-180_1~~~KP050487~~~ blaSHV-180	100.0	resfinder
contig_4	resfinder~~~blaSHV-159_1~~~JX121126~~~	99.303	861	6	0	121966	122826	1	861	0.0	1557	125021	861	resfinder~~~blaSHV-159_1~~~JX121126~~~ blaSHV-159	100.0	resfinder
contig_4	resfinder~~~blaSHV-158_1~~~JX121125~~~	99.303	861	6	0	121966	122826	1	861	0.0	1557	125021	861	resfinder~~~blaSHV-158_1~~~JX121125~~~ blaSHV-158	100.0	resfinder
contig_4	resfinder~~~blaSHV-156_1~~~JX121123~~~	99.303	861	6	0	121966	122826	1	861	0.0	1557	125021	861	resfinder~~~blaSHV-156_1~~~JX121123~~~ blaSHV-156	100.0	resfinder
contig_4	resfinder~~~blaSHV-150_1~~~JX121117~~~	99.303	861	6	0	121966	122826	1	861	0.0	1557	125021	861	resfinder~~~blaSHV-150_1~~~JX121117~~~ blaSHV-150	100.0	resfinder
contig_4	resfinder~~~blaSHV-147_1~~~JX121114~~~	99.303	861	6	0	121966	122826	1	861	0.0	1557	125021	861	resfinder~~~blaSHV-147_1~~~JX121114~~~ blaSHV-147	100.0	resfinder
contig_4	resfinder~~~blaSHV-144_1~~~JQ926986~~~	99.303	861	6	0	121966	122826	1	861	0.0	1557	125021	861	resfinder~~~blaSHV-144_1~~~JQ926986~~~ blaSHV-144	100.0	resfinder
contig_4	resfinder~~~blaSHV-141_1~~~JQ388884~~~Amoxicillin;Ampicillin;Cephalothin;Piperacillin;Ticarcillin	99.303	861	6	0	121966	122826	1	861	0.0	1557	125021	861	resfinder~~~blaSHV-141_1~~~JQ388884~~~Amoxicillin;Ampicillin;Cephalothin;Piperacillin;Ticarcillin blaSHV-141	100.0	resfinder
contig_4	resfinder~~~blaSHV-133_1~~~AB551737~~~	99.303	861	6	0	121966	122826	1	861	0.0	1557	125021	861	resfinder~~~blaSHV-133_1~~~AB551737~~~ blaSHV-133	100.0	resfinder
contig_4	resfinder~~~blaSHV-121_1~~~GQ428198~~~	99.303	861	6	0	121966	122826	1	861	0.0	1557	125021	861	resfinder~~~blaSHV-121_1~~~GQ428198~~~ blaSHV-121	100.0	resfinder
contig_4	resfinder~~~blaSHV-119_1~~~JX192924~~~	99.303	861	6	0	121966	122826	1	861	0.0	1557	125021	861	resfinder~~~blaSHV-119_1~~~JX192924~~~ blaSHV-119	100.0	resfinder
contig_4	resfinder~~~blaSHV-110_1~~~HQ877615~~~	99.303	861	6	0	121966	122826	1	861	0.0	1557	125021	861	resfinder~~~blaSHV-110_1~~~HQ877615~~~ blaSHV-110	100.0	resfinder
contig_4	resfinder~~~blaSHV-109_1~~~EU418913~~~Amoxicillin;Ampicillin;Cephalothin;Piperacillin;Ticarcillin	99.303	861	6	0	121966	122826	1	861	0.0	1557	125021	861	resfinder~~~blaSHV-109_1~~~EU418913~~~Amoxicillin;Ampicillin;Cephalothin;Piperacillin;Ticarcillin blaSHV-109	100.0	resfinder
contig_4	resfinder~~~blaSHV-103_1~~~EU032604~~~	99.303	861	6	0	121966	122826	1	861	0.0	1557	125021	861	resfinder~~~blaSHV-103_1~~~EU032604~~~ blaSHV-103	100.0	resfinder
contig_4	resfinder~~~blaSHV-95_1~~~EF373972~~~	99.187	861	7	0	121966	122826	1	861	0.0	1552	125021	861	resfinder~~~blaSHV-95_1~~~EF373972~~~ blaSHV-95	100.0	resfinder
contig_4	resfinder~~~blaSHV-93_1~~~EF373969~~~	99.187	861	7	0	121966	122826	1	861	0.0	1552	125021	861	resfinder~~~blaSHV-93_1~~~EF373969~~~ blaSHV-93	100.0	resfinder
contig_4	resfinder~~~blaSHV-75_1~~~AM176550~~~Amoxicillin;Ampicillin;Cephalothin;Piperacillin;Ticarcillin	99.187	861	7	0	121966	122826	1	861	0.0	1552	125021	861	resfinder~~~blaSHV-75_1~~~AM176550~~~Amoxicillin;Ampicillin;Cephalothin;Piperacillin;Ticarcillin blaSHV-75	100.0	resfinder
contig_4	resfinder~~~blaSHV-63_1~~~EU342351~~~	99.187	861	7	0	121966	122826	1	861	0.0	1552	125021	861	resfinder~~~blaSHV-63_1~~~EU342351~~~ blaSHV-63	100.0	resfinder
contig_4	resfinder~~~blaSHV-62_1~~~AJ866285~~~Amoxicillin;Ampicillin;Cephalothin;Piperacillin;Ticarcillin	99.187	861	7	0	121966	122826	1	861	0.0	1552	125021	861	resfinder~~~blaSHV-62_1~~~AJ866285~~~Amoxicillin;Ampicillin;Cephalothin;Piperacillin;Ticarcillin blaSHV-62	100.0	resfinder
contig_4	resfinder~~~blaSHV-55_1~~~DQ054528~~~Amoxicillin;Ampicillin;Aztreonam;Cefepime;Cefotaxime;Ceftazidime;Ceftriaxone;Piperacillin;Ticarcillin	99.187	861	7	0	121966	122826	1	861	0.0	1552	125021	861	resfinder~~~blaSHV-55_1~~~DQ054528~~~Amoxicillin;Ampicillin;Aztreonam;Cefepime;Cefotaxime;Ceftazidime;Ceftriaxone;Piperacillin;Ticarcillin blaSHV-55	100.0	resfinder
contig_4	resfinder~~~blaSHV-48_1~~~AY263404~~~Amoxicillin;Ampicillin;Cephalothin;Piperacillin;Ticarcillin	99.187	861	7	0	121966	122826	1	861	0.0	1552	125021	861	resfinder~~~blaSHV-48_1~~~AY263404~~~Amoxicillin;Ampicillin;Cephalothin;Piperacillin;Ticarcillin blaSHV-48	100.0	resfinder
contig_4	resfinder~~~blaSHV-44_1~~~AY259119~~~Amoxicillin;Ampicillin;Cephalothin;Piperacillin;Ticarcillin	99.187	861	7	0	121966	122826	1	861	0.0	1552	125021	861	resfinder~~~blaSHV-44_1~~~AY259119~~~Amoxicillin;Ampicillin;Cephalothin;Piperacillin;Ticarcillin blaSHV-44	100.0	resfinder
contig_4	resfinder~~~blaSHV-42_1~~~AF535130~~~Amoxicillin;Ampicillin;Aztreonam;Cefepime;Cefotaxime;Ceftazidime;Ceftriaxone;Piperacillin;Ticarcillin	99.187	861	7	0	121966	122826	1	861	0.0	1552	125021	861	resfinder~~~blaSHV-42_1~~~AF535130~~~Amoxicillin;Ampicillin;Aztreonam;Cefepime;Cefotaxime;Ceftazidime;Ceftriaxone;Piperacillin;Ticarcillin blaSHV-42	100.0	resfinder
contig_4	resfinder~~~blaSHV-41_1~~~AF535129~~~Amoxicillin;Ampicillin;Aztreonam;Cefepime;Cefotaxime;Ceftazidime;Ceftriaxone;Piperacillin;Ticarcillin	99.187	861	7	0	121966	122826	1	861	0.0	1552	125021	861	resfinder~~~blaSHV-41_1~~~AF535129~~~Amoxicillin;Ampicillin;Aztreonam;Cefepime;Cefotaxime;Ceftazidime;Ceftriaxone;Piperacillin;Ticarcillin blaSHV-41	100.0	resfinder
contig_4	resfinder~~~blaSHV-3_1~~~KX092356~~~Amoxicillin;Ampicillin;Aztreonam;Cefepime;Cefotaxime;Ceftazidime;Ceftriaxone;Piperacillin;Ticarcillin	99.187	861	7	0	121966	122826	1	861	0.0	1552	125021	861	resfinder~~~blaSHV-3_1~~~KX092356~~~Amoxicillin;Ampicillin;Aztreonam;Cefepime;Cefotaxime;Ceftazidime;Ceftriaxone;Piperacillin;Ticarcillin blaSHV-3	100.0	resfinder
contig_4	resfinder~~~blaSHV-38_1~~~AY079099~~~Amoxicillin;Ampicillin;Aztreonam;Cefepime;Cefotaxime;Ceftazidime;Ceftriaxone;Piperacillin;Ticarcillin	99.187	861	7	0	121966	122826	1	861	0.0	1552	125021	861	resfinder~~~blaSHV-38_1~~~AY079099~~~Amoxicillin;Ampicillin;Aztreonam;Cefepime;Cefotaxime;Ceftazidime;Ceftriaxone;Piperacillin;Ticarcillin blaSHV-38	100.0	resfinder
contig_4	resfinder~~~blaSHV-33_1~~~AY037779~~~Amoxicillin;Ampicillin;Cephalothin;Piperacillin;Ticarcillin	99.187	861	7	0	121966	122826	1	861	0.0	1552	125021	861	resfinder~~~blaSHV-33_1~~~AY037779~~~Amoxicillin;Ampicillin;Cephalothin;Piperacillin;Ticarcillin blaSHV-33	100.0	resfinder
contig_4	resfinder~~~blaSHV-32_1~~~AY037778~~~Amoxicillin;Ampicillin;Cephalothin;Piperacillin;Ticarcillin	99.187	861	7	0	121966	122826	1	861	0.0	1552	125021	861	resfinder~~~blaSHV-32_1~~~AY037778~~~Amoxicillin;Ampicillin;Cephalothin;Piperacillin;Ticarcillin blaSHV-32	100.0	resfinder
contig_4	resfinder~~~blaSHV-30_1~~~AY661885~~~Amoxicillin;Ampicillin;Aztreonam;Cefepime;Cefotaxime;Ceftazidime;Ceftriaxone;Piperacillin;Ticarcillin	99.187	861	7	0	121966	122826	1	861	0.0	1552	125021	861	resfinder~~~blaSHV-30_1~~~AY661885~~~Amoxicillin;Ampicillin;Aztreonam;Cefepime;Cefotaxime;Ceftazidime;Ceftriaxone;Piperacillin;Ticarcillin blaSHV-30	100.0	resfinder
contig_4	resfinder~~~blaSHV-1b-b_1~~~DQ166783~~~Amoxicillin;Ampicillin;Cephalothin;Piperacillin;Ticarcillin	99.187	861	7	0	121966	122826	1	861	0.0	1552	125021	861	resfinder~~~blaSHV-1b-b_1~~~DQ166783~~~Amoxicillin;Ampicillin;Cephalothin;Piperacillin;Ticarcillin blaSHV-1b-b	100.0	resfinder
contig_4	resfinder~~~blaSHV-197_1~~~KT946904~~~	99.187	861	7	0	121966	122826	1	861	0.0	1552	125021	861	resfinder~~~blaSHV-197_1~~~KT946904~~~ blaSHV-197	100.0	resfinder
contig_4	resfinder~~~blaSHV-196_1~~~KX714286~~~	99.187	861	7	0	121966	122826	1	861	0.0	1552	125021	861	resfinder~~~blaSHV-196_1~~~KX714286~~~ blaSHV-196	100.0	resfinder
contig_4	resfinder~~~blaSHV-189_1~~~KP050494~~~	99.187	861	7	0	121966	122826	1	861	0.0	1552	125021	861	resfinder~~~blaSHV-189_1~~~KP050494~~~ blaSHV-189	100.0	resfinder
contig_4	resfinder~~~blaSHV-157_1~~~JX121124~~~	99.187	861	7	0	121966	122826	1	861	0.0	1552	125021	861	resfinder~~~blaSHV-157_1~~~JX121124~~~ blaSHV-157	100.0	resfinder
contig_4	resfinder~~~blaSHV-151_1~~~JX121118~~~	99.187	861	7	0	121966	122826	1	861	0.0	1552	125021	861	resfinder~~~blaSHV-151_1~~~JX121118~~~ blaSHV-151	100.0	resfinder
contig_4	resfinder~~~blaSHV-14_1~~~AF226622~~~Amoxicillin;Ampicillin;Cephalothin;Piperacillin;Ticarcillin	99.187	861	7	0	121966	122826	1	861	0.0	1552	125021	861	resfinder~~~blaSHV-14_1~~~AF226622~~~Amoxicillin;Ampicillin;Cephalothin;Piperacillin;Ticarcillin blaSHV-14	100.0	resfinder
contig_4	resfinder~~~blaSHV-149_1~~~JX121116~~~	99.187	861	7	0	121966	122826	1	861	0.0	1552	125021	861	resfinder~~~blaSHV-149_1~~~JX121116~~~ blaSHV-149	100.0	resfinder
contig_4	resfinder~~~blaSHV-143_1~~~JQ341060~~~	99.187	861	7	0	121966	122826	1	861	0.0	1552	125021	861	resfinder~~~blaSHV-143_1~~~JQ341060~~~ blaSHV-143	100.0	resfinder
contig_4	resfinder~~~blaSHV-132_1~~~GU981741~~~	99.187	861	7	0	121966	122826	1	861	0.0	1552	125021	861	resfinder~~~blaSHV-132_1~~~GU981741~~~ blaSHV-132	100.0	resfinder
contig_4	resfinder~~~blaSHV-111_1~~~AB372881~~~	99.187	861	7	0	121966	122826	1	861	0.0	1552	125021	861	resfinder~~~blaSHV-111_1~~~AB372881~~~ blaSHV-111	100.0	resfinder
contig_4	resfinder~~~blaSHV-108_1~~~AM922309~~~	99.187	861	7	0	121966	122826	1	861	0.0	1552	125021	861	resfinder~~~blaSHV-108_1~~~AM922309~~~ blaSHV-108	100.0	resfinder
contig_4	resfinder~~~blaSHV-105_1~~~FJ194944~~~Amoxicillin;Ampicillin;Aztreonam;Cefepime;Cefotaxime;Ceftazidime;Ceftriaxone;Piperacillin;Ticarcillin	99.187	861	7	0	121966	122826	1	861	0.0	1552	125021	861	resfinder~~~blaSHV-105_1~~~FJ194944~~~Amoxicillin;Ampicillin;Aztreonam;Cefepime;Cefotaxime;Ceftazidime;Ceftriaxone;Piperacillin;Ticarcillin blaSHV-105	100.0	resfinder
contig_4	resfinder~~~blaSHV-102_1~~~EU024485~~~Amoxicillin;Ampicillin;Aztreonam;Cefepime;Cefotaxime;Ceftazidime;Ceftriaxone;Piperacillin;Ticarcillin	99.187	861	7	0	121966	122826	1	861	0.0	1552	125021	861	resfinder~~~blaSHV-102_1~~~EU024485~~~Amoxicillin;Ampicillin;Aztreonam;Cefepime;Cefotaxime;Ceftazidime;Ceftriaxone;Piperacillin;Ticarcillin blaSHV-102	100.0	resfinder
contig_4	resfinder~~~blaSHV-101_1~~~EU155018~~~	99.187	861	7	0	121966	122826	1	861	0.0	1552	125021	861	resfinder~~~blaSHV-101_1~~~EU155018~~~ blaSHV-101	100.0	resfinder
contig_4	resfinder~~~blaSHV-163_1~~~JX121130~~~	99.299	856	6	0	121966	122821	1	856	0.0	1548	125021	861	resfinder~~~blaSHV-163_1~~~JX121130~~~ blaSHV-163	99.41927990708479	resfinder
contig_4	resfinder~~~blaSHV-99_1~~~AM941845~~~Amoxicillin;Ampicillin;Aztreonam;Cefepime;Cefotaxime;Ceftazidime;Ceftriaxone;Piperacillin;Ticarcillin	99.071	861	8	0	121966	122826	1	861	0.0	1546	125021	861	resfinder~~~blaSHV-99_1~~~AM941845~~~Amoxicillin;Ampicillin;Aztreonam;Cefepime;Cefotaxime;Ceftazidime;Ceftriaxone;Piperacillin;Ticarcillin blaSHV-99	100.0	resfinder
contig_4	resfinder~~~blaSHV-76_1~~~AM176551~~~Amoxicillin;Ampicillin;Cephalothin;Piperacillin;Ticarcillin	99.071	861	8	0	121966	122826	1	861	0.0	1546	125021	861	resfinder~~~blaSHV-76_1~~~AM176551~~~Amoxicillin;Ampicillin;Cephalothin;Piperacillin;Ticarcillin blaSHV-76	100.0	resfinder
contig_4	resfinder~~~blaSHV-71_1~~~AM176546~~~Amoxicillin;Ampicillin;Cephalothin;Piperacillin;Ticarcillin	99.071	861	8	0	121966	122826	1	861	0.0	1546	125021	861	resfinder~~~blaSHV-71_1~~~AM176546~~~Amoxicillin;Ampicillin;Cephalothin;Piperacillin;Ticarcillin blaSHV-71	100.0	resfinder
contig_4	resfinder~~~blaSHV-59_1~~~AY790341~~~	99.071	861	8	0	121966	122826	1	861	0.0	1546	125021	861	resfinder~~~blaSHV-59_1~~~AY790341~~~ blaSHV-59	100.0	resfinder
contig_4	resfinder~~~blaSHV-37_1~~~AF467948~~~	99.071	861	8	0	121966	122826	1	861	0.0	1546	125021	861	resfinder~~~blaSHV-37_1~~~AF467948~~~ blaSHV-37	100.0	resfinder
contig_4	resfinder~~~blaSHV-34_1~~~AY036620~~~Amoxicillin;Ampicillin;Aztreonam;Cefepime;Cefotaxime;Ceftazidime;Ceftriaxone;Piperacillin;Ticarcillin	99.071	861	8	0	121966	122826	1	861	0.0	1546	125021	861	resfinder~~~blaSHV-34_1~~~AY036620~~~Amoxicillin;Ampicillin;Aztreonam;Cefepime;Cefotaxime;Ceftazidime;Ceftriaxone;Piperacillin;Ticarcillin blaSHV-34	100.0	resfinder
contig_4	resfinder~~~blaSHV-29_1~~~AF301532~~~	99.071	861	8	0	121966	122826	1	861	0.0	1546	125021	861	resfinder~~~blaSHV-29_1~~~AF301532~~~ blaSHV-29	100.0	resfinder
contig_4	resfinder~~~blaSHV-28_1~~~AF299299~~~	99.071	861	8	0	121966	122826	1	861	0.0	1546	125021	861	resfinder~~~blaSHV-28_1~~~AF299299~~~ blaSHV-28	100.0	resfinder
contig_4	resfinder~~~blaSHV-204_1~~~MH243356~~~	99.071	861	8	0	121966	122826	1	861	0.0	1546	125021	861	resfinder~~~blaSHV-204_1~~~MH243356~~~ blaSHV-204	100.0	resfinder
contig_4	resfinder~~~blaSHV-195_1~~~KX619652~~~	99.071	861	8	0	121966	122826	1	861	0.0	1546	125021	861	resfinder~~~blaSHV-195_1~~~KX619652~~~ blaSHV-195	100.0	resfinder
contig_4	resfinder~~~blaSHV-191_1~~~KP868754~~~	99.071	861	8	0	121966	122826	1	861	0.0	1546	125021	861	resfinder~~~blaSHV-191_1~~~KP868754~~~ blaSHV-191	100.0	resfinder
contig_4	resfinder~~~blaSHV-18_1~~~AF132290~~~Amoxicillin;Ampicillin;Aztreonam;Cefepime;Cefotaxime;Ceftazidime;Ceftriaxone;Piperacillin;Ticarcillin	99.071	861	8	0	121966	122826	1	861	0.0	1546	125021	861	resfinder~~~blaSHV-18_1~~~AF132290~~~Amoxicillin;Ampicillin;Aztreonam;Cefepime;Cefotaxime;Ceftazidime;Ceftriaxone;Piperacillin;Ticarcillin blaSHV-18	100.0	resfinder
contig_4	resfinder~~~blaSHV-164_1~~~HE981194~~~Amoxicillin;Ampicillin;Cephalothin;Piperacillin;Ticarcillin	99.071	861	8	0	121966	122826	1	861	0.0	1546	125021	861	resfinder~~~blaSHV-164_1~~~HE981194~~~Amoxicillin;Ampicillin;Cephalothin;Piperacillin;Ticarcillin blaSHV-164	100.0	resfinder
contig_4	resfinder~~~blaSHV-162_1~~~JX121129~~~	99.071	861	8	0	121966	122826	1	861	0.0	1546	125021	861	resfinder~~~blaSHV-162_1~~~JX121129~~~ blaSHV-162	100.0	resfinder
contig_4	resfinder~~~blaSHV-137_1~~~HQ661363~~~	99.071	861	8	0	121966	122826	1	861	0.0	1546	125021	861	resfinder~~~blaSHV-137_1~~~HQ661363~~~ blaSHV-137	100.0	resfinder
contig_4	resfinder~~~blaSHV-106_1~~~AM922307~~~Amoxicillin;Ampicillin;Aztreonam;Cefepime;Cefotaxime;Ceftazidime;Ceftriaxone;Piperacillin;Ticarcillin	99.071	861	8	0	121966	122826	1	861	0.0	1546	125021	861	resfinder~~~blaSHV-106_1~~~AM922307~~~Amoxicillin;Ampicillin;Aztreonam;Cefepime;Cefotaxime;Ceftazidime;Ceftriaxone;Piperacillin;Ticarcillin blaSHV-106	100.0	resfinder
contig_4	resfinder~~~blaSHV-92_1~~~DQ836922~~~	98.955	861	9	0	121966	122826	1	861	0.0	1541	125021	861	resfinder~~~blaSHV-92_1~~~DQ836922~~~ blaSHV-92	100.0	resfinder
contig_4	resfinder~~~blaSHV-72_1~~~AM176547~~~Amoxicillin;Amoxicillin+Clavulanic_acid;Ampicillin;Ampicillin+Clavulanic_acid;Piperacillin;Piperacillin+Tazobactam;Ticarcillin;Ticarcillin+Clavulanic_acid	98.955	861	9	0	121966	122826	1	861	0.0	1541	125021	861	resfinder~~~blaSHV-72_1~~~AM176547~~~Amoxicillin;Amoxicillin+Clavulanic_acid;Ampicillin;Ampicillin+Clavulanic_acid;Piperacillin;Piperacillin+Tazobactam;Ticarcillin;Ticarcillin+Clavulanic_acid blaSHV-72	100.0	resfinder
contig_4	resfinder~~~blaSHV-51_1~~~AY289548~~~	98.955	861	9	0	121966	122826	1	861	0.0	1541	125021	861	resfinder~~~blaSHV-51_1~~~AY289548~~~ blaSHV-51	100.0	resfinder
contig_4	resfinder~~~blaSHV-198_1~~~MF281086~~~	98.955	861	9	0	121966	122826	1	861	0.0	1541	125021	861	resfinder~~~blaSHV-198_1~~~MF281086~~~ blaSHV-198	100.0	resfinder
contig_4	resfinder~~~blaSHV-168_1~~~JX870080~~~	98.955	861	9	0	121966	122826	1	861	0.0	1541	125021	861	resfinder~~~blaSHV-168_1~~~JX870080~~~ blaSHV-168	100.0	resfinder
contig_4	resfinder~~~blaSHV-52_1~~~HQ845196~~~	98.839	861	10	0	121966	122826	1	861	0.0	1535	125021	861	resfinder~~~blaSHV-52_1~~~HQ845196~~~ blaSHV-52	100.0	resfinder
contig_4	resfinder~~~blaSHV-190_1~~~KP868753~~~	98.839	861	10	0	121966	122826	1	861	0.0	1535	125021	861	resfinder~~~blaSHV-190_1~~~KP868753~~~ blaSHV-190	100.0	resfinder
contig_4	resfinder~~~blaSHV-188_1~~~LN515534~~~	98.511	873	7	1	121960	122826	1	873	0.0	1535	125021	873	resfinder~~~blaSHV-188_1~~~LN515534~~~ blaSHV-188	100.0	resfinder
contig_4	resfinder~~~blaSHV-43_1~~~AY065991~~~Amoxicillin;Ampicillin;Cephalothin;Piperacillin;Ticarcillin	98.722	861	11	0	121966	122826	1	861	0.0	1530	125021	861	resfinder~~~blaSHV-43_1~~~AY065991~~~Amoxicillin;Ampicillin;Cephalothin;Piperacillin;Ticarcillin blaSHV-43	100.0	resfinder
contig_4	resfinder~~~blaSHV-73_1~~~AM176548~~~Amoxicillin;Ampicillin;Cephalothin;Piperacillin;Ticarcillin	98.945	853	9	0	121974	122826	6	858	0.0	1526	125021	858	resfinder~~~blaSHV-73_1~~~AM176548~~~Amoxicillin;Ampicillin;Cephalothin;Piperacillin;Ticarcillin blaSHV-73	99.41724941724942	resfinder
contig_4	resfinder~~~blaSHV-9_1~~~S82452~~~Amoxicillin;Ampicillin;Aztreonam;Cefepime;Cefotaxime;Ceftazidime;Ceftriaxone;Piperacillin;Ticarcillin	98.606	861	9	1	121966	122826	1	858	0.0	1520	125021	858	resfinder~~~blaSHV-9_1~~~S82452~~~Amoxicillin;Ampicillin;Aztreonam;Cefepime;Cefotaxime;Ceftazidime;Ceftriaxone;Piperacillin;Ticarcillin blaSHV-9	100.34965034965035	resfinder
contig_4	resfinder~~~blaSHV-16_1~~~AF072684~~~Amoxicillin;Ampicillin;Aztreonam;Cefepime;Cefotaxime;Ceftazidime;Ceftriaxone;Piperacillin;Ticarcillin	97.491	877	5	3	121966	122826	1	876	0.0	1482	125021	876	resfinder~~~blaSHV-16_1~~~AF072684~~~Amoxicillin;Ampicillin;Aztreonam;Cefepime;Cefotaxime;Ceftazidime;Ceftriaxone;Piperacillin;Ticarcillin blaSHV-16	100.11415525114155	resfinder
contig_4	resfinder~~~blaSHV-100_1~~~AM941846~~~Amoxicillin;Ampicillin;Aztreonam;Cefepime;Cefotaxime;Ceftazidime;Ceftriaxone;Piperacillin;Ticarcillin	99.091	770	7	0	122057	122826	131	900	0.0	1384	125021	900	resfinder~~~blaSHV-100_1~~~AM941846~~~Amoxicillin;Ampicillin;Aztreonam;Cefepime;Cefotaxime;Ceftazidime;Ceftriaxone;Piperacillin;Ticarcillin blaSHV-100	85.55555555555556	resfinder
contig_4	resfinder~~~blaLEN3_1~~~AY130286~~~Amoxicillin;Ampicillin;Cephalothin;Piperacillin;Ticarcillin	90.721	916	83	2	121912	122826	1	915	0.0	1219	125021	915	resfinder~~~blaLEN3_1~~~AY130286~~~Amoxicillin;Ampicillin;Cephalothin;Piperacillin;Ticarcillin blaLEN3	100.10928961748634	resfinder
contig_4	resfinder~~~blaLEN4_1~~~AY130287~~~Amoxicillin;Ampicillin;Cephalothin;Piperacillin;Ticarcillin	91.067	862	75	2	121966	122826	1	861	0.0	1164	125021	861	resfinder~~~blaLEN4_1~~~AY130287~~~Amoxicillin;Ampicillin;Cephalothin;Piperacillin;Ticarcillin blaLEN4	100.11614401858304	resfinder
contig_4	resfinder~~~blaLEN17_1~~~EF205593~~~Amoxicillin;Ampicillin;Cephalothin;Piperacillin;Ticarcillin	91.067	862	75	2	121966	122826	1	861	0.0	1164	125021	861	resfinder~~~blaLEN17_1~~~EF205593~~~Amoxicillin;Ampicillin;Cephalothin;Piperacillin;Ticarcillin blaLEN17	100.11614401858304	resfinder
contig_4	resfinder~~~blaLEN2_1~~~AY037780~~~Amoxicillin;Ampicillin;Cephalothin;Piperacillin;Ticarcillin	90.951	862	76	2	121966	122826	1	861	0.0	1158	125021	861	resfinder~~~blaLEN2_1~~~AY037780~~~Amoxicillin;Ampicillin;Cephalothin;Piperacillin;Ticarcillin blaLEN2	100.11614401858304	resfinder
contig_4	resfinder~~~blaLEN22_1~~~AM850912~~~Amoxicillin;Ampicillin;Cephalothin;Piperacillin;Ticarcillin	90.951	862	76	2	121966	122826	1	861	0.0	1158	125021	861	resfinder~~~blaLEN22_1~~~AM850912~~~Amoxicillin;Ampicillin;Cephalothin;Piperacillin;Ticarcillin blaLEN22	100.11614401858304	resfinder
contig_4	resfinder~~~blaLEN19_1~~~AM850909~~~Amoxicillin;Ampicillin;Cephalothin;Piperacillin;Ticarcillin	90.951	862	76	2	121966	122826	1	861	0.0	1158	125021	861	resfinder~~~blaLEN19_1~~~AM850909~~~Amoxicillin;Ampicillin;Cephalothin;Piperacillin;Ticarcillin blaLEN19	100.11614401858304	resfinder
contig_4	resfinder~~~blaLEN12_1~~~AJ635406~~~Amoxicillin;Ampicillin;Cephalothin;Piperacillin;Ticarcillin	90.951	862	76	2	121966	122826	1	861	0.0	1158	125021	861	resfinder~~~blaLEN12_1~~~AJ635406~~~Amoxicillin;Ampicillin;Cephalothin;Piperacillin;Ticarcillin blaLEN12	100.11614401858304	resfinder
contig_4	resfinder~~~blaLEN5_1~~~AY633109~~~Amoxicillin;Ampicillin;Cephalothin;Piperacillin;Ticarcillin	90.835	862	77	2	121966	122826	1	861	0.0	1153	125021	861	resfinder~~~blaLEN5_1~~~AY633109~~~Amoxicillin;Ampicillin;Cephalothin;Piperacillin;Ticarcillin blaLEN5	100.11614401858304	resfinder
contig_4	resfinder~~~blaLEN21_1~~~AM850911~~~Amoxicillin;Ampicillin;Cephalothin;Piperacillin;Ticarcillin	90.835	862	77	2	121966	122826	1	861	0.0	1153	125021	861	resfinder~~~blaLEN21_1~~~AM850911~~~Amoxicillin;Ampicillin;Cephalothin;Piperacillin;Ticarcillin blaLEN21	100.11614401858304	resfinder
contig_4	resfinder~~~blaLEN20_1~~~AM850910~~~Amoxicillin;Ampicillin;Cephalothin;Piperacillin;Ticarcillin	90.835	862	77	2	121966	122826	1	861	0.0	1153	125021	861	resfinder~~~blaLEN20_1~~~AM850910~~~Amoxicillin;Ampicillin;Cephalothin;Piperacillin;Ticarcillin blaLEN20	100.11614401858304	resfinder
contig_4	resfinder~~~blaLEN9_1~~~AJ635405~~~Amoxicillin;Ampicillin;Cephalothin;Piperacillin;Ticarcillin	90.719	862	78	2	121966	122826	1	861	0.0	1147	125021	861	resfinder~~~blaLEN9_1~~~AJ635405~~~Amoxicillin;Ampicillin;Cephalothin;Piperacillin;Ticarcillin blaLEN9	100.11614401858304	resfinder
contig_4	resfinder~~~blaLEN7_1~~~AJ635425~~~Amoxicillin;Ampicillin;Cephalothin;Piperacillin;Ticarcillin	90.719	862	78	2	121966	122826	1	861	0.0	1147	125021	861	resfinder~~~blaLEN7_1~~~AJ635425~~~Amoxicillin;Ampicillin;Cephalothin;Piperacillin;Ticarcillin blaLEN7	100.11614401858304	resfinder
contig_4	resfinder~~~blaLEN24_1~~~AM850914~~~Amoxicillin;Ampicillin;Cephalothin;Piperacillin;Ticarcillin	90.719	862	78	2	121966	122826	1	861	0.0	1147	125021	861	resfinder~~~blaLEN24_1~~~AM850914~~~Amoxicillin;Ampicillin;Cephalothin;Piperacillin;Ticarcillin blaLEN24	100.11614401858304	resfinder
contig_4	resfinder~~~blaLEN18_1~~~AM850908~~~Amoxicillin;Ampicillin;Cephalothin;Piperacillin;Ticarcillin	90.719	862	78	2	121966	122826	1	861	0.0	1147	125021	861	resfinder~~~blaLEN18_1~~~AM850908~~~Amoxicillin;Ampicillin;Cephalothin;Piperacillin;Ticarcillin blaLEN18	100.11614401858304	resfinder
contig_4	resfinder~~~blaLEN16_1~~~AY743416~~~Amoxicillin;Ampicillin;Cephalothin;Piperacillin;Ticarcillin	90.719	862	78	2	121966	122826	1	861	0.0	1147	125021	861	resfinder~~~blaLEN16_1~~~AY743416~~~Amoxicillin;Ampicillin;Cephalothin;Piperacillin;Ticarcillin blaLEN16	100.11614401858304	resfinder
contig_4	resfinder~~~blaLEN13_1~~~AJ635403~~~Amoxicillin;Ampicillin;Cephalothin;Piperacillin;Ticarcillin	90.719	862	78	2	121966	122826	1	861	0.0	1147	125021	861	resfinder~~~blaLEN13_1~~~AJ635403~~~Amoxicillin;Ampicillin;Cephalothin;Piperacillin;Ticarcillin blaLEN13	100.11614401858304	resfinder
contig_4	resfinder~~~blaLEN26_1~~~JQ067123~~~Amoxicillin;Ampicillin;Cephalothin;Piperacillin;Ticarcillin	90.603	862	79	2	121966	122826	1	861	0.0	1142	125021	861	resfinder~~~blaLEN26_1~~~JQ067123~~~Amoxicillin;Ampicillin;Cephalothin;Piperacillin;Ticarcillin blaLEN26	100.11614401858304	resfinder
contig_4	resfinder~~~blaLEN10_1~~~AJ635419~~~Amoxicillin;Ampicillin;Cephalothin;Piperacillin;Ticarcillin	90.603	862	79	2	121966	122826	1	861	0.0	1142	125021	861	resfinder~~~blaLEN10_1~~~AJ635419~~~Amoxicillin;Ampicillin;Cephalothin;Piperacillin;Ticarcillin blaLEN10	100.11614401858304	resfinder
contig_4	resfinder~~~blaLEN25_1~~~HQ709169~~~Amoxicillin;Ampicillin;Cephalothin;Piperacillin;Ticarcillin	90.487	862	80	2	121966	122826	1	861	0.0	1136	125021	861	resfinder~~~blaLEN25_1~~~HQ709169~~~Amoxicillin;Ampicillin;Cephalothin;Piperacillin;Ticarcillin blaLEN25	100.11614401858304	resfinder
contig_4	resfinder~~~blaLEN23_1~~~AM850913~~~Amoxicillin;Ampicillin;Cephalothin;Piperacillin;Ticarcillin	90.487	862	80	2	121966	122826	1	861	0.0	1136	125021	861	resfinder~~~blaLEN23_1~~~AM850913~~~Amoxicillin;Ampicillin;Cephalothin;Piperacillin;Ticarcillin blaLEN23	100.11614401858304	resfinder
contig_4	resfinder~~~blaLEN8_1~~~AJ635424~~~Amoxicillin;Ampicillin;Cephalothin;Piperacillin;Ticarcillin	90.371	862	81	2	121966	122826	1	861	0.0	1131	125021	861	resfinder~~~blaLEN8_1~~~AJ635424~~~Amoxicillin;Ampicillin;Cephalothin;Piperacillin;Ticarcillin blaLEN8	100.11614401858304	resfinder
contig_4	resfinder~~~blaLEN15_1~~~AF452105~~~Amoxicillin;Ampicillin;Cephalothin;Piperacillin;Ticarcillin	90.499	842	77	3	121966	122806	1	840	0.0	1109	125021	840	resfinder~~~blaLEN15_1~~~AF452105~~~Amoxicillin;Ampicillin;Cephalothin;Piperacillin;Ticarcillin blaLEN15	100.23809523809524	resfinder
contig_4	resfinder~~~blaLEN1_1~~~X04515~~~Amoxicillin;Ampicillin;Cephalothin;Piperacillin;Ticarcillin	90.261	842	79	3	121966	122806	1	840	0.0	1098	125021	840	resfinder~~~blaLEN1_1~~~X04515~~~Amoxicillin;Ampicillin;Cephalothin;Piperacillin;Ticarcillin blaLEN1	100.23809523809524	resfinder
contig_7	resfinder~~~CmlA7_1~~~JQ639792~~~Chloramphenicol	99.772	1314	3	0	26049	27362	1	1314	0.0	2410	41154	1314	resfinder~~~CmlA7_1~~~JQ639792~~~Chloramphenicol CmlA7	100.0	resfinder
contig_7	resfinder~~~cmlA1_1~~~M64556~~~Chloramphenicol	99.921	1260	1	0	26103	27362	1	1260	0.0	2322	41154	1260	resfinder~~~cmlA1_1~~~M64556~~~Chloramphenicol cmlA1	100.0	resfinder
contig_7	resfinder~~~CmlA6_1~~~NG_047655~~~Chloramphenicol	99.841	1260	2	0	26103	27362	1	1260	0.0	2316	41154	1260	resfinder~~~CmlA6_1~~~NG_047655~~~Chloramphenicol CmlA6	100.0	resfinder
contig_7	resfinder~~~CmlA5_1~~~NG_047653~~~Chloramphenicol	99.683	1260	4	0	26103	27362	1	1260	0.0	2305	41154	1260	resfinder~~~CmlA5_1~~~NG_047653~~~Chloramphenicol CmlA5	100.0	resfinder
contig_7	resfinder~~~cmlA1_2~~~AB212941~~~Chloramphenicol	99.048	1260	12	0	26103	27362	1	1260	0.0	2261	41154	1260	resfinder~~~cmlA1_2~~~AB212941~~~Chloramphenicol cmlA1	100.0	resfinder
contig_7	resfinder~~~CmlA10_1~~~AJ867810~~~Chloramphenicol	98.175	1260	23	0	26103	27362	1	1260	0.0	2200	41154	1260	resfinder~~~CmlA10_1~~~AJ867810~~~Chloramphenicol CmlA10	100.0	resfinder
contig_7	resfinder~~~CmlA4_1~~~NG_047651~~~Chloramphenicol	97.857	1260	24	3	26103	27362	1	1257	0.0	2174	41154	1257	resfinder~~~CmlA4_1~~~NG_047651~~~Chloramphenicol CmlA4	100.23866348448688	resfinder
contig_7	resfinder~~~CmlA8_1~~~NG_051879~~~Chloramphenicol	96.032	1260	50	0	26103	27362	1	1260	0.0	2050	41154	1260	resfinder~~~CmlA8_1~~~NG_051879~~~Chloramphenicol CmlA8	100.0	resfinder
contig_7	resfinder~~~aph(4)-Ia_1~~~V01499~~~Hygromycin	100.0	1026	0	0	34615	35640	1	1026	0.0	1895	41154	1026	resfinder~~~aph(4)-Ia_1~~~V01499~~~Hygromycin aph(4)-Ia	100.0	resfinder
contig_7	resfinder~~~cml_1~~~M22614~~~Chloramphenicol	96.663	929	4	21	26515	27436	1	909	0.0	1519	41154	909	resfinder~~~cml_1~~~M22614~~~Chloramphenicol cml	102.2002200220022	resfinder
contig_7	resfinder~~~aadA2_1~~~NC_010870~~~Spectinomycin;Streptomycin	99.875	802	1	0	25040	25841	18	819	0.0	1476	41154	819	resfinder~~~aadA2_1~~~NC_010870~~~Spectinomycin;Streptomycin aadA2	97.92429792429792	resfinder
contig_7	resfinder~~~ant(3'')-Ia_1~~~X02340~~~Streptomycin	99.751	802	2	0	27445	28246	171	972	0.0	1471	41154	972	resfinder~~~ant(3'')-Ia_1~~~X02340~~~Streptomycin ant(3'')-Ia	82.51028806584362	resfinder
contig_7	resfinder~~~sul3_2~~~AJ459418~~~Sulfamethoxazole	100.0	792	0	0	29928	30719	792	1	0.0	1463	41154	792	resfinder~~~sul3_2~~~AJ459418~~~Sulfamethoxazole sul3	100.0	resfinder
contig_7	resfinder~~~aadA1_3~~~JQ414041~~~Spectinomycin;Streptomycin	100.0	792	0	0	27455	28246	1	792	0.0	1463	41154	792	resfinder~~~aadA1_3~~~JQ414041~~~Spectinomycin;Streptomycin aadA1	100.0	resfinder
contig_7	resfinder~~~aadA2_2~~~JQ364967~~~Spectinomycin;Streptomycin	99.747	792	2	0	25050	25841	1	792	0.0	1452	41154	792	resfinder~~~aadA2_2~~~JQ364967~~~Spectinomycin;Streptomycin aadA2	100.0	resfinder
contig_7	resfinder~~~aadA1_5~~~JX185132~~~Spectinomycin;Streptomycin	99.747	792	2	0	27455	28246	1	792	0.0	1452	41154	792	resfinder~~~aadA1_5~~~JX185132~~~Spectinomycin;Streptomycin aadA1	100.0	resfinder
contig_7	resfinder~~~aac(3)-IVa_1~~~X01385~~~Apramycin;Dibekacin;Gentamicin;Netilmicin;Sisomicin;Tobramycin	99.873	786	0	1	33610	34394	1	786	0.0	1445	41154	786	resfinder~~~aac(3)-IVa_1~~~X01385~~~Apramycin;Dibekacin;Gentamicin;Netilmicin;Sisomicin;Tobramycin aac(3)-IVa	100.0	resfinder
contig_7	resfinder~~~aadA2b_1~~~D43625~~~Spectinomycin;Streptomycin	99.872	780	1	0	25062	25841	1	780	0.0	1435	41154	780	resfinder~~~aadA2b_1~~~D43625~~~Spectinomycin;Streptomycin aadA2b	100.0	resfinder
contig_7	resfinder~~~aadA1b_1~~~M95287~~~Spectinomycin;Streptomycin	99.369	792	5	0	27455	28246	1	792	0.0	1435	41154	792	resfinder~~~aadA1b_1~~~M95287~~~Spectinomycin;Streptomycin aadA1b	100.0	resfinder
contig_7	resfinder~~~aac(3)-IV_1~~~DQ241380~~~Gentamicin;Tobramycin	100.0	777	0	0	33610	34386	1	777	0.0	1435	41154	777	resfinder~~~aac(3)-IV_1~~~DQ241380~~~Gentamicin;Tobramycin aac(3)-IV	100.0	resfinder
contig_7	resfinder~~~aadA1_4~~~JQ480156~~~Spectinomycin;Streptomycin	99.369	792	2	1	27455	28246	1	789	0.0	1432	41154	789	resfinder~~~aadA1_4~~~JQ480156~~~Spectinomycin;Streptomycin aadA1	100.38022813688212	resfinder
contig_7	resfinder~~~aadA3_1~~~AF047479~~~Spectinomycin;Streptomycin	98.987	790	8	0	25050	25839	1	790	0.0	1415	41154	792	resfinder~~~aadA3_1~~~AF047479~~~Spectinomycin;Streptomycin aadA3	99.74747474747475	resfinder
contig_7	resfinder~~~aadA24_1~~~DQ677333~~~Spectinomycin;Streptomycin	98.834	772	9	0	27475	28246	9	780	0.0	1376	41154	780	resfinder~~~aadA24_1~~~DQ677333~~~Spectinomycin;Streptomycin aadA24	98.97435897435898	resfinder
contig_7	resfinder~~~aadA1_2~~~FJ591054~~~Spectinomycin;Streptomycin	97.348	792	21	0	27455	28246	1	792	0.0	1347	41154	792	resfinder~~~aadA1_2~~~FJ591054~~~Spectinomycin;Streptomycin aadA1	100.0	resfinder
contig_7	resfinder~~~aadA22_1~~~AM261837~~~Spectinomycin;Streptomycin	97.222	792	22	0	27455	28246	1	792	0.0	1341	41154	792	resfinder~~~aadA22_1~~~AM261837~~~Spectinomycin;Streptomycin aadA22	100.0	resfinder
contig_7	resfinder~~~aadA21_1~~~AY171244~~~Spectinomycin;Streptomycin	97.096	792	23	0	27455	28246	1	792	0.0	1336	41154	792	resfinder~~~aadA21_1~~~AY171244~~~Spectinomycin;Streptomycin aadA21	100.0	resfinder
contig_7	resfinder~~~aadA8b_1~~~AY139603~~~Spectinomycin;Streptomycin	96.962	790	24	0	25050	25839	1	790	0.0	1327	41154	792	resfinder~~~aadA8b_1~~~AY139603~~~Spectinomycin;Streptomycin aadA8b	99.74747474747475	resfinder
contig_7	resfinder~~~aadA23_1~~~AJ809407~~~Spectinomycin;Streptomycin	97.668	772	18	0	27475	28246	9	780	0.0	1327	41154	780	resfinder~~~aadA23_1~~~AJ809407~~~Spectinomycin;Streptomycin aadA23	98.97435897435898	resfinder
contig_7	resfinder~~~aadA8b_2~~~AM040708~~~Spectinomycin;Streptomycin	96.709	790	26	0	25050	25839	1	790	0.0	1315	41154	792	resfinder~~~aadA8b_2~~~AM040708~~~Spectinomycin;Streptomycin aadA8b	99.74747474747475	resfinder
contig_7	resfinder~~~aadA15_1~~~DQ393783~~~Spectinomycin;Streptomycin	96.709	790	26	0	27455	28244	1	790	0.0	1315	41154	792	resfinder~~~aadA15_1~~~DQ393783~~~Spectinomycin;Streptomycin aadA15	99.74747474747475	resfinder
contig_7	resfinder~~~aadA8_1~~~AF326210~~~Spectinomycin;Streptomycin	96.456	790	28	0	25050	25839	1	790	0.0	1304	41154	792	resfinder~~~aadA8_1~~~AF326210~~~Spectinomycin;Streptomycin aadA8	99.74747474747475	resfinder
contig_7	resfinder~~~aadA17_1~~~FJ460181~~~Spectinomycin;Streptomycin	96.086	792	31	0	25050	25841	1	792	0.0	1291	41154	792	resfinder~~~aadA17_1~~~FJ460181~~~Spectinomycin;Streptomycin aadA17	100.0	resfinder
contig_7	resfinder~~~aadA12_1~~~AY665771~~~Spectinomycin;Streptomycin	95.076	792	39	0	25050	25841	1	792	0.0	1247	41154	792	resfinder~~~aadA12_1~~~AY665771~~~Spectinomycin;Streptomycin aadA12	100.0	resfinder
contig_7	resfinder~~~aadA12_1~~~AY665771~~~Spectinomycin;Streptomycin	94.557	790	43	0	27455	28244	1	790	0.0	1221	41154	792	resfinder~~~aadA12_1~~~AY665771~~~Spectinomycin;Streptomycin aadA12	99.74747474747475	resfinder
contig_7	resfinder~~~aadA17_1~~~FJ460181~~~Spectinomycin;Streptomycin	93.544	790	51	0	27455	28244	1	790	0.0	1177	41154	792	resfinder~~~aadA17_1~~~FJ460181~~~Spectinomycin;Streptomycin aadA17	99.74747474747475	resfinder
contig_7	resfinder~~~aadA24_1~~~AM711129~~~Spectinomycin;Streptomycin	93.445	778	51	0	27467	28244	1	778	0.0	1155	41154	780	resfinder~~~aadA24_1~~~AM711129~~~Spectinomycin;Streptomycin aadA24	99.74358974358974	resfinder
contig_7	resfinder~~~aadA11_2~~~AJ567827~~~Spectinomycin;Streptomycin	93.038	790	55	0	27455	28244	1	790	0.0	1155	41154	792	resfinder~~~aadA11_2~~~AJ567827~~~Spectinomycin;Streptomycin aadA11	99.74747474747475	resfinder
contig_7	resfinder~~~aadA15_1~~~DQ393783~~~Spectinomycin;Streptomycin	92.803	792	57	0	25050	25841	1	792	0.0	1147	41154	792	resfinder~~~aadA15_1~~~DQ393783~~~Spectinomycin;Streptomycin aadA15	100.0	resfinder
contig_7	resfinder~~~aadA8b_1~~~AY139603~~~Spectinomycin;Streptomycin	92.551	792	59	0	27455	28246	1	792	0.0	1136	41154	792	resfinder~~~aadA8b_1~~~AY139603~~~Spectinomycin;Streptomycin aadA8b	100.0	resfinder
contig_7	resfinder~~~aadA8b_2~~~AM040708~~~Spectinomycin;Streptomycin	92.298	792	61	0	27455	28246	1	792	0.0	1125	41154	792	resfinder~~~aadA8b_2~~~AM040708~~~Spectinomycin;Streptomycin aadA8b	100.0	resfinder
contig_7	resfinder~~~aadA8_1~~~AF326210~~~Spectinomycin;Streptomycin	92.045	792	63	0	27455	28246	1	792	0.0	1114	41154	792	resfinder~~~aadA8_1~~~AF326210~~~Spectinomycin;Streptomycin aadA8	100.0	resfinder
contig_7	resfinder~~~aadA11_2~~~AJ567827~~~Spectinomycin;Streptomycin	92.045	792	63	0	25050	25841	1	792	0.0	1114	41154	792	resfinder~~~aadA11_2~~~AJ567827~~~Spectinomycin;Streptomycin aadA11	100.0	resfinder
contig_7	resfinder~~~aadA1_2~~~FJ591054~~~Spectinomycin;Streptomycin	91.899	790	64	0	25050	25839	1	790	0.0	1105	41154	792	resfinder~~~aadA1_2~~~FJ591054~~~Spectinomycin;Streptomycin aadA1	99.74747474747475	resfinder
contig_7	resfinder~~~aadA22_1~~~AM261837~~~Spectinomycin;Streptomycin	92.278	777	60	0	25050	25826	1	777	0.0	1103	41154	792	resfinder~~~aadA22_1~~~AM261837~~~Spectinomycin;Streptomycin aadA22	98.10606060606061	resfinder
contig_7	resfinder~~~aadA21_1~~~AY171244~~~Spectinomycin;Streptomycin	91.646	790	66	0	25050	25839	1	790	0.0	1094	41154	792	resfinder~~~aadA21_1~~~AY171244~~~Spectinomycin;Streptomycin aadA21	99.74747474747475	resfinder
contig_7	resfinder~~~aadA23_1~~~AJ809407~~~Spectinomycin;Streptomycin	91.645	778	65	0	25062	25839	1	778	0.0	1077	41154	780	resfinder~~~aadA23_1~~~AJ809407~~~Spectinomycin;Streptomycin aadA23	99.74358974358974	resfinder
contig_7	resfinder~~~aadA24_1~~~DQ677333~~~Spectinomycin;Streptomycin	91.131	778	69	0	25062	25839	1	778	0.0	1055	41154	780	resfinder~~~aadA24_1~~~DQ677333~~~Spectinomycin;Streptomycin aadA24	99.74358974358974	resfinder
contig_7	resfinder~~~aadA3_1~~~AF047479~~~Spectinomycin;Streptomycin	90.657	792	74	0	27455	28246	1	792	0.0	1053	41154	792	resfinder~~~aadA3_1~~~AF047479~~~Spectinomycin;Streptomycin aadA3	100.0	resfinder
contig_7	resfinder~~~aadA24_1~~~AM711129~~~Spectinomycin;Streptomycin	90.415	772	74	0	25070	25841	9	780	0.0	1016	41154	780	resfinder~~~aadA24_1~~~AM711129~~~Spectinomycin;Streptomycin aadA24	98.97435897435898	resfinder
contig_8	resfinder~~~mph(A)_2~~~U36578~~~Azithromycin;Erythromycin;Spiramycin;Telithromycin	99.675	922	2	1	113816	114737	1	921	0.0	1685	214836	921	resfinder~~~mph(A)_2~~~U36578~~~Azithromycin;Erythromycin;Spiramycin;Telithromycin mph(A)	100.1085776330076	resfinder
contig_8	resfinder~~~mph(A)_1~~~D16251~~~Azithromycin;Erythromycin;Spiramycin;Telithromycin	100.0	906	0	0	113816	114721	906	1	0.0	1674	214836	906	resfinder~~~mph(A)_1~~~D16251~~~Azithromycin;Erythromycin;Spiramycin;Telithromycin mph(A)	100.0	resfinder
contig_8	resfinder~~~sul1_5~~~EU780013~~~Sulfamethoxazole	99.885	867	1	0	121359	122225	867	1	0.0	1596	214836	867	resfinder~~~sul1_5~~~EU780013~~~Sulfamethoxazole sul1	100.0	resfinder
contig_8	resfinder~~~sul1_2~~~U12338~~~Sulfamethoxazole	100.0	840	0	0	121359	122198	840	1	0.0	1552	214836	840	resfinder~~~sul1_2~~~U12338~~~Sulfamethoxazole sul1	100.0	resfinder
contig_8	resfinder~~~sul1_9~~~AY963803~~~Sulfamethoxazole	99.881	841	1	0	121359	122199	852	12	0.0	1548	214836	852	resfinder~~~sul1_9~~~AY963803~~~Sulfamethoxazole sul1	98.70892018779342	resfinder
contig_8	resfinder~~~sul1_36~~~X15024~~~Sulfamethoxazole	99.881	840	1	0	121359	122198	840	1	0.0	1546	214836	840	resfinder~~~sul1_36~~~X15024~~~Sulfamethoxazole sul1	100.0	resfinder
contig_8	resfinder~~~sul1_33~~~AJ564903~~~Sulfamethoxazole	99.881	840	1	0	121359	122198	840	1	0.0	1546	214836	840	resfinder~~~sul1_33~~~AJ564903~~~Sulfamethoxazole sul1	100.0	resfinder
contig_8	resfinder~~~sul1_31~~~AM040449~~~Sulfamethoxazole	99.881	840	1	0	121359	122198	840	1	0.0	1546	214836	840	resfinder~~~sul1_31~~~AM040449~~~Sulfamethoxazole sul1	100.0	resfinder
contig_8	resfinder~~~sul1_30~~~JF262178~~~Sulfamethoxazole	99.881	840	1	0	121359	122198	840	1	0.0	1546	214836	840	resfinder~~~sul1_30~~~JF262178~~~Sulfamethoxazole sul1	100.0	resfinder
contig_8	resfinder~~~sul1_3~~~EU855787~~~Sulfamethoxazole	99.881	840	1	0	121359	122198	840	1	0.0	1546	214836	840	resfinder~~~sul1_3~~~EU855787~~~Sulfamethoxazole sul1	100.0	resfinder
contig_8	resfinder~~~sul1_29~~~AJ746361~~~Sulfamethoxazole	99.881	840	1	0	121359	122198	840	1	0.0	1546	214836	840	resfinder~~~sul1_29~~~AJ746361~~~Sulfamethoxazole sul1	100.0	resfinder
contig_8	resfinder~~~sul1_27~~~GU562437~~~Sulfamethoxazole	99.881	840	1	0	121359	122198	840	1	0.0	1546	214836	840	resfinder~~~sul1_27~~~GU562437~~~Sulfamethoxazole sul1	100.0	resfinder
contig_8	resfinder~~~sul1_26~~~AY524415~~~Sulfamethoxazole	99.881	840	1	0	121359	122198	840	1	0.0	1546	214836	840	resfinder~~~sul1_26~~~AY524415~~~Sulfamethoxazole sul1	100.0	resfinder
contig_8	resfinder~~~sul1_25~~~AY878717~~~Sulfamethoxazole	99.881	840	1	0	121359	122198	840	1	0.0	1546	214836	840	resfinder~~~sul1_25~~~AY878717~~~Sulfamethoxazole sul1	100.0	resfinder
contig_8	resfinder~~~sul1_24~~~EU117158~~~Sulfamethoxazole	99.881	840	1	0	121359	122198	840	1	0.0	1546	214836	840	resfinder~~~sul1_24~~~EU117158~~~Sulfamethoxazole sul1	100.0	resfinder
contig_8	resfinder~~~sul1_20~~~JF262165~~~Sulfamethoxazole	99.881	840	1	0	121359	122198	840	1	0.0	1546	214836	840	resfinder~~~sul1_20~~~JF262165~~~Sulfamethoxazole sul1	100.0	resfinder
contig_8	resfinder~~~sul1_19~~~DQ125241~~~Sulfamethoxazole	99.881	840	1	0	121359	122198	840	1	0.0	1546	214836	840	resfinder~~~sul1_19~~~DQ125241~~~Sulfamethoxazole sul1	100.0	resfinder
contig_8	resfinder~~~sul1_18~~~AY260546~~~Sulfamethoxazole	99.881	840	1	0	121359	122198	840	1	0.0	1546	214836	840	resfinder~~~sul1_18~~~AY260546~~~Sulfamethoxazole sul1	100.0	resfinder
contig_8	resfinder~~~sul1_17~~~AM746675~~~Sulfamethoxazole	99.881	840	1	0	121359	122198	840	1	0.0	1546	214836	840	resfinder~~~sul1_17~~~AM746675~~~Sulfamethoxazole sul1	100.0	resfinder
contig_8	resfinder~~~sul1_15~~~EF667294~~~Sulfamethoxazole	99.881	840	1	0	121359	122198	840	1	0.0	1546	214836	840	resfinder~~~sul1_15~~~EF667294~~~Sulfamethoxazole sul1	100.0	resfinder
contig_8	resfinder~~~sul1_38~~~BX248359~~~Sulfamethoxazole	99.762	841	2	0	121359	122199	852	12	0.0	1543	214836	852	resfinder~~~sul1_38~~~BX248359~~~Sulfamethoxazole sul1	98.70892018779342	resfinder
contig_8	resfinder~~~sul1_8~~~JN581942~~~Sulfamethoxazole	99.881	837	1	0	121359	122195	837	1	0.0	1541	214836	837	resfinder~~~sul1_8~~~JN581942~~~Sulfamethoxazole sul1	100.0	resfinder
contig_8	resfinder~~~sul1_7~~~FJ715937~~~Sulfamethoxazole	99.762	840	2	0	121359	122198	840	1	0.0	1541	214836	840	resfinder~~~sul1_7~~~FJ715937~~~Sulfamethoxazole sul1	100.0	resfinder
contig_8	resfinder~~~sul1_28~~~JN790946~~~Sulfamethoxazole	99.762	840	2	0	121359	122198	840	1	0.0	1541	214836	840	resfinder~~~sul1_28~~~JN790946~~~Sulfamethoxazole sul1	100.0	resfinder
contig_8	resfinder~~~sul1_22~~~AY115475~~~Sulfamethoxazole	99.762	840	2	0	121359	122198	840	1	0.0	1541	214836	840	resfinder~~~sul1_22~~~AY115475~~~Sulfamethoxazole sul1	100.0	resfinder
contig_8	resfinder~~~sul1_21~~~AJ971344~~~Sulfamethoxazole	99.762	840	2	0	121359	122198	840	1	0.0	1541	214836	840	resfinder~~~sul1_21~~~AJ971344~~~Sulfamethoxazole sul1	100.0	resfinder
contig_8	resfinder~~~sul1_32~~~EF592571~~~Sulfamethoxazole	99.643	840	3	0	121359	122198	840	1	0.0	1535	214836	840	resfinder~~~sul1_32~~~EF592571~~~Sulfamethoxazole sul1	100.0	resfinder
contig_8	resfinder~~~sul1_23~~~AJ621187~~~Sulfamethoxazole	99.643	840	3	0	121359	122198	840	1	0.0	1535	214836	840	resfinder~~~sul1_23~~~AJ621187~~~Sulfamethoxazole sul1	100.0	resfinder
contig_8	resfinder~~~sul1_35~~~AB281182~~~Sulfamethoxazole	99.524	841	4	0	121359	122199	852	12	0.0	1531	214836	852	resfinder~~~sul1_35~~~AB281182~~~Sulfamethoxazole sul1	98.70892018779342	resfinder
contig_8	resfinder~~~sul1_10~~~DQ143913~~~Sulfamethoxazole	99.88	831	1	0	121359	122189	831	1	0.0	1530	214836	831	resfinder~~~sul1_10~~~DQ143913~~~Sulfamethoxazole sul1	100.0	resfinder
contig_8	resfinder~~~sul1_34~~~AY047357~~~Sulfamethoxazole	99.405	841	5	0	121359	122199	852	12	0.0	1526	214836	852	resfinder~~~sul1_34~~~AY047357~~~Sulfamethoxazole sul1	98.70892018779342	resfinder
contig_8	resfinder~~~sul1_39~~~AY522923~~~Sulfamethoxazole	99.879	829	0	1	121370	122198	828	1	0.0	1524	214836	828	resfinder~~~sul1_39~~~AY522923~~~Sulfamethoxazole sul1	100.1207729468599	resfinder
contig_8	resfinder~~~sul1_37~~~AF188331~~~Sulfamethoxazole	99.405	840	5	0	121359	122198	840	1	0.0	1524	214836	840	resfinder~~~sul1_37~~~AF188331~~~Sulfamethoxazole sul1	100.0	resfinder
contig_8	resfinder~~~sul1_14~~~AJ517791~~~Sulfamethoxazole	99.167	840	7	0	121359	122198	840	1	0.0	1513	214836	840	resfinder~~~sul1_14~~~AJ517791~~~Sulfamethoxazole sul1	100.0	resfinder
contig_8	resfinder~~~sul1_11~~~DQ914960~~~Sulfamethoxazole	100.0	819	0	0	121380	122198	819	1	0.0	1513	214836	882	resfinder~~~sul1_11~~~DQ914960~~~Sulfamethoxazole sul1	92.85714285714286	resfinder
contig_8	resfinder~~~aph(3')-Ia_1~~~V00359~~~Kanamycin	100.0	816	0	0	112024	112839	816	1	0.0	1507	214836	816	resfinder~~~aph(3')-Ia_1~~~V00359~~~Kanamycin aph(3')-Ia	100.0	resfinder
contig_8	resfinder~~~aph(3')-Ia_4~~~AF498082~~~Kanamycin	99.755	816	2	0	112024	112839	816	1	0.0	1500	214836	816	resfinder~~~aph(3')-Ia_4~~~AF498082~~~Kanamycin aph(3')-Ia	100.0	resfinder
contig_8	resfinder~~~aph(3')-Ia_10~~~EU855787~~~Kanamycin	99.387	816	5	0	112024	112839	816	1	0.0	1480	214836	816	resfinder~~~aph(3')-Ia_10~~~EU855787~~~Kanamycin aph(3')-Ia	100.0	resfinder
contig_8	resfinder~~~aph(3')-Ia_7~~~X62115~~~Kanamycin	99.386	814	5	0	112026	112839	814	1	0.0	1476	214836	816	resfinder~~~aph(3')-Ia_7~~~X62115~~~Kanamycin aph(3')-Ia	99.75490196078431	resfinder
contig_8	resfinder~~~aadA2_1~~~NC_010870~~~Spectinomycin;Streptomycin	99.875	802	1	0	122703	123504	819	18	0.0	1476	214836	819	resfinder~~~aadA2_1~~~NC_010870~~~Spectinomycin;Streptomycin aadA2	97.92429792429792	resfinder
contig_8	resfinder~~~aph(3')-Ia_6~~~L05392~~~Kanamycin	99.265	816	6	0	112024	112839	816	1	0.0	1474	214836	816	resfinder~~~aph(3')-Ia_6~~~L05392~~~Kanamycin aph(3')-Ia	100.0	resfinder
contig_8	resfinder~~~aph(3')-Ia_8~~~Y00452~~~Kanamycin	99.263	814	6	0	112026	112839	814	1	0.0	1471	214836	816	resfinder~~~aph(3')-Ia_8~~~Y00452~~~Kanamycin aph(3')-Ia	99.75490196078431	resfinder
contig_8	resfinder~~~aph(3')-Ia_9~~~EU722351~~~Kanamycin	99.14	814	7	0	112026	112839	814	1	0.0	1465	214836	816	resfinder~~~aph(3')-Ia_9~~~EU722351~~~Kanamycin aph(3')-Ia	99.75490196078431	resfinder
contig_8	resfinder~~~aph(3')-Ia_3~~~EF015636~~~Kanamycin	99.14	814	7	0	112026	112839	814	1	0.0	1465	214836	816	resfinder~~~aph(3')-Ia_3~~~EF015636~~~Kanamycin aph(3')-Ia	99.75490196078431	resfinder
contig_8	resfinder~~~aadA2_2~~~JQ364967~~~Spectinomycin;Streptomycin	100.0	792	0	0	122703	123494	792	1	0.0	1463	214836	792	resfinder~~~aadA2_2~~~JQ364967~~~Spectinomycin;Streptomycin aadA2	100.0	resfinder
contig_8	resfinder~~~aph(3')-Ia_5~~~AP004237~~~Kanamycin	98.526	814	12	0	112026	112839	814	1	0.0	1437	214836	816	resfinder~~~aph(3')-Ia_5~~~AP004237~~~Kanamycin aph(3')-Ia	99.75490196078431	resfinder
contig_8	resfinder~~~aadA2b_1~~~D43625~~~Spectinomycin;Streptomycin	99.744	780	2	0	122703	123482	780	1	0.0	1430	214836	780	resfinder~~~aadA2b_1~~~D43625~~~Spectinomycin;Streptomycin aadA2b	100.0	resfinder
contig_8	resfinder~~~aadA3_1~~~AF047479~~~Spectinomycin;Streptomycin	98.734	790	10	0	122705	123494	790	1	0.0	1404	214836	792	resfinder~~~aadA3_1~~~AF047479~~~Spectinomycin;Streptomycin aadA3	99.74747474747475	resfinder
contig_8	resfinder~~~aph(3')-Ia_2~~~EU287476~~~Kanamycin	97.426	816	21	0	112024	112839	816	1	0.0	1391	214836	816	resfinder~~~aph(3')-Ia_2~~~EU287476~~~Kanamycin aph(3')-Ia	100.0	resfinder
contig_8	resfinder~~~aadA8b_2~~~AM040708~~~Spectinomycin;Streptomycin	96.962	790	24	0	122705	123494	790	1	0.0	1327	214836	792	resfinder~~~aadA8b_2~~~AM040708~~~Spectinomycin;Streptomycin aadA8b	99.74747474747475	resfinder
contig_8	resfinder~~~aadA8b_1~~~AY139603~~~Spectinomycin;Streptomycin	96.709	790	26	0	122705	123494	790	1	0.0	1315	214836	792	resfinder~~~aadA8b_1~~~AY139603~~~Spectinomycin;Streptomycin aadA8b	99.74747474747475	resfinder
contig_8	resfinder~~~aadA8_1~~~AF326210~~~Spectinomycin;Streptomycin	96.203	790	30	0	122705	123494	790	1	0.0	1293	214836	792	resfinder~~~aadA8_1~~~AF326210~~~Spectinomycin;Streptomycin aadA8	99.74747474747475	resfinder
contig_8	resfinder~~~aadA17_1~~~FJ460181~~~Spectinomycin;Streptomycin	95.833	792	33	0	122703	123494	792	1	0.0	1280	214836	792	resfinder~~~aadA17_1~~~FJ460181~~~Spectinomycin;Streptomycin aadA17	100.0	resfinder
contig_8	resfinder~~~aadA12_1~~~AY665771~~~Spectinomycin;Streptomycin	94.823	792	41	0	122703	123494	792	1	0.0	1236	214836	792	resfinder~~~aadA12_1~~~AY665771~~~Spectinomycin;Streptomycin aadA12	100.0	resfinder
contig_8	resfinder~~~catA1_1~~~V00622~~~Chloramphenicol	99.848	660	1	0	131737	132396	660	1	0.0	1214	214836	660	resfinder~~~catA1_1~~~V00622~~~Chloramphenicol catA1	100.0	resfinder
contig_8	resfinder~~~aadA15_1~~~DQ393783~~~Spectinomycin;Streptomycin	92.803	792	57	0	122703	123494	792	1	0.0	1147	214836	792	resfinder~~~aadA15_1~~~DQ393783~~~Spectinomycin;Streptomycin aadA15	100.0	resfinder
contig_8	resfinder~~~aadA11_2~~~AJ567827~~~Spectinomycin;Streptomycin	92.045	792	63	0	122703	123494	792	1	0.0	1114	214836	792	resfinder~~~aadA11_2~~~AJ567827~~~Spectinomycin;Streptomycin aadA11	100.0	resfinder
contig_8	resfinder~~~aadA1_2~~~FJ591054~~~Spectinomycin;Streptomycin	91.646	790	66	0	122705	123494	790	1	0.0	1094	214836	792	resfinder~~~aadA1_2~~~FJ591054~~~Spectinomycin;Streptomycin aadA1	99.74747474747475	resfinder
contig_8	resfinder~~~aadA22_1~~~AM261837~~~Spectinomycin;Streptomycin	92.021	777	62	0	122718	123494	777	1	0.0	1092	214836	792	resfinder~~~aadA22_1~~~AM261837~~~Spectinomycin;Streptomycin aadA22	98.10606060606061	resfinder
contig_8	resfinder~~~aadA21_1~~~AY171244~~~Spectinomycin;Streptomycin	91.392	790	68	0	122705	123494	790	1	0.0	1083	214836	792	resfinder~~~aadA21_1~~~AY171244~~~Spectinomycin;Streptomycin aadA21	99.74747474747475	resfinder
contig_8	resfinder~~~aadA23_1~~~AJ809407~~~Spectinomycin;Streptomycin	91.517	778	66	0	122705	123482	778	1	0.0	1072	214836	780	resfinder~~~aadA23_1~~~AJ809407~~~Spectinomycin;Streptomycin aadA23	99.74358974358974	resfinder
contig_8	resfinder~~~aadA24_1~~~DQ677333~~~Spectinomycin;Streptomycin	91.003	778	70	0	122705	123482	778	1	0.0	1050	214836	780	resfinder~~~aadA24_1~~~DQ677333~~~Spectinomycin;Streptomycin aadA24	99.74358974358974	resfinder
contig_8	resfinder~~~aadA24_1~~~AM711129~~~Spectinomycin;Streptomycin	90.285	772	75	0	122703	123474	780	9	0.0	1011	214836	780	resfinder~~~aadA24_1~~~AM711129~~~Spectinomycin;Streptomycin aadA24	98.97435897435898	resfinder
contig_8	resfinder~~~dfrA12_8~~~AM040708~~~Trimethoprim	100.0	498	0	0	123902	124399	498	1	0.0	920	214836	498	resfinder~~~dfrA12_8~~~AM040708~~~Trimethoprim dfrA12	100.0	resfinder
contig_8	resfinder~~~dfrA12_9~~~DQ995286~~~Trimethoprim	99.799	498	1	0	123902	124399	498	1	0.0	915	214836	498	resfinder~~~dfrA12_9~~~DQ995286~~~Trimethoprim dfrA12	100.0	resfinder
contig_8	resfinder~~~dfrA12_4~~~EU650399~~~Trimethoprim	99.799	498	1	0	123902	124399	498	1	0.0	915	214836	498	resfinder~~~dfrA12_4~~~EU650399~~~Trimethoprim dfrA12	100.0	resfinder
contig_8	resfinder~~~dfrA12_10~~~FM877486~~~Trimethoprim	99.799	498	1	0	123902	124399	498	1	0.0	915	214836	498	resfinder~~~dfrA12_10~~~FM877486~~~Trimethoprim dfrA12	100.0	resfinder
contig_8	resfinder~~~dfrA12_7~~~AB196348~~~Trimethoprim	99.598	498	2	0	123902	124399	498	1	0.0	909	214836	498	resfinder~~~dfrA12_7~~~AB196348~~~Trimethoprim dfrA12	100.0	resfinder
contig_8	resfinder~~~dfrA12_6~~~AY551331~~~Trimethoprim	99.598	498	2	0	123902	124399	498	1	0.0	909	214836	498	resfinder~~~dfrA12_6~~~AY551331~~~Trimethoprim dfrA12	100.0	resfinder
contig_8	resfinder~~~dfrA12_5~~~FR875302~~~Trimethoprim	99.398	498	3	0	123902	124399	498	1	0.0	904	214836	498	resfinder~~~dfrA12_5~~~FR875302~~~Trimethoprim dfrA12	100.0	resfinder
contig_8	resfinder~~~dfrA12_2~~~KJ546436~~~Trimethoprim	99.197	498	4	0	123902	124399	498	1	0.0	898	214836	498	resfinder~~~dfrA12_2~~~KJ546436~~~Trimethoprim dfrA12	100.0	resfinder
contig_8	resfinder~~~dfrA12_1~~~FJ763641~~~Trimethoprim	99.197	498	4	0	123902	124399	498	1	0.0	898	214836	498	resfinder~~~dfrA12_1~~~FJ763641~~~Trimethoprim dfrA12	100.0	resfinder
contig_8	resfinder~~~dfrA12_3~~~KJ568502~~~Trimethoprim	98.795	498	6	0	123902	124399	498	1	0.0	887	214836	498	resfinder~~~dfrA12_3~~~KJ568502~~~Trimethoprim dfrA12	100.0	resfinder
contig_9	resfinder~~~blaKPC-3_1~~~HM769262~~~Amoxicillin;Amoxicillin+Clavulanic_acid;Ampicillin;Ampicillin+Clavulanic_acid;Aztreonam;Cefepime;Cefotaxime;Cefoxitin;Ceftazidime;Ertapenem;Imipenem;Meropenem;Piperacillin;Piperacillin+Tazobactam;Ticarcillin;Ticarcillin+Clavulanic_acid	100.0	882	0	0	76689	77570	1	882	0.0	1629	79498	882	resfinder~~~blaKPC-3_1~~~HM769262~~~Amoxicillin;Amoxicillin+Clavulanic_acid;Ampicillin;Ampicillin+Clavulanic_acid;Aztreonam;Cefepime;Cefotaxime;Cefoxitin;Ceftazidime;Ertapenem;Imipenem;Meropenem;Piperacillin;Piperacillin+Tazobactam;Ticarcillin;Ticarcillin+Clavulanic_acid blaKPC-3	100.0	resfinder
contig_9	resfinder~~~blaKPC-9_1~~~FJ624872~~~Amoxicillin;Amoxicillin+Clavulanic_acid;Ampicillin;Ampicillin+Clavulanic_acid;Aztreonam;Cefepime;Cefotaxime;Cefoxitin;Ceftazidime;Ertapenem;Imipenem;Meropenem;Piperacillin;Piperacillin+Tazobactam;Ticarcillin;Ticarcillin+Clavulanic_acid	99.887	882	1	0	76689	77570	1	882	0.0	1624	79498	882	resfinder~~~blaKPC-9_1~~~FJ624872~~~Amoxicillin;Amoxicillin+Clavulanic_acid;Ampicillin;Ampicillin+Clavulanic_acid;Aztreonam;Cefepime;Cefotaxime;Cefoxitin;Ceftazidime;Ertapenem;Imipenem;Meropenem;Piperacillin;Piperacillin+Tazobactam;Ticarcillin;Ticarcillin+Clavulanic_acid blaKPC-9	100.0	resfinder
contig_9	resfinder~~~blaKPC-8_1~~~FJ234412~~~Amoxicillin;Amoxicillin+Clavulanic_acid;Ampicillin;Ampicillin+Clavulanic_acid;Aztreonam;Cefepime;Cefotaxime;Cefoxitin;Ceftazidime;Ertapenem;Imipenem;Meropenem;Piperacillin;Piperacillin+Tazobactam;Ticarcillin;Ticarcillin+Clavulanic_acid	99.887	882	1	0	76689	77570	1	882	0.0	1624	79498	882	resfinder~~~blaKPC-8_1~~~FJ234412~~~Amoxicillin;Amoxicillin+Clavulanic_acid;Ampicillin;Ampicillin+Clavulanic_acid;Aztreonam;Cefepime;Cefotaxime;Cefoxitin;Ceftazidime;Ertapenem;Imipenem;Meropenem;Piperacillin;Piperacillin+Tazobactam;Ticarcillin;Ticarcillin+Clavulanic_acid blaKPC-8	100.0	resfinder
contig_9	resfinder~~~blaKPC-7_1~~~EU729727~~~Amoxicillin;Amoxicillin+Clavulanic_acid;Ampicillin;Ampicillin+Clavulanic_acid;Aztreonam;Cefepime;Cefotaxime;Cefoxitin;Ceftazidime;Ertapenem;Imipenem;Meropenem;Piperacillin;Piperacillin+Tazobactam;Ticarcillin;Ticarcillin+Clavulanic_acid	99.887	882	1	0	76689	77570	1	882	0.0	1624	79498	882	resfinder~~~blaKPC-7_1~~~EU729727~~~Amoxicillin;Amoxicillin+Clavulanic_acid;Ampicillin;Ampicillin+Clavulanic_acid;Aztreonam;Cefepime;Cefotaxime;Cefoxitin;Ceftazidime;Ertapenem;Imipenem;Meropenem;Piperacillin;Piperacillin+Tazobactam;Ticarcillin;Ticarcillin+Clavulanic_acid blaKPC-7	100.0	resfinder
contig_9	resfinder~~~blaKPC-39_1~~~MK118771~~~Amoxicillin;Amoxicillin+Clavulanic_acid;Ampicillin;Ampicillin+Clavulanic_acid;Aztreonam;Cefepime;Cefotaxime;Cefoxitin;Ceftazidime;Ceftazidime+Avibactam;Ertapenem;Imipenem;Meropenem;Piperacillin;Piperacillin+Tazobactam;Ticarcillin;Ticarcillin+Clavulanic_acid	99.887	882	1	0	76689	77570	1	882	0.0	1624	79498	882	resfinder~~~blaKPC-39_1~~~MK118771~~~Amoxicillin;Amoxicillin+Clavulanic_acid;Ampicillin;Ampicillin+Clavulanic_acid;Aztreonam;Cefepime;Cefotaxime;Cefoxitin;Ceftazidime;Ceftazidime+Avibactam;Ertapenem;Imipenem;Meropenem;Piperacillin;Piperacillin+Tazobactam;Ticarcillin;Ticarcillin+Clavulanic_acid blaKPC-39	100.0	resfinder
contig_9	resfinder~~~blaKPC-38_1~~~MK098861~~~Amoxicillin;Amoxicillin+Clavulanic_acid;Ampicillin;Ampicillin+Clavulanic_acid;Aztreonam;Cefepime;Cefotaxime;Cefoxitin;Ceftazidime;Ertapenem;Imipenem;Meropenem;Piperacillin;Piperacillin+Tazobactam;Ticarcillin;Ticarcillin+Clavulanic_acid	99.887	882	1	0	76689	77570	1	882	0.0	1624	79498	882	resfinder~~~blaKPC-38_1~~~MK098861~~~Amoxicillin;Amoxicillin+Clavulanic_acid;Ampicillin;Ampicillin+Clavulanic_acid;Aztreonam;Cefepime;Cefotaxime;Cefoxitin;Ceftazidime;Ertapenem;Imipenem;Meropenem;Piperacillin;Piperacillin+Tazobactam;Ticarcillin;Ticarcillin+Clavulanic_acid blaKPC-38	100.0	resfinder
contig_9	resfinder~~~blaKPC-36_1~~~MH593787~~~Amoxicillin;Amoxicillin+Clavulanic_acid;Ampicillin;Ampicillin+Clavulanic_acid;Aztreonam;Cefepime;Cefotaxime;Cefoxitin;Ceftazidime;Ceftazidime+Avibactam;Ertapenem;Imipenem;Meropenem;Piperacillin;Piperacillin+Tazobactam;Ticarcillin;Ticarcillin+Clavulanic_acid	99.887	882	1	0	76689	77570	1	882	0.0	1624	79498	882	resfinder~~~blaKPC-36_1~~~MH593787~~~Amoxicillin;Amoxicillin+Clavulanic_acid;Ampicillin;Ampicillin+Clavulanic_acid;Aztreonam;Cefepime;Cefotaxime;Cefoxitin;Ceftazidime;Ceftazidime+Avibactam;Ertapenem;Imipenem;Meropenem;Piperacillin;Piperacillin+Tazobactam;Ticarcillin;Ticarcillin+Clavulanic_acid blaKPC-36	100.0	resfinder
contig_9	resfinder~~~blaKPC-31_1~~~MAPH01000113~~~Amoxicillin;Amoxicillin+Clavulanic_acid;Ampicillin;Ampicillin+Clavulanic_acid;Aztreonam;Cefepime;Cefotaxime;Cefoxitin;Ceftazidime;Ertapenem;Imipenem;Meropenem;Piperacillin;Piperacillin+Tazobactam;Ticarcillin;Ticarcillin+Clavulanic_acid	99.887	882	1	0	76689	77570	1	882	0.0	1624	79498	882	resfinder~~~blaKPC-31_1~~~MAPH01000113~~~Amoxicillin;Amoxicillin+Clavulanic_acid;Ampicillin;Ampicillin+Clavulanic_acid;Aztreonam;Cefepime;Cefotaxime;Cefoxitin;Ceftazidime;Ertapenem;Imipenem;Meropenem;Piperacillin;Piperacillin+Tazobactam;Ticarcillin;Ticarcillin+Clavulanic_acid blaKPC-31	100.0	resfinder
contig_9	resfinder~~~blaKPC-2_1~~~AY034847~~~Amoxicillin;Amoxicillin+Clavulanic_acid;Ampicillin;Ampicillin+Clavulanic_acid;Aztreonam;Cefepime;Cefotaxime;Cefoxitin;Ceftazidime;Ertapenem;Imipenem;Meropenem;Piperacillin;Piperacillin+Tazobactam;Ticarcillin;Ticarcillin+Clavulanic_acid	99.887	882	1	0	76689	77570	1	882	0.0	1624	79498	882	resfinder~~~blaKPC-2_1~~~AY034847~~~Amoxicillin;Amoxicillin+Clavulanic_acid;Ampicillin;Ampicillin+Clavulanic_acid;Aztreonam;Cefepime;Cefotaxime;Cefoxitin;Ceftazidime;Ertapenem;Imipenem;Meropenem;Piperacillin;Piperacillin+Tazobactam;Ticarcillin;Ticarcillin+Clavulanic_acid blaKPC-2	100.0	resfinder
contig_9	resfinder~~~blaKPC-27_1~~~KX828722~~~Amoxicillin;Amoxicillin+Clavulanic_acid;Ampicillin;Ampicillin+Clavulanic_acid;Aztreonam;Cefepime;Cefotaxime;Cefoxitin;Ceftazidime;Ertapenem;Imipenem;Meropenem;Piperacillin;Piperacillin+Tazobactam;Ticarcillin;Ticarcillin+Clavulanic_acid	99.887	882	1	0	76689	77570	1	882	0.0	1624	79498	882	resfinder~~~blaKPC-27_1~~~KX828722~~~Amoxicillin;Amoxicillin+Clavulanic_acid;Ampicillin;Ampicillin+Clavulanic_acid;Aztreonam;Cefepime;Cefotaxime;Cefoxitin;Ceftazidime;Ertapenem;Imipenem;Meropenem;Piperacillin;Piperacillin+Tazobactam;Ticarcillin;Ticarcillin+Clavulanic_acid blaKPC-27	100.0	resfinder
contig_9	resfinder~~~blaKPC-10_1~~~GQ140348~~~Amoxicillin;Amoxicillin+Clavulanic_acid;Ampicillin;Ampicillin+Clavulanic_acid;Aztreonam;Cefepime;Cefotaxime;Cefoxitin;Ceftazidime;Ertapenem;Imipenem;Meropenem;Piperacillin;Piperacillin+Tazobactam;Ticarcillin;Ticarcillin+Clavulanic_acid	99.887	882	1	0	76689	77570	1	882	0.0	1624	79498	882	resfinder~~~blaKPC-10_1~~~GQ140348~~~Amoxicillin;Amoxicillin+Clavulanic_acid;Ampicillin;Ampicillin+Clavulanic_acid;Aztreonam;Cefepime;Cefotaxime;Cefoxitin;Ceftazidime;Ertapenem;Imipenem;Meropenem;Piperacillin;Piperacillin+Tazobactam;Ticarcillin;Ticarcillin+Clavulanic_acid blaKPC-10	100.0	resfinder
contig_9	resfinder~~~blaKPC-6_1~~~EU555534~~~Amoxicillin;Amoxicillin+Clavulanic_acid;Ampicillin;Ampicillin+Clavulanic_acid;Aztreonam;Cefepime;Cefotaxime;Cefoxitin;Ceftazidime;Ertapenem;Imipenem;Meropenem;Piperacillin;Piperacillin+Tazobactam;Ticarcillin;Ticarcillin+Clavulanic_acid	99.773	882	2	0	76689	77570	1	882	0.0	1618	79498	882	resfinder~~~blaKPC-6_1~~~EU555534~~~Amoxicillin;Amoxicillin+Clavulanic_acid;Ampicillin;Ampicillin+Clavulanic_acid;Aztreonam;Cefepime;Cefotaxime;Cefoxitin;Ceftazidime;Ertapenem;Imipenem;Meropenem;Piperacillin;Piperacillin+Tazobactam;Ticarcillin;Ticarcillin+Clavulanic_acid blaKPC-6	100.0	resfinder
contig_9	resfinder~~~blaKPC-5_1~~~EU400222~~~Amoxicillin;Amoxicillin+Clavulanic_acid;Ampicillin;Ampicillin+Clavulanic_acid;Aztreonam;Cefepime;Cefotaxime;Cefoxitin;Ceftazidime;Ertapenem;Imipenem;Meropenem;Piperacillin;Piperacillin+Tazobactam;Ticarcillin;Ticarcillin+Clavulanic_acid	99.773	882	2	0	76689	77570	1	882	0.0	1618	79498	882	resfinder~~~blaKPC-5_1~~~EU400222~~~Amoxicillin;Amoxicillin+Clavulanic_acid;Ampicillin;Ampicillin+Clavulanic_acid;Aztreonam;Cefepime;Cefotaxime;Cefoxitin;Ceftazidime;Ertapenem;Imipenem;Meropenem;Piperacillin;Piperacillin+Tazobactam;Ticarcillin;Ticarcillin+Clavulanic_acid blaKPC-5	100.0	resfinder
contig_9	resfinder~~~blaKPC-35_1~~~MH404098~~~Amoxicillin;Amoxicillin+Clavulanic_acid;Ampicillin;Ampicillin+Clavulanic_acid;Aztreonam;Cefepime;Cefotaxime;Cefoxitin;Ceftazidime;Ertapenem;Imipenem;Meropenem;Piperacillin;Piperacillin+Tazobactam;Ticarcillin;Ticarcillin+Clavulanic_acid	99.773	882	2	0	76689	77570	1	882	0.0	1618	79498	882	resfinder~~~blaKPC-35_1~~~MH404098~~~Amoxicillin;Amoxicillin+Clavulanic_acid;Ampicillin;Ampicillin+Clavulanic_acid;Aztreonam;Cefepime;Cefotaxime;Cefoxitin;Ceftazidime;Ertapenem;Imipenem;Meropenem;Piperacillin;Piperacillin+Tazobactam;Ticarcillin;Ticarcillin+Clavulanic_acid blaKPC-35	100.0	resfinder
contig_9	resfinder~~~blaKPC-33_1~~~CP025144~~~Amoxicillin;Amoxicillin+Clavulanic_acid;Ampicillin;Ampicillin+Clavulanic_acid;Aztreonam;Cefepime;Cefotaxime;Cefoxitin;Ceftazidime;Ertapenem;Imipenem;Meropenem;Piperacillin;Piperacillin+Tazobactam;Ticarcillin;Ticarcillin+Clavulanic_acid	99.773	882	2	0	76689	77570	1	882	0.0	1618	79498	882	resfinder~~~blaKPC-33_1~~~CP025144~~~Amoxicillin;Amoxicillin+Clavulanic_acid;Ampicillin;Ampicillin+Clavulanic_acid;Aztreonam;Cefepime;Cefotaxime;Cefoxitin;Ceftazidime;Ertapenem;Imipenem;Meropenem;Piperacillin;Piperacillin+Tazobactam;Ticarcillin;Ticarcillin+Clavulanic_acid blaKPC-33	100.0	resfinder
contig_9	resfinder~~~blaKPC-32_1~~~MAPO01000050~~~Amoxicillin;Amoxicillin+Clavulanic_acid;Ampicillin;Ampicillin+Clavulanic_acid;Aztreonam;Cefepime;Cefotaxime;Cefoxitin;Ceftazidime;Ertapenem;Imipenem;Meropenem;Piperacillin;Piperacillin+Tazobactam;Ticarcillin;Ticarcillin+Clavulanic_acid	99.773	882	2	0	76689	77570	1	882	0.0	1618	79498	882	resfinder~~~blaKPC-32_1~~~MAPO01000050~~~Amoxicillin;Amoxicillin+Clavulanic_acid;Ampicillin;Ampicillin+Clavulanic_acid;Aztreonam;Cefepime;Cefotaxime;Cefoxitin;Ceftazidime;Ertapenem;Imipenem;Meropenem;Piperacillin;Piperacillin+Tazobactam;Ticarcillin;Ticarcillin+Clavulanic_acid blaKPC-32	100.0	resfinder
contig_9	resfinder~~~blaKPC-30_1~~~KY646302~~~Amoxicillin;Amoxicillin+Clavulanic_acid;Ampicillin;Ampicillin+Clavulanic_acid;Aztreonam;Cefepime;Cefotaxime;Cefoxitin;Ceftazidime;Ertapenem;Imipenem;Meropenem;Piperacillin;Piperacillin+Tazobactam;Ticarcillin;Ticarcillin+Clavulanic_acid	99.773	882	2	0	76689	77570	1	882	0.0	1618	79498	882	resfinder~~~blaKPC-30_1~~~KY646302~~~Amoxicillin;Amoxicillin+Clavulanic_acid;Ampicillin;Ampicillin+Clavulanic_acid;Aztreonam;Cefepime;Cefotaxime;Cefoxitin;Ceftazidime;Ertapenem;Imipenem;Meropenem;Piperacillin;Piperacillin+Tazobactam;Ticarcillin;Ticarcillin+Clavulanic_acid blaKPC-30	100.0	resfinder
contig_9	resfinder~~~blaKPC-26_1~~~KX619622~~~Amoxicillin;Amoxicillin+Clavulanic_acid;Ampicillin;Ampicillin+Clavulanic_acid;Aztreonam;Cefepime;Cefotaxime;Cefoxitin;Ceftazidime;Ertapenem;Imipenem;Meropenem;Piperacillin;Piperacillin+Tazobactam;Ticarcillin;Ticarcillin+Clavulanic_acid	99.773	882	2	0	76689	77570	1	882	0.0	1618	79498	882	resfinder~~~blaKPC-26_1~~~KX619622~~~Amoxicillin;Amoxicillin+Clavulanic_acid;Ampicillin;Ampicillin+Clavulanic_acid;Aztreonam;Cefepime;Cefotaxime;Cefoxitin;Ceftazidime;Ertapenem;Imipenem;Meropenem;Piperacillin;Piperacillin+Tazobactam;Ticarcillin;Ticarcillin+Clavulanic_acid blaKPC-26	100.0	resfinder
contig_9	resfinder~~~blaKPC-24_1~~~KR052099~~~Amoxicillin;Amoxicillin+Clavulanic_acid;Ampicillin;Ampicillin+Clavulanic_acid;Aztreonam;Cefepime;Cefotaxime;Cefoxitin;Ceftazidime;Ertapenem;Imipenem;Meropenem;Piperacillin;Piperacillin+Tazobactam;Ticarcillin;Ticarcillin+Clavulanic_acid	99.773	882	2	0	76689	77570	1	882	0.0	1618	79498	882	resfinder~~~blaKPC-24_1~~~KR052099~~~Amoxicillin;Amoxicillin+Clavulanic_acid;Ampicillin;Ampicillin+Clavulanic_acid;Aztreonam;Cefepime;Cefotaxime;Cefoxitin;Ceftazidime;Ertapenem;Imipenem;Meropenem;Piperacillin;Piperacillin+Tazobactam;Ticarcillin;Ticarcillin+Clavulanic_acid blaKPC-24	100.0	resfinder
contig_9	resfinder~~~blaKPC-21_1~~~LN609376~~~Amoxicillin;Amoxicillin+Clavulanic_acid;Ampicillin;Ampicillin+Clavulanic_acid;Aztreonam;Cefepime;Cefotaxime;Cefoxitin;Ceftazidime;Ertapenem;Imipenem;Meropenem;Piperacillin;Piperacillin+Tazobactam;Ticarcillin;Ticarcillin+Clavulanic_acid	99.773	882	2	0	76689	77570	1	882	0.0	1618	79498	882	resfinder~~~blaKPC-21_1~~~LN609376~~~Amoxicillin;Amoxicillin+Clavulanic_acid;Ampicillin;Ampicillin+Clavulanic_acid;Aztreonam;Cefepime;Cefotaxime;Cefoxitin;Ceftazidime;Ertapenem;Imipenem;Meropenem;Piperacillin;Piperacillin+Tazobactam;Ticarcillin;Ticarcillin+Clavulanic_acid blaKPC-21	100.0	resfinder
contig_9	resfinder~~~blaKPC-19_1~~~KJ775801~~~Amoxicillin;Amoxicillin+Clavulanic_acid;Ampicillin;Ampicillin+Clavulanic_acid;Aztreonam;Cefepime;Cefotaxime;Cefoxitin;Ceftazidime;Ertapenem;Imipenem;Meropenem;Piperacillin;Piperacillin+Tazobactam;Ticarcillin;Ticarcillin+Clavulanic_acid	99.773	882	2	0	76689	77570	1	882	0.0	1618	79498	882	resfinder~~~blaKPC-19_1~~~KJ775801~~~Amoxicillin;Amoxicillin+Clavulanic_acid;Ampicillin;Ampicillin+Clavulanic_acid;Aztreonam;Cefepime;Cefotaxime;Cefoxitin;Ceftazidime;Ertapenem;Imipenem;Meropenem;Piperacillin;Piperacillin+Tazobactam;Ticarcillin;Ticarcillin+Clavulanic_acid blaKPC-19	100.0	resfinder
contig_9	resfinder~~~blaKPC-18_1~~~KT884517~~~Amoxicillin;Amoxicillin+Clavulanic_acid;Ampicillin;Ampicillin+Clavulanic_acid;Aztreonam;Cefepime;Cefotaxime;Cefoxitin;Ceftazidime;Ertapenem;Imipenem;Meropenem;Piperacillin;Piperacillin+Tazobactam;Ticarcillin;Ticarcillin+Clavulanic_acid	99.773	882	2	0	76689	77570	1	882	0.0	1618	79498	882	resfinder~~~blaKPC-18_1~~~KT884517~~~Amoxicillin;Amoxicillin+Clavulanic_acid;Ampicillin;Ampicillin+Clavulanic_acid;Aztreonam;Cefepime;Cefotaxime;Cefoxitin;Ceftazidime;Ertapenem;Imipenem;Meropenem;Piperacillin;Piperacillin+Tazobactam;Ticarcillin;Ticarcillin+Clavulanic_acid blaKPC-18	100.0	resfinder
contig_9	resfinder~~~blaKPC-17_1~~~KC465200~~~Amoxicillin;Amoxicillin+Clavulanic_acid;Ampicillin;Ampicillin+Clavulanic_acid;Aztreonam;Cefepime;Cefotaxime;Cefoxitin;Ceftazidime;Ertapenem;Imipenem;Meropenem;Piperacillin;Piperacillin+Tazobactam;Ticarcillin;Ticarcillin+Clavulanic_acid	99.773	882	2	0	76689	77570	1	882	0.0	1618	79498	882	resfinder~~~blaKPC-17_1~~~KC465200~~~Amoxicillin;Amoxicillin+Clavulanic_acid;Ampicillin;Ampicillin+Clavulanic_acid;Aztreonam;Cefepime;Cefotaxime;Cefoxitin;Ceftazidime;Ertapenem;Imipenem;Meropenem;Piperacillin;Piperacillin+Tazobactam;Ticarcillin;Ticarcillin+Clavulanic_acid blaKPC-17	100.0	resfinder
contig_9	resfinder~~~blaKPC-13_1~~~HQ342889~~~Amoxicillin;Amoxicillin+Clavulanic_acid;Ampicillin;Ampicillin+Clavulanic_acid;Aztreonam;Cefepime;Cefotaxime;Cefoxitin;Ceftazidime;Ertapenem;Imipenem;Meropenem;Piperacillin;Piperacillin+Tazobactam;Ticarcillin;Ticarcillin+Clavulanic_acid	99.773	882	2	0	76689	77570	1	882	0.0	1618	79498	882	resfinder~~~blaKPC-13_1~~~HQ342889~~~Amoxicillin;Amoxicillin+Clavulanic_acid;Ampicillin;Ampicillin+Clavulanic_acid;Aztreonam;Cefepime;Cefotaxime;Cefoxitin;Ceftazidime;Ertapenem;Imipenem;Meropenem;Piperacillin;Piperacillin+Tazobactam;Ticarcillin;Ticarcillin+Clavulanic_acid blaKPC-13	100.0	resfinder
contig_9	resfinder~~~blaKPC-12_1~~~HQ641422~~~Amoxicillin;Amoxicillin+Clavulanic_acid;Ampicillin;Ampicillin+Clavulanic_acid;Aztreonam;Cefepime;Cefotaxime;Cefoxitin;Ceftazidime;Ertapenem;Imipenem;Meropenem;Piperacillin;Piperacillin+Tazobactam;Ticarcillin;Ticarcillin+Clavulanic_acid	99.773	882	2	0	76689	77570	1	882	0.0	1618	79498	882	resfinder~~~blaKPC-12_1~~~HQ641422~~~Amoxicillin;Amoxicillin+Clavulanic_acid;Ampicillin;Ampicillin+Clavulanic_acid;Aztreonam;Cefepime;Cefotaxime;Cefoxitin;Ceftazidime;Ertapenem;Imipenem;Meropenem;Piperacillin;Piperacillin+Tazobactam;Ticarcillin;Ticarcillin+Clavulanic_acid blaKPC-12	100.0	resfinder
contig_9	resfinder~~~blaKPC-11_1~~~HM066995~~~Amoxicillin;Amoxicillin+Clavulanic_acid;Ampicillin;Ampicillin+Clavulanic_acid;Aztreonam;Cefepime;Cefotaxime;Cefoxitin;Ceftazidime;Ertapenem;Imipenem;Meropenem;Piperacillin;Piperacillin+Tazobactam;Ticarcillin;Ticarcillin+Clavulanic_acid	99.773	882	2	0	76689	77570	1	882	0.0	1618	79498	882	resfinder~~~blaKPC-11_1~~~HM066995~~~Amoxicillin;Amoxicillin+Clavulanic_acid;Ampicillin;Ampicillin+Clavulanic_acid;Aztreonam;Cefepime;Cefotaxime;Cefoxitin;Ceftazidime;Ertapenem;Imipenem;Meropenem;Piperacillin;Piperacillin+Tazobactam;Ticarcillin;Ticarcillin+Clavulanic_acid blaKPC-11	100.0	resfinder
contig_9	resfinder~~~blaKPC-4_1~~~FJ473382~~~Amoxicillin;Amoxicillin+Clavulanic_acid;Ampicillin;Ampicillin+Clavulanic_acid;Aztreonam;Cefepime;Cefotaxime;Cefoxitin;Ceftazidime;Ertapenem;Imipenem;Meropenem;Piperacillin;Piperacillin+Tazobactam;Ticarcillin;Ticarcillin+Clavulanic_acid	99.66	882	3	0	76689	77570	1	882	0.0	1613	79498	882	resfinder~~~blaKPC-4_1~~~FJ473382~~~Amoxicillin;Amoxicillin+Clavulanic_acid;Ampicillin;Ampicillin+Clavulanic_acid;Aztreonam;Cefepime;Cefotaxime;Cefoxitin;Ceftazidime;Ertapenem;Imipenem;Meropenem;Piperacillin;Piperacillin+Tazobactam;Ticarcillin;Ticarcillin+Clavulanic_acid blaKPC-4	100.0	resfinder
contig_9	resfinder~~~blaKPC-37_1~~~MH718730~~~Amoxicillin;Amoxicillin+Clavulanic_acid;Ampicillin;Ampicillin+Clavulanic_acid;Aztreonam;Cefepime;Cefotaxime;Cefoxitin;Ceftazidime;Ertapenem;Imipenem;Meropenem;Piperacillin;Piperacillin+Tazobactam;Ticarcillin;Ticarcillin+Clavulanic_acid	99.66	882	3	0	76689	77570	1	882	0.0	1613	79498	882	resfinder~~~blaKPC-37_1~~~MH718730~~~Amoxicillin;Amoxicillin+Clavulanic_acid;Ampicillin;Ampicillin+Clavulanic_acid;Aztreonam;Cefepime;Cefotaxime;Cefoxitin;Ceftazidime;Ertapenem;Imipenem;Meropenem;Piperacillin;Piperacillin+Tazobactam;Ticarcillin;Ticarcillin+Clavulanic_acid blaKPC-37	100.0	resfinder
contig_9	resfinder~~~blaKPC-22_1~~~KM379100~~~Amoxicillin;Amoxicillin+Clavulanic_acid;Ampicillin;Ampicillin+Clavulanic_acid;Aztreonam;Cefepime;Cefotaxime;Cefoxitin;Ceftazidime;Ertapenem;Imipenem;Meropenem;Piperacillin;Piperacillin+Tazobactam;Ticarcillin;Ticarcillin+Clavulanic_acid	99.66	882	3	0	76689	77570	1	882	0.0	1613	79498	882	resfinder~~~blaKPC-22_1~~~KM379100~~~Amoxicillin;Amoxicillin+Clavulanic_acid;Ampicillin;Ampicillin+Clavulanic_acid;Aztreonam;Cefepime;Cefotaxime;Cefoxitin;Ceftazidime;Ertapenem;Imipenem;Meropenem;Piperacillin;Piperacillin+Tazobactam;Ticarcillin;Ticarcillin+Clavulanic_acid blaKPC-22	100.0	resfinder
contig_9	resfinder~~~blaKPC-16_1~~~KC465199~~~Amoxicillin;Amoxicillin+Clavulanic_acid;Ampicillin;Ampicillin+Clavulanic_acid;Aztreonam;Cefepime;Cefotaxime;Cefoxitin;Ceftazidime;Ertapenem;Imipenem;Meropenem;Piperacillin;Piperacillin+Tazobactam;Ticarcillin;Ticarcillin+Clavulanic_acid	99.546	882	4	0	76689	77570	1	882	0.0	1607	79498	882	resfinder~~~blaKPC-16_1~~~KC465199~~~Amoxicillin;Amoxicillin+Clavulanic_acid;Ampicillin;Ampicillin+Clavulanic_acid;Aztreonam;Cefepime;Cefotaxime;Cefoxitin;Ceftazidime;Ertapenem;Imipenem;Meropenem;Piperacillin;Piperacillin+Tazobactam;Ticarcillin;Ticarcillin+Clavulanic_acid blaKPC-16	100.0	resfinder
contig_9	resfinder~~~blaKPC-40_1~~~NG_064726:101-988~~~	99.212	888	1	1	76689	77570	1	888	0.0	1596	79498	888	resfinder~~~blaKPC-40_1~~~NG_064726:101-988~~~ blaKPC-40	100.0	resfinder
contig_9	resfinder~~~blaKPC-25_1~~~KU216748~~~Amoxicillin;Amoxicillin+Clavulanic_acid;Ampicillin;Ampicillin+Clavulanic_acid;Aztreonam;Cefepime;Cefotaxime;Cefoxitin;Ceftazidime;Ertapenem;Imipenem;Meropenem;Piperacillin;Piperacillin+Tazobactam;Ticarcillin;Ticarcillin+Clavulanic_acid	99.212	888	1	1	76689	77570	1	888	0.0	1596	79498	888	resfinder~~~blaKPC-25_1~~~KU216748~~~Amoxicillin;Amoxicillin+Clavulanic_acid;Ampicillin;Ampicillin+Clavulanic_acid;Aztreonam;Cefepime;Cefotaxime;Cefoxitin;Ceftazidime;Ertapenem;Imipenem;Meropenem;Piperacillin;Piperacillin+Tazobactam;Ticarcillin;Ticarcillin+Clavulanic_acid blaKPC-25	100.0	resfinder
contig_9	resfinder~~~blaTEM-1A_1~~~HM749966~~~Amoxicillin;Ampicillin;Cephalothin;Piperacillin;Ticarcillin	100.0	861	0	0	63778	64638	861	1	0.0	1591	79498	861	resfinder~~~blaTEM-1A_1~~~HM749966~~~Amoxicillin;Ampicillin;Cephalothin;Piperacillin;Ticarcillin blaTEM-1A	100.0	resfinder
contig_9	resfinder~~~blaKPC-28_1~~~KY282958~~~Amoxicillin;Amoxicillin+Clavulanic_acid;Ampicillin;Ampicillin+Clavulanic_acid;Aztreonam;Cefepime;Cefotaxime;Cefoxitin;Ceftazidime;Ertapenem;Imipenem;Meropenem;Piperacillin;Piperacillin+Tazobactam;Ticarcillin;Ticarcillin+Clavulanic_acid	99.32	882	0	1	76689	77570	1	876	0.0	1591	79498	876	resfinder~~~blaKPC-28_1~~~KY282958~~~Amoxicillin;Amoxicillin+Clavulanic_acid;Ampicillin;Ampicillin+Clavulanic_acid;Aztreonam;Cefepime;Cefotaxime;Cefoxitin;Ceftazidime;Ertapenem;Imipenem;Meropenem;Piperacillin;Piperacillin+Tazobactam;Ticarcillin;Ticarcillin+Clavulanic_acid blaKPC-28	100.68493150684931	resfinder
contig_9	resfinder~~~blaKPC-29_1~~~KY563764~~~Amoxicillin;Amoxicillin+Clavulanic_acid;Ampicillin;Ampicillin+Clavulanic_acid;Aztreonam;Cefepime;Cefotaxime;Cefoxitin;Ceftazidime;Ertapenem;Imipenem;Meropenem;Piperacillin;Piperacillin+Tazobactam;Ticarcillin;Ticarcillin+Clavulanic_acid	98.99	891	0	1	76689	77570	1	891	0.0	1587	79498	891	resfinder~~~blaKPC-29_1~~~KY563764~~~Amoxicillin;Amoxicillin+Clavulanic_acid;Ampicillin;Ampicillin+Clavulanic_acid;Aztreonam;Cefepime;Cefotaxime;Cefoxitin;Ceftazidime;Ertapenem;Imipenem;Meropenem;Piperacillin;Piperacillin+Tazobactam;Ticarcillin;Ticarcillin+Clavulanic_acid blaKPC-29	100.0	resfinder
contig_9	resfinder~~~blaTEM-90_1~~~AF351241~~~Amoxicillin;Ampicillin;Cephalothin;Piperacillin;Ticarcillin	99.884	861	1	0	63778	64638	861	1	0.0	1585	79498	861	resfinder~~~blaTEM-90_1~~~AF351241~~~Amoxicillin;Ampicillin;Cephalothin;Piperacillin;Ticarcillin blaTEM-90	100.0	resfinder
contig_9	resfinder~~~blaTEM-54_1~~~AF104442~~~Amoxicillin;Amoxicillin+Clavulanic_acid;Ampicillin;Ampicillin+Clavulanic_acid;Piperacillin;Piperacillin+Tazobactam;Ticarcillin;Ticarcillin+Clavulanic_acid	99.884	861	1	0	63778	64638	861	1	0.0	1585	79498	861	resfinder~~~blaTEM-54_1~~~AF104442~~~Amoxicillin;Amoxicillin+Clavulanic_acid;Ampicillin;Ampicillin+Clavulanic_acid;Piperacillin;Piperacillin+Tazobactam;Ticarcillin;Ticarcillin+Clavulanic_acid blaTEM-54	100.0	resfinder
contig_9	resfinder~~~blaTEM-231_1~~~MG821378~~~	99.884	861	1	0	63778	64638	861	1	0.0	1585	79498	861	resfinder~~~blaTEM-231_1~~~MG821378~~~ blaTEM-231	100.0	resfinder
contig_9	resfinder~~~blaTEM-1C_1~~~FJ560503~~~Amoxicillin;Ampicillin;Cephalothin;Piperacillin;Ticarcillin	99.884	861	1	0	63778	64638	861	1	0.0	1585	79498	861	resfinder~~~blaTEM-1C_1~~~FJ560503~~~Amoxicillin;Ampicillin;Cephalothin;Piperacillin;Ticarcillin blaTEM-1C	100.0	resfinder
contig_9	resfinder~~~blaTEM-183_1~~~HQ529916~~~Amoxicillin;Ampicillin;Cephalothin;Piperacillin;Ticarcillin	99.884	861	1	0	63778	64638	861	1	0.0	1585	79498	861	resfinder~~~blaTEM-183_1~~~HQ529916~~~Amoxicillin;Ampicillin;Cephalothin;Piperacillin;Ticarcillin blaTEM-183	100.0	resfinder
contig_9	resfinder~~~blaTEM-181_1~~~KM977568~~~	99.884	861	1	0	63778	64638	861	1	0.0	1585	79498	861	resfinder~~~blaTEM-181_1~~~KM977568~~~ blaTEM-181	100.0	resfinder
contig_9	resfinder~~~blaTEM-171_1~~~GQ149347~~~	99.884	861	1	0	63778	64638	861	1	0.0	1585	79498	861	resfinder~~~blaTEM-171_1~~~GQ149347~~~ blaTEM-171	100.0	resfinder
contig_9	resfinder~~~blaTEM-168_1~~~FJ919776~~~Amoxicillin;Ampicillin;Aztreonam;Cefepime;Cefotaxime;Ceftazidime;Ceftriaxone;Piperacillin;Ticarcillin	99.884	861	1	0	63778	64638	861	1	0.0	1585	79498	861	resfinder~~~blaTEM-168_1~~~FJ919776~~~Amoxicillin;Ampicillin;Aztreonam;Cefepime;Cefotaxime;Ceftazidime;Ceftriaxone;Piperacillin;Ticarcillin blaTEM-168	100.0	resfinder
contig_9	resfinder~~~blaTEM-156_1~~~AM941159~~~	99.884	861	1	0	63778	64638	861	1	0.0	1585	79498	861	resfinder~~~blaTEM-156_1~~~AM941159~~~ blaTEM-156	100.0	resfinder
contig_9	resfinder~~~blaTEM-150_1~~~AM183304~~~	99.884	861	1	0	63778	64638	861	1	0.0	1585	79498	861	resfinder~~~blaTEM-150_1~~~AM183304~~~ blaTEM-150	100.0	resfinder
contig_9	resfinder~~~blaKPC-15_1~~~KC433553~~~Amoxicillin;Amoxicillin+Clavulanic_acid;Ampicillin;Ampicillin+Clavulanic_acid;Aztreonam;Cefepime;Cefotaxime;Cefoxitin;Ceftazidime;Ertapenem;Imipenem;Meropenem;Piperacillin;Piperacillin+Tazobactam;Ticarcillin;Ticarcillin+Clavulanic_acid	99.093	882	8	0	76689	77570	1	882	0.0	1585	79498	882	resfinder~~~blaKPC-15_1~~~KC433553~~~Amoxicillin;Amoxicillin+Clavulanic_acid;Ampicillin;Ampicillin+Clavulanic_acid;Aztreonam;Cefepime;Cefotaxime;Cefoxitin;Ceftazidime;Ertapenem;Imipenem;Meropenem;Piperacillin;Piperacillin+Tazobactam;Ticarcillin;Ticarcillin+Clavulanic_acid blaKPC-15	100.0	resfinder
contig_9	resfinder~~~blaKPC-14_1~~~JX524191~~~Amoxicillin;Amoxicillin+Clavulanic_acid;Ampicillin;Ampicillin+Clavulanic_acid;Aztreonam;Cefepime;Cefotaxime;Cefoxitin;Ceftazidime;Ertapenem;Imipenem;Meropenem;Piperacillin;Piperacillin+Tazobactam;Ticarcillin;Ticarcillin+Clavulanic_acid	99.206	882	1	1	76689	77570	1	876	0.0	1585	79498	876	resfinder~~~blaKPC-14_1~~~JX524191~~~Amoxicillin;Amoxicillin+Clavulanic_acid;Ampicillin;Ampicillin+Clavulanic_acid;Aztreonam;Cefepime;Cefotaxime;Cefoxitin;Ceftazidime;Ertapenem;Imipenem;Meropenem;Piperacillin;Piperacillin+Tazobactam;Ticarcillin;Ticarcillin+Clavulanic_acid blaKPC-14	100.68493150684931	resfinder
contig_9	resfinder~~~blaKPC-41_1~~~MK497255~~~Amoxicillin;Amoxicillin+Clavulanic_acid;Ampicillin;Ampicillin+Clavulanic_acid;Aztreonam;Cefepime;Cefotaxime;Cefoxitin;Ceftazidime;Ceftazidime+Avibactam;Ertapenem;Imipenem;Meropenem;Piperacillin;Piperacillin+Tazobactam;Ticarcillin;Ticarcillin+Clavulanic_acid	98.878	891	1	1	76689	77570	1	891	0.0	1583	79498	891	resfinder~~~blaKPC-41_1~~~MK497255~~~Amoxicillin;Amoxicillin+Clavulanic_acid;Ampicillin;Ampicillin+Clavulanic_acid;Aztreonam;Cefepime;Cefotaxime;Cefoxitin;Ceftazidime;Ceftazidime+Avibactam;Ertapenem;Imipenem;Meropenem;Piperacillin;Piperacillin+Tazobactam;Ticarcillin;Ticarcillin+Clavulanic_acid blaKPC-41	100.0	resfinder
contig_9	resfinder~~~blaTEM-82_1~~~AF427128~~~Amoxicillin;Amoxicillin+Clavulanic_acid;Ampicillin;Ampicillin+Clavulanic_acid;Piperacillin;Piperacillin+Tazobactam;Ticarcillin;Ticarcillin+Clavulanic_acid	99.768	861	2	0	63778	64638	861	1	0.0	1580	79498	861	resfinder~~~blaTEM-82_1~~~AF427128~~~Amoxicillin;Amoxicillin+Clavulanic_acid;Ampicillin;Ampicillin+Clavulanic_acid;Piperacillin;Piperacillin+Tazobactam;Ticarcillin;Ticarcillin+Clavulanic_acid blaTEM-82	100.0	resfinder
contig_9	resfinder~~~blaTEM-81_1~~~AF427127~~~Amoxicillin;Amoxicillin+Clavulanic_acid;Ampicillin;Ampicillin+Clavulanic_acid;Piperacillin;Piperacillin+Tazobactam;Ticarcillin;Ticarcillin+Clavulanic_acid	99.768	861	2	0	63778	64638	861	1	0.0	1580	79498	861	resfinder~~~blaTEM-81_1~~~AF427127~~~Amoxicillin;Amoxicillin+Clavulanic_acid;Ampicillin;Ampicillin+Clavulanic_acid;Piperacillin;Piperacillin+Tazobactam;Ticarcillin;Ticarcillin+Clavulanic_acid blaTEM-81	100.0	resfinder
contig_9	resfinder~~~blaTEM-6_1~~~X57972~~~Amoxicillin;Ampicillin;Aztreonam;Cefepime;Cefotaxime;Ceftazidime;Ceftriaxone;Piperacillin;Ticarcillin	99.768	861	2	0	63778	64638	861	1	0.0	1580	79498	861	resfinder~~~blaTEM-6_1~~~X57972~~~Amoxicillin;Ampicillin;Aztreonam;Cefepime;Cefotaxime;Ceftazidime;Ceftriaxone;Piperacillin;Ticarcillin blaTEM-6	100.0	resfinder
contig_9	resfinder~~~blaTEM-40_1~~~FR717535~~~Amoxicillin;Amoxicillin+Clavulanic_acid;Ampicillin;Ampicillin+Clavulanic_acid;Piperacillin;Piperacillin+Tazobactam;Ticarcillin;Ticarcillin+Clavulanic_acid	99.768	861	2	0	63778	64638	861	1	0.0	1580	79498	861	resfinder~~~blaTEM-40_1~~~FR717535~~~Amoxicillin;Amoxicillin+Clavulanic_acid;Ampicillin;Ampicillin+Clavulanic_acid;Piperacillin;Piperacillin+Tazobactam;Ticarcillin;Ticarcillin+Clavulanic_acid blaTEM-40	100.0	resfinder
contig_9	resfinder~~~blaTEM-26_1~~~LDCJ01000052~~~Amoxicillin;Ampicillin;Aztreonam;Cefepime;Cefotaxime;Ceftazidime;Ceftriaxone;Piperacillin;Ticarcillin	99.768	861	2	0	63778	64638	861	1	0.0	1580	79498	861	resfinder~~~blaTEM-26_1~~~LDCJ01000052~~~Amoxicillin;Ampicillin;Aztreonam;Cefepime;Cefotaxime;Ceftazidime;Ceftriaxone;Piperacillin;Ticarcillin blaTEM-26	100.0	resfinder
contig_9	resfinder~~~blaTEM-219_1~~~KM114268~~~	99.768	861	2	0	63778	64638	861	1	0.0	1580	79498	861	resfinder~~~blaTEM-219_1~~~KM114268~~~ blaTEM-219	100.0	resfinder
contig_9	resfinder~~~blaTEM-189_1~~~JN254627~~~	99.768	861	2	0	63778	64638	861	1	0.0	1580	79498	861	resfinder~~~blaTEM-189_1~~~JN254627~~~ blaTEM-189	100.0	resfinder
contig_9	resfinder~~~blaTEM-154_1~~~FJ807656~~~Amoxicillin;Amoxicillin+Clavulanic_acid;Ampicillin;Ampicillin+Clavulanic_acid;Aztreonam;Cefepime;Cefotaxime;Ceftazidime;Ceftriaxone;Piperacillin;Piperacillin+Tazobactam;Ticarcillin;Ticarcillin+Clavulanic_acid	99.768	861	2	0	63778	64638	861	1	0.0	1580	79498	861	resfinder~~~blaTEM-154_1~~~FJ807656~~~Amoxicillin;Amoxicillin+Clavulanic_acid;Ampicillin;Ampicillin+Clavulanic_acid;Aztreonam;Cefepime;Cefotaxime;Ceftazidime;Ceftriaxone;Piperacillin;Piperacillin+Tazobactam;Ticarcillin;Ticarcillin+Clavulanic_acid blaTEM-154	100.0	resfinder
contig_9	resfinder~~~blaTEM-146_1~~~DQ105529~~~	99.768	861	2	0	63778	64638	861	1	0.0	1580	79498	861	resfinder~~~blaTEM-146_1~~~DQ105529~~~ blaTEM-146	100.0	resfinder
contig_9	resfinder~~~blaTEM-116_1~~~AY425988~~~Amoxicillin;Ampicillin;Cephalothin;Piperacillin;Ticarcillin	99.768	861	2	0	63778	64638	861	1	0.0	1580	79498	861	resfinder~~~blaTEM-116_1~~~AY425988~~~Amoxicillin;Ampicillin;Cephalothin;Piperacillin;Ticarcillin blaTEM-116	100.0	resfinder
contig_9	resfinder~~~blaTEM-112_1~~~AY589493~~~Amoxicillin;Ampicillin;Aztreonam;Cefepime;Cefotaxime;Ceftazidime;Ceftriaxone;Piperacillin;Ticarcillin	99.768	861	2	0	63778	64638	861	1	0.0	1580	79498	861	resfinder~~~blaTEM-112_1~~~AY589493~~~Amoxicillin;Ampicillin;Aztreonam;Cefepime;Cefotaxime;Ceftazidime;Ceftriaxone;Piperacillin;Ticarcillin blaTEM-112	100.0	resfinder
contig_9	resfinder~~~blaTEM-96_1~~~AY092401~~~	99.652	861	3	0	63778	64638	861	1	0.0	1574	79498	861	resfinder~~~blaTEM-96_1~~~AY092401~~~ blaTEM-96	100.0	resfinder
contig_9	resfinder~~~blaTEM-93_1~~~AJ318093~~~Amoxicillin;Ampicillin;Aztreonam;Cefepime;Cefotaxime;Ceftazidime;Ceftriaxone;Piperacillin;Ticarcillin	99.652	861	3	0	63778	64638	861	1	0.0	1574	79498	861	resfinder~~~blaTEM-93_1~~~AJ318093~~~Amoxicillin;Ampicillin;Aztreonam;Cefepime;Cefotaxime;Ceftazidime;Ceftriaxone;Piperacillin;Ticarcillin blaTEM-93	100.0	resfinder
contig_9	resfinder~~~blaTEM-80_1~~~AF347054~~~Amoxicillin;Amoxicillin+Clavulanic_acid;Ampicillin;Ampicillin+Clavulanic_acid;Piperacillin;Piperacillin+Tazobactam;Ticarcillin;Ticarcillin+Clavulanic_acid	99.652	861	3	0	63778	64638	861	1	0.0	1574	79498	861	resfinder~~~blaTEM-80_1~~~AF347054~~~Amoxicillin;Amoxicillin+Clavulanic_acid;Ampicillin;Ampicillin+Clavulanic_acid;Piperacillin;Piperacillin+Tazobactam;Ticarcillin;Ticarcillin+Clavulanic_acid blaTEM-80	100.0	resfinder
contig_9	resfinder~~~blaTEM-79_1~~~AF190692~~~Amoxicillin;Amoxicillin+Clavulanic_acid;Ampicillin;Ampicillin+Clavulanic_acid;Piperacillin;Piperacillin+Tazobactam;Ticarcillin;Ticarcillin+Clavulanic_acid	99.652	861	3	0	63778	64638	861	1	0.0	1574	79498	861	resfinder~~~blaTEM-79_1~~~AF190692~~~Amoxicillin;Amoxicillin+Clavulanic_acid;Ampicillin;Ampicillin+Clavulanic_acid;Piperacillin;Piperacillin+Tazobactam;Ticarcillin;Ticarcillin+Clavulanic_acid blaTEM-79	100.0	resfinder
contig_9	resfinder~~~blaTEM-57_1~~~FJ405211~~~Amoxicillin;Ampicillin;Cephalothin;Piperacillin;Ticarcillin	99.652	861	3	0	63778	64638	861	1	0.0	1574	79498	861	resfinder~~~blaTEM-57_1~~~FJ405211~~~Amoxicillin;Ampicillin;Cephalothin;Piperacillin;Ticarcillin blaTEM-57	100.0	resfinder
contig_9	resfinder~~~blaTEM-55_1~~~DQ286729~~~Amoxicillin;Ampicillin;Cephalothin;Piperacillin;Ticarcillin	99.652	861	3	0	63778	64638	861	1	0.0	1574	79498	861	resfinder~~~blaTEM-55_1~~~DQ286729~~~Amoxicillin;Ampicillin;Cephalothin;Piperacillin;Ticarcillin blaTEM-55	100.0	resfinder
contig_9	resfinder~~~blaTEM-52_1~~~Y13612~~~Amoxicillin;Ampicillin;Aztreonam;Cefepime;Cefotaxime;Ceftazidime;Ceftriaxone;Piperacillin;Ticarcillin	99.652	861	3	0	63778	64638	861	1	0.0	1574	79498	861	resfinder~~~blaTEM-52_1~~~Y13612~~~Amoxicillin;Ampicillin;Aztreonam;Cefepime;Cefotaxime;Ceftazidime;Ceftriaxone;Piperacillin;Ticarcillin blaTEM-52	100.0	resfinder
contig_9	resfinder~~~blaTEM-32_1~~~CXLQ01000061~~~Amoxicillin;Amoxicillin+Clavulanic_acid;Ampicillin;Ampicillin+Clavulanic_acid;Piperacillin;Piperacillin+Tazobactam;Ticarcillin;Ticarcillin+Clavulanic_acid	99.652	861	3	0	63778	64638	861	1	0.0	1574	79498	861	resfinder~~~blaTEM-32_1~~~CXLQ01000061~~~Amoxicillin;Amoxicillin+Clavulanic_acid;Ampicillin;Ampicillin+Clavulanic_acid;Piperacillin;Piperacillin+Tazobactam;Ticarcillin;Ticarcillin+Clavulanic_acid blaTEM-32	100.0	resfinder
contig_9	resfinder~~~blaTEM-29_1~~~DQ269440~~~Amoxicillin;Ampicillin;Aztreonam;Cefepime;Cefotaxime;Ceftazidime;Ceftriaxone;Piperacillin;Ticarcillin	99.652	861	3	0	63778	64638	861	1	0.0	1574	79498	861	resfinder~~~blaTEM-29_1~~~DQ269440~~~Amoxicillin;Ampicillin;Aztreonam;Cefepime;Cefotaxime;Ceftazidime;Ceftriaxone;Piperacillin;Ticarcillin blaTEM-29	100.0	resfinder
contig_9	resfinder~~~blaTEM-229_1~~~MG821356~~~	99.652	861	3	0	63778	64638	861	1	0.0	1574	79498	861	resfinder~~~blaTEM-229_1~~~MG821356~~~ blaTEM-229	100.0	resfinder
contig_9	resfinder~~~blaTEM-20_1~~~EU527189~~~Amoxicillin;Ampicillin;Aztreonam;Cefepime;Cefotaxime;Ceftazidime;Ceftriaxone;Piperacillin;Ticarcillin	99.652	861	3	0	63778	64638	861	1	0.0	1574	79498	861	resfinder~~~blaTEM-20_1~~~EU527189~~~Amoxicillin;Ampicillin;Aztreonam;Cefepime;Cefotaxime;Ceftazidime;Ceftriaxone;Piperacillin;Ticarcillin blaTEM-20	100.0	resfinder
contig_9	resfinder~~~blaTEM-209_1~~~KF240808~~~	99.652	861	3	0	63778	64638	861	1	0.0	1574	79498	861	resfinder~~~blaTEM-209_1~~~KF240808~~~ blaTEM-209	100.0	resfinder
contig_9	resfinder~~~blaTEM-1B_1~~~AY458016~~~Amoxicillin;Ampicillin;Cephalothin;Piperacillin;Ticarcillin	99.652	861	3	0	63778	64638	861	1	0.0	1574	79498	861	resfinder~~~blaTEM-1B_1~~~AY458016~~~Amoxicillin;Ampicillin;Cephalothin;Piperacillin;Ticarcillin blaTEM-1B	100.0	resfinder
contig_9	resfinder~~~blaTEM-197_1~~~HQ877606~~~Amoxicillin;Ampicillin;Aztreonam;Cefepime;Cefotaxime;Ceftazidime;Ceftriaxone;Piperacillin;Ticarcillin	99.652	861	3	0	63778	64638	861	1	0.0	1574	79498	861	resfinder~~~blaTEM-197_1~~~HQ877606~~~Amoxicillin;Ampicillin;Aztreonam;Cefepime;Cefotaxime;Ceftazidime;Ceftriaxone;Piperacillin;Ticarcillin blaTEM-197	100.0	resfinder
contig_9	resfinder~~~blaTEM-141_1~~~AY956335~~~Amoxicillin;Ampicillin;Cephalothin;Piperacillin;Ticarcillin	99.652	861	3	0	63778	64638	861	1	0.0	1574	79498	861	resfinder~~~blaTEM-141_1~~~AY956335~~~Amoxicillin;Ampicillin;Cephalothin;Piperacillin;Ticarcillin blaTEM-141	100.0	resfinder
contig_9	resfinder~~~blaTEM-135_1~~~GQ896333~~~Amoxicillin;Ampicillin;Cephalothin;Piperacillin;Ticarcillin	99.652	861	3	0	63778	64638	861	1	0.0	1574	79498	861	resfinder~~~blaTEM-135_1~~~GQ896333~~~Amoxicillin;Ampicillin;Cephalothin;Piperacillin;Ticarcillin blaTEM-135	100.0	resfinder
contig_9	resfinder~~~blaTEM-122_1~~~AY307100~~~Amoxicillin;Amoxicillin+Clavulanic_acid;Ampicillin;Ampicillin+Clavulanic_acid;Piperacillin;Piperacillin+Tazobactam;Ticarcillin;Ticarcillin+Clavulanic_acid	99.652	861	3	0	63778	64638	861	1	0.0	1574	79498	861	resfinder~~~blaTEM-122_1~~~AY307100~~~Amoxicillin;Amoxicillin+Clavulanic_acid;Ampicillin;Ampicillin+Clavulanic_acid;Piperacillin;Piperacillin+Tazobactam;Ticarcillin;Ticarcillin+Clavulanic_acid blaTEM-122	100.0	resfinder
contig_9	resfinder~~~blaTEM-98_1~~~AF397068~~~Amoxicillin;Ampicillin;Cephalothin;Piperacillin;Ticarcillin	99.883	853	1	0	63778	64630	861	9	0.0	1570	79498	861	resfinder~~~blaTEM-98_1~~~AF397068~~~Amoxicillin;Ampicillin;Cephalothin;Piperacillin;Ticarcillin blaTEM-98	99.07084785133566	resfinder
contig_9	resfinder~~~blaTEM-95_1~~~AJ308558~~~Amoxicillin;Ampicillin;Cephalothin;Piperacillin;Ticarcillin	99.535	861	4	0	63778	64638	861	1	0.0	1568	79498	861	resfinder~~~blaTEM-95_1~~~AJ308558~~~Amoxicillin;Ampicillin;Cephalothin;Piperacillin;Ticarcillin blaTEM-95	100.0	resfinder
contig_9	resfinder~~~blaTEM-91_1~~~AB049569~~~Amoxicillin;Ampicillin;Aztreonam;Cefepime;Cefotaxime;Ceftazidime;Ceftriaxone;Piperacillin;Ticarcillin	99.535	861	4	0	63778	64638	861	1	0.0	1568	79498	861	resfinder~~~blaTEM-91_1~~~AB049569~~~Amoxicillin;Ampicillin;Aztreonam;Cefepime;Cefotaxime;Ceftazidime;Ceftriaxone;Piperacillin;Ticarcillin blaTEM-91	100.0	resfinder
contig_9	resfinder~~~blaTEM-76_1~~~AF190694~~~Amoxicillin;Amoxicillin+Clavulanic_acid;Ampicillin;Ampicillin+Clavulanic_acid;Piperacillin;Piperacillin+Tazobactam;Ticarcillin;Ticarcillin+Clavulanic_acid	99.535	861	4	0	63778	64638	861	1	0.0	1568	79498	861	resfinder~~~blaTEM-76_1~~~AF190694~~~Amoxicillin;Amoxicillin+Clavulanic_acid;Ampicillin;Ampicillin+Clavulanic_acid;Piperacillin;Piperacillin+Tazobactam;Ticarcillin;Ticarcillin+Clavulanic_acid blaTEM-76	100.0	resfinder
contig_9	resfinder~~~blaTEM-70_1~~~AF188199~~~	99.535	861	4	0	63778	64638	861	1	0.0	1568	79498	861	resfinder~~~blaTEM-70_1~~~AF188199~~~ blaTEM-70	100.0	resfinder
contig_9	resfinder~~~blaTEM-52C_2~~~EF141186~~~Amoxicillin;Ampicillin;Aztreonam;Cefepime;Cefotaxime;Ceftazidime;Ceftriaxone;Piperacillin;Ticarcillin	99.535	861	4	0	63778	64638	861	1	0.0	1568	79498	861	resfinder~~~blaTEM-52C_2~~~EF141186~~~Amoxicillin;Ampicillin;Aztreonam;Cefepime;Cefotaxime;Ceftazidime;Ceftriaxone;Piperacillin;Ticarcillin blaTEM-52C	100.0	resfinder
contig_9	resfinder~~~blaTEM-34_1~~~KC292503~~~Amoxicillin;Amoxicillin+Clavulanic_acid;Ampicillin;Ampicillin+Clavulanic_acid;Piperacillin;Piperacillin+Tazobactam;Ticarcillin;Ticarcillin+Clavulanic_acid	99.535	861	4	0	63778	64638	861	1	0.0	1568	79498	861	resfinder~~~blaTEM-34_1~~~KC292503~~~Amoxicillin;Amoxicillin+Clavulanic_acid;Ampicillin;Ampicillin+Clavulanic_acid;Piperacillin;Piperacillin+Tazobactam;Ticarcillin;Ticarcillin+Clavulanic_acid blaTEM-34	100.0	resfinder
contig_9	resfinder~~~blaTEM-33_1~~~GU371926~~~Amoxicillin;Amoxicillin+Clavulanic_acid;Ampicillin;Ampicillin+Clavulanic_acid;Piperacillin;Piperacillin+Tazobactam;Ticarcillin;Ticarcillin+Clavulanic_acid	99.535	861	4	0	63778	64638	861	1	0.0	1568	79498	861	resfinder~~~blaTEM-33_1~~~GU371926~~~Amoxicillin;Amoxicillin+Clavulanic_acid;Ampicillin;Ampicillin+Clavulanic_acid;Piperacillin;Piperacillin+Tazobactam;Ticarcillin;Ticarcillin+Clavulanic_acid blaTEM-33	100.0	resfinder
contig_9	resfinder~~~blaTEM-30_1~~~AJ437107~~~Amoxicillin;Amoxicillin+Clavulanic_acid;Ampicillin;Ampicillin+Clavulanic_acid;Piperacillin;Piperacillin+Tazobactam;Ticarcillin;Ticarcillin+Clavulanic_acid	99.535	861	4	0	63778	64638	861	1	0.0	1568	79498	861	resfinder~~~blaTEM-30_1~~~AJ437107~~~Amoxicillin;Amoxicillin+Clavulanic_acid;Ampicillin;Ampicillin+Clavulanic_acid;Piperacillin;Piperacillin+Tazobactam;Ticarcillin;Ticarcillin+Clavulanic_acid blaTEM-30	100.0	resfinder
contig_9	resfinder~~~blaTEM-234_1~~~MH243353~~~	99.535	861	4	0	63778	64638	861	1	0.0	1568	79498	861	resfinder~~~blaTEM-234_1~~~MH243353~~~ blaTEM-234	100.0	resfinder
contig_9	resfinder~~~blaTEM-217_1~~~HG934763~~~	99.535	861	4	0	63778	64638	861	1	0.0	1568	79498	861	resfinder~~~blaTEM-217_1~~~HG934763~~~ blaTEM-217	100.0	resfinder
contig_9	resfinder~~~blaTEM-215_1~~~KP050492~~~	99.535	861	4	0	63778	64638	861	1	0.0	1568	79498	861	resfinder~~~blaTEM-215_1~~~KP050492~~~ blaTEM-215	100.0	resfinder
contig_9	resfinder~~~blaTEM-214_1~~~KP050491~~~	99.535	861	4	0	63778	64638	861	1	0.0	1568	79498	861	resfinder~~~blaTEM-214_1~~~KP050491~~~ blaTEM-214	100.0	resfinder
contig_9	resfinder~~~blaTEM-213_1~~~LJEE02000034~~~Amoxicillin;Ampicillin;Aztreonam;Cefepime;Cefotaxime;Ceftazidime;Ceftriaxone;Piperacillin;Ticarcillin	99.535	861	4	0	63778	64638	861	1	0.0	1568	79498	861	resfinder~~~blaTEM-213_1~~~LJEE02000034~~~Amoxicillin;Ampicillin;Aztreonam;Cefepime;Cefotaxime;Ceftazidime;Ceftriaxone;Piperacillin;Ticarcillin blaTEM-213	100.0	resfinder
contig_9	resfinder~~~blaTEM-208_1~~~KC865667~~~	99.535	861	4	0	63778	64638	861	1	0.0	1568	79498	861	resfinder~~~blaTEM-208_1~~~KC865667~~~ blaTEM-208	100.0	resfinder
contig_9	resfinder~~~blaTEM-207_1~~~KC818234~~~Amoxicillin;Ampicillin;Aztreonam;Cefepime;Cefotaxime;Ceftazidime;Ceftriaxone;Piperacillin;Ticarcillin	99.535	861	4	0	63778	64638	861	1	0.0	1568	79498	861	resfinder~~~blaTEM-207_1~~~KC818234~~~Amoxicillin;Ampicillin;Aztreonam;Cefepime;Cefotaxime;Ceftazidime;Ceftriaxone;Piperacillin;Ticarcillin blaTEM-207	100.0	resfinder
contig_9	resfinder~~~blaTEM-206_1~~~KC783461~~~Amoxicillin;Ampicillin;Cephalothin;Piperacillin;Ticarcillin	99.535	861	4	0	63778	64638	861	1	0.0	1568	79498	861	resfinder~~~blaTEM-206_1~~~KC783461~~~Amoxicillin;Ampicillin;Cephalothin;Piperacillin;Ticarcillin blaTEM-206	100.0	resfinder
contig_9	resfinder~~~blaTEM-1D_1~~~AF188200~~~Amoxicillin;Ampicillin;Cephalothin;Piperacillin;Ticarcillin	99.535	861	4	0	63778	64638	861	1	0.0	1568	79498	861	resfinder~~~blaTEM-1D_1~~~AF188200~~~Amoxicillin;Ampicillin;Cephalothin;Piperacillin;Ticarcillin blaTEM-1D	100.0	resfinder
contig_9	resfinder~~~blaTEM-198_1~~~AB700703~~~	99.535	861	4	0	63778	64638	861	1	0.0	1568	79498	861	resfinder~~~blaTEM-198_1~~~AB700703~~~ blaTEM-198	100.0	resfinder
contig_9	resfinder~~~blaTEM-186_1~~~JN227084~~~Amoxicillin;Ampicillin;Cephalothin;Piperacillin;Ticarcillin	99.535	861	4	0	63778	64638	861	1	0.0	1568	79498	861	resfinder~~~blaTEM-186_1~~~JN227084~~~Amoxicillin;Ampicillin;Cephalothin;Piperacillin;Ticarcillin blaTEM-186	100.0	resfinder
contig_9	resfinder~~~blaTEM-176_1~~~GU550123~~~	99.535	861	4	0	63778	64638	861	1	0.0	1568	79498	861	resfinder~~~blaTEM-176_1~~~GU550123~~~ blaTEM-176	100.0	resfinder
contig_9	resfinder~~~blaTEM-169_1~~~KP012538~~~Amoxicillin;Ampicillin;Aztreonam;Cefepime;Cefotaxime;Ceftazidime;Ceftriaxone;Piperacillin;Ticarcillin	99.535	861	4	0	63778	64638	861	1	0.0	1568	79498	861	resfinder~~~blaTEM-169_1~~~KP012538~~~Amoxicillin;Ampicillin;Aztreonam;Cefepime;Cefotaxime;Ceftazidime;Ceftriaxone;Piperacillin;Ticarcillin blaTEM-169	100.0	resfinder
contig_9	resfinder~~~blaTEM-166_1~~~FJ197316~~~	99.535	861	4	0	63778	64638	861	1	0.0	1568	79498	861	resfinder~~~blaTEM-166_1~~~FJ197316~~~ blaTEM-166	100.0	resfinder
contig_9	resfinder~~~blaTEM-163_1~~~EU815939~~~Amoxicillin;Amoxicillin+Clavulanic_acid;Ampicillin;Ampicillin+Clavulanic_acid;Piperacillin;Piperacillin+Tazobactam;Ticarcillin;Ticarcillin+Clavulanic_acid	99.535	861	4	0	63778	64638	861	1	0.0	1568	79498	861	resfinder~~~blaTEM-163_1~~~EU815939~~~Amoxicillin;Amoxicillin+Clavulanic_acid;Ampicillin;Ampicillin+Clavulanic_acid;Piperacillin;Piperacillin+Tazobactam;Ticarcillin;Ticarcillin+Clavulanic_acid blaTEM-163	100.0	resfinder
contig_9	resfinder~~~blaTEM-157_1~~~DQ909059~~~Amoxicillin;Ampicillin;Aztreonam;Cefepime;Cefotaxime;Ceftazidime;Ceftriaxone;Piperacillin;Ticarcillin	99.535	861	4	0	63778	64638	861	1	0.0	1568	79498	861	resfinder~~~blaTEM-157_1~~~DQ909059~~~Amoxicillin;Ampicillin;Aztreonam;Cefepime;Cefotaxime;Ceftazidime;Ceftriaxone;Piperacillin;Ticarcillin blaTEM-157	100.0	resfinder
contig_9	resfinder~~~blaTEM-153_1~~~KC149518~~~Amoxicillin;Ampicillin;Aztreonam;Cefepime;Cefotaxime;Ceftazidime;Ceftriaxone;Piperacillin;Ticarcillin	99.535	861	4	0	63778	64638	861	1	0.0	1568	79498	861	resfinder~~~blaTEM-153_1~~~KC149518~~~Amoxicillin;Ampicillin;Aztreonam;Cefepime;Cefotaxime;Ceftazidime;Ceftriaxone;Piperacillin;Ticarcillin blaTEM-153	100.0	resfinder
contig_9	resfinder~~~blaTEM-148_1~~~AM087454~~~	99.535	861	4	0	63778	64638	861	1	0.0	1568	79498	861	resfinder~~~blaTEM-148_1~~~AM087454~~~ blaTEM-148	100.0	resfinder
contig_9	resfinder~~~blaTEM-147_1~~~DQ279850~~~Amoxicillin;Ampicillin;Aztreonam;Cefepime;Cefotaxime;Ceftazidime;Ceftriaxone;Piperacillin;Ticarcillin	99.535	861	4	0	63778	64638	861	1	0.0	1568	79498	861	resfinder~~~blaTEM-147_1~~~DQ279850~~~Amoxicillin;Ampicillin;Aztreonam;Cefepime;Cefotaxime;Ceftazidime;Ceftriaxone;Piperacillin;Ticarcillin blaTEM-147	100.0	resfinder
contig_9	resfinder~~~blaTEM-143_1~~~DQ075245~~~Amoxicillin;Ampicillin;Aztreonam;Cefepime;Cefotaxime;Ceftazidime;Ceftriaxone;Piperacillin;Ticarcillin	99.535	861	4	0	63778	64638	861	1	0.0	1568	79498	861	resfinder~~~blaTEM-143_1~~~DQ075245~~~Amoxicillin;Ampicillin;Aztreonam;Cefepime;Cefotaxime;Ceftazidime;Ceftriaxone;Piperacillin;Ticarcillin blaTEM-143	100.0	resfinder
contig_9	resfinder~~~blaTEM-128_1~~~AY368237~~~Amoxicillin;Ampicillin;Cephalothin;Piperacillin;Ticarcillin	99.535	861	4	0	63778	64638	861	1	0.0	1568	79498	861	resfinder~~~blaTEM-128_1~~~AY368237~~~Amoxicillin;Ampicillin;Cephalothin;Piperacillin;Ticarcillin blaTEM-128	100.0	resfinder
contig_9	resfinder~~~blaTEM-127_1~~~AY368236~~~Amoxicillin;Ampicillin;Cephalothin;Piperacillin;Ticarcillin	99.535	861	4	0	63778	64638	861	1	0.0	1568	79498	861	resfinder~~~blaTEM-127_1~~~AY368236~~~Amoxicillin;Ampicillin;Cephalothin;Piperacillin;Ticarcillin blaTEM-127	100.0	resfinder
contig_9	resfinder~~~blaTEM-105_1~~~AF516720~~~	99.535	861	4	0	63778	64638	861	1	0.0	1568	79498	861	resfinder~~~blaTEM-105_1~~~AF516720~~~ blaTEM-105	100.0	resfinder
contig_9	resfinder~~~blaTEM-84_1~~~AF427130~~~Amoxicillin;Amoxicillin+Clavulanic_acid;Ampicillin;Ampicillin+Clavulanic_acid;Piperacillin;Piperacillin+Tazobactam;Ticarcillin;Ticarcillin+Clavulanic_acid	99.419	861	5	0	63778	64638	861	1	0.0	1563	79498	861	resfinder~~~blaTEM-84_1~~~AF427130~~~Amoxicillin;Amoxicillin+Clavulanic_acid;Ampicillin;Ampicillin+Clavulanic_acid;Piperacillin;Piperacillin+Tazobactam;Ticarcillin;Ticarcillin+Clavulanic_acid blaTEM-84	100.0	resfinder
contig_9	resfinder~~~blaTEM-77_1~~~AF190695~~~Amoxicillin;Amoxicillin+Clavulanic_acid;Ampicillin;Ampicillin+Clavulanic_acid;Piperacillin;Piperacillin+Tazobactam;Ticarcillin;Ticarcillin+Clavulanic_acid	99.419	861	5	0	63778	64638	861	1	0.0	1563	79498	861	resfinder~~~blaTEM-77_1~~~AF190695~~~Amoxicillin;Amoxicillin+Clavulanic_acid;Ampicillin;Ampicillin+Clavulanic_acid;Piperacillin;Piperacillin+Tazobactam;Ticarcillin;Ticarcillin+Clavulanic_acid blaTEM-77	100.0	resfinder
contig_9	resfinder~~~blaTEM-43_1~~~U95363~~~Amoxicillin;Ampicillin;Aztreonam;Cefepime;Cefotaxime;Ceftazidime;Ceftriaxone;Piperacillin;Ticarcillin	99.419	861	5	0	63778	64638	861	1	0.0	1563	79498	861	resfinder~~~blaTEM-43_1~~~U95363~~~Amoxicillin;Ampicillin;Aztreonam;Cefepime;Cefotaxime;Ceftazidime;Ceftriaxone;Piperacillin;Ticarcillin blaTEM-43	100.0	resfinder
contig_9	resfinder~~~blaTEM-36_1~~~KY305958~~~Amoxicillin;Amoxicillin+Clavulanic_acid;Ampicillin;Ampicillin+Clavulanic_acid;Piperacillin;Piperacillin+Tazobactam;Ticarcillin;Ticarcillin+Clavulanic_acid	99.419	861	5	0	63778	64638	861	1	0.0	1563	79498	861	resfinder~~~blaTEM-36_1~~~KY305958~~~Amoxicillin;Amoxicillin+Clavulanic_acid;Ampicillin;Ampicillin+Clavulanic_acid;Piperacillin;Piperacillin+Tazobactam;Ticarcillin;Ticarcillin+Clavulanic_acid blaTEM-36	100.0	resfinder
contig_9	resfinder~~~blaTEM-35_1~~~KP860986~~~Amoxicillin;Amoxicillin+Clavulanic_acid;Ampicillin;Ampicillin+Clavulanic_acid;Piperacillin;Piperacillin+Tazobactam;Ticarcillin;Ticarcillin+Clavulanic_acid	99.419	861	5	0	63778	64638	861	1	0.0	1563	79498	861	resfinder~~~blaTEM-35_1~~~KP860986~~~Amoxicillin;Amoxicillin+Clavulanic_acid;Ampicillin;Ampicillin+Clavulanic_acid;Piperacillin;Piperacillin+Tazobactam;Ticarcillin;Ticarcillin+Clavulanic_acid blaTEM-35	100.0	resfinder
contig_9	resfinder~~~blaTEM-2_1~~~X54606~~~Amoxicillin;Ampicillin;Cephalothin;Piperacillin;Ticarcillin	99.419	861	5	0	63778	64638	861	1	0.0	1563	79498	861	resfinder~~~blaTEM-2_1~~~X54606~~~Amoxicillin;Ampicillin;Cephalothin;Piperacillin;Ticarcillin blaTEM-2	100.0	resfinder
contig_9	resfinder~~~blaTEM-28_1~~~U37195~~~Amoxicillin;Ampicillin;Aztreonam;Cefepime;Cefotaxime;Ceftazidime;Ceftriaxone;Piperacillin;Ticarcillin	99.419	861	5	0	63778	64638	861	1	0.0	1563	79498	861	resfinder~~~blaTEM-28_1~~~U37195~~~Amoxicillin;Ampicillin;Aztreonam;Cefepime;Cefotaxime;Ceftazidime;Ceftriaxone;Piperacillin;Ticarcillin blaTEM-28	100.0	resfinder
contig_9	resfinder~~~blaTEM-232_1~~~MH079593~~~	99.419	861	5	0	63778	64638	861	1	0.0	1563	79498	861	resfinder~~~blaTEM-232_1~~~MH079593~~~ blaTEM-232	100.0	resfinder
contig_9	resfinder~~~blaTEM-230_1~~~MG821377~~~	99.419	861	5	0	63778	64638	861	1	0.0	1563	79498	861	resfinder~~~blaTEM-230_1~~~MG821377~~~ blaTEM-230	100.0	resfinder
contig_9	resfinder~~~blaTEM-225_1~~~KY432403~~~	99.419	861	5	0	63778	64638	861	1	0.0	1563	79498	861	resfinder~~~blaTEM-225_1~~~KY432403~~~ blaTEM-225	100.0	resfinder
contig_9	resfinder~~~blaTEM-220_1~~~KM998962~~~	99.419	861	5	0	63778	64638	861	1	0.0	1563	79498	861	resfinder~~~blaTEM-220_1~~~KM998962~~~ blaTEM-220	100.0	resfinder
contig_9	resfinder~~~blaTEM-216_1~~~KF944358~~~	99.419	861	5	0	63778	64638	861	1	0.0	1563	79498	861	resfinder~~~blaTEM-216_1~~~KF944358~~~ blaTEM-216	100.0	resfinder
contig_9	resfinder~~~blaTEM-212_1~~~KF481968~~~	99.419	861	5	0	63778	64638	861	1	0.0	1563	79498	861	resfinder~~~blaTEM-212_1~~~KF481968~~~ blaTEM-212	100.0	resfinder
contig_9	resfinder~~~blaTEM-210_1~~~KJ484630~~~	99.419	861	5	0	63778	64638	861	1	0.0	1563	79498	861	resfinder~~~blaTEM-210_1~~~KJ484630~~~ blaTEM-210	100.0	resfinder
contig_9	resfinder~~~blaTEM-201_1~~~JX310327~~~	99.419	861	5	0	63778	64638	861	1	0.0	1563	79498	861	resfinder~~~blaTEM-201_1~~~JX310327~~~ blaTEM-201	100.0	resfinder
contig_9	resfinder~~~blaTEM-19_1~~~JX042489~~~Amoxicillin;Ampicillin;Aztreonam;Cefepime;Cefotaxime;Ceftazidime;Ceftriaxone;Piperacillin;Ticarcillin	99.419	861	5	0	63778	64638	861	1	0.0	1563	79498	861	resfinder~~~blaTEM-19_1~~~JX042489~~~Amoxicillin;Ampicillin;Aztreonam;Cefepime;Cefotaxime;Ceftazidime;Ceftriaxone;Piperacillin;Ticarcillin blaTEM-19	100.0	resfinder
contig_9	resfinder~~~blaTEM-196_1~~~JQ034306~~~	99.419	861	5	0	63778	64638	861	1	0.0	1563	79498	861	resfinder~~~blaTEM-196_1~~~JQ034306~~~ blaTEM-196	100.0	resfinder
contig_9	resfinder~~~blaTEM-191_1~~~KY432484~~~	99.419	861	5	0	63778	64638	861	1	0.0	1563	79498	861	resfinder~~~blaTEM-191_1~~~KY432484~~~ blaTEM-191	100.0	resfinder
contig_9	resfinder~~~blaTEM-185_1~~~JF795538~~~Amoxicillin;Amoxicillin+Clavulanic_acid;Ampicillin;Ampicillin+Clavulanic_acid;Cefoxitin;Cephalothin;Piperacillin;Piperacillin+Tazobactam;Ticarcillin;Ticarcillin+Clavulanic_acid	99.419	861	5	0	63778	64638	861	1	0.0	1563	79498	861	resfinder~~~blaTEM-185_1~~~JF795538~~~Amoxicillin;Amoxicillin+Clavulanic_acid;Ampicillin;Ampicillin+Clavulanic_acid;Cefoxitin;Cephalothin;Piperacillin;Piperacillin+Tazobactam;Ticarcillin;Ticarcillin+Clavulanic_acid blaTEM-185	100.0	resfinder
contig_9	resfinder~~~blaTEM-17_1~~~Y14574~~~Amoxicillin;Ampicillin;Aztreonam;Cefepime;Cefotaxime;Ceftazidime;Ceftriaxone;Piperacillin;Ticarcillin	99.419	861	5	0	63778	64638	861	1	0.0	1563	79498	861	resfinder~~~blaTEM-17_1~~~Y14574~~~Amoxicillin;Ampicillin;Aztreonam;Cefepime;Cefotaxime;Ceftazidime;Ceftriaxone;Piperacillin;Ticarcillin blaTEM-17	100.0	resfinder
contig_9	resfinder~~~blaTEM-164_1~~~EU274580~~~Amoxicillin;Ampicillin;Aztreonam;Cefepime;Cefotaxime;Ceftazidime;Ceftriaxone;Piperacillin;Ticarcillin	99.419	861	5	0	63778	64638	861	1	0.0	1563	79498	861	resfinder~~~blaTEM-164_1~~~EU274580~~~Amoxicillin;Ampicillin;Aztreonam;Cefepime;Cefotaxime;Ceftazidime;Ceftriaxone;Piperacillin;Ticarcillin blaTEM-164	100.0	resfinder
contig_9	resfinder~~~blaTEM-15_1~~~AM849805~~~Amoxicillin;Ampicillin;Aztreonam;Cefepime;Cefotaxime;Ceftazidime;Ceftriaxone;Piperacillin;Ticarcillin	99.419	861	5	0	63778	64638	861	1	0.0	1563	79498	861	resfinder~~~blaTEM-15_1~~~AM849805~~~Amoxicillin;Ampicillin;Aztreonam;Cefepime;Cefotaxime;Ceftazidime;Ceftriaxone;Piperacillin;Ticarcillin blaTEM-15	100.0	resfinder
contig_9	resfinder~~~blaTEM-155_1~~~DQ679961~~~Amoxicillin;Ampicillin;Aztreonam;Cefepime;Cefotaxime;Ceftazidime;Ceftriaxone;Piperacillin;Ticarcillin	99.419	861	5	0	63778	64638	861	1	0.0	1563	79498	861	resfinder~~~blaTEM-155_1~~~DQ679961~~~Amoxicillin;Ampicillin;Aztreonam;Cefepime;Cefotaxime;Ceftazidime;Ceftriaxone;Piperacillin;Ticarcillin blaTEM-155	100.0	resfinder
contig_9	resfinder~~~blaTEM-145_1~~~DQ105528~~~Amoxicillin;Amoxicillin+Clavulanic_acid;Ampicillin;Ampicillin+Clavulanic_acid;Piperacillin;Piperacillin+Tazobactam;Ticarcillin;Ticarcillin+Clavulanic_acid	99.419	861	5	0	63778	64638	861	1	0.0	1563	79498	861	resfinder~~~blaTEM-145_1~~~DQ105528~~~Amoxicillin;Amoxicillin+Clavulanic_acid;Ampicillin;Ampicillin+Clavulanic_acid;Piperacillin;Piperacillin+Tazobactam;Ticarcillin;Ticarcillin+Clavulanic_acid blaTEM-145	100.0	resfinder
contig_9	resfinder~~~blaTEM-144_1~~~AM049400~~~Amoxicillin;Ampicillin;Aztreonam;Cefepime;Cefotaxime;Ceftazidime;Ceftriaxone;Piperacillin;Ticarcillin	99.419	861	5	0	63778	64638	861	1	0.0	1563	79498	861	resfinder~~~blaTEM-144_1~~~AM049400~~~Amoxicillin;Ampicillin;Aztreonam;Cefepime;Cefotaxime;Ceftazidime;Ceftriaxone;Piperacillin;Ticarcillin blaTEM-144	100.0	resfinder
contig_9	resfinder~~~blaTEM-12_1~~~M88143~~~Amoxicillin;Ampicillin;Aztreonam;Cefepime;Cefotaxime;Ceftazidime;Ceftriaxone;Piperacillin;Ticarcillin	99.419	861	5	0	63778	64638	861	1	0.0	1563	79498	861	resfinder~~~blaTEM-12_1~~~M88143~~~Amoxicillin;Ampicillin;Aztreonam;Cefepime;Cefotaxime;Ceftazidime;Ceftriaxone;Piperacillin;Ticarcillin blaTEM-12	100.0	resfinder
contig_9	resfinder~~~blaTEM-126_1~~~AY628199~~~Amoxicillin;Ampicillin;Aztreonam;Cefepime;Cefotaxime;Ceftazidime;Ceftriaxone;Piperacillin;Ticarcillin	99.419	861	5	0	63778	64638	861	1	0.0	1563	79498	861	resfinder~~~blaTEM-126_1~~~AY628199~~~Amoxicillin;Ampicillin;Aztreonam;Cefepime;Cefotaxime;Ceftazidime;Ceftriaxone;Piperacillin;Ticarcillin blaTEM-126	100.0	resfinder
contig_9	resfinder~~~blaTEM-120_1~~~AY243512~~~Amoxicillin;Ampicillin;Aztreonam;Cefepime;Cefotaxime;Ceftazidime;Ceftriaxone;Piperacillin;Ticarcillin	99.419	861	5	0	63778	64638	861	1	0.0	1563	79498	861	resfinder~~~blaTEM-120_1~~~AY243512~~~Amoxicillin;Ampicillin;Aztreonam;Cefepime;Cefotaxime;Ceftazidime;Ceftriaxone;Piperacillin;Ticarcillin blaTEM-120	100.0	resfinder
contig_9	resfinder~~~blaTEM-115_1~~~AF535127~~~Amoxicillin;Ampicillin;Aztreonam;Cefepime;Cefotaxime;Ceftazidime;Ceftriaxone;Piperacillin;Ticarcillin	99.419	861	5	0	63778	64638	861	1	0.0	1563	79498	861	resfinder~~~blaTEM-115_1~~~AF535127~~~Amoxicillin;Ampicillin;Aztreonam;Cefepime;Cefotaxime;Ceftazidime;Ceftriaxone;Piperacillin;Ticarcillin blaTEM-115	100.0	resfinder
contig_9	resfinder~~~blaTEM-10_1~~~AF093512~~~Amoxicillin;Ampicillin;Aztreonam;Cefepime;Cefotaxime;Ceftazidime;Ceftriaxone;Piperacillin;Ticarcillin	99.419	861	5	0	63778	64638	861	1	0.0	1563	79498	861	resfinder~~~blaTEM-10_1~~~AF093512~~~Amoxicillin;Ampicillin;Aztreonam;Cefepime;Cefotaxime;Ceftazidime;Ceftriaxone;Piperacillin;Ticarcillin blaTEM-10	100.0	resfinder
contig_9	resfinder~~~blaTEM-109_1~~~AY628175~~~Amoxicillin;Amoxicillin+Clavulanic_acid;Ampicillin;Ampicillin+Clavulanic_acid;Aztreonam;Cefepime;Cefotaxime;Ceftazidime;Ceftriaxone;Piperacillin;Piperacillin+Tazobactam;Ticarcillin;Ticarcillin+Clavulanic_acid	99.419	861	5	0	63778	64638	861	1	0.0	1563	79498	861	resfinder~~~blaTEM-109_1~~~AY628175~~~Amoxicillin;Amoxicillin+Clavulanic_acid;Ampicillin;Ampicillin+Clavulanic_acid;Aztreonam;Cefepime;Cefotaxime;Ceftazidime;Ceftriaxone;Piperacillin;Piperacillin+Tazobactam;Ticarcillin;Ticarcillin+Clavulanic_acid blaTEM-109	100.0	resfinder
contig_9	resfinder~~~blaTEM-106_1~~~AY101578~~~Amoxicillin;Ampicillin;Aztreonam;Cefepime;Cefotaxime;Ceftazidime;Ceftriaxone;Piperacillin;Ticarcillin	99.419	861	5	0	63778	64638	861	1	0.0	1563	79498	861	resfinder~~~blaTEM-106_1~~~AY101578~~~Amoxicillin;Ampicillin;Aztreonam;Cefepime;Cefotaxime;Ceftazidime;Ceftriaxone;Piperacillin;Ticarcillin blaTEM-106	100.0	resfinder
contig_9	resfinder~~~blaTEM-104_1~~~AF516719~~~	99.419	861	5	0	63778	64638	861	1	0.0	1563	79498	861	resfinder~~~blaTEM-104_1~~~AF516719~~~ blaTEM-104	100.0	resfinder
contig_9	resfinder~~~blaTEM-97_1~~~AF397067~~~Amoxicillin;Amoxicillin+Clavulanic_acid;Ampicillin;Ampicillin+Clavulanic_acid;Piperacillin;Piperacillin+Tazobactam;Ticarcillin;Ticarcillin+Clavulanic_acid	99.648	853	3	0	63778	64630	861	9	0.0	1559	79498	861	resfinder~~~blaTEM-97_1~~~AF397067~~~Amoxicillin;Amoxicillin+Clavulanic_acid;Ampicillin;Ampicillin+Clavulanic_acid;Piperacillin;Piperacillin+Tazobactam;Ticarcillin;Ticarcillin+Clavulanic_acid blaTEM-97	99.07084785133566	resfinder
contig_9	resfinder~~~blaTEM-71_1~~~AF203816~~~Amoxicillin;Ampicillin;Aztreonam;Cefepime;Cefotaxime;Ceftazidime;Ceftriaxone;Piperacillin;Ticarcillin	99.303	861	6	0	63778	64638	861	1	0.0	1557	79498	861	resfinder~~~blaTEM-71_1~~~AF203816~~~Amoxicillin;Ampicillin;Aztreonam;Cefepime;Cefotaxime;Ceftazidime;Ceftriaxone;Piperacillin;Ticarcillin blaTEM-71	100.0	resfinder
contig_9	resfinder~~~blaTEM-53_1~~~AF104441~~~Amoxicillin;Ampicillin;Aztreonam;Cefepime;Cefotaxime;Ceftazidime;Ceftriaxone;Piperacillin;Ticarcillin	99.303	861	6	0	63778	64638	861	1	0.0	1557	79498	861	resfinder~~~blaTEM-53_1~~~AF104441~~~Amoxicillin;Ampicillin;Aztreonam;Cefepime;Cefotaxime;Ceftazidime;Ceftriaxone;Piperacillin;Ticarcillin blaTEM-53	100.0	resfinder
contig_9	resfinder~~~blaTEM-52B_1~~~AF027199~~~Amoxicillin;Ampicillin;Aztreonam;Cefepime;Cefotaxime;Ceftazidime;Ceftriaxone;Piperacillin;Ticarcillin	99.303	861	6	0	63778	64638	861	1	0.0	1557	79498	861	resfinder~~~blaTEM-52B_1~~~AF027199~~~Amoxicillin;Ampicillin;Aztreonam;Cefepime;Cefotaxime;Ceftazidime;Ceftriaxone;Piperacillin;Ticarcillin blaTEM-52B	100.0	resfinder
contig_9	resfinder~~~blaTEM-45_1~~~X95401~~~Amoxicillin;Amoxicillin+Clavulanic_acid;Ampicillin;Ampicillin+Clavulanic_acid;Piperacillin;Piperacillin+Tazobactam;Ticarcillin;Ticarcillin+Clavulanic_acid	99.303	861	6	0	63778	64638	861	1	0.0	1557	79498	861	resfinder~~~blaTEM-45_1~~~X95401~~~Amoxicillin;Amoxicillin+Clavulanic_acid;Ampicillin;Ampicillin+Clavulanic_acid;Piperacillin;Piperacillin+Tazobactam;Ticarcillin;Ticarcillin+Clavulanic_acid blaTEM-45	100.0	resfinder
contig_9	resfinder~~~blaTEM-2_2~~~AJ251946~~~Amoxicillin;Ampicillin;Cephalothin;Piperacillin;Ticarcillin	99.303	861	6	0	63778	64638	861	1	0.0	1557	79498	861	resfinder~~~blaTEM-2_2~~~AJ251946~~~Amoxicillin;Ampicillin;Cephalothin;Piperacillin;Ticarcillin blaTEM-2	100.0	resfinder
contig_9	resfinder~~~blaTEM-226_1~~~KY646301~~~	99.303	861	6	0	63778	64638	861	1	0.0	1557	79498	861	resfinder~~~blaTEM-226_1~~~KY646301~~~ blaTEM-226	100.0	resfinder
contig_9	resfinder~~~blaTEM-182_1~~~HQ317449~~~Amoxicillin;Amoxicillin+Clavulanic_acid;Ampicillin;Ampicillin+Clavulanic_acid;Piperacillin;Piperacillin+Tazobactam;Ticarcillin;Ticarcillin+Clavulanic_acid	99.303	861	6	0	63778	64638	861	1	0.0	1557	79498	861	resfinder~~~blaTEM-182_1~~~HQ317449~~~Amoxicillin;Amoxicillin+Clavulanic_acid;Ampicillin;Ampicillin+Clavulanic_acid;Piperacillin;Piperacillin+Tazobactam;Ticarcillin;Ticarcillin+Clavulanic_acid blaTEM-182	100.0	resfinder
contig_9	resfinder~~~blaTEM-160_1~~~EF136377~~~Amoxicillin;Amoxicillin+Clavulanic_acid;Ampicillin;Ampicillin+Clavulanic_acid;Piperacillin;Piperacillin+Tazobactam;Ticarcillin;Ticarcillin+Clavulanic_acid	99.303	861	6	0	63778	64638	861	1	0.0	1557	79498	861	resfinder~~~blaTEM-160_1~~~EF136377~~~Amoxicillin;Amoxicillin+Clavulanic_acid;Ampicillin;Ampicillin+Clavulanic_acid;Piperacillin;Piperacillin+Tazobactam;Ticarcillin;Ticarcillin+Clavulanic_acid blaTEM-160	100.0	resfinder
contig_9	resfinder~~~blaTEM-159_1~~~EF136376~~~Amoxicillin;Amoxicillin+Clavulanic_acid;Ampicillin;Ampicillin+Clavulanic_acid;Piperacillin;Piperacillin+Tazobactam;Ticarcillin;Ticarcillin+Clavulanic_acid	99.303	861	6	0	63778	64638	861	1	0.0	1557	79498	861	resfinder~~~blaTEM-159_1~~~EF136376~~~Amoxicillin;Amoxicillin+Clavulanic_acid;Ampicillin;Ampicillin+Clavulanic_acid;Piperacillin;Piperacillin+Tazobactam;Ticarcillin;Ticarcillin+Clavulanic_acid blaTEM-159	100.0	resfinder
contig_9	resfinder~~~blaTEM-158_1~~~EF534736~~~Amoxicillin;Amoxicillin+Clavulanic_acid;Ampicillin;Ampicillin+Clavulanic_acid;Aztreonam;Cefepime;Cefotaxime;Ceftazidime;Ceftriaxone;Piperacillin;Piperacillin+Tazobactam;Ticarcillin;Ticarcillin+Clavulanic_acid	99.303	861	6	0	63778	64638	861	1	0.0	1557	79498	861	resfinder~~~blaTEM-158_1~~~EF534736~~~Amoxicillin;Amoxicillin+Clavulanic_acid;Ampicillin;Ampicillin+Clavulanic_acid;Aztreonam;Cefepime;Cefotaxime;Ceftazidime;Ceftriaxone;Piperacillin;Piperacillin+Tazobactam;Ticarcillin;Ticarcillin+Clavulanic_acid blaTEM-158	100.0	resfinder
contig_9	resfinder~~~blaTEM-136_1~~~AY826417~~~Amoxicillin;Ampicillin;Aztreonam;Cefepime;Cefotaxime;Ceftazidime;Ceftriaxone;Piperacillin;Ticarcillin	99.303	861	6	0	63778	64638	861	1	0.0	1557	79498	861	resfinder~~~blaTEM-136_1~~~AY826417~~~Amoxicillin;Ampicillin;Aztreonam;Cefepime;Cefotaxime;Ceftazidime;Ceftriaxone;Piperacillin;Ticarcillin blaTEM-136	100.0	resfinder
contig_9	resfinder~~~blaTEM-133_1~~~AY528425~~~Amoxicillin;Ampicillin;Aztreonam;Cefepime;Cefotaxime;Ceftazidime;Ceftriaxone;Piperacillin;Ticarcillin	99.303	861	6	0	63778	64638	861	1	0.0	1557	79498	861	resfinder~~~blaTEM-133_1~~~AY528425~~~Amoxicillin;Ampicillin;Aztreonam;Cefepime;Cefotaxime;Ceftazidime;Ceftriaxone;Piperacillin;Ticarcillin blaTEM-133	100.0	resfinder
contig_9	resfinder~~~blaTEM-132_1~~~AY491682~~~Amoxicillin;Ampicillin;Aztreonam;Cefepime;Cefotaxime;Ceftazidime;Ceftriaxone;Piperacillin;Ticarcillin	99.303	861	6	0	63778	64638	861	1	0.0	1557	79498	861	resfinder~~~blaTEM-132_1~~~AY491682~~~Amoxicillin;Ampicillin;Aztreonam;Cefepime;Cefotaxime;Ceftazidime;Ceftriaxone;Piperacillin;Ticarcillin blaTEM-132	100.0	resfinder
contig_9	resfinder~~~blaTEM-11_1~~~AY874537~~~Amoxicillin;Ampicillin;Aztreonam;Cefepime;Cefotaxime;Ceftazidime;Ceftriaxone;Piperacillin;Ticarcillin	99.303	861	6	0	63778	64638	861	1	0.0	1557	79498	861	resfinder~~~blaTEM-11_1~~~AY874537~~~Amoxicillin;Ampicillin;Aztreonam;Cefepime;Cefotaxime;Ceftazidime;Ceftriaxone;Piperacillin;Ticarcillin blaTEM-11	100.0	resfinder
contig_9	resfinder~~~blaTEM-110_1~~~AY072920~~~Amoxicillin;Ampicillin;Cephalothin;Piperacillin;Ticarcillin	99.303	861	6	0	63778	64638	861	1	0.0	1557	79498	861	resfinder~~~blaTEM-110_1~~~AY072920~~~Amoxicillin;Ampicillin;Cephalothin;Piperacillin;Ticarcillin blaTEM-110	100.0	resfinder
contig_9	resfinder~~~blaTEM-99_1~~~AF397066~~~Amoxicillin;Amoxicillin+Clavulanic_acid;Ampicillin;Ampicillin+Clavulanic_acid;Piperacillin;Piperacillin+Tazobactam;Ticarcillin;Ticarcillin+Clavulanic_acid	99.531	853	4	0	63778	64630	861	9	0.0	1554	79498	861	resfinder~~~blaTEM-99_1~~~AF397066~~~Amoxicillin;Amoxicillin+Clavulanic_acid;Ampicillin;Ampicillin+Clavulanic_acid;Piperacillin;Piperacillin+Tazobactam;Ticarcillin;Ticarcillin+Clavulanic_acid blaTEM-99	99.07084785133566	resfinder
contig_9	resfinder~~~blaTEM-88_1~~~AY027590~~~Amoxicillin;Ampicillin;Aztreonam;Cefepime;Cefotaxime;Ceftazidime;Ceftriaxone;Piperacillin;Ticarcillin	99.187	861	7	0	63778	64638	861	1	0.0	1552	79498	861	resfinder~~~blaTEM-88_1~~~AY027590~~~Amoxicillin;Ampicillin;Aztreonam;Cefepime;Cefotaxime;Ceftazidime;Ceftriaxone;Piperacillin;Ticarcillin blaTEM-88	100.0	resfinder
contig_9	resfinder~~~blaTEM-83_1~~~AF427129~~~Amoxicillin;Amoxicillin+Clavulanic_acid;Ampicillin;Ampicillin+Clavulanic_acid;Piperacillin;Piperacillin+Tazobactam;Ticarcillin;Ticarcillin+Clavulanic_acid	99.187	861	7	0	63778	64638	861	1	0.0	1552	79498	861	resfinder~~~blaTEM-83_1~~~AF427129~~~Amoxicillin;Amoxicillin+Clavulanic_acid;Ampicillin;Ampicillin+Clavulanic_acid;Piperacillin;Piperacillin+Tazobactam;Ticarcillin;Ticarcillin+Clavulanic_acid blaTEM-83	100.0	resfinder
contig_9	resfinder~~~blaTEM-78_1~~~AF190693~~~Amoxicillin;Amoxicillin+Clavulanic_acid;Ampicillin;Ampicillin+Clavulanic_acid;Piperacillin;Piperacillin+Tazobactam;Ticarcillin;Ticarcillin+Clavulanic_acid	99.187	861	7	0	63778	64638	861	1	0.0	1552	79498	861	resfinder~~~blaTEM-78_1~~~AF190693~~~Amoxicillin;Amoxicillin+Clavulanic_acid;Ampicillin;Ampicillin+Clavulanic_acid;Piperacillin;Piperacillin+Tazobactam;Ticarcillin;Ticarcillin+Clavulanic_acid blaTEM-78	100.0	resfinder
contig_9	resfinder~~~blaTEM-67_1~~~AF091113~~~Amoxicillin;Amoxicillin+Clavulanic_acid;Ampicillin;Ampicillin+Clavulanic_acid;Piperacillin;Piperacillin+Tazobactam;Ticarcillin;Ticarcillin+Clavulanic_acid	99.187	861	7	0	63778	64638	861	1	0.0	1552	79498	861	resfinder~~~blaTEM-67_1~~~AF091113~~~Amoxicillin;Amoxicillin+Clavulanic_acid;Ampicillin;Ampicillin+Clavulanic_acid;Piperacillin;Piperacillin+Tazobactam;Ticarcillin;Ticarcillin+Clavulanic_acid blaTEM-67	100.0	resfinder
contig_9	resfinder~~~blaTEM-47_1~~~Y10279~~~Amoxicillin;Ampicillin;Aztreonam;Cefepime;Cefotaxime;Ceftazidime;Ceftriaxone;Piperacillin;Ticarcillin	99.187	861	7	0	63778	64638	861	1	0.0	1552	79498	861	resfinder~~~blaTEM-47_1~~~Y10279~~~Amoxicillin;Ampicillin;Aztreonam;Cefepime;Cefotaxime;Ceftazidime;Ceftriaxone;Piperacillin;Ticarcillin blaTEM-47	100.0	resfinder
contig_9	resfinder~~~blaTEM-3_1~~~X64523~~~Amoxicillin;Ampicillin;Aztreonam;Cefepime;Cefotaxime;Ceftazidime;Ceftriaxone;Piperacillin;Ticarcillin	99.187	861	7	0	63778	64638	861	1	0.0	1552	79498	861	resfinder~~~blaTEM-3_1~~~X64523~~~Amoxicillin;Ampicillin;Aztreonam;Cefepime;Cefotaxime;Ceftazidime;Ceftriaxone;Piperacillin;Ticarcillin blaTEM-3	100.0	resfinder
contig_9	resfinder~~~blaTEM-205_1~~~KC900516~~~	99.187	861	7	0	63778	64638	861	1	0.0	1552	79498	861	resfinder~~~blaTEM-205_1~~~KC900516~~~ blaTEM-205	100.0	resfinder
contig_9	resfinder~~~blaTEM-190_1~~~JN416112~~~	99.187	861	7	0	63778	64638	861	1	0.0	1552	79498	861	resfinder~~~blaTEM-190_1~~~JN416112~~~ blaTEM-190	100.0	resfinder
contig_9	resfinder~~~blaTEM-188_1~~~JN211012~~~Amoxicillin;Ampicillin;Aztreonam;Cefepime;Cefotaxime;Ceftazidime;Ceftriaxone;Piperacillin;Ticarcillin	99.187	861	7	0	63778	64638	861	1	0.0	1552	79498	861	resfinder~~~blaTEM-188_1~~~JN211012~~~Amoxicillin;Ampicillin;Aztreonam;Cefepime;Cefotaxime;Ceftazidime;Ceftriaxone;Piperacillin;Ticarcillin blaTEM-188	100.0	resfinder
contig_9	resfinder~~~blaTEM-16_1~~~X65254~~~Amoxicillin;Ampicillin;Aztreonam;Cefepime;Cefotaxime;Ceftazidime;Ceftriaxone;Piperacillin;Ticarcillin	99.187	861	7	0	63778	64638	861	1	0.0	1552	79498	861	resfinder~~~blaTEM-16_1~~~X65254~~~Amoxicillin;Ampicillin;Aztreonam;Cefepime;Cefotaxime;Ceftazidime;Ceftriaxone;Piperacillin;Ticarcillin blaTEM-16	100.0	resfinder
contig_9	resfinder~~~blaTEM-138_1~~~AY853593~~~Amoxicillin;Ampicillin;Aztreonam;Cefepime;Cefotaxime;Ceftazidime;Ceftriaxone;Piperacillin;Ticarcillin	99.187	861	7	0	63778	64638	861	1	0.0	1552	79498	861	resfinder~~~blaTEM-138_1~~~AY853593~~~Amoxicillin;Ampicillin;Aztreonam;Cefepime;Cefotaxime;Ceftazidime;Ceftriaxone;Piperacillin;Ticarcillin blaTEM-138	100.0	resfinder
contig_9	resfinder~~~blaTEM-137_1~~~AM286274~~~Amoxicillin;Ampicillin;Aztreonam;Cefepime;Cefotaxime;Ceftazidime;Ceftriaxone;Piperacillin;Ticarcillin	99.187	861	7	0	63778	64638	861	1	0.0	1552	79498	861	resfinder~~~blaTEM-137_1~~~AM286274~~~Amoxicillin;Ampicillin;Aztreonam;Cefepime;Cefotaxime;Ceftazidime;Ceftriaxone;Piperacillin;Ticarcillin blaTEM-137	100.0	resfinder
contig_9	resfinder~~~blaTEM-111_1~~~AF468003~~~	99.187	861	7	0	63778	64638	861	1	0.0	1552	79498	861	resfinder~~~blaTEM-111_1~~~AF468003~~~ blaTEM-111	100.0	resfinder
contig_9	resfinder~~~blaTEM-107_1~~~AY101764~~~Amoxicillin;Ampicillin;Aztreonam;Cefepime;Cefotaxime;Ceftazidime;Ceftriaxone;Piperacillin;Ticarcillin	99.187	861	7	0	63778	64638	861	1	0.0	1552	79498	861	resfinder~~~blaTEM-107_1~~~AY101764~~~Amoxicillin;Ampicillin;Aztreonam;Cefepime;Cefotaxime;Ceftazidime;Ceftriaxone;Piperacillin;Ticarcillin blaTEM-107	100.0	resfinder
contig_9	resfinder~~~blaTEM-9_1~~~KY271103~~~Amoxicillin;Ampicillin;Aztreonam;Cefepime;Cefotaxime;Ceftazidime;Ceftriaxone;Piperacillin;Ticarcillin	99.071	861	8	0	63778	64638	861	1	0.0	1546	79498	861	resfinder~~~blaTEM-9_1~~~KY271103~~~Amoxicillin;Ampicillin;Aztreonam;Cefepime;Cefotaxime;Ceftazidime;Ceftriaxone;Piperacillin;Ticarcillin blaTEM-9	100.0	resfinder
contig_9	resfinder~~~blaTEM-92_1~~~AF143804~~~Amoxicillin;Ampicillin;Aztreonam;Cefepime;Cefotaxime;Ceftazidime;Ceftriaxone;Piperacillin;Ticarcillin	99.071	861	8	0	63778	64638	861	1	0.0	1546	79498	861	resfinder~~~blaTEM-92_1~~~AF143804~~~Amoxicillin;Ampicillin;Aztreonam;Cefepime;Cefotaxime;Ceftazidime;Ceftriaxone;Piperacillin;Ticarcillin blaTEM-92	100.0	resfinder
contig_9	resfinder~~~blaTEM-8_1~~~X65252~~~Amoxicillin;Ampicillin;Aztreonam;Cefepime;Cefotaxime;Ceftazidime;Ceftriaxone;Piperacillin;Ticarcillin	99.071	861	8	0	63778	64638	861	1	0.0	1546	79498	861	resfinder~~~blaTEM-8_1~~~X65252~~~Amoxicillin;Ampicillin;Aztreonam;Cefepime;Cefotaxime;Ceftazidime;Ceftriaxone;Piperacillin;Ticarcillin blaTEM-8	100.0	resfinder
contig_9	resfinder~~~blaTEM-85_1~~~AJ277414~~~Amoxicillin;Ampicillin;Aztreonam;Cefepime;Cefotaxime;Ceftazidime;Ceftriaxone;Piperacillin;Ticarcillin	99.071	861	8	0	63778	64638	861	1	0.0	1546	79498	861	resfinder~~~blaTEM-85_1~~~AJ277414~~~Amoxicillin;Ampicillin;Aztreonam;Cefepime;Cefotaxime;Ceftazidime;Ceftriaxone;Piperacillin;Ticarcillin blaTEM-85	100.0	resfinder
contig_9	resfinder~~~blaTEM-72_1~~~AF157553~~~Amoxicillin;Ampicillin;Aztreonam;Cefepime;Cefotaxime;Ceftazidime;Ceftriaxone;Piperacillin;Ticarcillin	99.071	861	8	0	63778	64638	861	1	0.0	1546	79498	861	resfinder~~~blaTEM-72_1~~~AF157553~~~Amoxicillin;Ampicillin;Aztreonam;Cefepime;Cefotaxime;Ceftazidime;Ceftriaxone;Piperacillin;Ticarcillin blaTEM-72	100.0	resfinder
contig_9	resfinder~~~blaTEM-68_1~~~AJ239002~~~Amoxicillin;Amoxicillin+Clavulanic_acid;Ampicillin;Ampicillin+Clavulanic_acid;Aztreonam;Cefepime;Cefotaxime;Ceftazidime;Ceftriaxone;Piperacillin;Piperacillin+Tazobactam;Ticarcillin;Ticarcillin+Clavulanic_acid	99.071	861	8	0	63778	64638	861	1	0.0	1546	79498	861	resfinder~~~blaTEM-68_1~~~AJ239002~~~Amoxicillin;Amoxicillin+Clavulanic_acid;Ampicillin;Ampicillin+Clavulanic_acid;Aztreonam;Cefepime;Cefotaxime;Ceftazidime;Ceftriaxone;Piperacillin;Piperacillin+Tazobactam;Ticarcillin;Ticarcillin+Clavulanic_acid blaTEM-68	100.0	resfinder
contig_9	resfinder~~~blaTEM-63_1~~~AF332513~~~Amoxicillin;Ampicillin;Aztreonam;Cefepime;Cefotaxime;Ceftazidime;Ceftriaxone;Piperacillin;Ticarcillin	99.071	861	8	0	63778	64638	861	1	0.0	1546	79498	861	resfinder~~~blaTEM-63_1~~~AF332513~~~Amoxicillin;Ampicillin;Aztreonam;Cefepime;Cefotaxime;Ceftazidime;Ceftriaxone;Piperacillin;Ticarcillin blaTEM-63	100.0	resfinder
contig_9	resfinder~~~blaTEM-4_1~~~LK391770~~~Amoxicillin;Ampicillin;Aztreonam;Cefepime;Cefotaxime;Ceftazidime;Ceftriaxone;Piperacillin;Ticarcillin	99.071	861	8	0	63778	64638	861	1	0.0	1546	79498	861	resfinder~~~blaTEM-4_1~~~LK391770~~~Amoxicillin;Ampicillin;Aztreonam;Cefepime;Cefotaxime;Ceftazidime;Ceftriaxone;Piperacillin;Ticarcillin blaTEM-4	100.0	resfinder
contig_9	resfinder~~~blaTEM-48_1~~~Y10280~~~Amoxicillin;Ampicillin;Aztreonam;Cefepime;Cefotaxime;Ceftazidime;Ceftriaxone;Piperacillin;Ticarcillin	99.071	861	8	0	63778	64638	861	1	0.0	1546	79498	861	resfinder~~~blaTEM-48_1~~~Y10280~~~Amoxicillin;Ampicillin;Aztreonam;Cefepime;Cefotaxime;Ceftazidime;Ceftriaxone;Piperacillin;Ticarcillin blaTEM-48	100.0	resfinder
contig_9	resfinder~~~blaTEM-24_1~~~GQ293500~~~Amoxicillin;Ampicillin;Aztreonam;Cefepime;Cefotaxime;Ceftazidime;Ceftriaxone;Piperacillin;Ticarcillin	99.071	861	8	0	63778	64638	861	1	0.0	1546	79498	861	resfinder~~~blaTEM-24_1~~~GQ293500~~~Amoxicillin;Ampicillin;Aztreonam;Cefepime;Cefotaxime;Ceftazidime;Ceftriaxone;Piperacillin;Ticarcillin blaTEM-24	100.0	resfinder
contig_9	resfinder~~~blaTEM-233_1~~~MH270416~~~	99.071	861	8	0	63778	64638	861	1	0.0	1546	79498	861	resfinder~~~blaTEM-233_1~~~MH270416~~~ blaTEM-233	100.0	resfinder
contig_9	resfinder~~~blaTEM-22_1~~~Y17583~~~Amoxicillin;Ampicillin;Aztreonam;Cefepime;Cefotaxime;Ceftazidime;Ceftriaxone;Piperacillin;Ticarcillin	99.071	861	8	0	63778	64638	861	1	0.0	1546	79498	861	resfinder~~~blaTEM-22_1~~~Y17583~~~Amoxicillin;Ampicillin;Aztreonam;Cefepime;Cefotaxime;Ceftazidime;Ceftriaxone;Piperacillin;Ticarcillin blaTEM-22	100.0	resfinder
contig_9	resfinder~~~blaTEM-21_1~~~Y17582~~~Amoxicillin;Ampicillin;Aztreonam;Cefepime;Cefotaxime;Ceftazidime;Ceftriaxone;Piperacillin;Ticarcillin	99.071	861	8	0	63778	64638	861	1	0.0	1546	79498	861	resfinder~~~blaTEM-21_1~~~Y17582~~~Amoxicillin;Ampicillin;Aztreonam;Cefepime;Cefotaxime;Ceftazidime;Ceftriaxone;Piperacillin;Ticarcillin blaTEM-21	100.0	resfinder
contig_9	resfinder~~~blaTEM-184_1~~~FR848831~~~Amoxicillin;Ampicillin;Aztreonam;Cefepime;Cefotaxime;Ceftazidime;Ceftriaxone;Piperacillin;Ticarcillin	99.071	861	8	0	63778	64638	861	1	0.0	1546	79498	861	resfinder~~~blaTEM-184_1~~~FR848831~~~Amoxicillin;Ampicillin;Aztreonam;Cefepime;Cefotaxime;Ceftazidime;Ceftriaxone;Piperacillin;Ticarcillin blaTEM-184	100.0	resfinder
contig_9	resfinder~~~blaTEM-162_1~~~EF468463~~~	99.071	861	8	0	63778	64638	861	1	0.0	1546	79498	861	resfinder~~~blaTEM-162_1~~~EF468463~~~ blaTEM-162	100.0	resfinder
contig_9	resfinder~~~blaTEM-152_1~~~DQ834728~~~Amoxicillin;Amoxicillin+Clavulanic_acid;Ampicillin;Ampicillin+Clavulanic_acid;Aztreonam;Cefepime;Cefotaxime;Ceftazidime;Ceftriaxone;Piperacillin;Piperacillin+Tazobactam;Ticarcillin;Ticarcillin+Clavulanic_acid	99.071	861	8	0	63778	64638	861	1	0.0	1546	79498	861	resfinder~~~blaTEM-152_1~~~DQ834728~~~Amoxicillin;Amoxicillin+Clavulanic_acid;Ampicillin;Ampicillin+Clavulanic_acid;Aztreonam;Cefepime;Cefotaxime;Ceftazidime;Ceftriaxone;Piperacillin;Piperacillin+Tazobactam;Ticarcillin;Ticarcillin+Clavulanic_acid blaTEM-152	100.0	resfinder
contig_9	resfinder~~~blaTEM-151_1~~~DQ834729~~~Amoxicillin;Amoxicillin+Clavulanic_acid;Ampicillin;Ampicillin+Clavulanic_acid;Aztreonam;Cefepime;Cefotaxime;Ceftazidime;Ceftriaxone;Piperacillin;Piperacillin+Tazobactam;Ticarcillin;Ticarcillin+Clavulanic_acid	99.071	861	8	0	63778	64638	861	1	0.0	1546	79498	861	resfinder~~~blaTEM-151_1~~~DQ834729~~~Amoxicillin;Amoxicillin+Clavulanic_acid;Ampicillin;Ampicillin+Clavulanic_acid;Aztreonam;Cefepime;Cefotaxime;Ceftazidime;Ceftriaxone;Piperacillin;Piperacillin+Tazobactam;Ticarcillin;Ticarcillin+Clavulanic_acid blaTEM-151	100.0	resfinder
contig_9	resfinder~~~blaTEM-149_1~~~DQ369751~~~Amoxicillin;Ampicillin;Aztreonam;Cefepime;Cefotaxime;Ceftazidime;Ceftriaxone;Piperacillin;Ticarcillin	99.071	861	8	0	63778	64638	861	1	0.0	1546	79498	861	resfinder~~~blaTEM-149_1~~~DQ369751~~~Amoxicillin;Ampicillin;Aztreonam;Cefepime;Cefotaxime;Ceftazidime;Ceftriaxone;Piperacillin;Ticarcillin blaTEM-149	100.0	resfinder
contig_9	resfinder~~~blaTEM-142_1~~~DQ388882~~~	99.071	861	8	0	63778	64638	861	1	0.0	1546	79498	861	resfinder~~~blaTEM-142_1~~~DQ388882~~~ blaTEM-142	100.0	resfinder
contig_9	resfinder~~~blaTEM-134_1~~~AY574271~~~Amoxicillin;Ampicillin;Aztreonam;Cefepime;Cefotaxime;Ceftazidime;Ceftriaxone;Piperacillin;Ticarcillin	99.071	861	8	0	63778	64638	861	1	0.0	1546	79498	861	resfinder~~~blaTEM-134_1~~~AY574271~~~Amoxicillin;Ampicillin;Aztreonam;Cefepime;Cefotaxime;Ceftazidime;Ceftriaxone;Piperacillin;Ticarcillin blaTEM-134	100.0	resfinder
contig_9	resfinder~~~blaTEM-129_1~~~AJ746225~~~Amoxicillin;Ampicillin;Aztreonam;Cefepime;Cefotaxime;Ceftazidime;Ceftriaxone;Piperacillin;Ticarcillin	99.071	861	8	0	63778	64638	861	1	0.0	1546	79498	861	resfinder~~~blaTEM-129_1~~~AJ746225~~~Amoxicillin;Ampicillin;Aztreonam;Cefepime;Cefotaxime;Ceftazidime;Ceftriaxone;Piperacillin;Ticarcillin blaTEM-129	100.0	resfinder
contig_9	resfinder~~~blaTEM-114_1~~~AY589495~~~Amoxicillin;Ampicillin;Aztreonam;Cefepime;Cefotaxime;Ceftazidime;Ceftriaxone;Piperacillin;Ticarcillin	99.071	861	8	0	63778	64638	861	1	0.0	1546	79498	861	resfinder~~~blaTEM-114_1~~~AY589495~~~Amoxicillin;Ampicillin;Aztreonam;Cefepime;Cefotaxime;Ceftazidime;Ceftriaxone;Piperacillin;Ticarcillin blaTEM-114	100.0	resfinder
contig_9	resfinder~~~blaKPC-228_1~~~PP860922~~~Amoxicillin;Amoxicillin+Clavulanic_acid;Ampicillin;Ampicillin+Clavulanic_acid;Aztreonam;Cefepime;Cefotaxime;Cefoxitin;Ceftazidime;Ertapenem;Imipenem;Meropenem;Piperacillin;Piperacillin+Tazobactam;Ticarcillin;Ticarcillin+Clavulanic_acid	98.526	882	1	1	76689	77570	1	870	0.0	1546	79498	870	resfinder~~~blaKPC-228_1~~~PP860922~~~Amoxicillin;Amoxicillin+Clavulanic_acid;Ampicillin;Ampicillin+Clavulanic_acid;Aztreonam;Cefepime;Cefotaxime;Cefoxitin;Ceftazidime;Ertapenem;Imipenem;Meropenem;Piperacillin;Piperacillin+Tazobactam;Ticarcillin;Ticarcillin+Clavulanic_acid blaKPC-228	101.37931034482759	resfinder
contig_9	resfinder~~~blaTEM-131_1~~~AY436361~~~Amoxicillin;Ampicillin;Aztreonam;Cefepime;Cefotaxime;Ceftazidime;Ceftriaxone;Piperacillin;Ticarcillin	98.955	861	9	0	63778	64638	861	1	0.0	1543	79498	861	resfinder~~~blaTEM-131_1~~~AY436361~~~Amoxicillin;Ampicillin;Aztreonam;Cefepime;Cefotaxime;Ceftazidime;Ceftriaxone;Piperacillin;Ticarcillin blaTEM-131	100.0	resfinder
contig_9	resfinder~~~blaTEM-108_1~~~AF506748~~~	99.297	853	6	0	63778	64630	861	9	0.0	1543	79498	861	resfinder~~~blaTEM-108_1~~~AF506748~~~ blaTEM-108	99.07084785133566	resfinder
contig_9	resfinder~~~blaTEM-94_1~~~AJ318094~~~Amoxicillin;Ampicillin;Aztreonam;Cefepime;Cefotaxime;Ceftazidime;Ceftriaxone;Piperacillin;Ticarcillin	98.955	861	9	0	63778	64638	861	1	0.0	1541	79498	861	resfinder~~~blaTEM-94_1~~~AJ318094~~~Amoxicillin;Ampicillin;Aztreonam;Cefepime;Cefotaxime;Ceftazidime;Ceftriaxone;Piperacillin;Ticarcillin blaTEM-94	100.0	resfinder
contig_9	resfinder~~~blaTEM-87_1~~~AF250872~~~Amoxicillin;Ampicillin;Aztreonam;Cefepime;Cefotaxime;Ceftazidime;Ceftriaxone;Piperacillin;Ticarcillin	98.955	861	9	0	63778	64638	861	1	0.0	1541	79498	861	resfinder~~~blaTEM-87_1~~~AF250872~~~Amoxicillin;Ampicillin;Aztreonam;Cefepime;Cefotaxime;Ceftazidime;Ceftriaxone;Piperacillin;Ticarcillin blaTEM-87	100.0	resfinder
contig_9	resfinder~~~blaTEM-86_1~~~AJ277415~~~Amoxicillin;Ampicillin;Aztreonam;Cefepime;Cefotaxime;Ceftazidime;Ceftriaxone;Piperacillin;Ticarcillin	98.955	861	9	0	63778	64638	861	1	0.0	1541	79498	861	resfinder~~~blaTEM-86_1~~~AJ277415~~~Amoxicillin;Ampicillin;Aztreonam;Cefepime;Cefotaxime;Ceftazidime;Ceftriaxone;Piperacillin;Ticarcillin blaTEM-86	100.0	resfinder
contig_9	resfinder~~~blaTEM-49_1~~~Y10281~~~Amoxicillin;Ampicillin;Aztreonam;Cefepime;Cefotaxime;Ceftazidime;Ceftriaxone;Piperacillin;Ticarcillin	98.955	861	9	0	63778	64638	861	1	0.0	1541	79498	861	resfinder~~~blaTEM-49_1~~~Y10281~~~Amoxicillin;Ampicillin;Aztreonam;Cefepime;Cefotaxime;Ceftazidime;Ceftriaxone;Piperacillin;Ticarcillin blaTEM-49	100.0	resfinder
contig_9	resfinder~~~blaTEM-227_1~~~KY418040~~~	98.955	861	9	0	63778	64638	861	1	0.0	1541	79498	861	resfinder~~~blaTEM-227_1~~~KY418040~~~ blaTEM-227	100.0	resfinder
contig_9	resfinder~~~blaTEM-224_1~~~KU664545~~~	98.955	861	9	0	63778	64638	861	1	0.0	1541	79498	861	resfinder~~~blaTEM-224_1~~~KU664545~~~ blaTEM-224	100.0	resfinder
contig_9	resfinder~~~blaTEM-167_1~~~FJ360884~~~Amoxicillin;Ampicillin;Aztreonam;Cefepime;Cefotaxime;Ceftazidime;Ceftriaxone;Piperacillin;Ticarcillin	98.955	861	9	0	63778	64638	861	1	0.0	1541	79498	861	resfinder~~~blaTEM-167_1~~~FJ360884~~~Amoxicillin;Ampicillin;Aztreonam;Cefepime;Cefotaxime;Ceftazidime;Ceftriaxone;Piperacillin;Ticarcillin blaTEM-167	100.0	resfinder
contig_9	resfinder~~~blaTEM-139_1~~~DQ072853~~~Amoxicillin;Ampicillin;Aztreonam;Cefepime;Cefotaxime;Ceftazidime;Ceftriaxone;Piperacillin;Ticarcillin	98.955	861	9	0	63778	64638	861	1	0.0	1541	79498	861	resfinder~~~blaTEM-139_1~~~DQ072853~~~Amoxicillin;Ampicillin;Aztreonam;Cefepime;Cefotaxime;Ceftazidime;Ceftriaxone;Piperacillin;Ticarcillin blaTEM-139	100.0	resfinder
contig_9	resfinder~~~blaTEM-121_1~~~AY307374~~~Amoxicillin;Amoxicillin+Clavulanic_acid;Ampicillin;Ampicillin+Clavulanic_acid;Aztreonam;Cefepime;Cefotaxime;Ceftazidime;Ceftriaxone;Piperacillin;Piperacillin+Tazobactam;Ticarcillin;Ticarcillin+Clavulanic_acid	98.955	861	9	0	63778	64638	861	1	0.0	1541	79498	861	resfinder~~~blaTEM-121_1~~~AY307374~~~Amoxicillin;Amoxicillin+Clavulanic_acid;Ampicillin;Ampicillin+Clavulanic_acid;Aztreonam;Cefepime;Cefotaxime;Ceftazidime;Ceftriaxone;Piperacillin;Piperacillin+Tazobactam;Ticarcillin;Ticarcillin+Clavulanic_acid blaTEM-121	100.0	resfinder
contig_9	resfinder~~~blaTEM-113_1~~~AY589494~~~Amoxicillin;Ampicillin;Aztreonam;Cefepime;Cefotaxime;Ceftazidime;Ceftriaxone;Piperacillin;Ticarcillin	98.955	861	9	0	63778	64638	861	1	0.0	1541	79498	861	resfinder~~~blaTEM-113_1~~~AY589494~~~Amoxicillin;Ampicillin;Aztreonam;Cefepime;Cefotaxime;Ceftazidime;Ceftriaxone;Piperacillin;Ticarcillin blaTEM-113	100.0	resfinder
contig_9	resfinder~~~blaTEM-101_1~~~AF495873~~~Amoxicillin;Ampicillin;Aztreonam;Cefepime;Cefotaxime;Ceftazidime;Ceftriaxone;Piperacillin;Ticarcillin	98.955	861	9	0	63778	64638	861	1	0.0	1541	79498	861	resfinder~~~blaTEM-101_1~~~AF495873~~~Amoxicillin;Ampicillin;Aztreonam;Cefepime;Cefotaxime;Ceftazidime;Ceftriaxone;Piperacillin;Ticarcillin blaTEM-101	100.0	resfinder
contig_9	resfinder~~~blaTEM-187_1~~~HM246246~~~Amoxicillin;Ampicillin;Aztreonam;Cefepime;Cefotaxime;Ceftazidime;Ceftriaxone;Piperacillin;Ticarcillin	99.067	857	8	0	63782	64638	857	1	0.0	1539	79498	858	resfinder~~~blaTEM-187_1~~~HM246246~~~Amoxicillin;Ampicillin;Aztreonam;Cefepime;Cefotaxime;Ceftazidime;Ceftriaxone;Piperacillin;Ticarcillin blaTEM-187	99.88344988344988	resfinder
contig_9	resfinder~~~blaTEM-211_1~~~KF513179~~~Amoxicillin;Ampicillin;Aztreonam;Cefepime;Cefotaxime;Ceftazidime;Ceftriaxone;Piperacillin;Ticarcillin	98.839	861	10	0	63778	64638	861	1	0.0	1535	79498	861	resfinder~~~blaTEM-211_1~~~KF513179~~~Amoxicillin;Ampicillin;Aztreonam;Cefepime;Cefotaxime;Ceftazidime;Ceftriaxone;Piperacillin;Ticarcillin blaTEM-211	100.0	resfinder
contig_9	resfinder~~~blaTEM-177_1~~~FN652295~~~Amoxicillin;Ampicillin;Aztreonam;Cefepime;Cefotaxime;Ceftazidime;Ceftriaxone;Piperacillin;Ticarcillin	98.839	861	10	0	63778	64638	861	1	0.0	1535	79498	861	resfinder~~~blaTEM-177_1~~~FN652295~~~Amoxicillin;Ampicillin;Aztreonam;Cefepime;Cefotaxime;Ceftazidime;Ceftriaxone;Piperacillin;Ticarcillin blaTEM-177	100.0	resfinder
contig_9	resfinder~~~blaTEM-130_1~~~AJ866988~~~Amoxicillin;Ampicillin;Aztreonam;Cefepime;Cefotaxime;Ceftazidime;Ceftriaxone;Piperacillin;Ticarcillin	98.839	861	10	0	63778	64638	861	1	0.0	1535	79498	861	resfinder~~~blaTEM-130_1~~~AJ866988~~~Amoxicillin;Ampicillin;Aztreonam;Cefepime;Cefotaxime;Ceftazidime;Ceftriaxone;Piperacillin;Ticarcillin blaTEM-130	100.0	resfinder
contig_9	resfinder~~~blaTEM-125_1~~~AY628176~~~Amoxicillin;Amoxicillin+Clavulanic_acid;Ampicillin;Ampicillin+Clavulanic_acid;Aztreonam;Cefepime;Cefotaxime;Ceftazidime;Ceftriaxone;Piperacillin;Piperacillin+Tazobactam;Ticarcillin;Ticarcillin+Clavulanic_acid	98.722	861	11	0	63778	64638	861	1	0.0	1530	79498	861	resfinder~~~blaTEM-125_1~~~AY628176~~~Amoxicillin;Amoxicillin+Clavulanic_acid;Ampicillin;Ampicillin+Clavulanic_acid;Aztreonam;Cefepime;Cefotaxime;Ceftazidime;Ceftriaxone;Piperacillin;Piperacillin+Tazobactam;Ticarcillin;Ticarcillin+Clavulanic_acid blaTEM-125	100.0	resfinder
contig_9	resfinder~~~blaTEM-124_1~~~AY327540~~~Amoxicillin;Ampicillin;Aztreonam;Cefepime;Cefotaxime;Ceftazidime;Ceftriaxone;Piperacillin;Ticarcillin	98.722	861	8	1	63778	64638	858	1	0.0	1526	79498	858	resfinder~~~blaTEM-124_1~~~AY327540~~~Amoxicillin;Ampicillin;Aztreonam;Cefepime;Cefotaxime;Ceftazidime;Ceftriaxone;Piperacillin;Ticarcillin blaTEM-124	100.34965034965035	resfinder
contig_9	resfinder~~~blaTEM-123_1~~~AY327539~~~Amoxicillin;Ampicillin;Aztreonam;Cefepime;Cefotaxime;Ceftazidime;Ceftriaxone;Piperacillin;Ticarcillin	98.722	861	8	1	63778	64638	858	1	0.0	1526	79498	858	resfinder~~~blaTEM-123_1~~~AY327539~~~Amoxicillin;Ampicillin;Aztreonam;Cefepime;Cefotaxime;Ceftazidime;Ceftriaxone;Piperacillin;Ticarcillin blaTEM-123	100.34965034965035	resfinder
contig_9	resfinder~~~blaOXA-9_1~~~KQ089875~~~Amoxicillin;Ampicillin	100.0	825	0	0	65338	66162	825	1	0.0	1524	79498	825	resfinder~~~blaOXA-9_1~~~KQ089875~~~Amoxicillin;Ampicillin blaOXA-9	100.0	resfinder
contig_9	resfinder~~~blaTEM-195_1~~~JN935137~~~	98.49	861	13	0	63778	64638	861	1	0.0	1519	79498	861	resfinder~~~blaTEM-195_1~~~JN935137~~~ blaTEM-195	100.0	resfinder
contig_9	resfinder~~~blaTEM-102_1~~~AY040093~~~Amoxicillin;Ampicillin;Aztreonam;Cefepime;Cefotaxime;Ceftazidime;Ceftriaxone;Piperacillin;Ticarcillin	98.49	861	13	0	63778	64638	861	1	0.0	1519	79498	861	resfinder~~~blaTEM-102_1~~~AY040093~~~Amoxicillin;Ampicillin;Aztreonam;Cefepime;Cefotaxime;Ceftazidime;Ceftriaxone;Piperacillin;Ticarcillin blaTEM-102	100.0	resfinder
contig_9	resfinder~~~blaKPC-34_1~~~KU985429~~~Amoxicillin;Amoxicillin+Clavulanic_acid;Ampicillin;Ampicillin+Clavulanic_acid;Aztreonam;Cefepime;Cefotaxime;Cefoxitin;Ceftazidime;Ertapenem;Imipenem;Meropenem;Piperacillin;Piperacillin+Tazobactam;Ticarcillin;Ticarcillin+Clavulanic_acid	99.879	825	1	0	76689	77513	1	825	0.0	1519	79498	906	resfinder~~~blaKPC-34_1~~~KU985429~~~Amoxicillin;Amoxicillin+Clavulanic_acid;Ampicillin;Ampicillin+Clavulanic_acid;Aztreonam;Cefepime;Cefotaxime;Cefoxitin;Ceftazidime;Ertapenem;Imipenem;Meropenem;Piperacillin;Piperacillin+Tazobactam;Ticarcillin;Ticarcillin+Clavulanic_acid blaKPC-34	91.05960264900662	resfinder
contig_9	resfinder~~~blaTEM-60_1~~~AF047171~~~Amoxicillin;Ampicillin;Aztreonam;Cefepime;Cefotaxime;Ceftazidime;Ceftriaxone;Piperacillin;Ticarcillin	98.374	861	14	0	63778	64638	861	1	0.0	1513	79498	861	resfinder~~~blaTEM-60_1~~~AF047171~~~Amoxicillin;Ampicillin;Aztreonam;Cefepime;Cefotaxime;Ceftazidime;Ceftriaxone;Piperacillin;Ticarcillin blaTEM-60	100.0	resfinder
contig_9	resfinder~~~blaTEM-193_1~~~JN935135~~~	97.912	862	16	2	63778	64638	861	1	0.0	1491	79498	861	resfinder~~~blaTEM-193_1~~~JN935135~~~ blaTEM-193	100.11614401858304	resfinder
contig_9	resfinder~~~blaTEM-194_1~~~JN935136~~~	97.445	861	22	0	63778	64638	861	1	0.0	1469	79498	861	resfinder~~~blaTEM-194_1~~~JN935136~~~ blaTEM-194	100.0	resfinder
contig_9	resfinder~~~blaTEM-178_1~~~X97254~~~Amoxicillin;Amoxicillin+Clavulanic_acid;Ampicillin;Ampicillin+Clavulanic_acid;Aztreonam;Cefepime;Cefotaxime;Ceftazidime;Ceftriaxone;Piperacillin;Piperacillin+Tazobactam;Ticarcillin;Ticarcillin+Clavulanic_acid	97.448	862	17	3	63778	64638	858	1	0.0	1465	79498	858	resfinder~~~blaTEM-178_1~~~X97254~~~Amoxicillin;Amoxicillin+Clavulanic_acid;Ampicillin;Ampicillin+Clavulanic_acid;Aztreonam;Cefepime;Cefotaxime;Ceftazidime;Ceftriaxone;Piperacillin;Piperacillin+Tazobactam;Ticarcillin;Ticarcillin+Clavulanic_acid blaTEM-178	100.46620046620046	resfinder
contig_9	resfinder~~~aadA1_4~~~JQ480156~~~Spectinomycin;Streptomycin	100.0	789	0	0	66222	67010	789	1	0.0	1458	79498	789	resfinder~~~aadA1_4~~~JQ480156~~~Spectinomycin;Streptomycin aadA1	100.0	resfinder
contig_9	resfinder~~~ant(3'')-Ia_1~~~X02340~~~Streptomycin	99.257	807	2	2	66222	67025	972	167	0.0	1454	79498	972	resfinder~~~ant(3'')-Ia_1~~~X02340~~~Streptomycin ant(3'')-Ia	83.0246913580247	resfinder
contig_9	resfinder~~~aadA1_5~~~JX185132~~~Spectinomycin;Streptomycin	99.369	792	2	1	66222	67010	792	1	0.0	1432	79498	792	resfinder~~~aadA1_5~~~JX185132~~~Spectinomycin;Streptomycin aadA1	100.0	resfinder
contig_9	resfinder~~~aadA1_3~~~JQ414041~~~Spectinomycin;Streptomycin	99.369	792	2	1	66222	67010	792	1	0.0	1432	79498	792	resfinder~~~aadA1_3~~~JQ414041~~~Spectinomycin;Streptomycin aadA1	100.0	resfinder
contig_9	resfinder~~~aadA1b_1~~~M95287~~~Spectinomycin;Streptomycin	98.99	792	5	1	66222	67010	792	1	0.0	1415	79498	792	resfinder~~~aadA1b_1~~~M95287~~~Spectinomycin;Streptomycin aadA1b	100.0	resfinder
contig_9	resfinder~~~aadA24_1~~~DQ677333~~~Spectinomycin;Streptomycin	98.187	772	11	1	66222	66990	780	9	0.0	1345	79498	780	resfinder~~~aadA24_1~~~DQ677333~~~Spectinomycin;Streptomycin aadA24	98.97435897435898	resfinder
contig_9	resfinder~~~aadA1_2~~~FJ591054~~~Spectinomycin;Streptomycin	96.97	792	21	1	66222	67010	792	1	0.0	1327	79498	792	resfinder~~~aadA1_2~~~FJ591054~~~Spectinomycin;Streptomycin aadA1	100.0	resfinder
contig_9	resfinder~~~aadA22_1~~~AM261837~~~Spectinomycin;Streptomycin	96.843	792	22	1	66222	67010	792	1	0.0	1321	79498	792	resfinder~~~aadA22_1~~~AM261837~~~Spectinomycin;Streptomycin aadA22	100.0	resfinder
contig_9	resfinder~~~aadA21_1~~~AY171244~~~Spectinomycin;Streptomycin	96.717	792	23	1	66222	67010	792	1	0.0	1315	79498	792	resfinder~~~aadA21_1~~~AY171244~~~Spectinomycin;Streptomycin aadA21	100.0	resfinder
contig_9	resfinder~~~aadA23_1~~~AJ809407~~~Spectinomycin;Streptomycin	97.28	772	18	1	66222	66990	780	9	0.0	1306	79498	780	resfinder~~~aadA23_1~~~AJ809407~~~Spectinomycin;Streptomycin aadA23	98.97435897435898	resfinder
contig_9	resfinder~~~aadA15_1~~~DQ393783~~~Spectinomycin;Streptomycin	96.582	790	24	1	66224	67010	790	1	0.0	1306	79498	792	resfinder~~~aadA15_1~~~DQ393783~~~Spectinomycin;Streptomycin aadA15	99.74747474747475	resfinder
contig_9	resfinder~~~aadA12_1~~~AY665771~~~Spectinomycin;Streptomycin	94.43	790	41	1	66224	67010	790	1	0.0	1212	79498	792	resfinder~~~aadA12_1~~~AY665771~~~Spectinomycin;Streptomycin aadA12	99.74747474747475	resfinder
contig_9	resfinder~~~aadA17_1~~~FJ460181~~~Spectinomycin;Streptomycin	93.418	790	49	1	66224	67010	790	1	0.0	1168	79498	792	resfinder~~~aadA17_1~~~FJ460181~~~Spectinomycin;Streptomycin aadA17	99.74747474747475	resfinder
contig_9	resfinder~~~aadA11_2~~~AJ567827~~~Spectinomycin;Streptomycin	92.785	790	54	1	66224	67010	790	1	0.0	1140	79498	792	resfinder~~~aadA11_2~~~AJ567827~~~Spectinomycin;Streptomycin aadA11	99.74747474747475	resfinder
contig_9	resfinder~~~aadA24_1~~~AM711129~~~Spectinomycin;Streptomycin	93.059	778	51	1	66224	66998	778	1	0.0	1134	79498	780	resfinder~~~aadA24_1~~~AM711129~~~Spectinomycin;Streptomycin aadA24	99.74358974358974	resfinder
contig_9	resfinder~~~aac(6')-Ib_1~~~M21682~~~Amikacin;Kanamycin;Tobramycin	100.0	606	0	0	67080	67685	606	1	0.0	1120	79498	606	resfinder~~~aac(6')-Ib_1~~~M21682~~~Amikacin;Kanamycin;Tobramycin aac(6')-Ib	100.0	resfinder
contig_9	resfinder~~~aadA8b_1~~~AY139603~~~Spectinomycin;Streptomycin	92.172	792	59	1	66222	67010	792	1	0.0	1116	79498	792	resfinder~~~aadA8b_1~~~AY139603~~~Spectinomycin;Streptomycin aadA8b	100.0	resfinder
contig_9	resfinder~~~aadA8b_2~~~AM040708~~~Spectinomycin;Streptomycin	91.919	792	61	1	66222	67010	792	1	0.0	1105	79498	792	resfinder~~~aadA8b_2~~~AM040708~~~Spectinomycin;Streptomycin aadA8b	100.0	resfinder
contig_9	resfinder~~~aac(6')-Ib_2~~~M23634~~~Amikacin;Kanamycin;Tobramycin	99.505	606	3	0	67080	67685	606	1	0.0	1103	79498	606	resfinder~~~aac(6')-Ib_2~~~M23634~~~Amikacin;Kanamycin;Tobramycin aac(6')-Ib	100.0	resfinder
contig_9	resfinder~~~aadA8_1~~~AF326210~~~Spectinomycin;Streptomycin	91.667	792	63	1	66222	67010	792	1	0.0	1094	79498	792	resfinder~~~aadA8_1~~~AF326210~~~Spectinomycin;Streptomycin aadA8	100.0	resfinder
contig_9	resfinder~~~aac(6')-Ib-cr_1~~~DQ303918~~~Amikacin;Ciprofloxacin;Dibekacin;Fluoroquinolone;Netilmicin;Sisomicin;Tobramycin	99.489	587	3	0	67080	67666	600	14	0.0	1068	79498	600	resfinder~~~aac(6')-Ib-cr_1~~~DQ303918~~~Amikacin;Ciprofloxacin;Dibekacin;Fluoroquinolone;Netilmicin;Sisomicin;Tobramycin aac(6')-Ib-cr	97.83333333333333	resfinder
contig_9	resfinder~~~aadA3_1~~~AF047479~~~Spectinomycin;Streptomycin	90.53	792	72	1	66222	67010	792	1	0.0	1044	79498	792	resfinder~~~aadA3_1~~~AF047479~~~Spectinomycin;Streptomycin aadA3	100.0	resfinder
contig_9	resfinder~~~aac(6')-Ib3_1~~~X60321~~~Amikacin;Tobramycin	99.82	555	1	0	67080	67634	555	1	0.0	1020	79498	555	resfinder~~~aac(6')-Ib3_1~~~X60321~~~Amikacin;Tobramycin aac(6')-Ib3	100.0	resfinder
contig_9	resfinder~~~aac(6')-Ib11_1~~~AY136758~~~Amikacin;Gentamicin;Netilmicin;Tobramycin	99.455	550	3	0	67080	67629	570	21	0.0	1000	79498	570	resfinder~~~aac(6')-Ib11_1~~~AY136758~~~Amikacin;Gentamicin;Netilmicin;Tobramycin aac(6')-Ib11	96.49122807017544	resfinder
contig_9	resfinder~~~aac(6')Ib-cr_3~~~EF210035~~~Amikacin;Ciprofloxacin;Dibekacin;Fluoroquinolone;Netilmicin;Sisomicin;Tobramycin	99.422	519	3	0	67080	67598	519	1	0.0	942	79498	519	resfinder~~~aac(6')Ib-cr_3~~~EF210035~~~Amikacin;Ciprofloxacin;Dibekacin;Fluoroquinolone;Netilmicin;Sisomicin;Tobramycin aac(6')Ib-cr	100.0	resfinder
contig_9	resfinder~~~aac(6')-Ib-cr_2~~~EF636461~~~Amikacin;Ciprofloxacin;Dibekacin;Fluoroquinolone;Netilmicin;Sisomicin;Tobramycin	99.422	519	3	0	67080	67598	519	1	0.0	942	79498	519	resfinder~~~aac(6')-Ib-cr_2~~~EF636461~~~Amikacin;Ciprofloxacin;Dibekacin;Fluoroquinolone;Netilmicin;Sisomicin;Tobramycin aac(6')-Ib-cr	100.0	resfinder
contig_9	resfinder~~~aac(6')-Ib-Hangzhou_1~~~FJ503047~~~Amikacin;Tobramycin	99.422	519	3	0	67080	67598	519	1	0.0	942	79498	519	resfinder~~~aac(6')-Ib-Hangzhou_1~~~FJ503047~~~Amikacin;Tobramycin aac(6')-Ib-Hangzhou	100.0	resfinder
contig_3	argannot~~~(Flq)OqxBgb~~~EU370913:47851-51003~~~	100.0	3153	0	0	2597799	2600951	3153	1	0.0	5823	5306069	3153	argannot~~~(Flq)OqxBgb~~~EU370913:47851-51003~~~ (Flq)OqxBgb	100.0	argannot
contig_3	argannot~~~(Flq)OqxA~~~EU370913:46652-47827~~~	100.0	1176	0	0	2600975	2602150	1176	1	0.0	2172	5306069	1176	argannot~~~(Flq)OqxA~~~EU370913:46652-47827~~~ (Flq)OqxA	100.0	argannot
contig_3	argannot~~~(Bla)ampH~~~CP003785:4208384-4209544~~~	98.88	1161	13	0	218144	219304	1	1161	0.0	2073	5306069	1161	argannot~~~(Bla)ampH~~~CP003785:4208384-4209544~~~ (Bla)ampH	100.0	argannot
contig_3	argannot~~~(Bla)blaSHV-11~~~HM751098:1-861~~~	100.0	861	0	0	4148681	4149541	1	861	0.0	1591	5306069	861	argannot~~~(Bla)blaSHV-11~~~HM751098:1-861~~~ (Bla)blaSHV-11	100.0	argannot
contig_3	argannot~~~(Bla)blaSHV-182~~~KP050489:1-861~~~	99.884	861	1	0	4148681	4149541	1	861	0.0	1585	5306069	861	argannot~~~(Bla)blaSHV-182~~~KP050489:1-861~~~ (Bla)blaSHV-182	100.0	argannot
contig_3	argannot~~~(Bla)blaSHV-159~~~JX121126:1-858~~~	99.883	858	1	0	4148681	4149538	1	858	0.0	1580	5306069	858	argannot~~~(Bla)blaSHV-159~~~JX121126:1-858~~~ (Bla)blaSHV-159	100.0	argannot
contig_3	argannot~~~(Bla)blaSHV-158~~~JX121125:1-858~~~	99.883	858	1	0	4148681	4149538	1	858	0.0	1580	5306069	858	argannot~~~(Bla)blaSHV-158~~~JX121125:1-858~~~ (Bla)blaSHV-158	100.0	argannot
contig_3	argannot~~~(Bla)blaSHV-155~~~JX121122:1-858~~~	99.883	856	1	0	4148681	4149536	1	856	0.0	1576	5306069	858	argannot~~~(Bla)blaSHV-155~~~JX121122:1-858~~~ (Bla)blaSHV-155	99.76689976689977	argannot
contig_3	argannot~~~(Bla)blaSHV-156~~~JX121123:1-861~~~	99.652	861	3	0	4148681	4149541	1	861	0.0	1574	5306069	861	argannot~~~(Bla)blaSHV-156~~~JX121123:1-861~~~ (Bla)blaSHV-156	100.0	argannot
contig_3	argannot~~~(Bla)blaSHV-75~~~AM176550:31-891~~~	99.535	861	4	0	4148681	4149541	1	861	0.0	1568	5306069	861	argannot~~~(Bla)blaSHV-75~~~AM176550:31-891~~~ (Bla)blaSHV-75	100.0	argannot
contig_3	argannot~~~(Bla)blaSHV-74~~~AM176549:31-891~~~	99.535	861	4	0	4148681	4149541	1	861	0.0	1568	5306069	861	argannot~~~(Bla)blaSHV-74~~~AM176549:31-891~~~ (Bla)blaSHV-74	100.0	argannot
contig_3	argannot~~~(Bla)blaSHV-70~~~DQ013287:1-861~~~	99.535	861	4	0	4148681	4149541	1	861	0.0	1568	5306069	861	argannot~~~(Bla)blaSHV-70~~~DQ013287:1-861~~~ (Bla)blaSHV-70	100.0	argannot
contig_3	argannot~~~(Bla)blaSHV-69~~~DQ174308:5-865~~~	99.535	861	4	0	4148681	4149541	1	861	0.0	1568	5306069	861	argannot~~~(Bla)blaSHV-69~~~DQ174308:5-865~~~ (Bla)blaSHV-69	100.0	argannot
contig_3	argannot~~~(Bla)blaSHV-67~~~DQ174307:5-865~~~	99.535	861	4	0	4148681	4149541	1	861	0.0	1568	5306069	861	argannot~~~(Bla)blaSHV-67~~~DQ174307:5-865~~~ (Bla)blaSHV-67	100.0	argannot
contig_3	argannot~~~(Bla)blaSHV-31~~~GU064396:1-861~~~	99.535	861	4	0	4148681	4149541	1	861	0.0	1568	5306069	861	argannot~~~(Bla)blaSHV-31~~~GU064396:1-861~~~ (Bla)blaSHV-31	100.0	argannot
contig_3	argannot~~~(Bla)blaSHV-25~~~AF208796:1-861~~~	99.535	861	4	0	4148681	4149541	1	861	0.0	1568	5306069	861	argannot~~~(Bla)blaSHV-25~~~AF208796:1-861~~~ (Bla)blaSHV-25	100.0	argannot
contig_3	argannot~~~(Bla)blaSHV-187~~~LN515533:1-867~~~	99.308	867	6	0	4148675	4149541	1	867	0.0	1568	5306069	867	argannot~~~(Bla)blaSHV-187~~~LN515533:1-867~~~ (Bla)blaSHV-187	100.0	argannot
contig_3	argannot~~~(Bla)blaSHV-185~~~KM233164:1-861~~~	99.535	861	4	0	4148681	4149541	1	861	0.0	1568	5306069	861	argannot~~~(Bla)blaSHV-185~~~KM233164:1-861~~~ (Bla)blaSHV-185	100.0	argannot
contig_3	argannot~~~(Bla)blaSHV-173~~~KF513178:1-861~~~	99.535	861	4	0	4148681	4149541	1	861	0.0	1568	5306069	861	argannot~~~(Bla)blaSHV-173~~~KF513178:1-861~~~ (Bla)blaSHV-173	100.0	argannot
contig_3	argannot~~~(Bla)blaSHV-13~~~AF164577:1-861~~~	99.535	861	4	0	4148681	4149541	1	861	0.0	1568	5306069	861	argannot~~~(Bla)blaSHV-13~~~AF164577:1-861~~~ (Bla)blaSHV-13	100.0	argannot
contig_3	argannot~~~(Bla)blaSHV-107~~~AM941848:1-861~~~	99.535	861	4	0	4148681	4149541	1	861	0.0	1568	5306069	861	argannot~~~(Bla)blaSHV-107~~~AM941848:1-861~~~ (Bla)blaSHV-107	100.0	argannot
contig_3	argannot~~~(Bla)blaSHV-99~~~AM922305:1-861~~~	99.419	861	5	0	4148681	4149541	1	861	0.0	1563	5306069	861	argannot~~~(Bla)blaSHV-99~~~AM922305:1-861~~~ (Bla)blaSHV-99	100.0	argannot
contig_3	argannot~~~(Bla)blaSHV-96~~~EF373971:1-861~~~	99.419	861	5	0	4148681	4149541	1	861	0.0	1563	5306069	861	argannot~~~(Bla)blaSHV-96~~~EF373971:1-861~~~ (Bla)blaSHV-96	100.0	argannot
contig_3	argannot~~~(Bla)blaSHV-94~~~EF373970:1-861~~~	99.419	861	5	0	4148681	4149541	1	861	0.0	1563	5306069	861	argannot~~~(Bla)blaSHV-94~~~EF373970:1-861~~~ (Bla)blaSHV-94	100.0	argannot
contig_3	argannot~~~(Bla)blaSHV-89~~~DQ193536:1-861~~~	99.419	861	5	0	4148681	4149541	1	861	0.0	1563	5306069	861	argannot~~~(Bla)blaSHV-89~~~DQ193536:1-861~~~ (Bla)blaSHV-89	100.0	argannot
contig_3	argannot~~~(Bla)blaSHV-85~~~DQ322460:16-876~~~	99.419	861	5	0	4148681	4149541	1	861	0.0	1563	5306069	861	argannot~~~(Bla)blaSHV-85~~~DQ322460:16-876~~~ (Bla)blaSHV-85	100.0	argannot
contig_3	argannot~~~(Bla)blaSHV-81~~~AM176556:26-886~~~	99.419	861	5	0	4148681	4149541	1	861	0.0	1563	5306069	861	argannot~~~(Bla)blaSHV-81~~~AM176556:26-886~~~ (Bla)blaSHV-81	100.0	argannot
contig_3	argannot~~~(Bla)blaSHV-79~~~AM176554:31-891~~~	99.419	861	5	0	4148681	4149541	1	861	0.0	1563	5306069	861	argannot~~~(Bla)blaSHV-79~~~AM176554:31-891~~~ (Bla)blaSHV-79	100.0	argannot
contig_3	argannot~~~(Bla)blaSHV-77~~~AM176552:31-891~~~	99.419	861	5	0	4148681	4149541	1	861	0.0	1563	5306069	861	argannot~~~(Bla)blaSHV-77~~~AM176552:31-891~~~ (Bla)blaSHV-77	100.0	argannot
contig_3	argannot~~~(Bla)blaSHV-61~~~AJ866284:1-861~~~	99.419	861	5	0	4148681	4149541	1	861	0.0	1563	5306069	861	argannot~~~(Bla)blaSHV-61~~~AJ866284:1-861~~~ (Bla)blaSHV-61	100.0	argannot
contig_3	argannot~~~(Bla)blaSHV-60~~~AJ866283:1-861~~~	99.419	861	5	0	4148681	4149541	1	861	0.0	1563	5306069	861	argannot~~~(Bla)blaSHV-60~~~AJ866283:1-861~~~ (Bla)blaSHV-60	100.0	argannot
contig_3	argannot~~~(Bla)blaSHV-40~~~AF535128:1-861~~~	99.419	861	5	0	4148681	4149541	1	861	0.0	1563	5306069	861	argannot~~~(Bla)blaSHV-40~~~AF535128:1-861~~~ (Bla)blaSHV-40	100.0	argannot
contig_3	argannot~~~(Bla)blaSHV-35~~~AY070258:1-861~~~	99.419	861	5	0	4148681	4149541	1	861	0.0	1563	5306069	861	argannot~~~(Bla)blaSHV-35~~~AY070258:1-861~~~ (Bla)blaSHV-35	100.0	argannot
contig_3	argannot~~~(Bla)blaSHV-28~~~EU441172:57-917~~~	99.419	861	5	0	4148681	4149541	1	861	0.0	1563	5306069	861	argannot~~~(Bla)blaSHV-28~~~EU441172:57-917~~~ (Bla)blaSHV-28	100.0	argannot
contig_3	argannot~~~(Bla)blaSHV-27~~~FJ685656:1-861~~~	99.419	861	5	0	4148681	4149541	1	861	0.0	1563	5306069	861	argannot~~~(Bla)blaSHV-27~~~FJ685656:1-861~~~ (Bla)blaSHV-27	100.0	argannot
contig_3	argannot~~~(Bla)blaSHV-172~~~KF513177:1-861~~~	99.419	861	5	0	4148681	4149541	1	861	0.0	1563	5306069	861	argannot~~~(Bla)blaSHV-172~~~KF513177:1-861~~~ (Bla)blaSHV-172	100.0	argannot
contig_3	argannot~~~(Bla)blaSHV-144~~~JQ926986:1-861~~~	99.419	861	5	0	4148681	4149541	1	861	0.0	1563	5306069	861	argannot~~~(Bla)blaSHV-144~~~JQ926986:1-861~~~ (Bla)blaSHV-144	100.0	argannot
contig_3	argannot~~~(Bla)blaSHV-137~~~HQ661363:72-932~~~	99.419	861	5	0	4148681	4149541	1	861	0.0	1563	5306069	861	argannot~~~(Bla)blaSHV-137~~~HQ661363:72-932~~~ (Bla)blaSHV-137	100.0	argannot
contig_3	argannot~~~(Bla)blaSHV-121~~~AB538449:1-861~~~	99.419	861	5	0	4148681	4149541	1	861	0.0	1563	5306069	861	argannot~~~(Bla)blaSHV-121~~~AB538449:1-861~~~ (Bla)blaSHV-121	100.0	argannot
contig_3	argannot~~~(Bla)blaSHV-12~~~FJ685654:24-860~~~	99.419	861	5	0	4148681	4149541	1	861	0.0	1563	5306069	861	argannot~~~(Bla)blaSHV-12~~~FJ685654:24-860~~~ (Bla)blaSHV-12	100.0	argannot
contig_3	argannot~~~(Bla)blaSHV-110~~~HQ877614:1-861~~~	99.419	861	5	0	4148681	4149541	1	861	0.0	1563	5306069	861	argannot~~~(Bla)blaSHV-110~~~HQ877614:1-861~~~ (Bla)blaSHV-110	100.0	argannot
contig_3	argannot~~~(Bla)blaSHV-98~~~AM922304:1-861~~~	99.303	861	6	0	4148681	4149541	1	861	0.0	1557	5306069	861	argannot~~~(Bla)blaSHV-98~~~AM922304:1-861~~~ (Bla)blaSHV-98	100.0	argannot
contig_3	argannot~~~(Bla)blaSHV-97~~~EF373973:1-861~~~	99.303	861	6	0	4148681	4149541	1	861	0.0	1557	5306069	861	argannot~~~(Bla)blaSHV-97~~~EF373973:1-861~~~ (Bla)blaSHV-97	100.0	argannot
contig_3	argannot~~~(Bla)blaSHV-95~~~EF373972:1-861~~~	99.303	861	6	0	4148681	4149541	1	861	0.0	1557	5306069	861	argannot~~~(Bla)blaSHV-95~~~EF373972:1-861~~~ (Bla)blaSHV-95	100.0	argannot
contig_3	argannot~~~(Bla)blaSHV-93~~~EF373969:1-861~~~	99.303	861	6	0	4148681	4149541	1	861	0.0	1557	5306069	861	argannot~~~(Bla)blaSHV-93~~~EF373969:1-861~~~ (Bla)blaSHV-93	100.0	argannot
contig_3	argannot~~~(Bla)blaSHV-80~~~AM176555:1-861~~~	99.303	861	6	0	4148681	4149541	1	861	0.0	1557	5306069	861	argannot~~~(Bla)blaSHV-80~~~AM176555:1-861~~~ (Bla)blaSHV-80	100.0	argannot
contig_3	argannot~~~(Bla)blaSHV-78~~~FJ685658:1-861~~~	99.303	861	6	0	4148681	4149541	1	861	0.0	1557	5306069	861	argannot~~~(Bla)blaSHV-78~~~FJ685658:1-861~~~ (Bla)blaSHV-78	100.0	argannot
contig_3	argannot~~~(Bla)blaSHV-66~~~DQ174306:5-865~~~	99.303	861	6	0	4148681	4149541	1	861	0.0	1557	5306069	861	argannot~~~(Bla)blaSHV-66~~~DQ174306:5-865~~~ (Bla)blaSHV-66	100.0	argannot
contig_3	argannot~~~(Bla)blaSHV-51~~~AY289548:1-861~~~	99.303	861	6	0	4148681	4149541	1	861	0.0	1557	5306069	861	argannot~~~(Bla)blaSHV-51~~~AY289548:1-861~~~ (Bla)blaSHV-51	100.0	argannot
contig_3	argannot~~~(Bla)blaSHV-44~~~AY259119:117-977~~~	99.303	861	6	0	4148681	4149541	1	861	0.0	1557	5306069	861	argannot~~~(Bla)blaSHV-44~~~AY259119:117-977~~~ (Bla)blaSHV-44	100.0	argannot
contig_3	argannot~~~(Bla)blaSHV-42~~~AF535130:1-861~~~	99.303	861	6	0	4148681	4149541	1	861	0.0	1557	5306069	861	argannot~~~(Bla)blaSHV-42~~~AF535130:1-861~~~ (Bla)blaSHV-42	100.0	argannot
contig_3	argannot~~~(Bla)blaSHV-38~~~GQ407124:1-861~~~	99.303	861	6	0	4148681	4149541	1	861	0.0	1557	5306069	861	argannot~~~(Bla)blaSHV-38~~~GQ407124:1-861~~~ (Bla)blaSHV-38	100.0	argannot
contig_3	argannot~~~(Bla)blaSHV-36~~~AF467947:1-861~~~	99.303	861	6	0	4148681	4149541	1	861	0.0	1557	5306069	861	argannot~~~(Bla)blaSHV-36~~~AF467947:1-861~~~ (Bla)blaSHV-36	100.0	argannot
contig_3	argannot~~~(Bla)blaSHV-33~~~AY037779:89-949~~~	99.303	861	6	0	4148681	4149541	1	861	0.0	1557	5306069	861	argannot~~~(Bla)blaSHV-33~~~AY037779:89-949~~~ (Bla)blaSHV-33	100.0	argannot
contig_3	argannot~~~(Bla)blaSHV-32~~~AY037778:92-952~~~	99.303	861	6	0	4148681	4149541	1	861	0.0	1557	5306069	861	argannot~~~(Bla)blaSHV-32~~~AY037778:92-952~~~ (Bla)blaSHV-32	100.0	argannot
contig_3	argannot~~~(Bla)blaSHV-2a~~~X98102:72-934~~~	99.303	861	6	0	4148681	4149541	1	861	0.0	1557	5306069	861	argannot~~~(Bla)blaSHV-2a~~~X98102:72-934~~~ (Bla)blaSHV-2a	100.0	argannot
contig_3	argannot~~~(Bla)blaSHV-26~~~AF227204:74-934~~~	99.303	861	6	0	4148681	4149541	1	861	0.0	1557	5306069	861	argannot~~~(Bla)blaSHV-26~~~AF227204:74-934~~~ (Bla)blaSHV-26	100.0	argannot
contig_3	argannot~~~(Bla)blaSHV-193~~~KR347170:1-861~~~	99.303	861	6	0	4148681	4149541	1	861	0.0	1557	5306069	861	argannot~~~(Bla)blaSHV-193~~~KR347170:1-861~~~ (Bla)blaSHV-193	100.0	argannot
contig_3	argannot~~~(Bla)blaSHV-179~~~KF705208:1-861~~~	99.303	861	6	0	4148681	4149541	1	861	0.0	1557	5306069	861	argannot~~~(Bla)blaSHV-179~~~KF705208:1-861~~~ (Bla)blaSHV-179	100.0	argannot
contig_3	argannot~~~(Bla)blaSHV-178~~~KF705209:1-861~~~	99.303	861	6	0	4148681	4149541	1	861	0.0	1557	5306069	861	argannot~~~(Bla)blaSHV-178~~~KF705209:1-861~~~ (Bla)blaSHV-178	100.0	argannot
contig_3	argannot~~~(Bla)blaSHV-161~~~JX121128:1-861~~~	99.303	861	6	0	4148681	4149541	1	861	0.0	1557	5306069	861	argannot~~~(Bla)blaSHV-161~~~JX121128:1-861~~~ (Bla)blaSHV-161	100.0	argannot
contig_3	argannot~~~(Bla)blaSHV-160~~~JX121127:1-861~~~	99.303	861	6	0	4148681	4149541	1	861	0.0	1557	5306069	861	argannot~~~(Bla)blaSHV-160~~~JX121127:1-861~~~ (Bla)blaSHV-160	100.0	argannot
contig_3	argannot~~~(Bla)blaSHV-157~~~JX121124:1-861~~~	99.303	861	6	0	4148681	4149541	1	861	0.0	1557	5306069	861	argannot~~~(Bla)blaSHV-157~~~JX121124:1-861~~~ (Bla)blaSHV-157	100.0	argannot
contig_3	argannot~~~(Bla)blaSHV-145~~~JX013655:1-861~~~	99.303	861	6	0	4148681	4149541	1	861	0.0	1557	5306069	861	argannot~~~(Bla)blaSHV-145~~~JX013655:1-861~~~ (Bla)blaSHV-145	100.0	argannot
contig_3	argannot~~~(Bla)blaSHV-143~~~JQ341060:882-1742~~~	99.303	861	6	0	4148681	4149541	1	861	0.0	1557	5306069	861	argannot~~~(Bla)blaSHV-143~~~JQ341060:882-1742~~~ (Bla)blaSHV-143	100.0	argannot
contig_3	argannot~~~(Bla)blaSHV-142~~~JQ029959:29-899~~~	99.303	861	6	0	4148681	4149541	1	861	0.0	1557	5306069	861	argannot~~~(Bla)blaSHV-142~~~JQ029959:29-899~~~ (Bla)blaSHV-142	100.0	argannot
contig_3	argannot~~~(Bla)blaSHV-14~~~AF226622:55-915~~~	99.303	861	6	0	4148681	4149541	1	861	0.0	1557	5306069	861	argannot~~~(Bla)blaSHV-14~~~AF226622:55-915~~~ (Bla)blaSHV-14	100.0	argannot
contig_3	argannot~~~(Bla)blaSHV-135~~~HQ637576:1-861~~~	99.303	861	6	0	4148681	4149541	1	861	0.0	1557	5306069	861	argannot~~~(Bla)blaSHV-135~~~HQ637576:1-861~~~ (Bla)blaSHV-135	100.0	argannot
contig_3	argannot~~~(Bla)blaSHV-134~~~HM559945:1-861~~~	99.303	861	6	0	4148681	4149541	1	861	0.0	1557	5306069	861	argannot~~~(Bla)blaSHV-134~~~HM559945:1-861~~~ (Bla)blaSHV-134	100.0	argannot
contig_3	argannot~~~(Bla)blaSHV-132~~~GU981741:794-1654~~~	99.303	861	6	0	4148681	4149541	1	861	0.0	1557	5306069	861	argannot~~~(Bla)blaSHV-132~~~GU981741:794-1654~~~ (Bla)blaSHV-132	100.0	argannot
contig_3	argannot~~~(Bla)blaSHV-108~~~AM941849:1-861~~~	99.303	861	6	0	4148681	4149541	1	861	0.0	1557	5306069	861	argannot~~~(Bla)blaSHV-108~~~AM941849:1-861~~~ (Bla)blaSHV-108	100.0	argannot
contig_3	argannot~~~(Bla)blaSHV-101~~~EU155018:1-861~~~	99.303	861	6	0	4148681	4149541	1	861	0.0	1557	5306069	861	argannot~~~(Bla)blaSHV-101~~~EU155018:1-861~~~ (Bla)blaSHV-101	100.0	argannot
contig_3	argannot~~~(Bla)blaSHV-1~~~AF148850:6-866~~~	99.303	861	6	0	4148681	4149541	1	861	0.0	1557	5306069	862	argannot~~~(Bla)blaSHV-1~~~AF148850:6-866~~~ (Bla)blaSHV-1	99.88399071925754	argannot
contig_3	argannot~~~(Bla)blaSHV-104~~~EU274581:1-861~~~	99.302	860	6	0	4148682	4149541	2	861	0.0	1555	5306069	861	argannot~~~(Bla)blaSHV-104~~~EU274581:1-861~~~ (Bla)blaSHV-104	99.88385598141696	argannot
contig_3	argannot~~~(Bla)blaSHV-148~~~JX121115:1-858~~~	99.416	856	5	0	4148681	4149536	1	856	0.0	1554	5306069	858	argannot~~~(Bla)blaSHV-148~~~JX121115:1-858~~~ (Bla)blaSHV-148	99.76689976689977	argannot
contig_3	argannot~~~(Bla)blaSHV-86~~~DQ328802:1-861~~~	99.187	861	7	0	4148681	4149541	1	861	0.0	1552	5306069	861	argannot~~~(Bla)blaSHV-86~~~DQ328802:1-861~~~ (Bla)blaSHV-86	100.0	argannot
contig_3	argannot~~~(Bla)blaSHV-82~~~AM176557:1-861~~~	99.187	861	7	0	4148681	4149541	1	861	0.0	1552	5306069	861	argannot~~~(Bla)blaSHV-82~~~AM176557:1-861~~~ (Bla)blaSHV-82	100.0	argannot
contig_3	argannot~~~(Bla)blaSHV-8~~~U92041:1-861~~~	99.187	861	7	0	4148681	4149541	1	861	0.0	1552	5306069	861	argannot~~~(Bla)blaSHV-8~~~U92041:1-861~~~ (Bla)blaSHV-8	100.0	argannot
contig_3	argannot~~~(Bla)blaSHV-76~~~AM176551:31-891~~~	99.187	861	7	0	4148681	4149541	1	861	0.0	1552	5306069	861	argannot~~~(Bla)blaSHV-76~~~AM176551:31-891~~~ (Bla)blaSHV-76	100.0	argannot
contig_3	argannot~~~(Bla)blaSHV-71~~~AM176546:1-861~~~	99.187	861	7	0	4148681	4149541	1	861	0.0	1552	5306069	861	argannot~~~(Bla)blaSHV-71~~~AM176546:1-861~~~ (Bla)blaSHV-71	100.0	argannot
contig_3	argannot~~~(Bla)blaSHV-65~~~DQ174305:5-865~~~	99.187	861	7	0	4148681	4149541	1	861	0.0	1552	5306069	861	argannot~~~(Bla)blaSHV-65~~~DQ174305:5-865~~~ (Bla)blaSHV-65	100.0	argannot
contig_3	argannot~~~(Bla)blaSHV-64~~~DQ174304:5-865~~~	99.187	861	7	0	4148681	4149541	1	861	0.0	1552	5306069	861	argannot~~~(Bla)blaSHV-64~~~DQ174304:5-865~~~ (Bla)blaSHV-64	100.0	argannot
contig_3	argannot~~~(Bla)blaSHV-59~~~AY790341:1-861~~~	99.187	861	7	0	4148681	4149541	1	861	0.0	1552	5306069	861	argannot~~~(Bla)blaSHV-59~~~AY790341:1-861~~~ (Bla)blaSHV-59	100.0	argannot
contig_3	argannot~~~(Bla)blaSHV-57~~~AY223863:171-1031~~~	99.187	861	7	0	4148681	4149541	1	861	0.0	1552	5306069	861	argannot~~~(Bla)blaSHV-57~~~AY223863:171-1031~~~ (Bla)blaSHV-57	100.0	argannot
contig_3	argannot~~~(Bla)blaSHV-56~~~AY352599:1-861~~~	99.187	861	7	0	4148681	4149541	1	861	0.0	1552	5306069	861	argannot~~~(Bla)blaSHV-56~~~AY352599:1-861~~~ (Bla)blaSHV-56	100.0	argannot
contig_3	argannot~~~(Bla)blaSHV-50~~~AY288915:1-861~~~	99.187	861	7	0	4148681	4149541	1	861	0.0	1552	5306069	861	argannot~~~(Bla)blaSHV-50~~~AY288915:1-861~~~ (Bla)blaSHV-50	100.0	argannot
contig_3	argannot~~~(Bla)blaSHV-49~~~AY528718:414-1274~~~	99.187	861	7	0	4148681	4149541	1	861	0.0	1552	5306069	861	argannot~~~(Bla)blaSHV-49~~~AY528718:414-1274~~~ (Bla)blaSHV-49	100.0	argannot
contig_3	argannot~~~(Bla)blaSHV-37~~~AF467948:1-861~~~	99.187	861	7	0	4148681	4149541	1	861	0.0	1552	5306069	861	argannot~~~(Bla)blaSHV-37~~~AF467948:1-861~~~ (Bla)blaSHV-37	100.0	argannot
contig_3	argannot~~~(Bla)blaSHV-29~~~AF301532:8-868~~~	99.187	861	7	0	4148681	4149541	1	861	0.0	1552	5306069	861	argannot~~~(Bla)blaSHV-29~~~AF301532:8-868~~~ (Bla)blaSHV-29	100.0	argannot
contig_3	argannot~~~(Bla)blaSHV-24~~~AB023477:1-861~~~	99.187	861	7	0	4148681	4149541	1	861	0.0	1552	5306069	861	argannot~~~(Bla)blaSHV-24~~~AB023477:1-861~~~ (Bla)blaSHV-24	100.0	argannot
contig_3	argannot~~~(Bla)blaSHV-2~~~AF148851:6-866~~~	99.187	861	7	0	4148681	4149541	1	861	0.0	1552	5306069	862	argannot~~~(Bla)blaSHV-2~~~AF148851:6-866~~~ (Bla)blaSHV-2	99.88399071925754	argannot
contig_3	argannot~~~(Bla)blaSHV-191~~~KP868754:1-861~~~	99.187	861	7	0	4148681	4149541	1	861	0.0	1552	5306069	861	argannot~~~(Bla)blaSHV-191~~~KP868754:1-861~~~ (Bla)blaSHV-191	100.0	argannot
contig_3	argannot~~~(Bla)blaSHV-186~~~KM233165:1-861~~~	99.187	861	7	0	4148681	4149541	1	861	0.0	1552	5306069	861	argannot~~~(Bla)blaSHV-186~~~KM233165:1-861~~~ (Bla)blaSHV-186	100.0	argannot
contig_3	argannot~~~(Bla)blaSHV-181~~~KP050488:1-861~~~	99.187	861	7	0	4148681	4149541	1	861	0.0	1552	5306069	861	argannot~~~(Bla)blaSHV-181~~~KP050488:1-861~~~ (Bla)blaSHV-181	100.0	argannot
contig_3	argannot~~~(Bla)blaSHV-152~~~JX121119:1-858~~~	99.301	858	6	0	4148681	4149538	1	858	0.0	1552	5306069	858	argannot~~~(Bla)blaSHV-152~~~JX121119:1-858~~~ (Bla)blaSHV-152	100.0	argannot
contig_3	argannot~~~(Bla)blaSHV-15~~~AJ011428:1-861~~~	99.187	861	7	0	4148681	4149541	1	861	0.0	1552	5306069	861	argannot~~~(Bla)blaSHV-15~~~AJ011428:1-861~~~ (Bla)blaSHV-15	100.0	argannot
contig_3	argannot~~~(Bla)blaSHV-141~~~JQ388884:1-861~~~	99.187	861	7	0	4148681	4149541	1	861	0.0	1552	5306069	861	argannot~~~(Bla)blaSHV-141~~~JQ388884:1-861~~~ (Bla)blaSHV-141	100.0	argannot
contig_3	argannot~~~(Bla)blaSHV-133~~~AB551737:15-875~~~	99.187	861	7	0	4148681	4149541	1	861	0.0	1552	5306069	861	argannot~~~(Bla)blaSHV-133~~~AB551737:15-875~~~ (Bla)blaSHV-133	100.0	argannot
contig_3	argannot~~~(Bla)blaSHV-120~~~JF812965:1-861~~~	99.187	861	7	0	4148681	4149541	1	861	0.0	1552	5306069	861	argannot~~~(Bla)blaSHV-120~~~JF812965:1-861~~~ (Bla)blaSHV-120	100.0	argannot
contig_3	argannot~~~(Bla)blaSHV-109~~~EU418913:17-877~~~	99.187	861	7	0	4148681	4149541	1	861	0.0	1552	5306069	861	argannot~~~(Bla)blaSHV-109~~~EU418913:17-877~~~ (Bla)blaSHV-109	100.0	argannot
contig_3	argannot~~~(Bla)blaSHV-106~~~AM941847:1-861~~~	99.187	861	7	0	4148681	4149541	1	861	0.0	1552	5306069	861	argannot~~~(Bla)blaSHV-106~~~AM941847:1-861~~~ (Bla)blaSHV-106	100.0	argannot
contig_3	argannot~~~(Bla)blaSHV-103~~~EU032604:1-861~~~	99.187	861	7	0	4148681	4149541	1	861	0.0	1552	5306069	861	argannot~~~(Bla)blaSHV-103~~~EU032604:1-861~~~ (Bla)blaSHV-103	100.0	argannot
contig_3	argannot~~~(Bla)blaSHV-183~~~HG934764:1-864~~~	99.074	864	5	1	4148681	4149541	1	864	0.0	1548	5306069	864	argannot~~~(Bla)blaSHV-183~~~HG934764:1-864~~~ (Bla)blaSHV-183	100.0	argannot
contig_3	argannot~~~(Bla)blaSHV-140~~~JN051143:1-861~~~	99.185	859	7	0	4148683	4149541	3	861	0.0	1548	5306069	861	argannot~~~(Bla)blaSHV-140~~~JN051143:1-861~~~ (Bla)blaSHV-140	99.76771196283391	argannot
contig_3	argannot~~~(Bla)blaSHV-92~~~DQ836922:1-861~~~	99.071	861	8	0	4148681	4149541	1	861	0.0	1546	5306069	861	argannot~~~(Bla)blaSHV-92~~~DQ836922:1-861~~~ (Bla)blaSHV-92	100.0	argannot
contig_3	argannot~~~(Bla)blaSHV-72~~~AM176547:31-891~~~	99.071	861	8	0	4148681	4149541	1	861	0.0	1546	5306069	861	argannot~~~(Bla)blaSHV-72~~~AM176547:31-891~~~ (Bla)blaSHV-72	100.0	argannot
contig_3	argannot~~~(Bla)blaSHV-63~~~EU342351:173-1033~~~	99.071	861	8	0	4148681	4149541	1	861	0.0	1546	5306069	861	argannot~~~(Bla)blaSHV-63~~~EU342351:173-1033~~~ (Bla)blaSHV-63	100.0	argannot
contig_3	argannot~~~(Bla)blaSHV-5~~~X55640:112-972~~~	99.071	861	8	0	4148681	4149541	1	861	0.0	1546	5306069	861	argannot~~~(Bla)blaSHV-5~~~X55640:112-972~~~ (Bla)blaSHV-5	100.0	argannot
contig_3	argannot~~~(Bla)blaSHV-48~~~AY263404:1-861~~~	99.071	861	8	0	4148681	4149541	1	861	0.0	1546	5306069	861	argannot~~~(Bla)blaSHV-48~~~AY263404:1-861~~~ (Bla)blaSHV-48	100.0	argannot
contig_3	argannot~~~(Bla)blaSHV-43~~~AY065991:7-867~~~	99.071	861	8	0	4148681	4149541	1	861	0.0	1546	5306069	861	argannot~~~(Bla)blaSHV-43~~~AY065991:7-867~~~ (Bla)blaSHV-43	100.0	argannot
contig_3	argannot~~~(Bla)blaSHV-41~~~AF535129:1-861~~~	99.071	861	8	0	4148681	4149541	1	861	0.0	1546	5306069	861	argannot~~~(Bla)blaSHV-41~~~AF535129:1-861~~~ (Bla)blaSHV-41	100.0	argannot
contig_3	argannot~~~(Bla)blaSHV-30~~~AY661885:49-909~~~	99.071	861	8	0	4148681	4149541	1	861	0.0	1546	5306069	861	argannot~~~(Bla)blaSHV-30~~~AY661885:49-909~~~ (Bla)blaSHV-30	100.0	argannot
contig_3	argannot~~~(Bla)blaSHV-189~~~KP050494:1-861~~~	99.071	861	8	0	4148681	4149541	1	861	0.0	1546	5306069	861	argannot~~~(Bla)blaSHV-189~~~KP050494:1-861~~~ (Bla)blaSHV-189	100.0	argannot
contig_3	argannot~~~(Bla)blaSHV-168~~~JX870080:1-861~~~	99.071	861	8	0	4148681	4149541	1	861	0.0	1546	5306069	861	argannot~~~(Bla)blaSHV-168~~~JX870080:1-861~~~ (Bla)blaSHV-168	100.0	argannot
contig_3	argannot~~~(Bla)blaSHV-154~~~JX121121:1-858~~~	99.184	858	7	0	4148681	4149538	1	858	0.0	1546	5306069	858	argannot~~~(Bla)blaSHV-154~~~JX121121:1-858~~~ (Bla)blaSHV-154	100.0	argannot
contig_3	argannot~~~(Bla)blaSHV-150~~~JX121117:1-858~~~	99.184	858	7	0	4148681	4149538	1	858	0.0	1546	5306069	858	argannot~~~(Bla)blaSHV-150~~~JX121117:1-858~~~ (Bla)blaSHV-150	100.0	argannot
contig_3	argannot~~~(Bla)blaSHV-147~~~JX121114:1-858~~~	99.184	858	7	0	4148681	4149538	1	858	0.0	1546	5306069	858	argannot~~~(Bla)blaSHV-147~~~JX121114:1-858~~~ (Bla)blaSHV-147	100.0	argannot
contig_3	argannot~~~(Bla)blaSHV-102~~~EU024485:1-861~~~	99.071	861	8	0	4148681	4149541	1	861	0.0	1546	5306069	861	argannot~~~(Bla)blaSHV-102~~~EU024485:1-861~~~ (Bla)blaSHV-102	100.0	argannot
contig_3	argannot~~~(Bla)blaSHV-163~~~JX121130:1-858~~~	99.182	856	7	0	4148681	4149536	1	856	0.0	1543	5306069	858	argannot~~~(Bla)blaSHV-163~~~JX121130:1-858~~~ (Bla)blaSHV-163	99.76689976689977	argannot
contig_3	argannot~~~(Bla)blaSHV-7~~~U20270:125-985~~~	98.955	861	9	0	4148681	4149541	1	861	0.0	1541	5306069	861	argannot~~~(Bla)blaSHV-7~~~U20270:125-985~~~ (Bla)blaSHV-7	100.0	argannot
contig_3	argannot~~~(Bla)blaSHV-52~~~HQ845196:1-861~~~	98.955	861	9	0	4148681	4149541	1	861	0.0	1541	5306069	861	argannot~~~(Bla)blaSHV-52~~~HQ845196:1-861~~~ (Bla)blaSHV-52	100.0	argannot
contig_3	argannot~~~(Bla)blaSHV-34~~~AY036620:89-949~~~	98.955	861	9	0	4148681	4149541	1	861	0.0	1541	5306069	861	argannot~~~(Bla)blaSHV-34~~~AY036620:89-949~~~ (Bla)blaSHV-34	100.0	argannot
contig_3	argannot~~~(Bla)blaSHV-190~~~KP868753:1-861~~~	98.955	861	9	0	4148681	4149541	1	861	0.0	1541	5306069	861	argannot~~~(Bla)blaSHV-190~~~KP868753:1-861~~~ (Bla)blaSHV-190	100.0	argannot
contig_3	argannot~~~(Bla)blaSHV-188~~~LN515534:1-873~~~	98.625	873	6	1	4148675	4149541	1	873	0.0	1541	5306069	873	argannot~~~(Bla)blaSHV-188~~~LN515534:1-873~~~ (Bla)blaSHV-188	100.0	argannot
contig_3	argannot~~~(Bla)blaSHV-18~~~EU684753:1-861~~~	98.955	861	9	0	4148681	4149541	1	861	0.0	1541	5306069	861	argannot~~~(Bla)blaSHV-18~~~EU684753:1-861~~~ (Bla)blaSHV-18	100.0	argannot
contig_3	argannot~~~(Bla)blaSHV-153~~~JX121120:1-858~~~	99.068	858	8	0	4148681	4149538	1	858	0.0	1541	5306069	858	argannot~~~(Bla)blaSHV-153~~~JX121120:1-858~~~ (Bla)blaSHV-153	100.0	argannot
contig_3	argannot~~~(Bla)blaSHV-151~~~JX121118:1-858~~~	99.068	858	8	0	4148681	4149538	1	858	0.0	1541	5306069	858	argannot~~~(Bla)blaSHV-151~~~JX121118:1-858~~~ (Bla)blaSHV-151	100.0	argannot
contig_3	argannot~~~(Bla)blaSHV-149~~~JX121116:1-858~~~	99.068	858	8	0	4148681	4149538	1	858	0.0	1541	5306069	858	argannot~~~(Bla)blaSHV-149~~~JX121116:1-858~~~ (Bla)blaSHV-149	100.0	argannot
contig_3	argannot~~~(Bla)blaSHV-46~~~AY210887:112-972~~~	98.839	861	10	0	4148681	4149541	1	861	0.0	1535	5306069	861	argannot~~~(Bla)blaSHV-46~~~AY210887:112-972~~~ (Bla)blaSHV-46	100.0	argannot
contig_3	argannot~~~(Bla)blaSHV-165~~~JX121131:1-858~~~	98.951	858	9	0	4148681	4149538	1	858	0.0	1535	5306069	858	argannot~~~(Bla)blaSHV-165~~~JX121131:1-858~~~ (Bla)blaSHV-165	100.0	argannot
contig_3	argannot~~~(Bla)blaSHV-162~~~JX121129:1-858~~~	98.951	858	9	0	4148681	4149538	1	858	0.0	1535	5306069	858	argannot~~~(Bla)blaSHV-162~~~JX121129:1-858~~~ (Bla)blaSHV-162	100.0	argannot
contig_3	argannot~~~(Bla)blaSHV-128~~~GU932590:1-861~~~	98.839	861	10	0	4148681	4149541	1	861	0.0	1535	5306069	861	argannot~~~(Bla)blaSHV-128~~~GU932590:1-861~~~ (Bla)blaSHV-128	100.0	argannot
contig_3	argannot~~~(Bla)blaSHV-105~~~FJ194944:47-907~~~	98.839	861	10	0	4148681	4149541	1	861	0.0	1535	5306069	861	argannot~~~(Bla)blaSHV-105~~~FJ194944:47-907~~~ (Bla)blaSHV-105	100.0	argannot
contig_3	argannot~~~(Bla)blaSHV-73~~~AM176548:17-874~~~	99.062	853	8	0	4148689	4149541	6	858	0.0	1531	5306069	858	argannot~~~(Bla)blaSHV-73~~~AM176548:17-874~~~ (Bla)blaSHV-73	99.41724941724942	argannot
contig_3	argannot~~~(Bla)blaSHV-167~~~AB733453:4-849~~~	99.054	846	8	0	4148681	4149526	1	846	0.0	1519	5306069	846	argannot~~~(Bla)blaSHV-167~~~AB733453:4-849~~~ (Bla)blaSHV-167	100.0	argannot
contig_3	argannot~~~(Bla)blaSHV-62~~~AJ866285:1-832~~~	99.283	837	6	0	4148681	4149517	1	837	0.0	1513	5306069	837	argannot~~~(Bla)blaSHV-62~~~AJ866285:1-832~~~ (Bla)blaSHV-62	100.0	argannot
contig_3	argannot~~~(Bla)blaSHV-84~~~AM087453:26-856~~~	99.037	831	8	0	4148681	4149511	1	831	0.0	1491	5306069	831	argannot~~~(Bla)blaSHV-84~~~AM087453:26-856~~~ (Bla)blaSHV-84	100.0	argannot
contig_3	argannot~~~(Bla)blaSHV-16~~~AF072684:118-993~~~	97.377	877	6	3	4148681	4149541	1	876	0.0	1476	5306069	876	argannot~~~(Bla)blaSHV-16~~~AF072684:118-993~~~ (Bla)blaSHV-16	100.11415525114155	argannot
contig_3	argannot~~~(Bla)blaSHV-6~~~Y11069:1-780~~~	99.103	780	7	0	4148711	4149490	1	780	0.0	1402	5306069	780	argannot~~~(Bla)blaSHV-6~~~Y11069:1-780~~~ (Bla)blaSHV-6	100.0	argannot
contig_3	argannot~~~(Bla)blaSHV-100~~~AM922306:1-900~~~	99.481	770	4	0	4148772	4149541	131	900	0.0	1400	5306069	900	argannot~~~(Bla)blaSHV-100~~~AM922306:1-900~~~ (Bla)blaSHV-100	85.55555555555556	argannot
contig_3	argannot~~~(Bla)blaSHV-53~~~AY590467:1-729~~~	99.451	729	4	0	4148701	4149429	1	729	0.0	1325	5306069	729	argannot~~~(Bla)blaSHV-53~~~AY590467:1-729~~~ (Bla)blaSHV-53	100.0	argannot
contig_3	argannot~~~(Bla)blaSHV-55~~~HQ877613:1-715~~~	99.16	714	6	0	4148681	4149394	1	714	0.0	1286	5306069	715	argannot~~~(Bla)blaSHV-55~~~HQ877613:1-715~~~ (Bla)blaSHV-55	99.86013986013987	argannot
contig_3	argannot~~~(Bla)blaSHV-45~~~HQ877612:1-715~~~	99.16	714	6	0	4148681	4149394	1	714	0.0	1286	5306069	715	argannot~~~(Bla)blaSHV-45~~~HQ877612:1-715~~~ (Bla)blaSHV-45	99.86013986013987	argannot
contig_3	argannot~~~(Bla)blaLEN-24~~~AM850914:31-891~~~	91.143	892	77	2	4148651	4149541	1	891	0.0	1208	5306069	891	argannot~~~(Bla)blaLEN-24~~~AM850914:31-891~~~ (Bla)blaLEN-24	100.11223344556677	argannot
contig_3	argannot~~~(Bla)blaLEN-22~~~AM850912:1-861~~~	91.299	862	73	2	4148681	4149541	1	861	0.0	1175	5306069	861	argannot~~~(Bla)blaLEN-22~~~AM850912:1-861~~~ (Bla)blaLEN-22	100.11614401858304	argannot
contig_3	argannot~~~(Bla)blaLEN-2~~~AY037780:89-949~~~	91.299	862	73	2	4148681	4149541	1	861	0.0	1175	5306069	861	argannot~~~(Bla)blaLEN-2~~~AY037780:89-949~~~ (Bla)blaLEN-2	100.11614401858304	argannot
contig_3	argannot~~~(Bla)blaLEN-19~~~AM850909:1-861~~~	91.299	862	73	2	4148681	4149541	1	861	0.0	1175	5306069	861	argannot~~~(Bla)blaLEN-19~~~AM850909:1-861~~~ (Bla)blaLEN-19	100.11614401858304	argannot
contig_3	argannot~~~(Bla)blaLEN-5~~~AY633109:1-861~~~	91.183	862	74	2	4148681	4149541	1	861	0.0	1170	5306069	861	argannot~~~(Bla)blaLEN-5~~~AY633109:1-861~~~ (Bla)blaLEN-5	100.11614401858304	argannot
contig_3	argannot~~~(Bla)blaLEN-21~~~AM850911:1-861~~~	91.183	862	74	2	4148681	4149541	1	861	0.0	1170	5306069	861	argannot~~~(Bla)blaLEN-21~~~AM850911:1-861~~~ (Bla)blaLEN-21	100.11614401858304	argannot
contig_3	argannot~~~(Bla)blaLEN-20~~~AM850910:1-861~~~	91.183	862	74	2	4148681	4149541	1	861	0.0	1170	5306069	861	argannot~~~(Bla)blaLEN-20~~~AM850910:1-861~~~ (Bla)blaLEN-20	100.11614401858304	argannot
contig_3	argannot~~~(Bla)blaLEN-17~~~DQ149134:1-861~~~	91.183	862	74	2	4148681	4149541	1	861	0.0	1170	5306069	861	argannot~~~(Bla)blaLEN-17~~~DQ149134:1-861~~~ (Bla)blaLEN-17	100.11614401858304	argannot
contig_3	argannot~~~(Bla)blaLEN-36~~~KR738738:1-861~~~	91.067	862	75	2	4148681	4149541	1	861	0.0	1164	5306069	861	argannot~~~(Bla)blaLEN-36~~~KR738738:1-861~~~ (Bla)blaLEN-36	100.11614401858304	argannot
contig_3	argannot~~~(Bla)blaLEN-18~~~AM850908:1-861~~~	91.067	862	75	2	4148681	4149541	1	861	0.0	1164	5306069	861	argannot~~~(Bla)blaLEN-18~~~AM850908:1-861~~~ (Bla)blaLEN-18	100.11614401858304	argannot
contig_3	argannot~~~(Bla)blaLEN-16~~~AY743416:68-928~~~	91.067	862	75	2	4148681	4149541	1	861	0.0	1164	5306069	861	argannot~~~(Bla)blaLEN-16~~~AY743416:68-928~~~ (Bla)blaLEN-16	100.11614401858304	argannot
contig_3	argannot~~~(Bla)blaLEN-35~~~KR738737:1-861~~~	90.962	863	74	4	4148681	4149541	1	861	0.0	1158	5306069	861	argannot~~~(Bla)blaLEN-35~~~KR738737:1-861~~~ (Bla)blaLEN-35	100.23228803716609	argannot
contig_3	argannot~~~(Bla)blaLEN-25~~~HQ709169:1-861~~~	90.835	862	77	2	4148681	4149541	1	861	0.0	1153	5306069	861	argannot~~~(Bla)blaLEN-25~~~HQ709169:1-861~~~ (Bla)blaLEN-25	100.11614401858304	argannot
contig_3	argannot~~~(Bla)blaLEN-23~~~AM850913:1-861~~~	90.835	862	77	2	4148681	4149541	1	861	0.0	1153	5306069	861	argannot~~~(Bla)blaLEN-23~~~AM850913:1-861~~~ (Bla)blaLEN-23	100.11614401858304	argannot
contig_3	argannot~~~(Bla)blaLEN-37~~~KR738739:1-861~~~	90.719	862	78	2	4148681	4149541	1	861	0.0	1147	5306069	861	argannot~~~(Bla)blaLEN-37~~~KR738739:1-861~~~ (Bla)blaLEN-37	100.11614401858304	argannot
contig_3	argannot~~~(Bla)blaLEN-26~~~JX124390:1-861~~~	90.603	862	79	2	4148681	4149541	1	861	0.0	1142	5306069	861	argannot~~~(Bla)blaLEN-26~~~JX124390:1-861~~~ (Bla)blaLEN-26	100.11614401858304	argannot
contig_3	argannot~~~(Bla)blaLEN-15~~~AF452105:1-840~~~	90.855	842	74	3	4148681	4149521	1	840	0.0	1125	5306069	840	argannot~~~(Bla)blaLEN-15~~~AF452105:1-840~~~ (Bla)blaLEN-15	100.23809523809524	argannot
contig_3	argannot~~~(Bla)blaLEN-4~~~AY130287:1-823~~~	91.241	822	70	2	4148703	4149523	3	823	0.0	1118	5306069	823	argannot~~~(Bla)blaLEN-4~~~AY130287:1-823~~~ (Bla)blaLEN-4	99.87849331713244	argannot
contig_3	argannot~~~(Bla)blaLEN-1~~~X04515:286-1125~~~	90.618	842	76	3	4148681	4149521	1	840	0.0	1114	5306069	840	argannot~~~(Bla)blaLEN-1~~~X04515:286-1125~~~ (Bla)blaLEN-1	100.23809523809524	argannot
contig_3	argannot~~~(Bla)blaLEN-3~~~AY130286:1-823~~~	91.119	822	71	2	4148703	4149523	3	823	0.0	1112	5306069	823	argannot~~~(Bla)blaLEN-3~~~AY130286:1-823~~~ (Bla)blaLEN-3	99.87849331713244	argannot
contig_3	argannot~~~(Bla)blaLEN-12~~~AJ635406:1-789~~~	90.886	790	70	2	4148717	4149505	1	789	0.0	1059	5306069	789	argannot~~~(Bla)blaLEN-12~~~AJ635406:1-789~~~ (Bla)blaLEN-12	100.12674271229405	argannot
contig_3	argannot~~~(Bla)blaLEN-11~~~AJ635417:1-789~~~	90.886	790	70	2	4148717	4149505	1	789	0.0	1059	5306069	789	argannot~~~(Bla)blaLEN-11~~~AJ635417:1-789~~~ (Bla)blaLEN-11	100.12674271229405	argannot
contig_3	argannot~~~(Bla)blaLEN-9~~~AJ635423:1-789~~~	90.759	790	71	2	4148717	4149505	1	789	0.0	1053	5306069	789	argannot~~~(Bla)blaLEN-9~~~AJ635423:1-789~~~ (Bla)blaLEN-9	100.12674271229405	argannot
contig_3	argannot~~~(Bla)blaLEN-7~~~AJ635425:1-789~~~	90.633	790	72	2	4148717	4149505	1	789	0.0	1048	5306069	789	argannot~~~(Bla)blaLEN-7~~~AJ635425:1-789~~~ (Bla)blaLEN-7	100.12674271229405	argannot
contig_3	argannot~~~(Bla)blaLEN-13~~~AJ635403:1-789~~~	90.633	790	72	2	4148717	4149505	1	789	0.0	1048	5306069	789	argannot~~~(Bla)blaLEN-13~~~AJ635403:1-789~~~ (Bla)blaLEN-13	100.12674271229405	argannot
contig_3	argannot~~~(Bla)blaLEN-10~~~AJ635419:1-789~~~	90.506	790	73	2	4148717	4149505	1	789	0.0	1042	5306069	789	argannot~~~(Bla)blaLEN-10~~~AJ635419:1-789~~~ (Bla)blaLEN-10	100.12674271229405	argannot
contig_3	argannot~~~(Bla)blaLEN-8~~~AJ635424:1-789~~~	90.253	790	75	2	4148717	4149505	1	789	0.0	1031	5306069	789	argannot~~~(Bla)blaLEN-8~~~AJ635424:1-789~~~ (Bla)blaLEN-8	100.12674271229405	argannot
contig_3	argannot~~~(Bla)blaSHV-122~~~GQ290211:1-515~~~	99.223	515	4	0	4148910	4149424	1	515	0.0	929	5306069	515	argannot~~~(Bla)blaSHV-122~~~GQ290211:1-515~~~ (Bla)blaSHV-122	100.0	argannot
contig_3	argannot~~~(Fcyn)FosA6~~~KU254579:59422-59841~~~	98.81	420	5	0	684595	685014	420	1	0.0	749	5306069	420	argannot~~~(Fcyn)FosA6~~~KU254579:59422-59841~~~ (Fcyn)FosA6	100.0	argannot
contig_3	argannot~~~(Fcyn)FosA5~~~KP143090:1200-1619~~~	98.544	412	6	0	684603	685014	412	1	0.0	728	5306069	420	argannot~~~(Fcyn)FosA5~~~KP143090:1200-1619~~~ (Fcyn)FosA5	98.0952380952381	argannot
contig_3	argannot~~~(Bla)blaLEN-6~~~AY265890:1-472~~~	91.737	472	39	0	4148702	4149173	1	472	0.0	656	5306069	472	argannot~~~(Bla)blaLEN-6~~~AY265890:1-472~~~ (Bla)blaLEN-6	100.0	argannot
contig_3	argannot~~~(Bla)blaSHV-39~~~AY150585:1=285~~~	99.291	282	2	0	4149182	4149463	1	282	1.78e-141	510	5306069	285	argannot~~~(Bla)blaSHV-39~~~AY150585:1=285~~~ (Bla)blaSHV-39	98.94736842105263	argannot
contig_4	argannot~~~(Bla)blaSHV-12~~~FJ685654:24-860~~~	100.0	861	0	0	121966	122826	1	861	0.0	1591	125021	861	argannot~~~(Bla)blaSHV-12~~~FJ685654:24-860~~~ (Bla)blaSHV-12	100.0	argannot
contig_4	argannot~~~(Bla)blaSHV-66~~~DQ174306:5-865~~~	99.884	861	1	0	121966	122826	1	861	0.0	1585	125021	861	argannot~~~(Bla)blaSHV-66~~~DQ174306:5-865~~~ (Bla)blaSHV-66	100.0	argannot
contig_4	argannot~~~(Bla)blaSHV-31~~~GU064396:1-861~~~	99.884	861	1	0	121966	122826	1	861	0.0	1585	125021	861	argannot~~~(Bla)blaSHV-31~~~GU064396:1-861~~~ (Bla)blaSHV-31	100.0	argannot
contig_4	argannot~~~(Bla)blaSHV-160~~~JX121127:1-861~~~	99.884	861	1	0	121966	122826	1	861	0.0	1585	125021	861	argannot~~~(Bla)blaSHV-160~~~JX121127:1-861~~~ (Bla)blaSHV-160	100.0	argannot
contig_4	argannot~~~(Bla)blaSHV-134~~~HM559945:1-861~~~	99.884	861	1	0	121966	122826	1	861	0.0	1585	125021	861	argannot~~~(Bla)blaSHV-134~~~HM559945:1-861~~~ (Bla)blaSHV-134	100.0	argannot
contig_4	argannot~~~(Bla)blaSHV-86~~~DQ328802:1-861~~~	99.768	861	2	0	121966	122826	1	861	0.0	1580	125021	861	argannot~~~(Bla)blaSHV-86~~~DQ328802:1-861~~~ (Bla)blaSHV-86	100.0	argannot
contig_4	argannot~~~(Bla)blaSHV-64~~~DQ174304:5-865~~~	99.768	861	2	0	121966	122826	1	861	0.0	1580	125021	861	argannot~~~(Bla)blaSHV-64~~~DQ174304:5-865~~~ (Bla)blaSHV-64	100.0	argannot
contig_4	argannot~~~(Bla)blaSHV-56~~~AY352599:1-861~~~	99.768	861	2	0	121966	122826	1	861	0.0	1580	125021	861	argannot~~~(Bla)blaSHV-56~~~AY352599:1-861~~~ (Bla)blaSHV-56	100.0	argannot
contig_4	argannot~~~(Bla)blaSHV-15~~~AJ011428:1-861~~~	99.768	861	2	0	121966	122826	1	861	0.0	1580	125021	861	argannot~~~(Bla)blaSHV-15~~~AJ011428:1-861~~~ (Bla)blaSHV-15	100.0	argannot
contig_4	argannot~~~(Bla)blaSHV-183~~~HG934764:1-864~~~	99.653	864	0	1	121966	122826	1	864	0.0	1576	125021	864	argannot~~~(Bla)blaSHV-183~~~HG934764:1-864~~~ (Bla)blaSHV-183	100.0	argannot
contig_4	argannot~~~(Bla)blaSHV-70~~~DQ013287:1-861~~~	99.652	861	3	0	121966	122826	1	861	0.0	1574	125021	861	argannot~~~(Bla)blaSHV-70~~~DQ013287:1-861~~~ (Bla)blaSHV-70	100.0	argannot
contig_4	argannot~~~(Bla)blaSHV-5~~~X55640:112-972~~~	99.652	861	3	0	121966	122826	1	861	0.0	1574	125021	861	argannot~~~(Bla)blaSHV-5~~~X55640:112-972~~~ (Bla)blaSHV-5	100.0	argannot
contig_4	argannot~~~(Bla)blaSHV-2a~~~X98102:72-934~~~	99.652	861	3	0	121966	122826	1	861	0.0	1574	125021	861	argannot~~~(Bla)blaSHV-2a~~~X98102:72-934~~~ (Bla)blaSHV-2a	100.0	argannot
contig_4	argannot~~~(Bla)blaSHV-13~~~AF164577:1-861~~~	99.652	861	3	0	121966	122826	1	861	0.0	1574	125021	861	argannot~~~(Bla)blaSHV-13~~~AF164577:1-861~~~ (Bla)blaSHV-13	100.0	argannot
contig_4	argannot~~~(Bla)blaSHV-61~~~AJ866284:1-861~~~	99.535	861	4	0	121966	122826	1	861	0.0	1568	125021	861	argannot~~~(Bla)blaSHV-61~~~AJ866284:1-861~~~ (Bla)blaSHV-61	100.0	argannot
contig_4	argannot~~~(Bla)blaSHV-60~~~AJ866283:1-861~~~	99.535	861	4	0	121966	122826	1	861	0.0	1568	125021	861	argannot~~~(Bla)blaSHV-60~~~AJ866283:1-861~~~ (Bla)blaSHV-60	100.0	argannot
contig_4	argannot~~~(Bla)blaSHV-2~~~AF148851:6-866~~~	99.535	861	4	0	121966	122826	1	861	0.0	1568	125021	862	argannot~~~(Bla)blaSHV-2~~~AF148851:6-866~~~ (Bla)blaSHV-2	99.88399071925754	argannot
contig_4	argannot~~~(Bla)blaSHV-172~~~KF513177:1-861~~~	99.535	861	4	0	121966	122826	1	861	0.0	1568	125021	861	argannot~~~(Bla)blaSHV-172~~~KF513177:1-861~~~ (Bla)blaSHV-172	100.0	argannot
contig_4	argannot~~~(Bla)blaSHV-120~~~JF812965:1-861~~~	99.535	861	4	0	121966	122826	1	861	0.0	1568	125021	861	argannot~~~(Bla)blaSHV-120~~~JF812965:1-861~~~ (Bla)blaSHV-120	100.0	argannot
contig_4	argannot~~~(Bla)blaSHV-98~~~AM922304:1-861~~~	99.419	861	5	0	121966	122826	1	861	0.0	1563	125021	861	argannot~~~(Bla)blaSHV-98~~~AM922304:1-861~~~ (Bla)blaSHV-98	100.0	argannot
contig_4	argannot~~~(Bla)blaSHV-97~~~EF373973:1-861~~~	99.419	861	5	0	121966	122826	1	861	0.0	1563	125021	861	argannot~~~(Bla)blaSHV-97~~~EF373973:1-861~~~ (Bla)blaSHV-97	100.0	argannot
contig_4	argannot~~~(Bla)blaSHV-80~~~AM176555:1-861~~~	99.419	861	5	0	121966	122826	1	861	0.0	1563	125021	861	argannot~~~(Bla)blaSHV-80~~~AM176555:1-861~~~ (Bla)blaSHV-80	100.0	argannot
contig_4	argannot~~~(Bla)blaSHV-78~~~FJ685658:1-861~~~	99.419	861	5	0	121966	122826	1	861	0.0	1563	125021	861	argannot~~~(Bla)blaSHV-78~~~FJ685658:1-861~~~ (Bla)blaSHV-78	100.0	argannot
contig_4	argannot~~~(Bla)blaSHV-74~~~AM176549:31-891~~~	99.419	861	5	0	121966	122826	1	861	0.0	1563	125021	861	argannot~~~(Bla)blaSHV-74~~~AM176549:31-891~~~ (Bla)blaSHV-74	100.0	argannot
contig_4	argannot~~~(Bla)blaSHV-69~~~DQ174308:5-865~~~	99.419	861	5	0	121966	122826	1	861	0.0	1563	125021	861	argannot~~~(Bla)blaSHV-69~~~DQ174308:5-865~~~ (Bla)blaSHV-69	100.0	argannot
contig_4	argannot~~~(Bla)blaSHV-67~~~DQ174307:5-865~~~	99.419	861	5	0	121966	122826	1	861	0.0	1563	125021	861	argannot~~~(Bla)blaSHV-67~~~DQ174307:5-865~~~ (Bla)blaSHV-67	100.0	argannot
contig_4	argannot~~~(Bla)blaSHV-46~~~AY210887:112-972~~~	99.419	861	5	0	121966	122826	1	861	0.0	1563	125021	861	argannot~~~(Bla)blaSHV-46~~~AY210887:112-972~~~ (Bla)blaSHV-46	100.0	argannot
contig_4	argannot~~~(Bla)blaSHV-36~~~AF467947:1-861~~~	99.419	861	5	0	121966	122826	1	861	0.0	1563	125021	861	argannot~~~(Bla)blaSHV-36~~~AF467947:1-861~~~ (Bla)blaSHV-36	100.0	argannot
contig_4	argannot~~~(Bla)blaSHV-26~~~AF227204:74-934~~~	99.419	861	5	0	121966	122826	1	861	0.0	1563	125021	861	argannot~~~(Bla)blaSHV-26~~~AF227204:74-934~~~ (Bla)blaSHV-26	100.0	argannot
contig_4	argannot~~~(Bla)blaSHV-25~~~AF208796:1-861~~~	99.419	861	5	0	121966	122826	1	861	0.0	1563	125021	861	argannot~~~(Bla)blaSHV-25~~~AF208796:1-861~~~ (Bla)blaSHV-25	100.0	argannot
contig_4	argannot~~~(Bla)blaSHV-193~~~KR347170:1-861~~~	99.419	861	5	0	121966	122826	1	861	0.0	1563	125021	861	argannot~~~(Bla)blaSHV-193~~~KR347170:1-861~~~ (Bla)blaSHV-193	100.0	argannot
contig_4	argannot~~~(Bla)blaSHV-187~~~LN515533:1-867~~~	99.193	867	7	0	121960	122826	1	867	0.0	1563	125021	867	argannot~~~(Bla)blaSHV-187~~~LN515533:1-867~~~ (Bla)blaSHV-187	100.0	argannot
contig_4	argannot~~~(Bla)blaSHV-185~~~KM233164:1-861~~~	99.419	861	5	0	121966	122826	1	861	0.0	1563	125021	861	argannot~~~(Bla)blaSHV-185~~~KM233164:1-861~~~ (Bla)blaSHV-185	100.0	argannot
contig_4	argannot~~~(Bla)blaSHV-179~~~KF705208:1-861~~~	99.419	861	5	0	121966	122826	1	861	0.0	1563	125021	861	argannot~~~(Bla)blaSHV-179~~~KF705208:1-861~~~ (Bla)blaSHV-179	100.0	argannot
contig_4	argannot~~~(Bla)blaSHV-178~~~KF705209:1-861~~~	99.419	861	5	0	121966	122826	1	861	0.0	1563	125021	861	argannot~~~(Bla)blaSHV-178~~~KF705209:1-861~~~ (Bla)blaSHV-178	100.0	argannot
contig_4	argannot~~~(Bla)blaSHV-173~~~KF513178:1-861~~~	99.419	861	5	0	121966	122826	1	861	0.0	1563	125021	861	argannot~~~(Bla)blaSHV-173~~~KF513178:1-861~~~ (Bla)blaSHV-173	100.0	argannot
contig_4	argannot~~~(Bla)blaSHV-165~~~JX121131:1-858~~~	99.534	858	4	0	121966	122823	1	858	0.0	1563	125021	858	argannot~~~(Bla)blaSHV-165~~~JX121131:1-858~~~ (Bla)blaSHV-165	100.0	argannot
contig_4	argannot~~~(Bla)blaSHV-161~~~JX121128:1-861~~~	99.419	861	5	0	121966	122826	1	861	0.0	1563	125021	861	argannot~~~(Bla)blaSHV-161~~~JX121128:1-861~~~ (Bla)blaSHV-161	100.0	argannot
contig_4	argannot~~~(Bla)blaSHV-154~~~JX121121:1-858~~~	99.534	858	4	0	121966	122823	1	858	0.0	1563	125021	858	argannot~~~(Bla)blaSHV-154~~~JX121121:1-858~~~ (Bla)blaSHV-154	100.0	argannot
contig_4	argannot~~~(Bla)blaSHV-145~~~JX013655:1-861~~~	99.419	861	5	0	121966	122826	1	861	0.0	1563	125021	861	argannot~~~(Bla)blaSHV-145~~~JX013655:1-861~~~ (Bla)blaSHV-145	100.0	argannot
contig_4	argannot~~~(Bla)blaSHV-142~~~JQ029959:29-899~~~	99.419	861	5	0	121966	122826	1	861	0.0	1563	125021	861	argannot~~~(Bla)blaSHV-142~~~JQ029959:29-899~~~ (Bla)blaSHV-142	100.0	argannot
contig_4	argannot~~~(Bla)blaSHV-135~~~HQ637576:1-861~~~	99.419	861	5	0	121966	122826	1	861	0.0	1563	125021	861	argannot~~~(Bla)blaSHV-135~~~HQ637576:1-861~~~ (Bla)blaSHV-135	100.0	argannot
contig_4	argannot~~~(Bla)blaSHV-128~~~GU932590:1-861~~~	99.419	861	5	0	121966	122826	1	861	0.0	1563	125021	861	argannot~~~(Bla)blaSHV-128~~~GU932590:1-861~~~ (Bla)blaSHV-128	100.0	argannot
contig_4	argannot~~~(Bla)blaSHV-11~~~HM751098:1-861~~~	99.419	861	5	0	121966	122826	1	861	0.0	1563	125021	861	argannot~~~(Bla)blaSHV-11~~~HM751098:1-861~~~ (Bla)blaSHV-11	100.0	argannot
contig_4	argannot~~~(Bla)blaSHV-107~~~AM941848:1-861~~~	99.419	861	5	0	121966	122826	1	861	0.0	1563	125021	861	argannot~~~(Bla)blaSHV-107~~~AM941848:1-861~~~ (Bla)blaSHV-107	100.0	argannot
contig_4	argannot~~~(Bla)blaSHV-1~~~AF148850:6-866~~~	99.419	861	5	0	121966	122826	1	861	0.0	1563	125021	862	argannot~~~(Bla)blaSHV-1~~~AF148850:6-866~~~ (Bla)blaSHV-1	99.88399071925754	argannot
contig_4	argannot~~~(Bla)blaSHV-104~~~EU274581:1-861~~~	99.419	860	5	0	121967	122826	2	861	0.0	1561	125021	861	argannot~~~(Bla)blaSHV-104~~~EU274581:1-861~~~ (Bla)blaSHV-104	99.88385598141696	argannot
contig_4	argannot~~~(Bla)blaSHV-155~~~JX121122:1-858~~~	99.533	856	4	0	121966	122821	1	856	0.0	1559	125021	858	argannot~~~(Bla)blaSHV-155~~~JX121122:1-858~~~ (Bla)blaSHV-155	99.76689976689977	argannot
contig_4	argannot~~~(Bla)blaSHV-148~~~JX121115:1-858~~~	99.533	856	4	0	121966	122821	1	856	0.0	1559	125021	858	argannot~~~(Bla)blaSHV-148~~~JX121115:1-858~~~ (Bla)blaSHV-148	99.76689976689977	argannot
contig_4	argannot~~~(Bla)blaSHV-96~~~EF373971:1-861~~~	99.303	861	6	0	121966	122826	1	861	0.0	1557	125021	861	argannot~~~(Bla)blaSHV-96~~~EF373971:1-861~~~ (Bla)blaSHV-96	100.0	argannot
contig_4	argannot~~~(Bla)blaSHV-94~~~EF373970:1-861~~~	99.303	861	6	0	121966	122826	1	861	0.0	1557	125021	861	argannot~~~(Bla)blaSHV-94~~~EF373970:1-861~~~ (Bla)blaSHV-94	100.0	argannot
contig_4	argannot~~~(Bla)blaSHV-89~~~DQ193536:1-861~~~	99.303	861	6	0	121966	122826	1	861	0.0	1557	125021	861	argannot~~~(Bla)blaSHV-89~~~DQ193536:1-861~~~ (Bla)blaSHV-89	100.0	argannot
contig_4	argannot~~~(Bla)blaSHV-85~~~DQ322460:16-876~~~	99.303	861	6	0	121966	122826	1	861	0.0	1557	125021	861	argannot~~~(Bla)blaSHV-85~~~DQ322460:16-876~~~ (Bla)blaSHV-85	100.0	argannot
contig_4	argannot~~~(Bla)blaSHV-82~~~AM176557:1-861~~~	99.303	861	6	0	121966	122826	1	861	0.0	1557	125021	861	argannot~~~(Bla)blaSHV-82~~~AM176557:1-861~~~ (Bla)blaSHV-82	100.0	argannot
contig_4	argannot~~~(Bla)blaSHV-81~~~AM176556:26-886~~~	99.303	861	6	0	121966	122826	1	861	0.0	1557	125021	861	argannot~~~(Bla)blaSHV-81~~~AM176556:26-886~~~ (Bla)blaSHV-81	100.0	argannot
contig_4	argannot~~~(Bla)blaSHV-8~~~U92041:1-861~~~	99.303	861	6	0	121966	122826	1	861	0.0	1557	125021	861	argannot~~~(Bla)blaSHV-8~~~U92041:1-861~~~ (Bla)blaSHV-8	100.0	argannot
contig_4	argannot~~~(Bla)blaSHV-79~~~AM176554:31-891~~~	99.303	861	6	0	121966	122826	1	861	0.0	1557	125021	861	argannot~~~(Bla)blaSHV-79~~~AM176554:31-891~~~ (Bla)blaSHV-79	100.0	argannot
contig_4	argannot~~~(Bla)blaSHV-77~~~AM176552:31-891~~~	99.303	861	6	0	121966	122826	1	861	0.0	1557	125021	861	argannot~~~(Bla)blaSHV-77~~~AM176552:31-891~~~ (Bla)blaSHV-77	100.0	argannot
contig_4	argannot~~~(Bla)blaSHV-7~~~U20270:125-985~~~	99.303	861	6	0	121966	122826	1	861	0.0	1557	125021	861	argannot~~~(Bla)blaSHV-7~~~U20270:125-985~~~ (Bla)blaSHV-7	100.0	argannot
contig_4	argannot~~~(Bla)blaSHV-65~~~DQ174305:5-865~~~	99.303	861	6	0	121966	122826	1	861	0.0	1557	125021	861	argannot~~~(Bla)blaSHV-65~~~DQ174305:5-865~~~ (Bla)blaSHV-65	100.0	argannot
contig_4	argannot~~~(Bla)blaSHV-57~~~AY223863:171-1031~~~	99.303	861	6	0	121966	122826	1	861	0.0	1557	125021	861	argannot~~~(Bla)blaSHV-57~~~AY223863:171-1031~~~ (Bla)blaSHV-57	100.0	argannot
contig_4	argannot~~~(Bla)blaSHV-50~~~AY288915:1-861~~~	99.303	861	6	0	121966	122826	1	861	0.0	1557	125021	861	argannot~~~(Bla)blaSHV-50~~~AY288915:1-861~~~ (Bla)blaSHV-50	100.0	argannot
contig_4	argannot~~~(Bla)blaSHV-49~~~AY528718:414-1274~~~	99.303	861	6	0	121966	122826	1	861	0.0	1557	125021	861	argannot~~~(Bla)blaSHV-49~~~AY528718:414-1274~~~ (Bla)blaSHV-49	100.0	argannot
contig_4	argannot~~~(Bla)blaSHV-40~~~AF535128:1-861~~~	99.303	861	6	0	121966	122826	1	861	0.0	1557	125021	861	argannot~~~(Bla)blaSHV-40~~~AF535128:1-861~~~ (Bla)blaSHV-40	100.0	argannot
contig_4	argannot~~~(Bla)blaSHV-35~~~AY070258:1-861~~~	99.303	861	6	0	121966	122826	1	861	0.0	1557	125021	861	argannot~~~(Bla)blaSHV-35~~~AY070258:1-861~~~ (Bla)blaSHV-35	100.0	argannot
contig_4	argannot~~~(Bla)blaSHV-27~~~FJ685656:1-861~~~	99.303	861	6	0	121966	122826	1	861	0.0	1557	125021	861	argannot~~~(Bla)blaSHV-27~~~FJ685656:1-861~~~ (Bla)blaSHV-27	100.0	argannot
contig_4	argannot~~~(Bla)blaSHV-24~~~AB023477:1-861~~~	99.303	861	6	0	121966	122826	1	861	0.0	1557	125021	861	argannot~~~(Bla)blaSHV-24~~~AB023477:1-861~~~ (Bla)blaSHV-24	100.0	argannot
contig_4	argannot~~~(Bla)blaSHV-186~~~KM233165:1-861~~~	99.303	861	6	0	121966	122826	1	861	0.0	1557	125021	861	argannot~~~(Bla)blaSHV-186~~~KM233165:1-861~~~ (Bla)blaSHV-186	100.0	argannot
contig_4	argannot~~~(Bla)blaSHV-182~~~KP050489:1-861~~~	99.303	861	6	0	121966	122826	1	861	0.0	1557	125021	861	argannot~~~(Bla)blaSHV-182~~~KP050489:1-861~~~ (Bla)blaSHV-182	100.0	argannot
contig_4	argannot~~~(Bla)blaSHV-181~~~KP050488:1-861~~~	99.303	861	6	0	121966	122826	1	861	0.0	1557	125021	861	argannot~~~(Bla)blaSHV-181~~~KP050488:1-861~~~ (Bla)blaSHV-181	100.0	argannot
contig_4	argannot~~~(Bla)blaSHV-156~~~JX121123:1-861~~~	99.303	861	6	0	121966	122826	1	861	0.0	1557	125021	861	argannot~~~(Bla)blaSHV-156~~~JX121123:1-861~~~ (Bla)blaSHV-156	100.0	argannot
contig_4	argannot~~~(Bla)blaSHV-153~~~JX121120:1-858~~~	99.417	858	5	0	121966	122823	1	858	0.0	1557	125021	858	argannot~~~(Bla)blaSHV-153~~~JX121120:1-858~~~ (Bla)blaSHV-153	100.0	argannot
contig_4	argannot~~~(Bla)blaSHV-152~~~JX121119:1-858~~~	99.417	858	5	0	121966	122823	1	858	0.0	1557	125021	858	argannot~~~(Bla)blaSHV-152~~~JX121119:1-858~~~ (Bla)blaSHV-152	100.0	argannot
contig_4	argannot~~~(Bla)blaSHV-144~~~JQ926986:1-861~~~	99.303	861	6	0	121966	122826	1	861	0.0	1557	125021	861	argannot~~~(Bla)blaSHV-144~~~JQ926986:1-861~~~ (Bla)blaSHV-144	100.0	argannot
contig_4	argannot~~~(Bla)blaSHV-141~~~JQ388884:1-861~~~	99.303	861	6	0	121966	122826	1	861	0.0	1557	125021	861	argannot~~~(Bla)blaSHV-141~~~JQ388884:1-861~~~ (Bla)blaSHV-141	100.0	argannot
contig_4	argannot~~~(Bla)blaSHV-133~~~AB551737:15-875~~~	99.303	861	6	0	121966	122826	1	861	0.0	1557	125021	861	argannot~~~(Bla)blaSHV-133~~~AB551737:15-875~~~ (Bla)blaSHV-133	100.0	argannot
contig_4	argannot~~~(Bla)blaSHV-121~~~AB538449:1-861~~~	99.303	861	6	0	121966	122826	1	861	0.0	1557	125021	861	argannot~~~(Bla)blaSHV-121~~~AB538449:1-861~~~ (Bla)blaSHV-121	100.0	argannot
contig_4	argannot~~~(Bla)blaSHV-110~~~HQ877614:1-861~~~	99.303	861	6	0	121966	122826	1	861	0.0	1557	125021	861	argannot~~~(Bla)blaSHV-110~~~HQ877614:1-861~~~ (Bla)blaSHV-110	100.0	argannot
contig_4	argannot~~~(Bla)blaSHV-109~~~EU418913:17-877~~~	99.303	861	6	0	121966	122826	1	861	0.0	1557	125021	861	argannot~~~(Bla)blaSHV-109~~~EU418913:17-877~~~ (Bla)blaSHV-109	100.0	argannot
contig_4	argannot~~~(Bla)blaSHV-103~~~EU032604:1-861~~~	99.303	861	6	0	121966	122826	1	861	0.0	1557	125021	861	argannot~~~(Bla)blaSHV-103~~~EU032604:1-861~~~ (Bla)blaSHV-103	100.0	argannot
contig_4	argannot~~~(Bla)blaSHV-95~~~EF373972:1-861~~~	99.187	861	7	0	121966	122826	1	861	0.0	1552	125021	861	argannot~~~(Bla)blaSHV-95~~~EF373972:1-861~~~ (Bla)blaSHV-95	100.0	argannot
contig_4	argannot~~~(Bla)blaSHV-93~~~EF373969:1-861~~~	99.187	861	7	0	121966	122826	1	861	0.0	1552	125021	861	argannot~~~(Bla)blaSHV-93~~~EF373969:1-861~~~ (Bla)blaSHV-93	100.0	argannot
contig_4	argannot~~~(Bla)blaSHV-75~~~AM176550:31-891~~~	99.187	861	7	0	121966	122826	1	861	0.0	1552	125021	861	argannot~~~(Bla)blaSHV-75~~~AM176550:31-891~~~ (Bla)blaSHV-75	100.0	argannot
contig_4	argannot~~~(Bla)blaSHV-63~~~EU342351:173-1033~~~	99.187	861	7	0	121966	122826	1	861	0.0	1552	125021	861	argannot~~~(Bla)blaSHV-63~~~EU342351:173-1033~~~ (Bla)blaSHV-63	100.0	argannot
contig_4	argannot~~~(Bla)blaSHV-48~~~AY263404:1-861~~~	99.187	861	7	0	121966	122826	1	861	0.0	1552	125021	861	argannot~~~(Bla)blaSHV-48~~~AY263404:1-861~~~ (Bla)blaSHV-48	100.0	argannot
contig_4	argannot~~~(Bla)blaSHV-44~~~AY259119:117-977~~~	99.187	861	7	0	121966	122826	1	861	0.0	1552	125021	861	argannot~~~(Bla)blaSHV-44~~~AY259119:117-977~~~ (Bla)blaSHV-44	100.0	argannot
contig_4	argannot~~~(Bla)blaSHV-42~~~AF535130:1-861~~~	99.187	861	7	0	121966	122826	1	861	0.0	1552	125021	861	argannot~~~(Bla)blaSHV-42~~~AF535130:1-861~~~ (Bla)blaSHV-42	100.0	argannot
contig_4	argannot~~~(Bla)blaSHV-41~~~AF535129:1-861~~~	99.187	861	7	0	121966	122826	1	861	0.0	1552	125021	861	argannot~~~(Bla)blaSHV-41~~~AF535129:1-861~~~ (Bla)blaSHV-41	100.0	argannot
contig_4	argannot~~~(Bla)blaSHV-38~~~GQ407124:1-861~~~	99.187	861	7	0	121966	122826	1	861	0.0	1552	125021	861	argannot~~~(Bla)blaSHV-38~~~GQ407124:1-861~~~ (Bla)blaSHV-38	100.0	argannot
contig_4	argannot~~~(Bla)blaSHV-33~~~AY037779:89-949~~~	99.187	861	7	0	121966	122826	1	861	0.0	1552	125021	861	argannot~~~(Bla)blaSHV-33~~~AY037779:89-949~~~ (Bla)blaSHV-33	100.0	argannot
contig_4	argannot~~~(Bla)blaSHV-32~~~AY037778:92-952~~~	99.187	861	7	0	121966	122826	1	861	0.0	1552	125021	861	argannot~~~(Bla)blaSHV-32~~~AY037778:92-952~~~ (Bla)blaSHV-32	100.0	argannot
contig_4	argannot~~~(Bla)blaSHV-30~~~AY661885:49-909~~~	99.187	861	7	0	121966	122826	1	861	0.0	1552	125021	861	argannot~~~(Bla)blaSHV-30~~~AY661885:49-909~~~ (Bla)blaSHV-30	100.0	argannot
contig_4	argannot~~~(Bla)blaSHV-189~~~KP050494:1-861~~~	99.187	861	7	0	121966	122826	1	861	0.0	1552	125021	861	argannot~~~(Bla)blaSHV-189~~~KP050494:1-861~~~ (Bla)blaSHV-189	100.0	argannot
contig_4	argannot~~~(Bla)blaSHV-159~~~JX121126:1-858~~~	99.301	858	6	0	121966	122823	1	858	0.0	1552	125021	858	argannot~~~(Bla)blaSHV-159~~~JX121126:1-858~~~ (Bla)blaSHV-159	100.0	argannot
contig_4	argannot~~~(Bla)blaSHV-158~~~JX121125:1-858~~~	99.301	858	6	0	121966	122823	1	858	0.0	1552	125021	858	argannot~~~(Bla)blaSHV-158~~~JX121125:1-858~~~ (Bla)blaSHV-158	100.0	argannot
contig_4	argannot~~~(Bla)blaSHV-157~~~JX121124:1-861~~~	99.187	861	7	0	121966	122826	1	861	0.0	1552	125021	861	argannot~~~(Bla)blaSHV-157~~~JX121124:1-861~~~ (Bla)blaSHV-157	100.0	argannot
contig_4	argannot~~~(Bla)blaSHV-150~~~JX121117:1-858~~~	99.301	858	6	0	121966	122823	1	858	0.0	1552	125021	858	argannot~~~(Bla)blaSHV-150~~~JX121117:1-858~~~ (Bla)blaSHV-150	100.0	argannot
contig_4	argannot~~~(Bla)blaSHV-147~~~JX121114:1-858~~~	99.301	858	6	0	121966	122823	1	858	0.0	1552	125021	858	argannot~~~(Bla)blaSHV-147~~~JX121114:1-858~~~ (Bla)blaSHV-147	100.0	argannot
contig_4	argannot~~~(Bla)blaSHV-143~~~JQ341060:882-1742~~~	99.187	861	7	0	121966	122826	1	861	0.0	1552	125021	861	argannot~~~(Bla)blaSHV-143~~~JQ341060:882-1742~~~ (Bla)blaSHV-143	100.0	argannot
contig_4	argannot~~~(Bla)blaSHV-14~~~AF226622:55-915~~~	99.187	861	7	0	121966	122826	1	861	0.0	1552	125021	861	argannot~~~(Bla)blaSHV-14~~~AF226622:55-915~~~ (Bla)blaSHV-14	100.0	argannot
contig_4	argannot~~~(Bla)blaSHV-132~~~GU981741:794-1654~~~	99.187	861	7	0	121966	122826	1	861	0.0	1552	125021	861	argannot~~~(Bla)blaSHV-132~~~GU981741:794-1654~~~ (Bla)blaSHV-132	100.0	argannot
contig_4	argannot~~~(Bla)blaSHV-108~~~AM941849:1-861~~~	99.187	861	7	0	121966	122826	1	861	0.0	1552	125021	861	argannot~~~(Bla)blaSHV-108~~~AM941849:1-861~~~ (Bla)blaSHV-108	100.0	argannot
contig_4	argannot~~~(Bla)blaSHV-105~~~FJ194944:47-907~~~	99.187	861	7	0	121966	122826	1	861	0.0	1552	125021	861	argannot~~~(Bla)blaSHV-105~~~FJ194944:47-907~~~ (Bla)blaSHV-105	100.0	argannot
contig_4	argannot~~~(Bla)blaSHV-102~~~EU024485:1-861~~~	99.187	861	7	0	121966	122826	1	861	0.0	1552	125021	861	argannot~~~(Bla)blaSHV-102~~~EU024485:1-861~~~ (Bla)blaSHV-102	100.0	argannot
contig_4	argannot~~~(Bla)blaSHV-101~~~EU155018:1-861~~~	99.187	861	7	0	121966	122826	1	861	0.0	1552	125021	861	argannot~~~(Bla)blaSHV-101~~~EU155018:1-861~~~ (Bla)blaSHV-101	100.0	argannot
contig_4	argannot~~~(Bla)blaSHV-163~~~JX121130:1-858~~~	99.299	856	6	0	121966	122821	1	856	0.0	1548	125021	858	argannot~~~(Bla)blaSHV-163~~~JX121130:1-858~~~ (Bla)blaSHV-163	99.76689976689977	argannot
contig_4	argannot~~~(Bla)blaSHV-99~~~AM922305:1-861~~~	99.071	861	8	0	121966	122826	1	861	0.0	1546	125021	861	argannot~~~(Bla)blaSHV-99~~~AM922305:1-861~~~ (Bla)blaSHV-99	100.0	argannot
contig_4	argannot~~~(Bla)blaSHV-76~~~AM176551:31-891~~~	99.071	861	8	0	121966	122826	1	861	0.0	1546	125021	861	argannot~~~(Bla)blaSHV-76~~~AM176551:31-891~~~ (Bla)blaSHV-76	100.0	argannot
contig_4	argannot~~~(Bla)blaSHV-71~~~AM176546:1-861~~~	99.071	861	8	0	121966	122826	1	861	0.0	1546	125021	861	argannot~~~(Bla)blaSHV-71~~~AM176546:1-861~~~ (Bla)blaSHV-71	100.0	argannot
contig_4	argannot~~~(Bla)blaSHV-59~~~AY790341:1-861~~~	99.071	861	8	0	121966	122826	1	861	0.0	1546	125021	861	argannot~~~(Bla)blaSHV-59~~~AY790341:1-861~~~ (Bla)blaSHV-59	100.0	argannot
contig_4	argannot~~~(Bla)blaSHV-37~~~AF467948:1-861~~~	99.071	861	8	0	121966	122826	1	861	0.0	1546	125021	861	argannot~~~(Bla)blaSHV-37~~~AF467948:1-861~~~ (Bla)blaSHV-37	100.0	argannot
contig_4	argannot~~~(Bla)blaSHV-34~~~AY036620:89-949~~~	99.071	861	8	0	121966	122826	1	861	0.0	1546	125021	861	argannot~~~(Bla)blaSHV-34~~~AY036620:89-949~~~ (Bla)blaSHV-34	100.0	argannot
contig_4	argannot~~~(Bla)blaSHV-29~~~AF301532:8-868~~~	99.071	861	8	0	121966	122826	1	861	0.0	1546	125021	861	argannot~~~(Bla)blaSHV-29~~~AF301532:8-868~~~ (Bla)blaSHV-29	100.0	argannot
contig_4	argannot~~~(Bla)blaSHV-28~~~EU441172:57-917~~~	99.071	861	8	0	121966	122826	1	861	0.0	1546	125021	861	argannot~~~(Bla)blaSHV-28~~~EU441172:57-917~~~ (Bla)blaSHV-28	100.0	argannot
contig_4	argannot~~~(Bla)blaSHV-191~~~KP868754:1-861~~~	99.071	861	8	0	121966	122826	1	861	0.0	1546	125021	861	argannot~~~(Bla)blaSHV-191~~~KP868754:1-861~~~ (Bla)blaSHV-191	100.0	argannot
contig_4	argannot~~~(Bla)blaSHV-18~~~EU684753:1-861~~~	99.071	861	8	0	121966	122826	1	861	0.0	1546	125021	861	argannot~~~(Bla)blaSHV-18~~~EU684753:1-861~~~ (Bla)blaSHV-18	100.0	argannot
contig_4	argannot~~~(Bla)blaSHV-151~~~JX121118:1-858~~~	99.184	858	7	0	121966	122823	1	858	0.0	1546	125021	858	argannot~~~(Bla)blaSHV-151~~~JX121118:1-858~~~ (Bla)blaSHV-151	100.0	argannot
contig_4	argannot~~~(Bla)blaSHV-149~~~JX121116:1-858~~~	99.184	858	7	0	121966	122823	1	858	0.0	1546	125021	858	argannot~~~(Bla)blaSHV-149~~~JX121116:1-858~~~ (Bla)blaSHV-149	100.0	argannot
contig_4	argannot~~~(Bla)blaSHV-137~~~HQ661363:72-932~~~	99.071	861	8	0	121966	122826	1	861	0.0	1546	125021	861	argannot~~~(Bla)blaSHV-137~~~HQ661363:72-932~~~ (Bla)blaSHV-137	100.0	argannot
contig_4	argannot~~~(Bla)blaSHV-106~~~AM941847:1-861~~~	99.071	861	8	0	121966	122826	1	861	0.0	1546	125021	861	argannot~~~(Bla)blaSHV-106~~~AM941847:1-861~~~ (Bla)blaSHV-106	100.0	argannot
contig_4	argannot~~~(Bla)blaSHV-140~~~JN051143:1-861~~~	99.069	859	8	0	121968	122826	3	861	0.0	1543	125021	861	argannot~~~(Bla)blaSHV-140~~~JN051143:1-861~~~ (Bla)blaSHV-140	99.76771196283391	argannot
contig_4	argannot~~~(Bla)blaSHV-92~~~DQ836922:1-861~~~	98.955	861	9	0	121966	122826	1	861	0.0	1541	125021	861	argannot~~~(Bla)blaSHV-92~~~DQ836922:1-861~~~ (Bla)blaSHV-92	100.0	argannot
contig_4	argannot~~~(Bla)blaSHV-72~~~AM176547:31-891~~~	98.955	861	9	0	121966	122826	1	861	0.0	1541	125021	861	argannot~~~(Bla)blaSHV-72~~~AM176547:31-891~~~ (Bla)blaSHV-72	100.0	argannot
contig_4	argannot~~~(Bla)blaSHV-51~~~AY289548:1-861~~~	98.955	861	9	0	121966	122826	1	861	0.0	1541	125021	861	argannot~~~(Bla)blaSHV-51~~~AY289548:1-861~~~ (Bla)blaSHV-51	100.0	argannot
contig_4	argannot~~~(Bla)blaSHV-168~~~JX870080:1-861~~~	98.955	861	9	0	121966	122826	1	861	0.0	1541	125021	861	argannot~~~(Bla)blaSHV-168~~~JX870080:1-861~~~ (Bla)blaSHV-168	100.0	argannot
contig_4	argannot~~~(Bla)blaSHV-162~~~JX121129:1-858~~~	99.068	858	8	0	121966	122823	1	858	0.0	1541	125021	858	argannot~~~(Bla)blaSHV-162~~~JX121129:1-858~~~ (Bla)blaSHV-162	100.0	argannot
contig_4	argannot~~~(Bla)blaSHV-52~~~HQ845196:1-861~~~	98.839	861	10	0	121966	122826	1	861	0.0	1535	125021	861	argannot~~~(Bla)blaSHV-52~~~HQ845196:1-861~~~ (Bla)blaSHV-52	100.0	argannot
contig_4	argannot~~~(Bla)blaSHV-190~~~KP868753:1-861~~~	98.839	861	10	0	121966	122826	1	861	0.0	1535	125021	861	argannot~~~(Bla)blaSHV-190~~~KP868753:1-861~~~ (Bla)blaSHV-190	100.0	argannot
contig_4	argannot~~~(Bla)blaSHV-188~~~LN515534:1-873~~~	98.511	873	7	1	121960	122826	1	873	0.0	1535	125021	873	argannot~~~(Bla)blaSHV-188~~~LN515534:1-873~~~ (Bla)blaSHV-188	100.0	argannot
contig_4	argannot~~~(Bla)blaSHV-43~~~AY065991:7-867~~~	98.722	861	11	0	121966	122826	1	861	0.0	1530	125021	861	argannot~~~(Bla)blaSHV-43~~~AY065991:7-867~~~ (Bla)blaSHV-43	100.0	argannot
contig_4	argannot~~~(Bla)blaSHV-73~~~AM176548:17-874~~~	98.945	853	9	0	121974	122826	6	858	0.0	1526	125021	858	argannot~~~(Bla)blaSHV-73~~~AM176548:17-874~~~ (Bla)blaSHV-73	99.41724941724942	argannot
contig_4	argannot~~~(Bla)blaSHV-167~~~AB733453:4-849~~~	98.936	846	9	0	121966	122811	1	846	0.0	1513	125021	846	argannot~~~(Bla)blaSHV-167~~~AB733453:4-849~~~ (Bla)blaSHV-167	100.0	argannot
contig_4	argannot~~~(Bla)blaSHV-62~~~AJ866285:1-832~~~	99.164	837	7	0	121966	122802	1	837	0.0	1507	125021	837	argannot~~~(Bla)blaSHV-62~~~AJ866285:1-832~~~ (Bla)blaSHV-62	100.0	argannot
contig_4	argannot~~~(Bla)blaSHV-84~~~AM087453:26-856~~~	99.158	831	7	0	121966	122796	1	831	0.0	1496	125021	831	argannot~~~(Bla)blaSHV-84~~~AM087453:26-856~~~ (Bla)blaSHV-84	100.0	argannot
contig_4	argannot~~~(Bla)blaSHV-16~~~AF072684:118-993~~~	97.491	877	5	3	121966	122826	1	876	0.0	1482	125021	876	argannot~~~(Bla)blaSHV-16~~~AF072684:118-993~~~ (Bla)blaSHV-16	100.11415525114155	argannot
contig_4	argannot~~~(Bla)blaSHV-6~~~Y11069:1-780~~~	99.231	780	6	0	121996	122775	1	780	0.0	1408	125021	780	argannot~~~(Bla)blaSHV-6~~~Y11069:1-780~~~ (Bla)blaSHV-6	100.0	argannot
contig_4	argannot~~~(Bla)blaSHV-100~~~AM922306:1-900~~~	99.091	770	7	0	122057	122826	131	900	0.0	1384	125021	900	argannot~~~(Bla)blaSHV-100~~~AM922306:1-900~~~ (Bla)blaSHV-100	85.55555555555556	argannot
contig_4	argannot~~~(Bla)blaSHV-53~~~AY590467:1-729~~~	99.451	729	4	0	121986	122714	1	729	0.0	1325	125021	729	argannot~~~(Bla)blaSHV-53~~~AY590467:1-729~~~ (Bla)blaSHV-53	100.0	argannot
contig_4	argannot~~~(Bla)blaSHV-55~~~HQ877613:1-715~~~	99.44	714	4	0	121966	122679	1	714	0.0	1297	125021	715	argannot~~~(Bla)blaSHV-55~~~HQ877613:1-715~~~ (Bla)blaSHV-55	99.86013986013987	argannot
contig_4	argannot~~~(Bla)blaSHV-45~~~HQ877612:1-715~~~	99.44	714	4	0	121966	122679	1	714	0.0	1297	125021	715	argannot~~~(Bla)blaSHV-45~~~HQ877612:1-715~~~ (Bla)blaSHV-45	99.86013986013987	argannot
contig_4	argannot~~~(Bla)blaLEN-24~~~AM850914:31-891~~~	90.695	892	81	2	121936	122826	1	891	0.0	1186	125021	891	argannot~~~(Bla)blaLEN-24~~~AM850914:31-891~~~ (Bla)blaLEN-24	100.11223344556677	argannot
contig_4	argannot~~~(Bla)blaLEN-17~~~DQ149134:1-861~~~	91.067	862	75	2	121966	122826	1	861	0.0	1164	125021	861	argannot~~~(Bla)blaLEN-17~~~DQ149134:1-861~~~ (Bla)blaLEN-17	100.11614401858304	argannot
contig_4	argannot~~~(Bla)blaLEN-36~~~KR738738:1-861~~~	90.951	862	76	2	121966	122826	1	861	0.0	1158	125021	861	argannot~~~(Bla)blaLEN-36~~~KR738738:1-861~~~ (Bla)blaLEN-36	100.11614401858304	argannot
contig_4	argannot~~~(Bla)blaLEN-22~~~AM850912:1-861~~~	90.951	862	76	2	121966	122826	1	861	0.0	1158	125021	861	argannot~~~(Bla)blaLEN-22~~~AM850912:1-861~~~ (Bla)blaLEN-22	100.11614401858304	argannot
contig_4	argannot~~~(Bla)blaLEN-2~~~AY037780:89-949~~~	90.951	862	76	2	121966	122826	1	861	0.0	1158	125021	861	argannot~~~(Bla)blaLEN-2~~~AY037780:89-949~~~ (Bla)blaLEN-2	100.11614401858304	argannot
contig_4	argannot~~~(Bla)blaLEN-19~~~AM850909:1-861~~~	90.951	862	76	2	121966	122826	1	861	0.0	1158	125021	861	argannot~~~(Bla)blaLEN-19~~~AM850909:1-861~~~ (Bla)blaLEN-19	100.11614401858304	argannot
contig_4	argannot~~~(Bla)blaLEN-5~~~AY633109:1-861~~~	90.835	862	77	2	121966	122826	1	861	0.0	1153	125021	861	argannot~~~(Bla)blaLEN-5~~~AY633109:1-861~~~ (Bla)blaLEN-5	100.11614401858304	argannot
contig_4	argannot~~~(Bla)blaLEN-21~~~AM850911:1-861~~~	90.835	862	77	2	121966	122826	1	861	0.0	1153	125021	861	argannot~~~(Bla)blaLEN-21~~~AM850911:1-861~~~ (Bla)blaLEN-21	100.11614401858304	argannot
contig_4	argannot~~~(Bla)blaLEN-20~~~AM850910:1-861~~~	90.835	862	77	2	121966	122826	1	861	0.0	1153	125021	861	argannot~~~(Bla)blaLEN-20~~~AM850910:1-861~~~ (Bla)blaLEN-20	100.11614401858304	argannot
contig_4	argannot~~~(Bla)blaLEN-18~~~AM850908:1-861~~~	90.719	862	78	2	121966	122826	1	861	0.0	1147	125021	861	argannot~~~(Bla)blaLEN-18~~~AM850908:1-861~~~ (Bla)blaLEN-18	100.11614401858304	argannot
contig_4	argannot~~~(Bla)blaLEN-16~~~AY743416:68-928~~~	90.719	862	78	2	121966	122826	1	861	0.0	1147	125021	861	argannot~~~(Bla)blaLEN-16~~~AY743416:68-928~~~ (Bla)blaLEN-16	100.11614401858304	argannot
contig_4	argannot~~~(Bla)blaLEN-35~~~KR738737:1-861~~~	90.614	863	77	4	121966	122826	1	861	0.0	1142	125021	861	argannot~~~(Bla)blaLEN-35~~~KR738737:1-861~~~ (Bla)blaLEN-35	100.23228803716609	argannot
contig_4	argannot~~~(Bla)blaLEN-26~~~JX124390:1-861~~~	90.487	862	80	2	121966	122826	1	861	0.0	1136	125021	861	argannot~~~(Bla)blaLEN-26~~~JX124390:1-861~~~ (Bla)blaLEN-26	100.11614401858304	argannot
contig_4	argannot~~~(Bla)blaLEN-25~~~HQ709169:1-861~~~	90.487	862	80	2	121966	122826	1	861	0.0	1136	125021	861	argannot~~~(Bla)blaLEN-25~~~HQ709169:1-861~~~ (Bla)blaLEN-25	100.11614401858304	argannot
contig_4	argannot~~~(Bla)blaLEN-23~~~AM850913:1-861~~~	90.487	862	80	2	121966	122826	1	861	0.0	1136	125021	861	argannot~~~(Bla)blaLEN-23~~~AM850913:1-861~~~ (Bla)blaLEN-23	100.11614401858304	argannot
contig_4	argannot~~~(Bla)blaLEN-37~~~KR738739:1-861~~~	90.371	862	81	2	121966	122826	1	861	0.0	1131	125021	861	argannot~~~(Bla)blaLEN-37~~~KR738739:1-861~~~ (Bla)blaLEN-37	100.11614401858304	argannot
contig_4	argannot~~~(Bla)blaLEN-15~~~AF452105:1-840~~~	90.499	842	77	3	121966	122806	1	840	0.0	1109	125021	840	argannot~~~(Bla)blaLEN-15~~~AF452105:1-840~~~ (Bla)blaLEN-15	100.23809523809524	argannot
contig_4	argannot~~~(Bla)blaLEN-4~~~AY130287:1-823~~~	90.876	822	73	2	121988	122808	3	823	0.0	1101	125021	823	argannot~~~(Bla)blaLEN-4~~~AY130287:1-823~~~ (Bla)blaLEN-4	99.87849331713244	argannot
contig_4	argannot~~~(Bla)blaLEN-1~~~X04515:286-1125~~~	90.261	842	79	3	121966	122806	1	840	0.0	1098	125021	840	argannot~~~(Bla)blaLEN-1~~~X04515:286-1125~~~ (Bla)blaLEN-1	100.23809523809524	argannot
contig_4	argannot~~~(Bla)blaLEN-3~~~AY130286:1-823~~~	90.754	822	74	2	121988	122808	3	823	0.0	1096	125021	823	argannot~~~(Bla)blaLEN-3~~~AY130286:1-823~~~ (Bla)blaLEN-3	99.87849331713244	argannot
contig_4	argannot~~~(Bla)blaLEN-12~~~AJ635406:1-789~~~	90.506	790	73	2	122002	122790	1	789	0.0	1042	125021	789	argannot~~~(Bla)blaLEN-12~~~AJ635406:1-789~~~ (Bla)blaLEN-12	100.12674271229405	argannot
contig_4	argannot~~~(Bla)blaLEN-11~~~AJ635417:1-789~~~	90.506	790	73	2	122002	122790	1	789	0.0	1042	125021	789	argannot~~~(Bla)blaLEN-11~~~AJ635417:1-789~~~ (Bla)blaLEN-11	100.12674271229405	argannot
contig_4	argannot~~~(Bla)blaLEN-9~~~AJ635423:1-789~~~	90.38	790	74	2	122002	122790	1	789	0.0	1037	125021	789	argannot~~~(Bla)blaLEN-9~~~AJ635423:1-789~~~ (Bla)blaLEN-9	100.12674271229405	argannot
contig_4	argannot~~~(Bla)blaLEN-7~~~AJ635425:1-789~~~	90.253	790	75	2	122002	122790	1	789	0.0	1031	125021	789	argannot~~~(Bla)blaLEN-7~~~AJ635425:1-789~~~ (Bla)blaLEN-7	100.12674271229405	argannot
contig_4	argannot~~~(Bla)blaLEN-13~~~AJ635403:1-789~~~	90.253	790	75	2	122002	122790	1	789	0.0	1031	125021	789	argannot~~~(Bla)blaLEN-13~~~AJ635403:1-789~~~ (Bla)blaLEN-13	100.12674271229405	argannot
contig_4	argannot~~~(Bla)blaLEN-10~~~AJ635419:1-789~~~	90.127	790	76	2	122002	122790	1	789	0.0	1026	125021	789	argannot~~~(Bla)blaLEN-10~~~AJ635419:1-789~~~ (Bla)blaLEN-10	100.12674271229405	argannot
contig_4	argannot~~~(Bla)blaSHV-122~~~GQ290211:1-515~~~	99.223	515	4	0	122195	122709	1	515	0.0	929	125021	515	argannot~~~(Bla)blaSHV-122~~~GQ290211:1-515~~~ (Bla)blaSHV-122	100.0	argannot
contig_4	argannot~~~(Bla)blaLEN-6~~~AY265890:1-472~~~	91.949	472	38	0	121987	122458	1	472	0.0	662	125021	472	argannot~~~(Bla)blaLEN-6~~~AY265890:1-472~~~ (Bla)blaLEN-6	100.0	argannot
contig_4	argannot~~~(Bla)blaSHV-39~~~AY150585:1=285~~~	99.645	282	1	0	122467	122748	1	282	9.060000000000001e-145	516	125021	285	argannot~~~(Bla)blaSHV-39~~~AY150585:1=285~~~ (Bla)blaSHV-39	98.94736842105263	argannot
contig_7	argannot~~~(Phe)cmlA1~~~M64556:601-1860~~~	99.921	1260	1	0	26103	27362	1	1260	0.0	2322	41154	1260	argannot~~~(Phe)cmlA1~~~M64556:601-1860~~~ (Phe)cmlA1	100.0	argannot
contig_7	argannot~~~(Phe)cmlA6~~~NG_047655:101-1360~~~	99.841	1260	2	0	26103	27362	1	1260	0.0	2316	41154	1260	argannot~~~(Phe)cmlA6~~~NG_047655:101-1360~~~ (Phe)cmlA6	100.0	argannot
contig_7	argannot~~~(Phe)cmlA5~~~HQ141279:907-2166~~~	99.762	1260	3	0	26103	27362	1	1260	0.0	2311	41154	1260	argannot~~~(Phe)cmlA5~~~HQ141279:907-2166~~~ (Phe)cmlA5	100.0	argannot
contig_7	argannot~~~(Phe)cmlA10~~~NG_047649:1-1260~~~	98.175	1260	23	0	26103	27362	1	1260	0.0	2200	41154	1260	argannot~~~(Phe)cmlA10~~~NG_047649:1-1260~~~ (Phe)cmlA10	100.0	argannot
contig_7	argannot~~~(Phe)cmlA4~~~NG_047652:101-1360~~~	98.095	1260	24	0	26103	27362	1	1260	0.0	2194	41154	1260	argannot~~~(Phe)cmlA4~~~NG_047652:101-1360~~~ (Phe)cmlA4	100.0	argannot
contig_7	argannot~~~(Phe)cmlA8~~~NG_051879:101-1360~~~	96.032	1260	50	0	26103	27362	1	1260	0.0	2050	41154	1260	argannot~~~(Phe)cmlA8~~~NG_051879:101-1360~~~ (Phe)cmlA8	100.0	argannot
contig_7	argannot~~~(AGly)aph4-Ia~~~V01499:231-1256~~~	100.0	1026	0	0	34615	35640	1	1026	0.0	1895	41154	1026	argannot~~~(AGly)aph4-Ia~~~V01499:231-1256~~~ (AGly)aph4-Ia	100.0	argannot
contig_7	argannot~~~(AGly)aadA1-pm~~~JQ690540:7968-8798~~~	99.875	802	1	0	27445	28246	30	831	0.0	1476	41154	831	argannot~~~(AGly)aadA1-pm~~~JQ690540:7968-8798~~~ (AGly)aadA1-pm	96.51022864019254	argannot
contig_7	argannot~~~(Sul)sul3~~~HQ875016:7396-8187~~~	100.0	792	0	0	29928	30719	792	1	0.0	1463	41154	792	argannot~~~(Sul)sul3~~~HQ875016:7396-8187~~~ (Sul)sul3	100.0	argannot
contig_7	argannot~~~(AGly)aac-IVa~~~X01385:244-1029~~~	99.873	786	0	1	33610	34394	1	786	0.0	1445	41154	786	argannot~~~(AGly)aac-IVa~~~X01385:244-1029~~~ (AGly)aac-IVa	100.0	argannot
contig_7	argannot~~~(AGly)aadA2~~~X68227:66-945~~~	100.0	780	0	0	25062	25841	1	780	0.0	1441	41154	780	argannot~~~(AGly)aadA2~~~X68227:66-945~~~ (AGly)aadA2	100.0	argannot
contig_7	argannot~~~(AGly)aadA1~~~M95287:3320-4111~~~	99.369	792	5	0	27455	28246	1	792	0.0	1435	41154	792	argannot~~~(AGly)aadA1~~~M95287:3320-4111~~~ (AGly)aadA1	100.0	argannot
contig_7	argannot~~~(AGly)aadA3~~~AF047479:1296-2087~~~	98.987	790	8	0	25050	25839	1	790	0.0	1415	41154	792	argannot~~~(AGly)aadA3~~~AF047479:1296-2087~~~ (AGly)aadA3	99.74747474747475	argannot
contig_7	argannot~~~(AGly)aadA22~~~AM261837:74-865~~~	97.222	792	22	0	27455	28246	1	792	0.0	1341	41154	792	argannot~~~(AGly)aadA22~~~AM261837:74-865~~~ (AGly)aadA22	100.0	argannot
contig_7	argannot~~~(AGly)aadA21~~~AY171244:47-838~~~	97.096	792	23	0	27455	28246	1	792	0.0	1336	41154	792	argannot~~~(AGly)aadA21~~~AY171244:47-838~~~ (AGly)aadA21	100.0	argannot
contig_7	argannot~~~(AGly)aadA23~~~AJ809407:119-898~~~	97.668	772	18	0	27475	28246	9	780	0.0	1327	41154	780	argannot~~~(AGly)aadA23~~~AJ809407:119-898~~~ (AGly)aadA23	98.97435897435898	argannot
contig_7	argannot~~~(AGly)aadA8b~~~AM040708:1174-1965~~~	96.709	790	26	0	25050	25839	1	790	0.0	1315	41154	792	argannot~~~(AGly)aadA8b~~~AM040708:1174-1965~~~ (AGly)aadA8b	99.74747474747475	argannot
contig_7	argannot~~~(AGly)aadA15~~~DQ393783:1800-2591~~~	96.709	790	26	0	27455	28244	1	790	0.0	1315	41154	792	argannot~~~(AGly)aadA15~~~DQ393783:1800-2591~~~ (AGly)aadA15	99.74747474747475	argannot
contig_7	argannot~~~(AGly)aadA8~~~AF326210:1-792~~~	96.456	790	28	0	25050	25839	1	790	0.0	1304	41154	792	argannot~~~(AGly)aadA8~~~AF326210:1-792~~~ (AGly)aadA8	99.74747474747475	argannot
contig_7	argannot~~~(AGly)aadA17~~~FJ460181:774-1565~~~	96.086	792	31	0	25050	25841	1	792	0.0	1291	41154	792	argannot~~~(AGly)aadA17~~~FJ460181:774-1565~~~ (AGly)aadA17	100.0	argannot
contig_7	argannot~~~(AGly)aadA12~~~AY665771:1-792~~~	95.076	792	39	0	25050	25841	1	792	0.0	1247	41154	792	argannot~~~(AGly)aadA12~~~AY665771:1-792~~~ (AGly)aadA12	100.0	argannot
contig_7	argannot~~~(AGly)aadA12~~~AY665771:1-792~~~	94.557	790	43	0	27455	28244	1	790	0.0	1221	41154	792	argannot~~~(AGly)aadA12~~~AY665771:1-792~~~ (AGly)aadA12	99.74747474747475	argannot
contig_7	argannot~~~(AGly)aadA17~~~FJ460181:774-1565~~~	93.544	790	51	0	27455	28244	1	790	0.0	1177	41154	792	argannot~~~(AGly)aadA17~~~FJ460181:774-1565~~~ (AGly)aadA17	99.74747474747475	argannot
contig_7	argannot~~~(AGly)aadA24~~~HQ123586:88-768~~~	93.445	778	51	0	27467	28244	1	778	0.0	1155	41154	780	argannot~~~(AGly)aadA24~~~HQ123586:88-768~~~ (AGly)aadA24	99.74358974358974	argannot
contig_7	argannot~~~(AGly)aadA11~~~AJ567827:1-792~~~	93.038	790	55	0	27455	28244	1	790	0.0	1155	41154	792	argannot~~~(AGly)aadA11~~~AJ567827:1-792~~~ (AGly)aadA11	99.74747474747475	argannot
contig_7	argannot~~~(AGly)aadA15~~~DQ393783:1800-2591~~~	92.803	792	57	0	25050	25841	1	792	0.0	1147	41154	792	argannot~~~(AGly)aadA15~~~DQ393783:1800-2591~~~ (AGly)aadA15	100.0	argannot
contig_7	argannot~~~(AGly)aadA8b~~~AM040708:1174-1965~~~	92.298	792	61	0	27455	28246	1	792	0.0	1125	41154	792	argannot~~~(AGly)aadA8b~~~AM040708:1174-1965~~~ (AGly)aadA8b	100.0	argannot
contig_7	argannot~~~(AGly)aadA8~~~AF326210:1-792~~~	92.045	792	63	0	27455	28246	1	792	0.0	1114	41154	792	argannot~~~(AGly)aadA8~~~AF326210:1-792~~~ (AGly)aadA8	100.0	argannot
contig_7	argannot~~~(AGly)aadA11~~~AJ567827:1-792~~~	92.045	792	63	0	25050	25841	1	792	0.0	1114	41154	792	argannot~~~(AGly)aadA11~~~AJ567827:1-792~~~ (AGly)aadA11	100.0	argannot
contig_7	argannot~~~(AGly)aadA22~~~AM261837:74-865~~~	92.278	777	60	0	25050	25826	1	777	0.0	1103	41154	792	argannot~~~(AGly)aadA22~~~AM261837:74-865~~~ (AGly)aadA22	98.10606060606061	argannot
contig_7	argannot~~~(AGly)aadA21~~~AY171244:47-838~~~	91.646	790	66	0	25050	25839	1	790	0.0	1094	41154	792	argannot~~~(AGly)aadA21~~~AY171244:47-838~~~ (AGly)aadA21	99.74747474747475	argannot
contig_7	argannot~~~(AGly)aadA23~~~AJ809407:119-898~~~	91.645	778	65	0	25062	25839	1	778	0.0	1077	41154	780	argannot~~~(AGly)aadA23~~~AJ809407:119-898~~~ (AGly)aadA23	99.74358974358974	argannot
contig_7	argannot~~~(AGly)aadA3~~~AF047479:1296-2087~~~	90.657	792	74	0	27455	28246	1	792	0.0	1053	41154	792	argannot~~~(AGly)aadA3~~~AF047479:1296-2087~~~ (AGly)aadA3	100.0	argannot
contig_7	argannot~~~(AGly)aadA24~~~HQ123586:88-768~~~	90.415	772	74	0	25070	25841	9	780	0.0	1016	41154	780	argannot~~~(AGly)aadA24~~~HQ123586:88-768~~~ (AGly)aadA24	98.97435897435898	argannot
contig_8	argannot~~~(MLS)mph(A)~~~DQ445270:1626-2531~~~	100.0	906	0	0	113816	114721	1	906	0.0	1674	214836	906	argannot~~~(MLS)mph(A)~~~DQ445270:1626-2531~~~ (MLS)mph(A)	100.0	argannot
contig_8	argannot~~~(Sul)sul1~~~AF071413:6700-7539~~~	100.0	840	0	0	121359	122198	840	1	0.0	1552	214836	840	argannot~~~(Sul)sul1~~~AF071413:6700-7539~~~ (Sul)sul1	100.0	argannot
contig_8	argannot~~~(AGly)aph3-Ia~~~HQ840942:23569-24384~~~	99.877	816	1	0	112024	112839	816	1	0.0	1502	214836	816	argannot~~~(AGly)aph3-Ia~~~HQ840942:23569-24384~~~ (AGly)aph3-Ia	100.0	argannot
contig_8	argannot~~~(AGly)aph(3'')-Ia~~~FJ172370:38668-39483~~~	99.386	814	5	0	112026	112839	814	1	0.0	1476	214836	816	argannot~~~(AGly)aph(3'')-Ia~~~FJ172370:38668-39483~~~ (AGly)aph(3'')-Ia	99.75490196078431	argannot
contig_8	argannot~~~(AGly)aph(3')-Ic~~~KP119857:914-1729~~~	99.263	814	6	0	112026	112839	814	1	0.0	1471	214836	816	argannot~~~(AGly)aph(3')-Ic~~~KP119857:914-1729~~~ (AGly)aph(3')-Ic	99.75490196078431	argannot
contig_8	argannot~~~(AGly)aadA2~~~X68227:66-945~~~	99.872	780	1	0	122703	123482	780	1	0.0	1435	214836	780	argannot~~~(AGly)aadA2~~~X68227:66-945~~~ (AGly)aadA2	100.0	argannot
contig_8	argannot~~~(AGly)aadA3~~~AF047479:1296-2087~~~	98.734	790	10	0	122705	123494	790	1	0.0	1404	214836	792	argannot~~~(AGly)aadA3~~~AF047479:1296-2087~~~ (AGly)aadA3	99.74747474747475	argannot
contig_8	argannot~~~(AGly)aadA8b~~~AM040708:1174-1965~~~	96.962	790	24	0	122705	123494	790	1	0.0	1327	214836	792	argannot~~~(AGly)aadA8b~~~AM040708:1174-1965~~~ (AGly)aadA8b	99.74747474747475	argannot
contig_8	argannot~~~(AGly)aadA8~~~AF326210:1-792~~~	96.203	790	30	0	122705	123494	790	1	0.0	1293	214836	792	argannot~~~(AGly)aadA8~~~AF326210:1-792~~~ (AGly)aadA8	99.74747474747475	argannot
contig_8	argannot~~~(AGly)aadA17~~~FJ460181:774-1565~~~	95.833	792	33	0	122703	123494	792	1	0.0	1280	214836	792	argannot~~~(AGly)aadA17~~~FJ460181:774-1565~~~ (AGly)aadA17	100.0	argannot
contig_8	argannot~~~(AGly)aadA12~~~AY665771:1-792~~~	94.823	792	41	0	122703	123494	792	1	0.0	1236	214836	792	argannot~~~(AGly)aadA12~~~AY665771:1-792~~~ (AGly)aadA12	100.0	argannot
contig_8	argannot~~~(Phe)catA1~~~V00622:244-903~~~	99.848	660	1	0	131737	132396	660	1	0.0	1214	214836	660	argannot~~~(Phe)catA1~~~V00622:244-903~~~ (Phe)catA1	100.0	argannot
contig_8	argannot~~~(AGly)aadA15~~~DQ393783:1800-2591~~~	92.803	792	57	0	122703	123494	792	1	0.0	1147	214836	792	argannot~~~(AGly)aadA15~~~DQ393783:1800-2591~~~ (AGly)aadA15	100.0	argannot
contig_8	argannot~~~(AGly)aadA11~~~AJ567827:1-792~~~	92.045	792	63	0	122703	123494	792	1	0.0	1114	214836	792	argannot~~~(AGly)aadA11~~~AJ567827:1-792~~~ (AGly)aadA11	100.0	argannot
contig_8	argannot~~~(AGly)aadA22~~~AM261837:74-865~~~	92.021	777	62	0	122718	123494	777	1	0.0	1092	214836	792	argannot~~~(AGly)aadA22~~~AM261837:74-865~~~ (AGly)aadA22	98.10606060606061	argannot
contig_8	argannot~~~(AGly)aadA21~~~AY171244:47-838~~~	91.392	790	68	0	122705	123494	790	1	0.0	1083	214836	792	argannot~~~(AGly)aadA21~~~AY171244:47-838~~~ (AGly)aadA21	99.74747474747475	argannot
contig_8	argannot~~~(AGly)aadA23~~~AJ809407:119-898~~~	91.517	778	66	0	122705	123482	778	1	0.0	1072	214836	780	argannot~~~(AGly)aadA23~~~AJ809407:119-898~~~ (AGly)aadA23	99.74358974358974	argannot
contig_8	argannot~~~(AGly)aadA24~~~HQ123586:88-768~~~	90.285	772	75	0	122703	123474	780	9	0.0	1011	214836	780	argannot~~~(AGly)aadA24~~~HQ123586:88-768~~~ (AGly)aadA24	98.97435897435898	argannot
contig_8	argannot~~~(Tmt)dfrA12~~~Z21672:310-807~~~	100.0	498	0	0	123902	124399	498	1	0.0	920	214836	498	argannot~~~(Tmt)dfrA12~~~Z21672:310-807~~~ (Tmt)dfrA12	100.0	argannot
contig_9	argannot~~~(Bla)blaKPC-3~~~JN255861:139-1020~~~	100.0	882	0	0	76689	77570	1	882	0.0	1629	79498	882	argannot~~~(Bla)blaKPC-3~~~JN255861:139-1020~~~ (Bla)blaKPC-3	100.0	argannot
contig_9	argannot~~~(Bla)blaKPC-8~~~FJ234412:1-882~~~	99.887	882	1	0	76689	77570	1	882	0.0	1624	79498	882	argannot~~~(Bla)blaKPC-8~~~FJ234412:1-882~~~ (Bla)blaKPC-8	100.0	argannot
contig_9	argannot~~~(Bla)blaKPC-7~~~EU729727:1-882~~~	99.887	882	1	0	76689	77570	1	882	0.0	1624	79498	882	argannot~~~(Bla)blaKPC-7~~~EU729727:1-882~~~ (Bla)blaKPC-7	100.0	argannot
contig_9	argannot~~~(Bla)blaKPC-2~~~JN048642:127-1008~~~	99.887	882	1	0	76689	77570	1	882	0.0	1624	79498	882	argannot~~~(Bla)blaKPC-2~~~JN048642:127-1008~~~ (Bla)blaKPC-2	100.0	argannot
contig_9	argannot~~~(Bla)blaKPC-10~~~GQ140348:1-882~~~	99.887	882	1	0	76689	77570	1	882	0.0	1624	79498	882	argannot~~~(Bla)blaKPC-10~~~GQ140348:1-882~~~ (Bla)blaKPC-10	100.0	argannot
contig_9	argannot~~~(Bla)blaKPC-6~~~EU555534:1-882~~~	99.773	882	2	0	76689	77570	1	882	0.0	1618	79498	882	argannot~~~(Bla)blaKPC-6~~~EU555534:1-882~~~ (Bla)blaKPC-6	100.0	argannot
contig_9	argannot~~~(Bla)blaKPC-5~~~EU400222:2160-3041~~~	99.773	882	2	0	76689	77570	1	882	0.0	1618	79498	882	argannot~~~(Bla)blaKPC-5~~~EU400222:2160-3041~~~ (Bla)blaKPC-5	100.0	argannot
contig_9	argannot~~~(Bla)blaKPC-24~~~KR052099:5212-6093~~~	99.773	882	2	0	76689	77570	1	882	0.0	1618	79498	882	argannot~~~(Bla)blaKPC-24~~~KR052099:5212-6093~~~ (Bla)blaKPC-24	100.0	argannot
contig_9	argannot~~~(Bla)blaKPC-19~~~KJ775801:1-882~~~	99.773	882	2	0	76689	77570	1	882	0.0	1618	79498	882	argannot~~~(Bla)blaKPC-19~~~KJ775801:1-882~~~ (Bla)blaKPC-19	100.0	argannot
contig_9	argannot~~~(Bla)blaKPC-17~~~KC465200:1-882~~~	99.773	882	2	0	76689	77570	1	882	0.0	1618	79498	882	argannot~~~(Bla)blaKPC-17~~~KC465200:1-882~~~ (Bla)blaKPC-17	100.0	argannot
contig_9	argannot~~~(Bla)blaKPC-12~~~HQ342889:1-882~~~	99.773	882	2	0	76689	77570	1	882	0.0	1618	79498	882	argannot~~~(Bla)blaKPC-12~~~HQ342889:1-882~~~ (Bla)blaKPC-12	100.0	argannot
contig_9	argannot~~~(Bla)blaKPC-11~~~HM066995:1-882~~~	99.773	882	2	0	76689	77570	1	882	0.0	1618	79498	882	argannot~~~(Bla)blaKPC-11~~~HM066995:1-882~~~ (Bla)blaKPC-11	100.0	argannot
contig_9	argannot~~~(Bla)blaKPC-1~~~AF297554:131-1012~~~	99.773	882	2	0	76689	77570	1	882	0.0	1618	79498	882	argannot~~~(Bla)blaKPC-1~~~AF297554:131-1012~~~ (Bla)blaKPC-1	100.0	argannot
contig_9	argannot~~~(Bla)blaKPC-4~~~FJ473382:364-1245~~~	99.66	882	3	0	76689	77570	1	882	0.0	1613	79498	882	argannot~~~(Bla)blaKPC-4~~~FJ473382:364-1245~~~ (Bla)blaKPC-4	100.0	argannot
contig_9	argannot~~~(Bla)blaKPC-22~~~KM379100:1-882~~~	99.66	882	3	0	76689	77570	1	882	0.0	1613	79498	882	argannot~~~(Bla)blaKPC-22~~~KM379100:1-882~~~ (Bla)blaKPC-22	100.0	argannot
contig_9	argannot~~~(Bla)blaKPC-16~~~KC465199:1-882~~~	99.546	882	4	0	76689	77570	1	882	0.0	1607	79498	882	argannot~~~(Bla)blaKPC-16~~~KC465199:1-882~~~ (Bla)blaKPC-16	100.0	argannot
contig_9	argannot~~~(Bla)blaKPC-13~~~HQ342890:1-882~~~	99.433	882	5	0	76689	77570	1	882	0.0	1602	79498	882	argannot~~~(Bla)blaKPC-13~~~HQ342890:1-882~~~ (Bla)blaKPC-13	100.0	argannot
contig_9	argannot~~~(Bla)blaTEM-90~~~AF351241:90-950~~~	99.884	861	1	0	63778	64638	861	1	0.0	1585	79498	861	argannot~~~(Bla)blaTEM-90~~~AF351241:90-950~~~ (Bla)blaTEM-90	100.0	argannot
contig_9	argannot~~~(Bla)blaTEM-54~~~AF104442:194-1054~~~	99.884	861	1	0	63778	64638	861	1	0.0	1585	79498	861	argannot~~~(Bla)blaTEM-54~~~AF104442:194-1054~~~ (Bla)blaTEM-54	100.0	argannot
contig_9	argannot~~~(Bla)blaTEM-183~~~HQ529916:111-971~~~	99.884	861	1	0	63778	64638	861	1	0.0	1585	79498	861	argannot~~~(Bla)blaTEM-183~~~HQ529916:111-971~~~ (Bla)blaTEM-183	100.0	argannot
contig_9	argannot~~~(Bla)blaTEM-171~~~GQ149347:5270-6030~~~	99.884	861	1	0	63778	64638	861	1	0.0	1585	79498	861	argannot~~~(Bla)blaTEM-171~~~GQ149347:5270-6030~~~ (Bla)blaTEM-171	100.0	argannot
contig_9	argannot~~~(Bla)blaTEM-168~~~FJ919776:209-1069~~~	99.884	861	1	0	63778	64638	861	1	0.0	1585	79498	861	argannot~~~(Bla)blaTEM-168~~~FJ919776:209-1069~~~ (Bla)blaTEM-168	100.0	argannot
contig_9	argannot~~~(Bla)blaTEM-156~~~AM115459:209-1069~~~	99.884	861	1	0	63778	64638	861	1	0.0	1585	79498	861	argannot~~~(Bla)blaTEM-156~~~AM115459:209-1069~~~ (Bla)blaTEM-156	100.0	argannot
contig_9	argannot~~~(Bla)blaTEM-150~~~AM183304:209-1069~~~	99.884	861	1	0	63778	64638	861	1	0.0	1585	79498	861	argannot~~~(Bla)blaTEM-150~~~AM183304:209-1069~~~ (Bla)blaTEM-150	100.0	argannot
contig_9	argannot~~~(Bla)blaKPC-15~~~KC433553:1-882~~~	99.093	882	8	0	76689	77570	1	882	0.0	1585	79498	882	argannot~~~(Bla)blaKPC-15~~~KC433553:1-882~~~ (Bla)blaKPC-15	100.0	argannot
contig_9	argannot~~~(Bla)blaKPC-14~~~JX524191:396-1271~~~	99.206	882	1	1	76689	77570	1	876	0.0	1585	79498	876	argannot~~~(Bla)blaKPC-14~~~JX524191:396-1271~~~ (Bla)blaKPC-14	100.68493150684931	argannot
contig_9	argannot~~~(Bla)blaTEM-82~~~AF427128:209-1069~~~	99.768	861	2	0	63778	64638	861	1	0.0	1580	79498	861	argannot~~~(Bla)blaTEM-82~~~AF427128:209-1069~~~ (Bla)blaTEM-82	100.0	argannot
contig_9	argannot~~~(Bla)blaTEM-81~~~AF427127:209-1069~~~	99.768	861	2	0	63778	64638	861	1	0.0	1580	79498	861	argannot~~~(Bla)blaTEM-81~~~AF427127:209-1069~~~ (Bla)blaTEM-81	100.0	argannot
contig_9	argannot~~~(Bla)blaTEM-6~~~X57972:340-1200~~~	99.768	861	2	0	63778	64638	861	1	0.0	1580	79498	861	argannot~~~(Bla)blaTEM-6~~~X57972:340-1200~~~ (Bla)blaTEM-6	100.0	argannot
contig_9	argannot~~~(Bla)blaTEM-219~~~KM114268:1-861~~~	99.768	861	2	0	63778	64638	861	1	0.0	1580	79498	861	argannot~~~(Bla)blaTEM-219~~~KM114268:1-861~~~ (Bla)blaTEM-219	100.0	argannot
contig_9	argannot~~~(Bla)blaTEM-189~~~JN254627:1-861~~~	99.768	861	2	0	63778	64638	861	1	0.0	1580	79498	861	argannot~~~(Bla)blaTEM-189~~~JN254627:1-861~~~ (Bla)blaTEM-189	100.0	argannot
contig_9	argannot~~~(Bla)blaTEM-154~~~FJ807656:1-861~~~	99.768	861	2	0	63778	64638	861	1	0.0	1580	79498	861	argannot~~~(Bla)blaTEM-154~~~FJ807656:1-861~~~ (Bla)blaTEM-154	100.0	argannot
contig_9	argannot~~~(Bla)blaTEM-146~~~DQ105529:1-861~~~	99.768	861	2	0	63778	64638	861	1	0.0	1580	79498	861	argannot~~~(Bla)blaTEM-146~~~DQ105529:1-861~~~ (Bla)blaTEM-146	100.0	argannot
contig_9	argannot~~~(Bla)blaTEM-135~~~JQ060998:1-861~~~	99.768	861	2	0	63778	64638	861	1	0.0	1580	79498	861	argannot~~~(Bla)blaTEM-135~~~JQ060998:1-861~~~ (Bla)blaTEM-135	100.0	argannot
contig_9	argannot~~~(Bla)blaTEM-116~~~AY425988:6-866~~~	99.768	861	2	0	63778	64638	861	1	0.0	1580	79498	861	argannot~~~(Bla)blaTEM-116~~~AY425988:6-866~~~ (Bla)blaTEM-116	100.0	argannot
contig_9	argannot~~~(Bla)blaTEM-112~~~AY589493:167-1027~~~	99.768	861	2	0	63778	64638	861	1	0.0	1580	79498	861	argannot~~~(Bla)blaTEM-112~~~AY589493:167-1027~~~ (Bla)blaTEM-112	100.0	argannot
contig_9	argannot~~~(Bla)blaTEM-96~~~AY092401:1-861~~~	99.652	861	3	0	63778	64638	861	1	0.0	1574	79498	861	argannot~~~(Bla)blaTEM-96~~~AY092401:1-861~~~ (Bla)blaTEM-96	100.0	argannot
contig_9	argannot~~~(Bla)blaTEM-93~~~AJ318093:1-861~~~	99.652	861	3	0	63778	64638	861	1	0.0	1574	79498	861	argannot~~~(Bla)blaTEM-93~~~AJ318093:1-861~~~ (Bla)blaTEM-93	100.0	argannot
contig_9	argannot~~~(Bla)blaTEM-80~~~AF347054:209-1069~~~	99.652	861	3	0	63778	64638	861	1	0.0	1574	79498	861	argannot~~~(Bla)blaTEM-80~~~AF347054:209-1069~~~ (Bla)blaTEM-80	100.0	argannot
contig_9	argannot~~~(Bla)blaTEM-79~~~AF190692:209-1069~~~	99.652	861	3	0	63778	64638	861	1	0.0	1574	79498	861	argannot~~~(Bla)blaTEM-79~~~AF190692:209-1069~~~ (Bla)blaTEM-79	100.0	argannot
contig_9	argannot~~~(Bla)blaTEM-57~~~FJ405211:1-861~~~	99.652	861	3	0	63778	64638	861	1	0.0	1574	79498	861	argannot~~~(Bla)blaTEM-57~~~FJ405211:1-861~~~ (Bla)blaTEM-57	100.0	argannot
contig_9	argannot~~~(Bla)blaTEM-55~~~DQ286729:1-861~~~	99.652	861	3	0	63778	64638	861	1	0.0	1574	79498	861	argannot~~~(Bla)blaTEM-55~~~DQ286729:1-861~~~ (Bla)blaTEM-55	100.0	argannot
contig_9	argannot~~~(Bla)blaTEM-52~~~Y13612:1-861~~~	99.652	861	3	0	63778	64638	861	1	0.0	1574	79498	861	argannot~~~(Bla)blaTEM-52~~~Y13612:1-861~~~ (Bla)blaTEM-52	100.0	argannot
contig_9	argannot~~~(Bla)blaTEM-209~~~KF240808:1-861~~~	99.652	861	3	0	63778	64638	861	1	0.0	1574	79498	861	argannot~~~(Bla)blaTEM-209~~~KF240808:1-861~~~ (Bla)blaTEM-209	100.0	argannot
contig_9	argannot~~~(Bla)blaTEM-20~~~EU527189:4132-4992~~~	99.652	861	3	0	63778	64638	861	1	0.0	1574	79498	861	argannot~~~(Bla)blaTEM-20~~~EU527189:4132-4992~~~ (Bla)blaTEM-20	100.0	argannot
contig_9	argannot~~~(Bla)blaTEM-197~~~HQ877606:1-861~~~	99.652	861	3	0	63778	64638	861	1	0.0	1574	79498	861	argannot~~~(Bla)blaTEM-197~~~HQ877606:1-861~~~ (Bla)blaTEM-197	100.0	argannot
contig_9	argannot~~~(Bla)blaTEM-141~~~AY956335:39-899~~~	99.652	861	3	0	63778	64638	861	1	0.0	1574	79498	861	argannot~~~(Bla)blaTEM-141~~~AY956335:39-899~~~ (Bla)blaTEM-141	100.0	argannot
contig_9	argannot~~~(Bla)blaTEM-122~~~AY307100:1-861~~~	99.652	861	3	0	63778	64638	861	1	0.0	1574	79498	861	argannot~~~(Bla)blaTEM-122~~~AY307100:1-861~~~ (Bla)blaTEM-122	100.0	argannot
contig_9	argannot~~~(Bla)blaKPC-9~~~FJ624872:1-854~~~	99.883	854	1	0	76702	77555	1	854	0.0	1572	79498	854	argannot~~~(Bla)blaKPC-9~~~FJ624872:1-854~~~ (Bla)blaKPC-9	100.0	argannot
contig_9	argannot~~~(Bla)blaTEM-98~~~AF397068:1-861~~~	99.883	853	1	0	63778	64630	861	9	0.0	1570	79498	861	argannot~~~(Bla)blaTEM-98~~~AF397068:1-861~~~ (Bla)blaTEM-98	99.07084785133566	argannot
contig_9	argannot~~~(Bla)blaTEM-95~~~AJ308558:124-1084~~~	99.535	861	4	0	63778	64638	861	1	0.0	1568	79498	861	argannot~~~(Bla)blaTEM-95~~~AJ308558:124-1084~~~ (Bla)blaTEM-95	100.0	argannot
contig_9	argannot~~~(Bla)blaTEM-91~~~AB049569:1-861~~~	99.535	861	4	0	63778	64638	861	1	0.0	1568	79498	861	argannot~~~(Bla)blaTEM-91~~~AB049569:1-861~~~ (Bla)blaTEM-91	100.0	argannot
contig_9	argannot~~~(Bla)blaTEM-76~~~AF190694:209-1069~~~	99.535	861	4	0	63778	64638	861	1	0.0	1568	79498	861	argannot~~~(Bla)blaTEM-76~~~AF190694:209-1069~~~ (Bla)blaTEM-76	100.0	argannot
contig_9	argannot~~~(Bla)blaTEM-70~~~AF188199:215-1075~~~	99.535	861	4	0	63778	64638	861	1	0.0	1568	79498	861	argannot~~~(Bla)blaTEM-70~~~AF188199:215-1075~~~ (Bla)blaTEM-70	100.0	argannot
contig_9	argannot~~~(Bla)blaTEM-34~~~KC292503:4335-5195~~~	99.535	861	4	0	63778	64638	861	1	0.0	1568	79498	861	argannot~~~(Bla)blaTEM-34~~~KC292503:4335-5195~~~ (Bla)blaTEM-34	100.0	argannot
contig_9	argannot~~~(Bla)blaTEM-33~~~GU371926:50305-51165~~~	99.535	861	4	0	63778	64638	861	1	0.0	1568	79498	861	argannot~~~(Bla)blaTEM-33~~~GU371926:50305-51165~~~ (Bla)blaTEM-33	100.0	argannot
contig_9	argannot~~~(Bla)blaTEM-30~~~AJ437107:209-1069~~~	99.535	861	4	0	63778	64638	861	1	0.0	1568	79498	861	argannot~~~(Bla)blaTEM-30~~~AJ437107:209-1069~~~ (Bla)blaTEM-30	100.0	argannot
contig_9	argannot~~~(Bla)blaTEM-217~~~HG934763:1-861~~~	99.535	861	4	0	63778	64638	861	1	0.0	1568	79498	861	argannot~~~(Bla)blaTEM-217~~~HG934763:1-861~~~ (Bla)blaTEM-217	100.0	argannot
contig_9	argannot~~~(Bla)blaTEM-215~~~KP050492:1-861~~~	99.535	861	4	0	63778	64638	861	1	0.0	1568	79498	861	argannot~~~(Bla)blaTEM-215~~~KP050492:1-861~~~ (Bla)blaTEM-215	100.0	argannot
contig_9	argannot~~~(Bla)blaTEM-214~~~KP050491:1-861~~~	99.535	861	4	0	63778	64638	861	1	0.0	1568	79498	861	argannot~~~(Bla)blaTEM-214~~~KP050491:1-861~~~ (Bla)blaTEM-214	100.0	argannot
contig_9	argannot~~~(Bla)blaTEM-213~~~KF663615:1-858~~~	99.65	858	3	0	63781	64638	858	1	0.0	1568	79498	858	argannot~~~(Bla)blaTEM-213~~~KF663615:1-858~~~ (Bla)blaTEM-213	100.0	argannot
contig_9	argannot~~~(Bla)blaTEM-208~~~KC865667:184-1044~~~	99.535	861	4	0	63778	64638	861	1	0.0	1568	79498	861	argannot~~~(Bla)blaTEM-208~~~KC865667:184-1044~~~ (Bla)blaTEM-208	100.0	argannot
contig_9	argannot~~~(Bla)blaTEM-207~~~KC818234:1-861~~~	99.535	861	4	0	63778	64638	861	1	0.0	1568	79498	861	argannot~~~(Bla)blaTEM-207~~~KC818234:1-861~~~ (Bla)blaTEM-207	100.0	argannot
contig_9	argannot~~~(Bla)blaTEM-206~~~KC783461:1-861~~~	99.535	861	4	0	63778	64638	861	1	0.0	1568	79498	861	argannot~~~(Bla)blaTEM-206~~~KC783461:1-861~~~ (Bla)blaTEM-206	100.0	argannot
contig_9	argannot~~~(Bla)blaTEM-1D~~~AF188200:215-1075~~~	99.535	861	4	0	63778	64638	861	1	0.0	1568	79498	861	argannot~~~(Bla)blaTEM-1D~~~AF188200:215-1075~~~ (Bla)blaTEM-1D	100.0	argannot
contig_9	argannot~~~(Bla)blaTEM-198~~~AB700703:162-1022~~~	99.535	861	4	0	63778	64638	861	1	0.0	1568	79498	861	argannot~~~(Bla)blaTEM-198~~~AB700703:162-1022~~~ (Bla)blaTEM-198	100.0	argannot
contig_9	argannot~~~(Bla)blaTEM-186~~~JN227084:309-1169~~~	99.535	861	4	0	63778	64638	861	1	0.0	1568	79498	861	argannot~~~(Bla)blaTEM-186~~~JN227084:309-1169~~~ (Bla)blaTEM-186	100.0	argannot
contig_9	argannot~~~(Bla)blaTEM-176~~~GU550123:145-1005~~~	99.535	861	4	0	63778	64638	861	1	0.0	1568	79498	861	argannot~~~(Bla)blaTEM-176~~~GU550123:145-1005~~~ (Bla)blaTEM-176	100.0	argannot
contig_9	argannot~~~(Bla)blaTEM-166~~~FJ197316:1-861~~~	99.535	861	4	0	63778	64638	861	1	0.0	1568	79498	861	argannot~~~(Bla)blaTEM-166~~~FJ197316:1-861~~~ (Bla)blaTEM-166	100.0	argannot
contig_9	argannot~~~(Bla)blaTEM-163~~~EU815939:1-861~~~	99.535	861	4	0	63778	64638	861	1	0.0	1568	79498	861	argannot~~~(Bla)blaTEM-163~~~EU815939:1-861~~~ (Bla)blaTEM-163	100.0	argannot
contig_9	argannot~~~(Bla)blaTEM-157~~~DQ909059:1-861~~~	99.535	861	4	0	63778	64638	861	1	0.0	1568	79498	861	argannot~~~(Bla)blaTEM-157~~~DQ909059:1-861~~~ (Bla)blaTEM-157	100.0	argannot
contig_9	argannot~~~(Bla)blaTEM-153~~~KC149518:1-861~~~	99.535	861	4	0	63778	64638	861	1	0.0	1568	79498	861	argannot~~~(Bla)blaTEM-153~~~KC149518:1-861~~~ (Bla)blaTEM-153	100.0	argannot
contig_9	argannot~~~(Bla)blaTEM-148~~~AM087454:209-1069~~~	99.535	861	4	0	63778	64638	861	1	0.0	1568	79498	861	argannot~~~(Bla)blaTEM-148~~~AM087454:209-1069~~~ (Bla)blaTEM-148	100.0	argannot
contig_9	argannot~~~(Bla)blaTEM-147~~~DQ279850:1-861~~~	99.535	861	4	0	63778	64638	861	1	0.0	1568	79498	861	argannot~~~(Bla)blaTEM-147~~~DQ279850:1-861~~~ (Bla)blaTEM-147	100.0	argannot
contig_9	argannot~~~(Bla)blaTEM-143~~~DQ075245:218-1078~~~	99.535	861	4	0	63778	64638	861	1	0.0	1568	79498	861	argannot~~~(Bla)blaTEM-143~~~DQ075245:218-1078~~~ (Bla)blaTEM-143	100.0	argannot
contig_9	argannot~~~(Bla)blaTEM-129~~~AY452662:184-1044~~~	99.535	861	4	0	63778	64638	861	1	0.0	1568	79498	861	argannot~~~(Bla)blaTEM-129~~~AY452662:184-1044~~~ (Bla)blaTEM-129	100.0	argannot
contig_9	argannot~~~(Bla)blaTEM-127~~~AY368236:1-861~~~	99.535	861	4	0	63778	64638	861	1	0.0	1568	79498	861	argannot~~~(Bla)blaTEM-127~~~AY368236:1-861~~~ (Bla)blaTEM-127	100.0	argannot
contig_9	argannot~~~(Bla)blaTEM-105~~~AF516720:215-1075~~~	99.535	861	4	0	63778	64638	861	1	0.0	1568	79498	861	argannot~~~(Bla)blaTEM-105~~~AF516720:215-1075~~~ (Bla)blaTEM-105	100.0	argannot
contig_9	argannot~~~(Bla)blaTEM-84~~~AF427130:209-1069~~~	99.419	861	5	0	63778	64638	861	1	0.0	1563	79498	861	argannot~~~(Bla)blaTEM-84~~~AF427130:209-1069~~~ (Bla)blaTEM-84	100.0	argannot
contig_9	argannot~~~(Bla)blaTEM-77~~~AF190695:209-1069~~~	99.419	861	5	0	63778	64638	861	1	0.0	1563	79498	861	argannot~~~(Bla)blaTEM-77~~~AF190695:209-1069~~~ (Bla)blaTEM-77	100.0	argannot
contig_9	argannot~~~(Bla)blaTEM-43~~~U95363:1-861~~~	99.419	861	5	0	63778	64638	861	1	0.0	1563	79498	861	argannot~~~(Bla)blaTEM-43~~~U95363:1-861~~~ (Bla)blaTEM-43	100.0	argannot
contig_9	argannot~~~(Bla)blaTEM-29~~~AJ277416:1-861~~~	99.419	861	5	0	63778	64638	861	1	0.0	1563	79498	861	argannot~~~(Bla)blaTEM-29~~~AJ277416:1-861~~~ (Bla)blaTEM-29	100.0	argannot
contig_9	argannot~~~(Bla)blaTEM-28~~~ECU37195:76-936~~~	99.419	861	5	0	63778	64638	861	1	0.0	1563	79498	861	argannot~~~(Bla)blaTEM-28~~~ECU37195:76-936~~~ (Bla)blaTEM-28	100.0	argannot
contig_9	argannot~~~(Bla)blaTEM-220~~~KM998962:1-861~~~	99.419	861	5	0	63778	64638	861	1	0.0	1563	79498	861	argannot~~~(Bla)blaTEM-220~~~KM998962:1-861~~~ (Bla)blaTEM-220	100.0	argannot
contig_9	argannot~~~(Bla)blaTEM-216~~~KF944358:1-861~~~	99.419	861	5	0	63778	64638	861	1	0.0	1563	79498	861	argannot~~~(Bla)blaTEM-216~~~KF944358:1-861~~~ (Bla)blaTEM-216	100.0	argannot
contig_9	argannot~~~(Bla)blaTEM-201~~~JX310327:1-861~~~	99.419	861	5	0	63778	64638	861	1	0.0	1563	79498	861	argannot~~~(Bla)blaTEM-201~~~JX310327:1-861~~~ (Bla)blaTEM-201	100.0	argannot
contig_9	argannot~~~(Bla)blaTEM-2~~~AY529705:167-1027~~~	99.419	861	5	0	63778	64638	861	1	0.0	1563	79498	861	argannot~~~(Bla)blaTEM-2~~~AY529705:167-1027~~~ (Bla)blaTEM-2	100.0	argannot
contig_9	argannot~~~(Bla)blaTEM-185~~~JF795538:1-861~~~	99.419	861	5	0	63778	64638	861	1	0.0	1563	79498	861	argannot~~~(Bla)blaTEM-185~~~JF795538:1-861~~~ (Bla)blaTEM-185	100.0	argannot
contig_9	argannot~~~(Bla)blaTEM-17~~~Y14574:1-861~~~	99.419	861	5	0	63778	64638	861	1	0.0	1563	79498	861	argannot~~~(Bla)blaTEM-17~~~Y14574:1-861~~~ (Bla)blaTEM-17	100.0	argannot
contig_9	argannot~~~(Bla)blaTEM-169~~~FJ873740:1-858~~~	99.534	858	4	0	63781	64638	858	1	0.0	1563	79498	858	argannot~~~(Bla)blaTEM-169~~~FJ873740:1-858~~~ (Bla)blaTEM-169	100.0	argannot
contig_9	argannot~~~(Bla)blaTEM-164~~~EU274580:215-1075~~~	99.419	861	5	0	63778	64638	861	1	0.0	1563	79498	861	argannot~~~(Bla)blaTEM-164~~~EU274580:215-1075~~~ (Bla)blaTEM-164	100.0	argannot
contig_9	argannot~~~(Bla)blaTEM-155~~~DQ679961:115-975~~~	99.419	861	5	0	63778	64638	861	1	0.0	1563	79498	861	argannot~~~(Bla)blaTEM-155~~~DQ679961:115-975~~~ (Bla)blaTEM-155	100.0	argannot
contig_9	argannot~~~(Bla)blaTEM-15~~~AM849805:263-1123~~~	99.419	861	5	0	63778	64638	861	1	0.0	1563	79498	861	argannot~~~(Bla)blaTEM-15~~~AM849805:263-1123~~~ (Bla)blaTEM-15	100.0	argannot
contig_9	argannot~~~(Bla)blaTEM-145~~~DQ105528:1-861~~~	99.419	861	5	0	63778	64638	861	1	0.0	1563	79498	861	argannot~~~(Bla)blaTEM-145~~~DQ105528:1-861~~~ (Bla)blaTEM-145	100.0	argannot
contig_9	argannot~~~(Bla)blaTEM-128~~~AY359287:186-1046~~~	99.419	861	5	0	63778	64638	861	1	0.0	1563	79498	861	argannot~~~(Bla)blaTEM-128~~~AY359287:186-1046~~~ (Bla)blaTEM-128	100.0	argannot
contig_9	argannot~~~(Bla)blaTEM-126~~~AY628199:204-1064~~~	99.419	861	5	0	63778	64638	861	1	0.0	1563	79498	861	argannot~~~(Bla)blaTEM-126~~~AY628199:204-1064~~~ (Bla)blaTEM-126	100.0	argannot
contig_9	argannot~~~(Bla)blaTEM-120~~~AY243512:209-1069~~~	99.419	861	5	0	63778	64638	861	1	0.0	1563	79498	861	argannot~~~(Bla)blaTEM-120~~~AY243512:209-1069~~~ (Bla)blaTEM-120	100.0	argannot
contig_9	argannot~~~(Bla)blaTEM-12~~~M88143:368-1228~~~	99.419	861	5	0	63778	64638	861	1	0.0	1563	79498	861	argannot~~~(Bla)blaTEM-12~~~M88143:368-1228~~~ (Bla)blaTEM-12	100.0	argannot
contig_9	argannot~~~(Bla)blaTEM-115~~~AF535127:209-1069~~~	99.419	861	5	0	63778	64638	861	1	0.0	1563	79498	861	argannot~~~(Bla)blaTEM-115~~~AF535127:209-1069~~~ (Bla)blaTEM-115	100.0	argannot
contig_9	argannot~~~(Bla)blaTEM-109~~~AY628175:211-1071~~~	99.419	861	5	0	63778	64638	861	1	0.0	1563	79498	861	argannot~~~(Bla)blaTEM-109~~~AY628175:211-1071~~~ (Bla)blaTEM-109	100.0	argannot
contig_9	argannot~~~(Bla)blaTEM-106~~~AY101578:215-1075~~~	99.419	861	5	0	63778	64638	861	1	0.0	1563	79498	861	argannot~~~(Bla)blaTEM-106~~~AY101578:215-1075~~~ (Bla)blaTEM-106	100.0	argannot
contig_9	argannot~~~(Bla)blaTEM-104~~~AF516719:215-1075~~~	99.419	861	5	0	63778	64638	861	1	0.0	1563	79498	861	argannot~~~(Bla)blaTEM-104~~~AF516719:215-1075~~~ (Bla)blaTEM-104	100.0	argannot
contig_9	argannot~~~(Bla)blaTEM-97~~~AF397067:1-861~~~	99.648	853	3	0	63778	64630	861	9	0.0	1559	79498	861	argannot~~~(Bla)blaTEM-97~~~AF397067:1-861~~~ (Bla)blaTEM-97	99.07084785133566	argannot
contig_9	argannot~~~(Bla)blaTEM-71~~~AF203816:211-1071~~~	99.303	861	6	0	63778	64638	861	1	0.0	1557	79498	861	argannot~~~(Bla)blaTEM-71~~~AF203816:211-1071~~~ (Bla)blaTEM-71	100.0	argannot
contig_9	argannot~~~(Bla)blaTEM-53~~~AF104441:194-1054~~~	99.303	861	6	0	63778	64638	861	1	0.0	1557	79498	861	argannot~~~(Bla)blaTEM-53~~~AF104441:194-1054~~~ (Bla)blaTEM-53	100.0	argannot
contig_9	argannot~~~(Bla)blaTEM-182~~~HQ317449:1-861~~~	99.303	861	6	0	63778	64638	861	1	0.0	1557	79498	861	argannot~~~(Bla)blaTEM-182~~~HQ317449:1-861~~~ (Bla)blaTEM-182	100.0	argannot
contig_9	argannot~~~(Bla)blaTEM-160~~~EF136377:1-861~~~	99.303	861	6	0	63778	64638	861	1	0.0	1557	79498	861	argannot~~~(Bla)blaTEM-160~~~EF136377:1-861~~~ (Bla)blaTEM-160	100.0	argannot
contig_9	argannot~~~(Bla)blaTEM-159~~~EF136376:1-861~~~	99.303	861	6	0	63778	64638	861	1	0.0	1557	79498	861	argannot~~~(Bla)blaTEM-159~~~EF136376:1-861~~~ (Bla)blaTEM-159	100.0	argannot
contig_9	argannot~~~(Bla)blaTEM-158~~~EF534736:214-1074~~~	99.303	861	6	0	63778	64638	861	1	0.0	1557	79498	861	argannot~~~(Bla)blaTEM-158~~~EF534736:214-1074~~~ (Bla)blaTEM-158	100.0	argannot
contig_9	argannot~~~(Bla)blaTEM-136~~~AY826417:1-861~~~	99.303	861	6	0	63778	64638	861	1	0.0	1557	79498	861	argannot~~~(Bla)blaTEM-136~~~AY826417:1-861~~~ (Bla)blaTEM-136	100.0	argannot
contig_9	argannot~~~(Bla)blaTEM-133~~~AY528425:1-861~~~	99.303	861	6	0	63778	64638	861	1	0.0	1557	79498	861	argannot~~~(Bla)blaTEM-133~~~AY528425:1-861~~~ (Bla)blaTEM-133	100.0	argannot
contig_9	argannot~~~(Bla)blaTEM-132~~~AY491682:1-861~~~	99.303	861	6	0	63778	64638	861	1	0.0	1557	79498	861	argannot~~~(Bla)blaTEM-132~~~AY491682:1-861~~~ (Bla)blaTEM-132	100.0	argannot
contig_9	argannot~~~(Bla)blaTEM-11~~~AY874537:178-1038~~~	99.303	861	6	0	63778	64638	861	1	0.0	1557	79498	861	argannot~~~(Bla)blaTEM-11~~~AY874537:178-1038~~~ (Bla)blaTEM-11	100.0	argannot
contig_9	argannot~~~(Bla)blaTEM-99~~~AF397066:1-861~~~	99.531	853	4	0	63778	64630	861	9	0.0	1554	79498	861	argannot~~~(Bla)blaTEM-99~~~AF397066:1-861~~~ (Bla)blaTEM-99	99.07084785133566	argannot
contig_9	argannot~~~(Bla)blaTEM-88~~~AY027590:113-973~~~	99.187	861	7	0	63778	64638	861	1	0.0	1552	79498	861	argannot~~~(Bla)blaTEM-88~~~AY027590:113-973~~~ (Bla)blaTEM-88	100.0	argannot
contig_9	argannot~~~(Bla)blaTEM-83~~~AF427129:209-1069~~~	99.187	861	7	0	63778	64638	861	1	0.0	1552	79498	861	argannot~~~(Bla)blaTEM-83~~~AF427129:209-1069~~~ (Bla)blaTEM-83	100.0	argannot
contig_9	argannot~~~(Bla)blaTEM-78~~~AF190693:209-1069~~~	99.187	861	7	0	63778	64638	861	1	0.0	1552	79498	861	argannot~~~(Bla)blaTEM-78~~~AF190693:209-1069~~~ (Bla)blaTEM-78	100.0	argannot
contig_9	argannot~~~(Bla)blaTEM-67~~~AF091113:451-1311~~~	99.187	861	7	0	63778	64638	861	1	0.0	1552	79498	861	argannot~~~(Bla)blaTEM-67~~~AF091113:451-1311~~~ (Bla)blaTEM-67	100.0	argannot
contig_9	argannot~~~(Bla)blaTEM-47~~~Y10279:1-861~~~	99.187	861	7	0	63778	64638	861	1	0.0	1552	79498	861	argannot~~~(Bla)blaTEM-47~~~Y10279:1-861~~~ (Bla)blaTEM-47	100.0	argannot
contig_9	argannot~~~(Bla)blaTEM-3~~~X64523:477-1337~~~	99.187	861	7	0	63778	64638	861	1	0.0	1552	79498	861	argannot~~~(Bla)blaTEM-3~~~X64523:477-1337~~~ (Bla)blaTEM-3	100.0	argannot
contig_9	argannot~~~(Bla)blaTEM-190~~~JN416112:1-861~~~	99.187	861	7	0	63778	64638	861	1	0.0	1552	79498	861	argannot~~~(Bla)blaTEM-190~~~JN416112:1-861~~~ (Bla)blaTEM-190	100.0	argannot
contig_9	argannot~~~(Bla)blaTEM-188~~~JN211012:214-1074~~~	99.187	861	7	0	63778	64638	861	1	0.0	1552	79498	861	argannot~~~(Bla)blaTEM-188~~~JN211012:214-1074~~~ (Bla)blaTEM-188	100.0	argannot
contig_9	argannot~~~(Bla)blaTEM-16~~~X65254:176-1036~~~	99.187	861	7	0	63778	64638	861	1	0.0	1552	79498	861	argannot~~~(Bla)blaTEM-16~~~X65254:176-1036~~~ (Bla)blaTEM-16	100.0	argannot
contig_9	argannot~~~(Bla)blaTEM-138~~~AY853593:215-1075~~~	99.187	861	7	0	63778	64638	861	1	0.0	1552	79498	861	argannot~~~(Bla)blaTEM-138~~~AY853593:215-1075~~~ (Bla)blaTEM-138	100.0	argannot
contig_9	argannot~~~(Bla)blaTEM-137~~~AM286274:1-861~~~	99.187	861	7	0	63778	64638	861	1	0.0	1552	79498	861	argannot~~~(Bla)blaTEM-137~~~AM286274:1-861~~~ (Bla)blaTEM-137	100.0	argannot
contig_9	argannot~~~(Bla)blaTEM-111~~~AF468003:1-861~~~	99.187	861	7	0	63778	64638	861	1	0.0	1552	79498	861	argannot~~~(Bla)blaTEM-111~~~AF468003:1-861~~~ (Bla)blaTEM-111	100.0	argannot
contig_9	argannot~~~(Bla)blaTEM-107~~~AY101764:207-1067~~~	99.187	861	7	0	63778	64638	861	1	0.0	1552	79498	861	argannot~~~(Bla)blaTEM-107~~~AY101764:207-1067~~~ (Bla)blaTEM-107	100.0	argannot
contig_9	argannot~~~(Bla)blaOXA-9~~~NC_015515:451-1290~~~	100.0	840	0	0	65338	66177	840	1	0.0	1552	79498	840	argannot~~~(Bla)blaOXA-9~~~NC_015515:451-1290~~~ (Bla)blaOXA-9	100.0	argannot
contig_9	argannot~~~(Bla)blaTEM-92~~~AF143804:1-861~~~	99.071	861	8	0	63778	64638	861	1	0.0	1546	79498	861	argannot~~~(Bla)blaTEM-92~~~AF143804:1-861~~~ (Bla)blaTEM-92	100.0	argannot
contig_9	argannot~~~(Bla)blaTEM-85~~~AJ277414:1-861~~~	99.071	861	8	0	63778	64638	861	1	0.0	1546	79498	861	argannot~~~(Bla)blaTEM-85~~~AJ277414:1-861~~~ (Bla)blaTEM-85	100.0	argannot
contig_9	argannot~~~(Bla)blaTEM-8~~~X65252:176-1036~~~	99.071	861	8	0	63778	64638	861	1	0.0	1546	79498	861	argannot~~~(Bla)blaTEM-8~~~X65252:176-1036~~~ (Bla)blaTEM-8	100.0	argannot
contig_9	argannot~~~(Bla)blaTEM-72~~~AF157553:148-1008~~~	99.071	861	8	0	63778	64638	861	1	0.0	1546	79498	861	argannot~~~(Bla)blaTEM-72~~~AF157553:148-1008~~~ (Bla)blaTEM-72	100.0	argannot
contig_9	argannot~~~(Bla)blaTEM-68~~~AJ239002:1-861~~~	99.071	861	8	0	63778	64638	861	1	0.0	1546	79498	861	argannot~~~(Bla)blaTEM-68~~~AJ239002:1-861~~~ (Bla)blaTEM-68	100.0	argannot
contig_9	argannot~~~(Bla)blaTEM-63~~~AF332513:104-964~~~	99.071	861	8	0	63778	64638	861	1	0.0	1546	79498	861	argannot~~~(Bla)blaTEM-63~~~AF332513:104-964~~~ (Bla)blaTEM-63	100.0	argannot
contig_9	argannot~~~(Bla)blaTEM-48~~~Y10280:1-861~~~	99.071	861	8	0	63778	64638	861	1	0.0	1546	79498	861	argannot~~~(Bla)blaTEM-48~~~Y10280:1-861~~~ (Bla)blaTEM-48	100.0	argannot
contig_9	argannot~~~(Bla)blaTEM-24~~~GQ293500:4033-4893~~~	99.071	861	8	0	63778	64638	861	1	0.0	1546	79498	861	argannot~~~(Bla)blaTEM-24~~~GQ293500:4033-4893~~~ (Bla)blaTEM-24	100.0	argannot
contig_9	argannot~~~(Bla)blaTEM-205~~~KC900516:1-858~~~	99.184	858	7	0	63781	64638	858	1	0.0	1546	79498	858	argannot~~~(Bla)blaTEM-205~~~KC900516:1-858~~~ (Bla)blaTEM-205	100.0	argannot
contig_9	argannot~~~(Bla)blaTEM-162~~~EF468463:67-927~~~	99.071	861	8	0	63778	64638	861	1	0.0	1546	79498	861	argannot~~~(Bla)blaTEM-162~~~EF468463:67-927~~~ (Bla)blaTEM-162	100.0	argannot
contig_9	argannot~~~(Bla)blaTEM-152~~~DQ834728:206-1066~~~	99.071	861	8	0	63778	64638	861	1	0.0	1546	79498	861	argannot~~~(Bla)blaTEM-152~~~DQ834728:206-1066~~~ (Bla)blaTEM-152	100.0	argannot
contig_9	argannot~~~(Bla)blaTEM-151~~~DQ834729:206-1066~~~	99.071	861	8	0	63778	64638	861	1	0.0	1546	79498	861	argannot~~~(Bla)blaTEM-151~~~DQ834729:206-1066~~~ (Bla)blaTEM-151	100.0	argannot
contig_9	argannot~~~(Bla)blaTEM-149~~~DQ369751:1-861~~~	99.071	861	8	0	63778	64638	861	1	0.0	1546	79498	861	argannot~~~(Bla)blaTEM-149~~~DQ369751:1-861~~~ (Bla)blaTEM-149	100.0	argannot
contig_9	argannot~~~(Bla)blaTEM-144~~~DQ256080:215-1075~~~	99.071	861	8	0	63778	64638	861	1	0.0	1546	79498	861	argannot~~~(Bla)blaTEM-144~~~DQ256080:215-1075~~~ (Bla)blaTEM-144	100.0	argannot
contig_9	argannot~~~(Bla)blaTEM-142~~~DQ388882:1-861~~~	99.071	861	8	0	63778	64638	861	1	0.0	1546	79498	861	argannot~~~(Bla)blaTEM-142~~~DQ388882:1-861~~~ (Bla)blaTEM-142	100.0	argannot
contig_9	argannot~~~(Bla)blaTEM-134~~~AY574271:1-861~~~	99.071	861	8	0	63778	64638	861	1	0.0	1546	79498	861	argannot~~~(Bla)blaTEM-134~~~AY574271:1-861~~~ (Bla)blaTEM-134	100.0	argannot
contig_9	argannot~~~(Bla)blaTEM-114~~~AY589495:182-1042~~~	99.071	861	8	0	63778	64638	861	1	0.0	1546	79498	861	argannot~~~(Bla)blaTEM-114~~~AY589495:182-1042~~~ (Bla)blaTEM-114	100.0	argannot
contig_9	argannot~~~(Bla)blaTEM-131~~~AY436361:132-992~~~	98.955	861	9	0	63778	64638	861	1	0.0	1543	79498	861	argannot~~~(Bla)blaTEM-131~~~AY436361:132-992~~~ (Bla)blaTEM-131	100.0	argannot
contig_9	argannot~~~(Bla)blaTEM-108~~~AF506748:39-899~~~	99.297	853	6	0	63778	64630	861	9	0.0	1543	79498	861	argannot~~~(Bla)blaTEM-108~~~AF506748:39-899~~~ (Bla)blaTEM-108	99.07084785133566	argannot
contig_9	argannot~~~(Bla)blaTEM-94~~~AJ318094:1-861~~~	98.955	861	9	0	63778	64638	861	1	0.0	1541	79498	861	argannot~~~(Bla)blaTEM-94~~~AJ318094:1-861~~~ (Bla)blaTEM-94	100.0	argannot
contig_9	argannot~~~(Bla)blaTEM-87~~~AF250872:1-861~~~	98.955	861	9	0	63778	64638	861	1	0.0	1541	79498	861	argannot~~~(Bla)blaTEM-87~~~AF250872:1-861~~~ (Bla)blaTEM-87	100.0	argannot
contig_9	argannot~~~(Bla)blaTEM-86~~~AJ277415:1-861~~~	98.955	861	9	0	63778	64638	861	1	0.0	1541	79498	861	argannot~~~(Bla)blaTEM-86~~~AJ277415:1-861~~~ (Bla)blaTEM-86	100.0	argannot
contig_9	argannot~~~(Bla)blaTEM-49~~~Y10281:1-861~~~	98.955	861	9	0	63778	64638	861	1	0.0	1541	79498	861	argannot~~~(Bla)blaTEM-49~~~Y10281:1-861~~~ (Bla)blaTEM-49	100.0	argannot
contig_9	argannot~~~(Bla)blaTEM-22~~~Y17583:214-1071~~~	99.068	858	8	0	63781	64638	858	1	0.0	1541	79498	858	argannot~~~(Bla)blaTEM-22~~~Y17583:214-1071~~~ (Bla)blaTEM-22	100.0	argannot
contig_9	argannot~~~(Bla)blaTEM-167~~~FJ360884:214-1074~~~	98.955	861	9	0	63778	64638	861	1	0.0	1541	79498	861	argannot~~~(Bla)blaTEM-167~~~FJ360884:214-1074~~~ (Bla)blaTEM-167	100.0	argannot
contig_9	argannot~~~(Bla)blaTEM-139~~~DQ072853:1-861~~~	98.955	861	9	0	63778	64638	861	1	0.0	1541	79498	861	argannot~~~(Bla)blaTEM-139~~~DQ072853:1-861~~~ (Bla)blaTEM-139	100.0	argannot
contig_9	argannot~~~(Bla)blaTEM-121~~~AY307374:1-861~~~	98.955	861	9	0	63778	64638	861	1	0.0	1541	79498	861	argannot~~~(Bla)blaTEM-121~~~AY307374:1-861~~~ (Bla)blaTEM-121	100.0	argannot
contig_9	argannot~~~(Bla)blaTEM-113~~~AY589494:194-1054~~~	98.955	861	9	0	63778	64638	861	1	0.0	1541	79498	861	argannot~~~(Bla)blaTEM-113~~~AY589494:194-1054~~~ (Bla)blaTEM-113	100.0	argannot
contig_9	argannot~~~(Bla)blaTEM-101~~~AF495873:1-861~~~	98.955	861	9	0	63778	64638	861	1	0.0	1541	79498	861	argannot~~~(Bla)blaTEM-101~~~AF495873:1-861~~~ (Bla)blaTEM-101	100.0	argannot
contig_9	argannot~~~(Bla)blaTEM-187~~~HM246246:212-1069~~~	99.067	857	8	0	63782	64638	857	1	0.0	1539	79498	858	argannot~~~(Bla)blaTEM-187~~~HM246246:212-1069~~~ (Bla)blaTEM-187	99.88344988344988	argannot
contig_9	argannot~~~(Bla)blaTEM-211~~~KF513179:1-861~~~	98.839	861	10	0	63778	64638	861	1	0.0	1535	79498	861	argannot~~~(Bla)blaTEM-211~~~KF513179:1-861~~~ (Bla)blaTEM-211	100.0	argannot
contig_9	argannot~~~(Bla)blaTEM-21~~~AF466526:1346-2206~~~	98.839	861	10	0	63778	64638	861	1	0.0	1535	79498	861	argannot~~~(Bla)blaTEM-21~~~AF466526:1346-2206~~~ (Bla)blaTEM-21	100.0	argannot
contig_9	argannot~~~(Bla)blaTEM-177~~~FN652295:1-861~~~	98.839	861	10	0	63778	64638	861	1	0.0	1535	79498	861	argannot~~~(Bla)blaTEM-177~~~FN652295:1-861~~~ (Bla)blaTEM-177	100.0	argannot
contig_9	argannot~~~(Bla)blaTEM-130~~~AJ866988:1-861~~~	98.839	861	10	0	63778	64638	861	1	0.0	1535	79498	861	argannot~~~(Bla)blaTEM-130~~~AJ866988:1-861~~~ (Bla)blaTEM-130	100.0	argannot
contig_9	argannot~~~(Bla)blaTEM-199~~~JX050178:1-853~~~	99.062	853	8	0	63778	64630	853	1	0.0	1531	79498	853	argannot~~~(Bla)blaTEM-199~~~JX050178:1-853~~~ (Bla)blaTEM-199	100.0	argannot
contig_9	argannot~~~(Bla)blaTEM-125~~~AY628176:76-936~~~	98.722	861	11	0	63778	64638	861	1	0.0	1530	79498	861	argannot~~~(Bla)blaTEM-125~~~AY628176:76-936~~~ (Bla)blaTEM-125	100.0	argannot
contig_9	argannot~~~(Bla)blaTEM-124~~~AY327540:1-858~~~	98.722	861	8	1	63778	64638	858	1	0.0	1526	79498	858	argannot~~~(Bla)blaTEM-124~~~AY327540:1-858~~~ (Bla)blaTEM-124	100.34965034965035	argannot
contig_9	argannot~~~(Bla)blaTEM-123~~~AY327539:1-858~~~	98.722	861	8	1	63778	64638	858	1	0.0	1526	79498	858	argannot~~~(Bla)blaTEM-123~~~AY327539:1-858~~~ (Bla)blaTEM-123	100.34965034965035	argannot
contig_9	argannot~~~(Bla)blaTEM-195~~~JN935137:1-861~~~	98.49	861	13	0	63778	64638	861	1	0.0	1519	79498	861	argannot~~~(Bla)blaTEM-195~~~JN935137:1-861~~~ (Bla)blaTEM-195	100.0	argannot
contig_9	argannot~~~(Bla)blaTEM-60~~~AF047171:136-996~~~	98.374	861	14	0	63778	64638	861	1	0.0	1513	79498	861	argannot~~~(Bla)blaTEM-60~~~AF047171:136-996~~~ (Bla)blaTEM-60	100.0	argannot
contig_9	argannot~~~(Bla)blaTEM-42~~~X98047:1-844~~~	98.934	844	9	0	63786	64629	844	1	0.0	1509	79498	844	argannot~~~(Bla)blaTEM-42~~~X98047:1-844~~~ (Bla)blaTEM-42	100.0	argannot
contig_9	argannot~~~(Bla)blaTEM-59~~~AF062386:31-862~~~	99.279	832	6	0	63807	64638	832	1	0.0	1504	79498	832	argannot~~~(Bla)blaTEM-59~~~AF062386:31-862~~~ (Bla)blaTEM-59	100.0	argannot
contig_9	argannot~~~(Bla)blaTEM-89~~~AY039040:189-1022~~~	99.041	834	8	0	63805	64638	834	1	0.0	1496	79498	834	argannot~~~(Bla)blaTEM-89~~~AY039040:189-1022~~~ (Bla)blaTEM-89	100.0	argannot
contig_9	argannot~~~(Bla)blaTEM-193~~~JN935135:1-861~~~	97.912	862	16	2	63778	64638	861	1	0.0	1491	79498	861	argannot~~~(Bla)blaTEM-193~~~JN935135:1-861~~~ (Bla)blaTEM-193	100.11614401858304	argannot
contig_9	argannot~~~(Bla)blaTEM-102~~~AY029354:3-833~~~	99.149	823	7	0	63808	64630	831	9	0.0	1482	79498	831	argannot~~~(Bla)blaTEM-102~~~AY029354:3-833~~~ (Bla)blaTEM-102	99.03730445246691	argannot
contig_9	argannot~~~(Bla)blaTEM-194~~~JN935136:1-861~~~	97.445	861	22	0	63778	64638	861	1	0.0	1469	79498	861	argannot~~~(Bla)blaTEM-194~~~JN935136:1-861~~~ (Bla)blaTEM-194	100.0	argannot
contig_9	argannot~~~(Bla)blaTEM-1~~~JQ735917:1-861~~~	99.383	810	4	1	63830	64638	810	1	0.0	1467	79498	810	argannot~~~(Bla)blaTEM-1~~~JQ735917:1-861~~~ (Bla)blaTEM-1	100.0	argannot
contig_9	argannot~~~(Bla)blaTEM-178~~~X97254:154-1011~~~	97.448	862	17	3	63778	64638	858	1	0.0	1465	79498	858	argannot~~~(Bla)blaTEM-178~~~X97254:154-1011~~~ (Bla)blaTEM-178	100.46620046620046	argannot
contig_9	argannot~~~(Bla)blaTEM-26B~~~L19940:198-1006~~~	99.258	809	6	0	63830	64638	809	1	0.0	1461	79498	809	argannot~~~(Bla)blaTEM-26B~~~L19940:198-1006~~~ (Bla)blaTEM-26B	100.0	argannot
contig_9	argannot~~~(Bla)blaTEM-10~~~U09188:198-1005~~~	99.257	808	6	0	63831	64638	808	1	0.0	1459	79498	808	argannot~~~(Bla)blaTEM-10~~~U09188:198-1005~~~ (Bla)blaTEM-10	100.0	argannot
contig_9	argannot~~~(AGly)aadA1-pm~~~JQ690540:7968-8798~~~	99.38	807	1	2	66222	67025	831	26	0.0	1459	79498	831	argannot~~~(AGly)aadA1-pm~~~JQ690540:7968-8798~~~ (AGly)aadA1-pm	97.11191335740072	argannot
contig_9	argannot~~~(Bla)blaTEM-7~~~AF527798:1-785~~~	99.236	785	6	0	63818	64602	785	1	0.0	1417	79498	785	argannot~~~(Bla)blaTEM-7~~~AF527798:1-785~~~ (Bla)blaTEM-7	100.0	argannot
contig_9	argannot~~~(Bla)blaTEM-118~~~AY130285:1-785~~~	99.236	785	6	0	63818	64602	785	1	0.0	1417	79498	785	argannot~~~(Bla)blaTEM-118~~~AY130285:1-785~~~ (Bla)blaTEM-118	100.0	argannot
contig_9	argannot~~~(Bla)blaTEM-110~~~AY130283:1-785~~~	99.236	785	6	0	63818	64602	785	1	0.0	1417	79498	785	argannot~~~(Bla)blaTEM-110~~~AY130283:1-785~~~ (Bla)blaTEM-110	100.0	argannot
contig_9	argannot~~~(AGly)aadA1~~~M95287:3320-4111~~~	98.99	792	5	1	66222	67010	792	1	0.0	1415	79498	792	argannot~~~(AGly)aadA1~~~M95287:3320-4111~~~ (AGly)aadA1	100.0	argannot
contig_9	argannot~~~(Bla)blaTEM-75~~~AY130284:1-785~~~	99.108	785	7	0	63818	64602	785	1	0.0	1411	79498	785	argannot~~~(Bla)blaTEM-75~~~AY130284:1-785~~~ (Bla)blaTEM-75	100.0	argannot
contig_9	argannot~~~(Bla)blaTEM-117~~~AY130282:1-764~~~	99.607	764	3	0	63839	64602	764	1	0.0	1395	79498	764	argannot~~~(Bla)blaTEM-117~~~AY130282:1-764~~~ (Bla)blaTEM-117	100.0	argannot
contig_9	argannot~~~(Bla)blaTEM-191~~~JF949916:1-757~~~	99.604	757	3	0	63852	64608	757	1	0.0	1382	79498	757	argannot~~~(Bla)blaTEM-191~~~JF949916:1-757~~~ (Bla)blaTEM-191	100.0	argannot
contig_9	argannot~~~(Bla)blaTEM-192~~~JF949915:1-754~~~	99.602	754	3	0	63855	64608	754	1	0.0	1376	79498	754	argannot~~~(Bla)blaTEM-192~~~JF949915:1-754~~~ (Bla)blaTEM-192	100.0	argannot
contig_9	argannot~~~(AGly)aadA22~~~AM261837:74-865~~~	96.843	792	22	1	66222	67010	792	1	0.0	1321	79498	792	argannot~~~(AGly)aadA22~~~AM261837:74-865~~~ (AGly)aadA22	100.0	argannot
contig_9	argannot~~~(AGly)aadA21~~~AY171244:47-838~~~	96.717	792	23	1	66222	67010	792	1	0.0	1315	79498	792	argannot~~~(AGly)aadA21~~~AY171244:47-838~~~ (AGly)aadA21	100.0	argannot
contig_9	argannot~~~(AGly)aadA23~~~AJ809407:119-898~~~	97.28	772	18	1	66222	66990	780	9	0.0	1306	79498	780	argannot~~~(AGly)aadA23~~~AJ809407:119-898~~~ (AGly)aadA23	98.97435897435898	argannot
contig_9	argannot~~~(AGly)aadA15~~~DQ393783:1800-2591~~~	96.582	790	24	1	66224	67010	790	1	0.0	1306	79498	792	argannot~~~(AGly)aadA15~~~DQ393783:1800-2591~~~ (AGly)aadA15	99.74747474747475	argannot
contig_9	argannot~~~(AGly)aadA12~~~AY665771:1-792~~~	94.43	790	41	1	66224	67010	790	1	0.0	1212	79498	792	argannot~~~(AGly)aadA12~~~AY665771:1-792~~~ (AGly)aadA12	99.74747474747475	argannot
contig_9	argannot~~~(AGly)aadA17~~~FJ460181:774-1565~~~	93.418	790	49	1	66224	67010	790	1	0.0	1168	79498	792	argannot~~~(AGly)aadA17~~~FJ460181:774-1565~~~ (AGly)aadA17	99.74747474747475	argannot
contig_9	argannot~~~(AGly)aadA11~~~AJ567827:1-792~~~	92.785	790	54	1	66224	67010	790	1	0.0	1140	79498	792	argannot~~~(AGly)aadA11~~~AJ567827:1-792~~~ (AGly)aadA11	99.74747474747475	argannot
contig_9	argannot~~~(AGly)aadA24~~~HQ123586:88-768~~~	93.059	778	51	1	66224	66998	778	1	0.0	1134	79498	780	argannot~~~(AGly)aadA24~~~HQ123586:88-768~~~ (AGly)aadA24	99.74358974358974	argannot
contig_9	argannot~~~(AGly)aac6-Ib~~~M21682:380-985~~~	100.0	606	0	0	67080	67685	606	1	0.0	1120	79498	606	argannot~~~(AGly)aac6-Ib~~~M21682:380-985~~~ (AGly)aac6-Ib	100.0	argannot
contig_9	argannot~~~(AGly)aadA8b~~~AM040708:1174-1965~~~	91.919	792	61	1	66222	67010	792	1	0.0	1105	79498	792	argannot~~~(AGly)aadA8b~~~AM040708:1174-1965~~~ (AGly)aadA8b	100.0	argannot
contig_9	argannot~~~(AGly)aadA8~~~AF326210:1-792~~~	91.667	792	63	1	66222	67010	792	1	0.0	1094	79498	792	argannot~~~(AGly)aadA8~~~AF326210:1-792~~~ (AGly)aadA8	100.0	argannot
contig_9	argannot~~~(AGly)aadA3~~~AF047479:1296-2087~~~	90.53	792	72	1	66222	67010	792	1	0.0	1044	79498	792	argannot~~~(AGly)aadA3~~~AF047479:1296-2087~~~ (AGly)aadA3	100.0	argannot
contig_9	argannot~~~(AGly)aacA4~~~AF416297:2738-3304~~~	99.469	565	3	0	67080	67644	567	3	0.0	1027	79498	567	argannot~~~(AGly)aacA4~~~AF416297:2738-3304~~~ (AGly)aacA4	99.64726631393297	argannot
contig_9	argannot~~~(AGly_Flqn)aac(6')-Ib-cr~~~EF636461:1124-1642~~~	99.422	519	3	0	67080	67598	519	1	0.0	942	79498	519	argannot~~~(AGly_Flqn)aac(6')-Ib-cr~~~EF636461:1124-1642~~~ (AGly_Flqn)aac(6')-Ib-cr	100.0	argannot
